rop_start,gnb_id,cell_id,profile,RRC_ConnEstabAtt,RRC_ConnEstabSucc,PDU_SesEstabAtt,PDU_SesEstabSucc,MM_HoExeAtt,MM_HoExeSucc,DRB_RelActNbr,DRB_RelActAbnormal,RRU_PrbTotDlUsedPct,DRB_UEThpDl_Mbps,DRB_UEThpUl_Mbps,RRC_ConnMean,Cell_UnavailSecs
2026-07-06T00:00:00,gNB-001,NRCell-001,urban,115,115,112,111,30,30,111,0,27.4,255.6,33.9,19.7,0
2026-07-06T00:00:00,gNB-001,NRCell-002,suburban,62,61,58,58,23,22,58,0,29.9,282.0,45.6,16.3,0
2026-07-06T00:00:00,gNB-001,NRCell-003,rural,37,37,35,35,14,14,35,1,38.3,271.7,30.3,9.0,0
2026-07-06T00:00:00,gNB-002,NRCell-004,urban,121,121,119,119,32,29,119,1,29.1,253.9,29.4,28.3,0
2026-07-06T00:00:00,gNB-002,NRCell-005,rural,29,28,26,26,11,10,26,0,42.9,229.0,40.3,6.5,0
2026-07-06T00:00:00,gNB-002,NRCell-006,degraded,78,70,67,65,25,24,65,12,27.0,141.3,12.0,15.0,0
2026-07-06T00:15:00,gNB-001,NRCell-001,urban,108,108,104,103,43,42,103,0,28.5,251.7,39.8,21.1,0
2026-07-06T00:15:00,gNB-001,NRCell-002,suburban,65,65,64,64,22,20,64,0,30.2,287.9,40.9,16.3,0
2026-07-06T00:15:00,gNB-001,NRCell-003,rural,38,37,36,35,14,14,35,0,42.0,249.1,41.0,7.2,0
2026-07-06T00:15:00,gNB-002,NRCell-004,urban,113,112,110,110,33,31,110,2,29.6,277.1,41.7,29.1,0
2026-07-06T00:15:00,gNB-002,NRCell-005,rural,26,26,25,25,8,8,25,0,38.1,247.6,42.9,5.9,0
2026-07-06T00:15:00,gNB-002,NRCell-006,degraded,79,76,72,68,23,20,68,8,29.6,143.6,8.6,12.4,0
2026-07-06T00:30:00,gNB-001,NRCell-001,urban,125,125,120,120,38,38,120,1,25.7,283.9,36.4,26.6,0
2026-07-06T00:30:00,gNB-001,NRCell-002,suburban,76,75,72,71,28,28,71,0,31.1,263.8,30.0,13.6,0
2026-07-06T00:30:00,gNB-001,NRCell-003,rural,35,35,34,34,12,12,34,0,38.9,272.3,44.5,7.1,0
2026-07-06T00:30:00,gNB-002,NRCell-004,urban,108,106,101,100,44,42,100,2,29.5,294.2,40.0,20.3,0
2026-07-06T00:30:00,gNB-002,NRCell-005,rural,25,24,22,22,9,8,22,0,36.4,265.3,32.3,4.9,0
2026-07-06T00:30:00,gNB-002,NRCell-006,degraded,59,54,51,46,14,14,46,3,29.0,147.4,7.8,10.7,0
2026-07-06T00:45:00,gNB-001,NRCell-001,urban,108,108,107,107,39,38,107,2,27.3,295.9,44.2,27.6,0
2026-07-06T00:45:00,gNB-001,NRCell-002,suburban,81,81,78,78,35,35,78,0,31.3,265.5,45.7,14.7,0
2026-07-06T00:45:00,gNB-001,NRCell-003,rural,39,39,38,38,16,16,38,0,36.7,268.3,41.6,5.9,0
2026-07-06T00:45:00,gNB-002,NRCell-004,urban,125,125,122,120,51,50,120,1,27.5,251.5,28.6,21.9,0
2026-07-06T00:45:00,gNB-002,NRCell-005,rural,26,26,25,24,7,7,24,0,36.1,234.0,26.2,7.0,0
2026-07-06T00:45:00,gNB-002,NRCell-006,degraded,67,65,63,57,28,26,57,1,29.6,147.7,9.1,13.9,0
2026-07-06T01:00:00,gNB-001,NRCell-001,urban,102,102,98,95,27,26,95,1,26.8,280.5,34.9,18.0,0
2026-07-06T01:00:00,gNB-001,NRCell-002,suburban,67,66,63,61,20,20,61,0,29.1,283.2,45.3,16.0,0
2026-07-06T01:00:00,gNB-001,NRCell-003,rural,31,31,29,29,9,9,29,1,36.2,265.7,43.1,6.6,0
2026-07-06T01:00:00,gNB-002,NRCell-004,urban,118,117,112,112,31,31,112,0,27.7,274.4,42.7,18.3,0
2026-07-06T01:00:00,gNB-002,NRCell-005,rural,25,25,24,24,8,8,24,0,42.3,219.9,29.4,4.2,0
2026-07-06T01:00:00,gNB-002,NRCell-006,degraded,68,64,62,60,25,22,60,6,27.2,148.1,9.4,13.9,0
2026-07-06T01:15:00,gNB-001,NRCell-001,urban,117,115,111,109,51,51,109,0,28.7,259.0,28.4,19.3,0
2026-07-06T01:15:00,gNB-001,NRCell-002,suburban,58,57,54,54,19,19,54,1,29.5,294.9,32.0,12.4,0
2026-07-06T01:15:00,gNB-001,NRCell-003,rural,33,32,31,31,12,12,31,0,38.6,232.8,36.7,5.3,0
2026-07-06T01:15:00,gNB-002,NRCell-004,urban,119,116,115,112,44,43,112,2,29.3,256.5,33.7,29.7,0
2026-07-06T01:15:00,gNB-002,NRCell-005,rural,25,25,24,24,8,8,24,0,41.9,220.1,30.1,3.8,0
2026-07-06T01:15:00,gNB-002,NRCell-006,degraded,70,67,65,62,20,18,62,4,30.1,124.3,7.0,12.8,0
2026-07-06T01:30:00,gNB-001,NRCell-001,urban,91,91,88,88,23,23,88,0,26.2,283.7,46.6,23.7,0
2026-07-06T01:30:00,gNB-001,NRCell-002,suburban,76,76,72,71,28,26,71,0,32.6,276.9,29.0,13.2,0
2026-07-06T01:30:00,gNB-001,NRCell-003,rural,29,28,26,26,12,11,26,1,41.1,248.3,25.2,7.7,0
2026-07-06T01:30:00,gNB-002,NRCell-004,urban,118,117,116,116,41,41,116,0,26.1,300.4,48.3,29.2,0
2026-07-06T01:30:00,gNB-002,NRCell-005,rural,27,26,25,24,9,9,24,1,40.8,239.0,34.3,5.0,0
2026-07-06T01:30:00,gNB-002,NRCell-006,degraded,65,62,60,56,19,19,56,4,26.4,130.9,9.2,15.5,0
2026-07-06T01:45:00,gNB-001,NRCell-001,urban,122,121,118,118,53,50,118,0,28.3,300.4,46.6,22.6,0
2026-07-06T01:45:00,gNB-001,NRCell-002,suburban,68,67,66,65,28,27,65,0,29.4,262.2,37.1,15.4,0
2026-07-06T01:45:00,gNB-001,NRCell-003,rural,37,37,36,36,13,13,36,1,41.1,253.4,30.8,7.0,0
2026-07-06T01:45:00,gNB-002,NRCell-004,urban,116,116,111,111,31,31,111,0,27.1,282.3,30.2,26.2,0
2026-07-06T01:45:00,gNB-002,NRCell-005,rural,26,26,24,24,7,7,24,0,39.0,248.4,26.7,6.9,0
2026-07-06T01:45:00,gNB-002,NRCell-006,degraded,73,71,68,67,19,18,67,7,28.5,149.1,10.8,10.8,0
2026-07-06T02:00:00,gNB-001,NRCell-001,urban,78,77,75,75,24,24,75,0,29.1,286.1,37.3,16.4,0
2026-07-06T02:00:00,gNB-001,NRCell-002,suburban,83,82,78,77,35,33,77,1,32.3,268.3,39.8,12.3,0
2026-07-06T02:00:00,gNB-001,NRCell-003,rural,41,41,40,40,13,12,40,0,43.8,258.4,31.4,6.6,0
2026-07-06T02:00:00,gNB-002,NRCell-004,urban,114,113,107,106,31,31,106,0,28.6,294.2,30.8,24.0,0
2026-07-06T02:00:00,gNB-002,NRCell-005,rural,24,24,22,22,9,9,22,0,37.7,251.9,45.0,5.1,0
2026-07-06T02:00:00,gNB-002,NRCell-006,degraded,72,69,67,62,20,18,62,2,29.1,124.4,9.2,13.0,0
2026-07-06T02:15:00,gNB-001,NRCell-001,urban,106,105,104,104,41,40,104,2,29.2,255.1,38.6,17.2,0
2026-07-06T02:15:00,gNB-001,NRCell-002,suburban,76,76,72,71,23,23,71,0,30.1,256.0,27.5,14.6,0
2026-07-06T02:15:00,gNB-001,NRCell-003,rural,39,39,37,37,10,10,37,0,41.4,238.2,31.8,7.6,0
2026-07-06T02:15:00,gNB-002,NRCell-004,urban,133,132,130,130,56,55,130,1,30.1,260.5,46.4,24.2,0
2026-07-06T02:15:00,gNB-002,NRCell-005,rural,28,28,27,27,9,8,27,0,42.2,230.4,32.5,6.1,0
2026-07-06T02:15:00,gNB-002,NRCell-006,degraded,77,70,67,64,19,18,64,7,29.9,137.0,10.0,15.6,0
2026-07-06T02:30:00,gNB-001,NRCell-001,urban,97,96,92,92,42,41,92,1,26.2,298.6,50.0,23.4,0
2026-07-06T02:30:00,gNB-001,NRCell-002,suburban,65,65,64,64,23,22,64,1,35.0,259.9,27.9,15.5,0
2026-07-06T02:30:00,gNB-001,NRCell-003,rural,35,34,33,33,9,9,33,0,36.3,233.1,26.1,7.2,0
2026-07-06T02:30:00,gNB-002,NRCell-004,urban,129,128,124,122,47,46,122,0,26.1,260.1,33.9,30.6,0
2026-07-06T02:30:00,gNB-002,NRCell-005,rural,25,25,24,24,10,10,24,0,37.4,275.9,43.9,4.5,0
2026-07-06T02:30:00,gNB-002,NRCell-006,degraded,73,68,66,59,23,22,59,9,28.4,135.1,12.0,11.6,0
2026-07-06T02:45:00,gNB-001,NRCell-001,urban,117,116,113,113,51,51,113,2,28.2,293.2,49.5,24.1,0
2026-07-06T02:45:00,gNB-001,NRCell-002,suburban,82,82,78,76,32,31,76,0,30.4,252.8,26.7,18.1,0
2026-07-06T02:45:00,gNB-001,NRCell-003,rural,36,35,34,34,10,10,34,1,41.8,229.7,26.6,6.1,0
2026-07-06T02:45:00,gNB-002,NRCell-004,urban,118,116,113,113,41,40,113,1,26.4,294.6,44.2,21.9,0
2026-07-06T02:45:00,gNB-002,NRCell-005,rural,26,26,24,24,10,9,24,0,36.6,241.0,40.8,4.9,0
2026-07-06T02:45:00,gNB-002,NRCell-006,degraded,67,64,62,59,21,20,59,6,29.3,135.9,12.2,15.0,0
2026-07-06T03:00:00,gNB-001,NRCell-001,urban,107,106,102,102,38,38,102,1,27.4,275.9,42.8,18.4,0
2026-07-06T03:00:00,gNB-001,NRCell-002,suburban,76,75,71,71,31,31,71,0,34.4,247.1,26.2,15.8,0
2026-07-06T03:00:00,gNB-001,NRCell-003,rural,39,39,37,37,16,16,37,0,44.2,238.4,28.9,9.4,0
2026-07-06T03:00:00,gNB-002,NRCell-004,urban,141,140,138,137,43,42,137,1,29.8,270.1,45.8,32.2,0
2026-07-06T03:00:00,gNB-002,NRCell-005,rural,26,24,23,23,6,6,23,0,39.4,238.5,35.1,5.2,0
2026-07-06T03:00:00,gNB-002,NRCell-006,degraded,79,74,71,66,32,30,66,0,27.6,264.1,46.4,18.5,0
2026-07-06T03:15:00,gNB-001,NRCell-001,urban,122,121,120,120,31,29,120,2,28.5,273.5,45.0,21.5,0
2026-07-06T03:15:00,gNB-001,NRCell-002,suburban,76,75,73,72,28,28,72,0,29.9,261.1,39.0,14.1,0
2026-07-06T03:15:00,gNB-001,NRCell-003,rural,35,35,34,34,9,9,34,0,40.4,248.7,30.3,6.5,0
2026-07-06T03:15:00,gNB-002,NRCell-004,urban,139,136,132,132,37,37,132,0,29.4,286.2,36.7,30.7,0
2026-07-06T03:15:00,gNB-002,NRCell-005,rural,28,28,26,26,7,7,26,0,36.8,270.5,47.4,4.2,0
2026-07-06T03:15:00,gNB-002,NRCell-006,degraded,70,66,63,62,22,21,62,2,30.4,247.9,38.0,15.4,0
2026-07-06T03:30:00,gNB-001,NRCell-001,urban,118,117,114,114,51,49,114,0,29.0,289.4,43.3,17.0,0
2026-07-06T03:30:00,gNB-001,NRCell-002,suburban,75,75,72,72,20,20,72,0,32.4,256.8,36.8,11.3,0
2026-07-06T03:30:00,gNB-001,NRCell-003,rural,43,43,41,41,10,10,41,0,37.5,235.1,36.7,6.8,0
2026-07-06T03:30:00,gNB-002,NRCell-004,urban,142,139,134,131,39,39,131,0,28.5,250.1,26.2,27.9,0
2026-07-06T03:30:00,gNB-002,NRCell-005,rural,26,26,25,25,9,8,25,1,41.2,247.9,42.4,6.1,0
2026-07-06T03:30:00,gNB-002,NRCell-006,degraded,72,70,69,69,19,19,69,0,27.6,251.6,30.6,14.0,0
2026-07-06T03:45:00,gNB-001,NRCell-001,urban,98,97,94,94,26,26,94,0,31.5,282.7,34.4,22.4,0
2026-07-06T03:45:00,gNB-001,NRCell-002,suburban,81,79,77,77,20,19,77,0,32.8,266.6,41.4,19.6,0
2026-07-06T03:45:00,gNB-001,NRCell-003,rural,35,34,33,32,13,13,32,0,40.5,252.1,30.9,7.4,0
2026-07-06T03:45:00,gNB-002,NRCell-004,urban,122,121,116,115,43,42,115,1,27.5,260.1,44.8,25.4,0
2026-07-06T03:45:00,gNB-002,NRCell-005,rural,25,24,23,23,6,6,23,0,37.7,273.0,39.0,4.3,0
2026-07-06T03:45:00,gNB-002,NRCell-006,degraded,77,73,70,68,23,22,68,1,31.4,255.8,27.4,10.7,0
2026-07-06T04:00:00,gNB-001,NRCell-001,urban,104,104,99,99,33,31,99,0,30.6,269.5,46.2,22.1,0
2026-07-06T04:00:00,gNB-001,NRCell-002,suburban,88,87,84,83,31,29,83,0,34.3,243.3,36.3,13.3,0
2026-07-06T04:00:00,gNB-001,NRCell-003,rural,35,34,32,32,11,10,32,0,43.9,214.7,38.0,6.7,0
2026-07-06T04:00:00,gNB-002,NRCell-004,urban,131,131,128,128,36,35,128,0,28.9,269.7,37.7,19.3,0
2026-07-06T04:00:00,gNB-002,NRCell-005,rural,30,30,29,29,10,10,29,0,45.2,221.4,29.4,5.8,0
2026-07-06T04:00:00,gNB-002,NRCell-006,degraded,59,57,54,53,14,14,53,1,27.7,253.2,38.4,14.0,0
2026-07-06T04:15:00,gNB-001,NRCell-001,urban,124,123,122,122,51,47,122,1,30.0,278.6,34.2,22.0,0
2026-07-06T04:15:00,gNB-001,NRCell-002,suburban,93,93,92,92,27,25,92,1,34.9,261.8,36.6,14.1,0
2026-07-06T04:15:00,gNB-001,NRCell-003,rural,42,42,40,40,12,10,40,0,42.1,230.2,32.8,9.2,0
2026-07-06T04:15:00,gNB-002,NRCell-004,urban,134,131,126,126,55,53,126,2,28.7,273.1,42.7,22.7,0
2026-07-06T04:15:00,gNB-002,NRCell-005,rural,24,24,23,22,8,7,22,0,44.5,240.1,25.7,4.7,0
2026-07-06T04:15:00,gNB-002,NRCell-006,degraded,86,79,78,75,25,21,75,1,30.4,247.6,25.0,13.5,0
2026-07-06T04:30:00,gNB-001,NRCell-001,urban,104,102,97,97,42,42,97,1,29.1,285.6,32.4,18.7,0
2026-07-06T04:30:00,gNB-001,NRCell-002,suburban,90,89,86,85,33,32,85,0,33.3,260.4,27.4,22.5,0
2026-07-06T04:30:00,gNB-001,NRCell-003,rural,30,30,28,28,10,10,28,0,41.1,219.4,33.3,6.8,0
2026-07-06T04:30:00,gNB-002,NRCell-004,urban,125,124,122,122,49,48,122,0,30.3,251.2,42.3,32.9,0
2026-07-06T04:30:00,gNB-002,NRCell-005,rural,25,25,24,24,9,9,24,0,46.2,248.4,27.4,4.9,0
2026-07-06T04:30:00,gNB-002,NRCell-006,degraded,71,68,66,62,21,20,62,1,31.8,242.1,41.3,13.7,0
2026-07-06T04:45:00,gNB-001,NRCell-001,urban,121,120,115,115,31,31,115,1,33.7,246.1,37.0,18.0,0
2026-07-06T04:45:00,gNB-001,NRCell-002,suburban,100,99,97,97,30,30,97,3,37.8,258.2,39.9,14.4,0
2026-07-06T04:45:00,gNB-001,NRCell-003,rural,36,35,34,34,10,10,34,0,38.5,226.6,36.9,8.1,0
2026-07-06T04:45:00,gNB-002,NRCell-004,urban,137,135,128,128,50,49,128,0,31.9,266.9,42.5,31.2,0
2026-07-06T04:45:00,gNB-002,NRCell-005,rural,27,27,26,26,7,7,26,0,44.9,221.0,24.3,5.7,0
2026-07-06T04:45:00,gNB-002,NRCell-006,degraded,87,82,80,77,36,36,77,2,32.3,279.3,28.6,14.5,0
2026-07-06T05:00:00,gNB-001,NRCell-001,urban,125,124,123,121,51,50,121,2,34.5,117.6,6.9,25.8,0
2026-07-06T05:00:00,gNB-001,NRCell-002,suburban,105,103,101,100,32,32,100,1,37.1,269.1,29.1,21.1,0
2026-07-06T05:00:00,gNB-001,NRCell-003,rural,40,40,39,39,14,14,39,3,43.8,124.8,9.2,7.0,0
2026-07-06T05:00:00,gNB-002,NRCell-004,urban,168,168,166,165,45,44,165,1,33.9,258.1,27.5,29.6,0
2026-07-06T05:00:00,gNB-002,NRCell-005,rural,30,30,29,29,9,9,29,0,46.6,219.6,26.5,6.5,0
2026-07-06T05:00:00,gNB-002,NRCell-006,degraded,102,99,96,89,26,22,89,2,29.9,294.6,39.9,15.8,0
2026-07-06T05:15:00,gNB-001,NRCell-001,urban,152,151,144,142,66,63,142,6,33.9,141.4,7.9,23.8,0
2026-07-06T05:15:00,gNB-001,NRCell-002,suburban,79,79,76,75,24,24,75,0,36.5,241.4,35.8,13.2,0
2026-07-06T05:15:00,gNB-001,NRCell-003,rural,42,41,40,40,15,14,40,1,40.0,123.1,8.9,10.3,0
2026-07-06T05:15:00,gNB-002,NRCell-004,urban,184,183,181,181,81,80,181,1,32.0,275.0,37.9,27.8,0
2026-07-06T05:15:00,gNB-002,NRCell-005,rural,31,31,29,29,10,10,29,1,47.0,222.4,39.2,5.2,0
2026-07-06T05:15:00,gNB-002,NRCell-006,degraded,102,97,95,93,34,34,93,2,29.3,274.6,43.4,16.6,0
2026-07-06T05:30:00,gNB-001,NRCell-001,urban,131,129,128,124,40,39,124,1,35.4,127.3,11.5,34.6,0
2026-07-06T05:30:00,gNB-001,NRCell-002,suburban,97,96,91,90,38,38,90,0,38.0,266.0,37.8,20.2,0
2026-07-06T05:30:00,gNB-001,NRCell-003,rural,52,52,50,50,16,16,50,0,48.6,205.3,34.2,6.8,0
2026-07-06T05:30:00,gNB-002,NRCell-004,urban,146,144,138,135,56,56,135,0,36.1,249.7,34.9,28.2,0
2026-07-06T05:30:00,gNB-002,NRCell-005,rural,26,26,25,24,10,8,24,0,46.8,245.0,26.0,5.5,0
2026-07-06T05:30:00,gNB-002,NRCell-006,degraded,101,99,94,87,28,27,87,0,34.6,245.1,26.8,22.0,0
2026-07-06T05:45:00,gNB-001,NRCell-001,urban,133,131,130,126,39,37,126,1,32.1,145.4,12.9,24.0,0
2026-07-06T05:45:00,gNB-001,NRCell-002,suburban,107,103,101,101,28,28,101,0,35.3,282.0,48.7,24.8,0
2026-07-06T05:45:00,gNB-001,NRCell-003,rural,39,37,36,36,13,13,36,1,49.2,223.8,30.0,8.1,0
2026-07-06T05:45:00,gNB-002,NRCell-004,urban,155,155,149,148,64,63,148,1,32.4,276.7,29.9,31.1,0
2026-07-06T05:45:00,gNB-002,NRCell-005,rural,27,26,25,25,6,6,25,0,41.9,253.7,32.1,5.8,0
2026-07-06T05:45:00,gNB-002,NRCell-006,degraded,118,112,111,109,49,44,109,2,32.8,244.6,38.1,24.6,0
2026-07-06T06:00:00,gNB-001,NRCell-001,urban,147,145,140,138,57,56,138,5,37.7,122.4,7.9,26.9,0
2026-07-06T06:00:00,gNB-001,NRCell-002,suburban,110,110,106,105,43,43,105,1,38.7,255.6,25.7,23.5,0
2026-07-06T06:00:00,gNB-001,NRCell-003,rural,39,39,38,38,11,10,38,0,44.6,220.7,37.4,9.4,0
2026-07-06T06:00:00,gNB-002,NRCell-004,urban,156,155,151,150,56,53,150,2,38.5,257.3,37.3,32.7,0
2026-07-06T06:00:00,gNB-002,NRCell-005,rural,32,32,31,30,11,11,30,0,46.0,215.4,29.5,7.7,0
2026-07-06T06:00:00,gNB-002,NRCell-006,degraded,93,90,85,82,34,32,82,2,34.5,255.2,33.7,21.8,0
2026-07-06T06:15:00,gNB-001,NRCell-001,urban,135,134,131,129,59,58,129,0,39.6,131.5,10.1,23.0,0
2026-07-06T06:15:00,gNB-001,NRCell-002,suburban,94,93,88,88,31,31,88,3,36.8,237.0,32.4,24.3,0
2026-07-06T06:15:00,gNB-001,NRCell-003,rural,37,36,34,34,16,16,34,1,47.7,231.0,29.6,6.8,0
2026-07-06T06:15:00,gNB-002,NRCell-004,urban,181,176,173,169,68,64,169,0,33.1,243.9,43.1,48.8,0
2026-07-06T06:15:00,gNB-002,NRCell-005,rural,32,30,29,28,10,10,28,0,46.0,228.6,35.0,6.5,0
2026-07-06T06:15:00,gNB-002,NRCell-006,degraded,114,108,104,101,40,37,101,2,37.1,268.0,27.9,22.6,0
2026-07-06T06:30:00,gNB-001,NRCell-001,urban,192,192,185,183,63,60,183,0,36.7,124.2,6.5,33.1,0
2026-07-06T06:30:00,gNB-001,NRCell-002,suburban,113,113,109,107,43,43,107,1,44.5,225.7,27.6,26.6,0
2026-07-06T06:30:00,gNB-001,NRCell-003,rural,44,42,41,41,16,16,41,0,43.1,215.2,22.5,10.4,0
2026-07-06T06:30:00,gNB-002,NRCell-004,urban,215,213,212,211,71,70,211,2,38.8,260.2,27.0,36.0,0
2026-07-06T06:30:00,gNB-002,NRCell-005,rural,31,30,29,29,12,12,29,0,49.7,201.5,23.6,6.7,0
2026-07-06T06:30:00,gNB-002,NRCell-006,degraded,108,103,102,100,33,30,100,1,38.4,226.4,34.3,17.6,0
2026-07-06T06:45:00,gNB-001,NRCell-001,urban,171,169,160,160,62,60,160,1,38.7,130.2,9.6,36.4,0
2026-07-06T06:45:00,gNB-001,NRCell-002,suburban,118,116,113,112,39,38,112,1,47.2,237.9,41.9,24.8,0
2026-07-06T06:45:00,gNB-001,NRCell-003,rural,47,46,45,43,16,10,43,2,51.7,210.9,24.7,7.3,0
2026-07-06T06:45:00,gNB-002,NRCell-004,urban,216,215,213,212,88,85,212,4,36.3,269.9,45.3,41.7,0
2026-07-06T06:45:00,gNB-002,NRCell-005,rural,37,36,35,34,9,9,34,0,50.4,223.8,33.0,8.6,0
2026-07-06T06:45:00,gNB-002,NRCell-006,degraded,129,123,119,112,53,51,112,1,43.5,223.2,24.1,24.8,0
2026-07-06T07:00:00,gNB-001,NRCell-001,urban,175,175,171,170,48,48,170,1,45.3,250.7,43.5,42.0,0
2026-07-06T07:00:00,gNB-001,NRCell-002,suburban,137,137,135,134,45,44,134,0,46.0,215.4,31.1,32.7,0
2026-07-06T07:00:00,gNB-001,NRCell-003,rural,43,43,41,41,16,14,41,2,56.3,220.7,26.7,9.3,0
2026-07-06T07:00:00,gNB-002,NRCell-004,urban,211,210,205,205,83,81,205,2,45.6,227.7,38.6,43.3,0
2026-07-06T07:00:00,gNB-002,NRCell-005,rural,41,41,39,38,15,15,38,0,46.1,217.0,23.8,5.7,0
2026-07-06T07:00:00,gNB-002,NRCell-006,degraded,123,117,114,112,50,45,112,0,38.5,271.0,48.2,31.0,0
2026-07-06T07:15:00,gNB-001,NRCell-001,urban,184,182,177,174,56,53,174,0,44.4,255.6,44.6,33.6,0
2026-07-06T07:15:00,gNB-001,NRCell-002,suburban,139,136,134,133,59,59,133,1,42.3,239.4,24.3,33.3,0
2026-07-06T07:15:00,gNB-001,NRCell-003,rural,40,40,39,39,11,10,39,0,49.9,207.9,32.5,7.8,0
2026-07-06T07:15:00,gNB-002,NRCell-004,urban,297,295,294,292,102,100,292,1,40.3,259.4,33.0,59.1,0
2026-07-06T07:15:00,gNB-002,NRCell-005,rural,35,35,34,34,12,12,34,0,48.8,205.4,25.9,9.1,0
2026-07-06T07:15:00,gNB-002,NRCell-006,degraded,164,155,151,143,41,40,143,2,39.7,237.1,38.3,26.6,0
2026-07-06T07:30:00,gNB-001,NRCell-001,urban,198,198,195,193,78,76,193,1,40.8,262.1,29.1,44.5,0
2026-07-06T07:30:00,gNB-001,NRCell-002,suburban,123,122,121,120,49,49,120,0,46.7,207.9,32.2,31.1,0
2026-07-06T07:30:00,gNB-001,NRCell-003,rural,61,57,54,53,15,13,53,2,54.0,212.2,35.4,9.3,0
2026-07-06T07:30:00,gNB-002,NRCell-004,urban,251,247,239,235,74,73,235,1,44.9,220.0,30.9,58.7,0
2026-07-06T07:30:00,gNB-002,NRCell-005,rural,35,35,33,33,14,14,33,0,60.7,198.4,29.6,6.1,0
2026-07-06T07:30:00,gNB-002,NRCell-006,degraded,123,119,116,114,36,35,114,5,42.3,224.3,34.3,35.6,0
2026-07-06T07:45:00,gNB-001,NRCell-001,urban,225,224,222,221,73,72,221,2,51.8,219.4,31.6,44.4,0
2026-07-06T07:45:00,gNB-001,NRCell-002,suburban,134,132,129,126,57,57,126,1,46.5,240.6,30.6,28.9,0
2026-07-06T07:45:00,gNB-001,NRCell-003,rural,49,46,45,45,17,13,45,2,56.0,220.9,25.5,8.0,0
2026-07-06T07:45:00,gNB-002,NRCell-004,urban,294,289,281,279,128,127,279,4,52.6,216.2,35.2,71.9,0
2026-07-06T07:45:00,gNB-002,NRCell-005,rural,42,42,40,40,15,15,40,0,56.7,212.0,27.5,8.6,0
2026-07-06T07:45:00,gNB-002,NRCell-006,degraded,132,127,122,121,55,51,121,4,44.6,214.3,31.9,31.7,0
2026-07-06T08:00:00,gNB-001,NRCell-001,urban,249,248,244,243,80,80,243,1,47.7,247.2,30.5,66.0,0
2026-07-06T08:00:00,gNB-001,NRCell-002,suburban,153,152,148,147,49,49,147,2,46.9,216.5,29.3,26.9,0
2026-07-06T08:00:00,gNB-001,NRCell-003,rural,51,51,50,50,16,11,50,3,64.5,199.6,34.9,8.8,0
2026-07-06T08:00:00,gNB-002,NRCell-004,urban,304,301,298,295,112,111,295,2,54.0,218.9,35.5,51.7,0
2026-07-06T08:00:00,gNB-002,NRCell-005,rural,47,44,42,42,12,12,42,0,63.2,171.3,24.4,7.6,0
2026-07-06T08:00:00,gNB-002,NRCell-006,degraded,170,169,163,159,71,66,159,2,45.3,214.4,26.1,38.5,0
2026-07-06T08:15:00,gNB-001,NRCell-001,urban,250,248,245,244,87,86,244,1,56.5,195.2,33.2,56.1,0
2026-07-06T08:15:00,gNB-001,NRCell-002,suburban,153,153,152,151,68,66,151,1,52.5,216.5,25.2,29.4,0
2026-07-06T08:15:00,gNB-001,NRCell-003,rural,65,62,59,59,23,17,59,2,55.3,222.6,25.6,10.5,0
2026-07-06T08:15:00,gNB-002,NRCell-004,urban,306,305,294,291,130,127,291,1,49.1,224.6,30.2,48.8,0
2026-07-06T08:15:00,gNB-002,NRCell-005,rural,45,45,43,43,18,18,43,0,54.1,229.9,33.8,9.7,0
2026-07-06T08:15:00,gNB-002,NRCell-006,degraded,143,141,136,133,55,51,133,7,56.7,199.3,27.8,33.8,0
2026-07-06T08:30:00,gNB-001,NRCell-001,urban,247,244,235,233,61,59,233,1,54.1,190.9,20.6,51.7,0
2026-07-06T08:30:00,gNB-001,NRCell-002,suburban,196,196,194,192,82,79,192,1,53.0,197.5,20.4,37.0,0
2026-07-06T08:30:00,gNB-001,NRCell-003,rural,73,71,70,68,30,22,68,1,67.3,171.8,20.2,16.2,0
2026-07-06T08:30:00,gNB-002,NRCell-004,urban,307,305,290,288,122,120,288,2,58.0,202.0,25.7,58.4,0
2026-07-06T08:30:00,gNB-002,NRCell-005,rural,48,48,45,45,16,16,45,1,65.2,196.8,30.9,7.7,0
2026-07-06T08:30:00,gNB-002,NRCell-006,degraded,176,168,163,158,59,53,158,1,50.1,214.1,25.8,46.5,0
2026-07-06T08:45:00,gNB-001,NRCell-001,urban,287,286,274,271,115,111,271,1,58.3,192.5,19.3,46.2,0
2026-07-06T08:45:00,gNB-001,NRCell-002,suburban,193,190,184,181,55,54,181,1,57.3,213.4,21.8,34.2,0
2026-07-06T08:45:00,gNB-001,NRCell-003,rural,64,59,57,56,25,19,56,0,65.9,192.7,29.0,12.5,0
2026-07-06T08:45:00,gNB-002,NRCell-004,urban,385,382,370,365,114,111,365,2,63.1,190.7,27.2,90.4,0
2026-07-06T08:45:00,gNB-002,NRCell-005,rural,52,52,50,50,16,16,50,0,62.7,174.5,27.1,11.6,0
2026-07-06T08:45:00,gNB-002,NRCell-006,degraded,217,212,209,202,64,61,202,3,54.0,221.4,35.8,35.8,0
2026-07-06T09:00:00,gNB-001,NRCell-001,urban,326,325,322,321,87,85,321,5,54.9,210.8,33.9,51.1,0
2026-07-06T09:00:00,gNB-001,NRCell-002,suburban,190,189,184,182,80,78,182,2,63.3,184.4,30.4,31.4,0
2026-07-06T09:00:00,gNB-001,NRCell-003,rural,70,70,68,68,21,14,68,2,61.2,199.3,33.5,15.7,0
2026-07-06T09:00:00,gNB-002,NRCell-004,urban,376,372,365,362,115,114,362,2,65.8,173.7,22.9,83.0,0
2026-07-06T09:00:00,gNB-002,NRCell-005,rural,51,50,49,49,13,13,49,1,59.4,199.5,28.9,10.3,0
2026-07-06T09:00:00,gNB-002,NRCell-006,degraded,225,216,208,202,82,79,202,7,54.4,196.5,31.2,45.7,0
2026-07-06T09:15:00,gNB-001,NRCell-001,urban,382,382,371,369,122,119,369,2,57.0,216.6,32.8,80.4,0
2026-07-06T09:15:00,gNB-001,NRCell-002,suburban,183,181,174,171,47,47,171,1,58.7,215.1,29.8,34.1,0
2026-07-06T09:15:00,gNB-001,NRCell-003,rural,78,76,72,70,25,17,70,4,63.1,200.2,33.8,14.9,0
2026-07-06T09:15:00,gNB-002,NRCell-004,urban,463,460,445,441,161,158,441,4,60.4,208.9,34.6,79.3,0
2026-07-06T09:15:00,gNB-002,NRCell-005,rural,44,44,42,42,18,16,42,0,60.7,203.6,26.7,11.6,0
2026-07-06T09:15:00,gNB-002,NRCell-006,degraded,256,243,240,237,84,83,237,4,63.4,184.5,25.4,53.8,0
2026-07-06T09:30:00,gNB-001,NRCell-001,urban,384,382,377,377,109,105,377,1,74.0,171.8,25.8,73.6,0
2026-07-06T09:30:00,gNB-001,NRCell-002,suburban,181,181,175,175,63,63,175,1,60.1,205.4,36.4,37.9,0
2026-07-06T09:30:00,gNB-001,NRCell-003,rural,86,85,83,83,25,25,83,1,63.2,186.8,31.8,19.8,0
2026-07-06T09:30:00,gNB-002,NRCell-004,urban,402,395,390,389,161,158,389,2,66.6,192.8,24.0,75.4,0
2026-07-06T09:30:00,gNB-002,NRCell-005,rural,50,50,49,49,21,21,49,0,69.4,180.1,28.7,10.7,0
2026-07-06T09:30:00,gNB-002,NRCell-006,degraded,214,206,198,193,67,64,193,3,68.8,161.6,26.8,49.6,0
2026-07-06T09:45:00,gNB-001,NRCell-001,urban,382,381,363,363,115,114,363,2,74.1,156.4,26.5,94.8,0
2026-07-06T09:45:00,gNB-001,NRCell-002,suburban,202,202,193,191,67,65,191,1,75.7,139.5,24.3,45.5,0
2026-07-06T09:45:00,gNB-001,NRCell-003,rural,78,77,74,73,21,21,73,0,75.4,161.8,24.8,17.7,0
2026-07-06T09:45:00,gNB-002,NRCell-004,urban,377,376,367,363,163,160,363,1,68.8,158.3,18.8,82.9,0
2026-07-06T09:45:00,gNB-002,NRCell-005,rural,58,56,53,53,19,19,53,1,69.5,180.7,22.8,10.0,0
2026-07-06T09:45:00,gNB-002,NRCell-006,degraded,240,228,219,211,69,64,211,6,67.9,180.7,18.9,35.8,0
2026-07-06T10:00:00,gNB-001,NRCell-001,urban,472,468,457,456,162,156,456,1,73.0,169.4,21.6,84.8,0
2026-07-06T10:00:00,gNB-001,NRCell-002,suburban,229,224,222,220,82,79,220,1,78.6,132.6,21.7,40.8,0
2026-07-06T10:00:00,gNB-001,NRCell-003,rural,65,65,63,63,21,21,63,1,81.6,126.4,15.6,15.8,0
2026-07-06T10:00:00,gNB-002,NRCell-004,urban,422,419,404,398,158,157,398,1,73.1,166.9,24.4,94.1,0
2026-07-06T10:00:00,gNB-002,NRCell-005,rural,55,54,52,52,17,15,52,0,74.7,142.1,21.6,8.3,0
2026-07-06T10:00:00,gNB-002,NRCell-006,degraded,235,225,215,210,56,55,210,2,68.2,162.3,22.7,42.7,0
2026-07-06T10:15:00,gNB-001,NRCell-001,urban,463,458,448,446,184,182,446,2,69.1,179.9,29.8,98.6,0
2026-07-06T10:15:00,gNB-001,NRCell-002,suburban,204,201,198,196,89,83,196,0,66.2,187.0,28.3,36.8,0
2026-07-06T10:15:00,gNB-001,NRCell-003,rural,81,80,76,76,30,29,76,2,82.9,136.5,24.2,16.0,0
2026-07-06T10:15:00,gNB-002,NRCell-004,urban,450,450,428,423,123,119,423,0,82.6,138.0,15.4,106.2,0
2026-07-06T10:15:00,gNB-002,NRCell-005,rural,60,60,58,58,24,24,58,0,72.8,152.0,17.6,13.2,0
2026-07-06T10:15:00,gNB-002,NRCell-006,degraded,255,243,232,224,108,94,224,4,80.6,144.0,25.6,55.4,0
2026-07-06T10:30:00,gNB-001,NRCell-001,urban,455,451,437,437,155,151,437,2,82.2,148.4,23.0,79.7,0
2026-07-06T10:30:00,gNB-001,NRCell-002,suburban,237,237,235,234,79,78,234,0,75.6,150.2,22.6,37.8,0
2026-07-06T10:30:00,gNB-001,NRCell-003,rural,82,82,78,78,34,34,78,0,71.0,162.4,17.8,16.5,0
2026-07-06T10:30:00,gNB-002,NRCell-004,urban,471,468,451,449,171,168,449,2,69.5,183.9,25.8,107.1,0
2026-07-06T10:30:00,gNB-002,NRCell-005,rural,68,68,67,65,17,17,65,0,75.9,146.9,17.2,15.6,0
2026-07-06T10:30:00,gNB-002,NRCell-006,degraded,248,239,231,224,71,68,224,6,85.4,126.5,16.1,58.7,0
2026-07-06T10:45:00,gNB-001,NRCell-001,urban,423,421,400,393,177,174,393,2,80.6,134.1,18.3,108.9,0
2026-07-06T10:45:00,gNB-001,NRCell-002,suburban,256,252,251,250,107,104,250,2,81.6,139.7,19.9,54.5,0
2026-07-06T10:45:00,gNB-001,NRCell-003,rural,91,90,87,87,35,35,87,1,85.7,129.6,20.6,13.9,0
2026-07-06T10:45:00,gNB-002,NRCell-004,urban,475,470,463,459,128,126,459,5,70.2,176.0,19.9,74.0,0
2026-07-06T10:45:00,gNB-002,NRCell-005,rural,58,58,57,57,21,21,57,3,88.1,114.6,17.6,12.0,0
2026-07-06T10:45:00,gNB-002,NRCell-006,degraded,277,258,247,239,110,106,239,7,86.6,137.2,16.7,51.0,0
2026-07-06T11:00:00,gNB-001,NRCell-001,urban,369,366,365,359,111,107,359,1,81.3,143.0,25.4,77.2,0
2026-07-06T11:00:00,gNB-001,NRCell-002,suburban,242,242,241,239,88,84,239,1,74.3,147.1,21.2,62.3,0
2026-07-06T11:00:00,gNB-001,NRCell-003,rural,83,82,78,77,22,22,77,0,72.6,158.6,19.4,22.5,0
2026-07-06T11:00:00,gNB-002,NRCell-004,urban,526,524,522,521,208,205,521,3,76.5,136.4,23.5,107.9,0
2026-07-06T11:00:00,gNB-002,NRCell-005,rural,67,65,62,62,27,26,62,2,88.1,109.3,13.2,12.4,0
2026-07-06T11:00:00,gNB-002,NRCell-006,degraded,307,289,285,276,94,81,276,5,76.0,164.3,22.9,68.4,0
2026-07-06T11:15:00,gNB-001,NRCell-001,urban,448,446,441,440,142,140,440,1,88.3,116.8,16.8,105.4,0
2026-07-06T11:15:00,gNB-001,NRCell-002,suburban,277,276,266,265,84,84,265,1,77.5,155.2,20.9,38.6,0
2026-07-06T11:15:00,gNB-001,NRCell-003,rural,76,76,75,74,20,20,74,2,72.9,154.2,24.0,19.2,0
2026-07-06T11:15:00,gNB-002,NRCell-004,urban,541,534,530,524,202,202,524,4,70.7,177.3,18.9,120.0,0
2026-07-06T11:15:00,gNB-002,NRCell-005,rural,71,70,67,66,18,18,66,1,80.8,152.2,23.5,9.9,0
2026-07-06T11:15:00,gNB-002,NRCell-006,degraded,325,313,302,299,84,79,299,10,76.0,157.4,26.1,64.3,0
2026-07-06T11:30:00,gNB-001,NRCell-001,urban,537,536,528,522,199,196,522,2,73.6,152.2,25.8,99.9,0
2026-07-06T11:30:00,gNB-001,NRCell-002,suburban,242,240,230,230,104,101,230,2,92.1,114.6,15.4,38.1,0
2026-07-06T11:30:00,gNB-001,NRCell-003,rural,87,86,82,80,33,32,80,0,89.1,117.4,17.1,19.7,0
2026-07-06T11:30:00,gNB-002,NRCell-004,urban,530,524,499,495,216,211,495,3,88.0,132.1,17.4,122.5,0
2026-07-06T11:30:00,gNB-002,NRCell-005,rural,71,70,69,69,23,22,69,0,81.7,141.2,20.2,17.3,0
2026-07-06T11:30:00,gNB-002,NRCell-006,degraded,270,258,254,250,107,97,250,3,71.8,170.5,24.8,59.4,0
2026-07-06T11:45:00,gNB-001,NRCell-001,urban,446,438,425,422,195,189,422,3,79.6,152.8,21.8,89.9,0
2026-07-06T11:45:00,gNB-001,NRCell-002,suburban,237,235,232,227,63,62,227,2,91.3,113.9,16.6,63.2,0
2026-07-06T11:45:00,gNB-001,NRCell-003,rural,78,78,74,74,27,26,74,1,81.4,140.4,15.2,19.8,0
2026-07-06T11:45:00,gNB-002,NRCell-004,urban,350,343,335,330,89,86,330,2,89.2,119.9,21.0,115.4,0
2026-07-06T11:45:00,gNB-002,NRCell-005,rural,66,65,63,63,27,27,63,0,83.5,132.6,21.1,11.9,0
2026-07-06T11:45:00,gNB-002,NRCell-006,degraded,340,322,320,312,89,82,312,5,75.3,152.1,20.7,64.6,0
2026-07-06T12:00:00,gNB-001,NRCell-001,urban,473,469,449,448,127,125,448,1,87.5,130.8,14.0,84.7,0
2026-07-06T12:00:00,gNB-001,NRCell-002,suburban,258,257,251,247,94,90,247,1,82.7,135.7,18.0,44.2,0
2026-07-06T12:00:00,gNB-001,NRCell-003,rural,106,102,97,97,28,28,97,0,74.8,141.8,20.4,22.7,0
2026-07-06T12:00:00,gNB-002,NRCell-004,urban,566,563,551,549,246,241,549,6,90.5,110.2,16.2,89.5,0
2026-07-06T12:00:00,gNB-002,NRCell-005,rural,68,67,65,64,19,17,64,0,82.7,145.9,17.6,16.4,0
2026-07-06T12:00:00,gNB-002,NRCell-006,degraded,338,329,327,322,99,95,322,10,91.3,119.6,15.9,52.6,0
2026-07-06T12:15:00,gNB-001,NRCell-001,urban,456,454,450,450,141,139,450,3,72.7,151.1,20.0,90.4,0
2026-07-06T12:15:00,gNB-001,NRCell-002,suburban,276,275,265,264,98,95,264,2,81.8,146.1,15.4,64.4,0
2026-07-06T12:15:00,gNB-001,NRCell-003,rural,99,98,94,91,31,30,91,0,76.2,162.4,16.8,21.7,0
2026-07-06T12:15:00,gNB-002,NRCell-004,urban,576,571,550,546,230,223,546,3,78.6,149.6,20.9,104.7,0
2026-07-06T12:15:00,gNB-002,NRCell-005,rural,70,70,68,67,28,27,67,0,89.4,124.5,19.6,17.1,0
2026-07-06T12:15:00,gNB-002,NRCell-006,degraded,289,279,269,263,82,77,263,9,73.3,169.0,28.0,60.2,0
2026-07-06T12:30:00,gNB-001,NRCell-001,urban,353,353,348,342,96,95,342,0,91.0,117.3,15.2,81.1,0
2026-07-06T12:30:00,gNB-001,NRCell-002,suburban,241,239,227,225,102,101,225,0,82.3,131.2,19.9,57.7,0
2026-07-06T12:30:00,gNB-001,NRCell-003,rural,87,85,82,81,37,36,81,1,75.8,149.3,17.3,17.9,0
2026-07-06T12:30:00,gNB-002,NRCell-004,urban,524,519,505,500,185,181,500,4,89.8,109.7,16.9,116.4,0
2026-07-06T12:30:00,gNB-002,NRCell-005,rural,63,63,61,61,21,21,61,0,76.0,137.8,22.2,13.3,0
2026-07-06T12:30:00,gNB-002,NRCell-006,degraded,291,287,276,270,109,94,270,4,80.6,147.8,26.1,71.4,0
2026-07-06T12:45:00,gNB-001,NRCell-001,urban,504,502,486,484,194,190,484,2,71.0,162.1,29.0,90.9,0
2026-07-06T12:45:00,gNB-001,NRCell-002,suburban,277,276,268,267,78,77,267,1,85.4,116.0,18.2,41.7,0
2026-07-06T12:45:00,gNB-001,NRCell-003,rural,88,88,85,84,22,19,84,0,81.9,138.2,17.9,21.7,0
2026-07-06T12:45:00,gNB-002,NRCell-004,urban,468,464,441,436,163,162,436,3,70.9,153.3,27.3,93.4,0
2026-07-06T12:45:00,gNB-002,NRCell-005,rural,68,68,65,65,21,21,65,1,92.5,106.4,15.1,13.6,0
2026-07-06T12:45:00,gNB-002,NRCell-006,degraded,258,251,246,241,101,95,241,10,74.7,165.9,28.2,45.9,0
2026-07-06T13:00:00,gNB-001,NRCell-001,urban,463,461,454,452,160,158,452,2,71.2,179.2,19.1,97.3,0
2026-07-06T13:00:00,gNB-001,NRCell-002,suburban,243,242,239,238,91,90,238,0,87.4,113.6,20.2,53.8,0
2026-07-06T13:00:00,gNB-001,NRCell-003,rural,82,82,78,78,24,23,78,0,86.4,114.2,14.0,15.9,0
2026-07-06T13:00:00,gNB-002,NRCell-004,urban,562,559,531,528,166,164,528,8,75.5,167.3,23.4,88.7,0
2026-07-06T13:00:00,gNB-002,NRCell-005,rural,66,64,61,61,21,21,61,0,73.5,158.7,17.1,16.9,0
2026-07-06T13:00:00,gNB-002,NRCell-006,degraded,274,262,261,256,86,78,256,4,74.6,142.2,20.3,56.1,0
2026-07-06T13:15:00,gNB-001,NRCell-001,urban,436,432,430,427,120,118,427,5,86.8,136.3,20.3,74.0,0
2026-07-06T13:15:00,gNB-001,NRCell-002,suburban,252,248,242,240,71,69,240,1,76.2,163.2,20.5,48.1,0
2026-07-06T13:15:00,gNB-001,NRCell-003,rural,84,83,82,81,20,20,81,1,85.0,133.7,17.3,14.2,0
2026-07-06T13:15:00,gNB-002,NRCell-004,urban,432,429,411,408,153,150,408,3,73.2,163.5,26.0,72.7,0
2026-07-06T13:15:00,gNB-002,NRCell-005,rural,63,61,60,60,26,26,60,1,71.6,155.6,18.2,13.5,0
2026-07-06T13:15:00,gNB-002,NRCell-006,degraded,300,286,278,263,122,112,263,4,79.4,147.3,15.2,56.4,0
2026-07-06T13:30:00,gNB-001,NRCell-001,urban,492,490,485,483,198,194,483,5,82.8,126.4,21.2,78.6,0
2026-07-06T13:30:00,gNB-001,NRCell-002,suburban,207,205,201,201,53,52,201,1,86.8,114.4,13.1,38.8,0
2026-07-06T13:30:00,gNB-001,NRCell-003,rural,69,69,68,68,21,20,68,0,76.1,167.1,25.1,12.7,0
2026-07-06T13:30:00,gNB-002,NRCell-004,urban,476,470,456,454,179,173,454,1,82.5,148.4,20.0,95.6,0
2026-07-06T13:30:00,gNB-002,NRCell-005,rural,65,65,63,63,21,19,63,1,83.4,138.4,15.1,14.7,0
2026-07-06T13:30:00,gNB-002,NRCell-006,degraded,254,241,235,227,67,61,227,3,74.8,142.9,19.1,55.2,0
2026-07-06T13:45:00,gNB-001,NRCell-001,urban,346,344,343,343,146,145,343,3,68.9,168.8,17.3,83.8,0
2026-07-06T13:45:00,gNB-001,NRCell-002,suburban,254,251,239,237,110,107,237,3,69.0,154.1,22.0,40.5,0
2026-07-06T13:45:00,gNB-001,NRCell-003,rural,79,78,76,74,20,20,74,0,86.4,133.6,21.8,13.0,0
2026-07-06T13:45:00,gNB-002,NRCell-004,urban,470,463,450,449,174,171,449,3,76.5,146.2,19.6,106.9,0
2026-07-06T13:45:00,gNB-002,NRCell-005,rural,58,58,56,56,24,24,56,0,87.3,111.3,14.5,10.6,0
2026-07-06T13:45:00,gNB-002,NRCell-006,degraded,261,252,240,235,70,65,235,3,81.3,151.7,22.1,49.8,0
2026-07-06T14:00:00,gNB-001,NRCell-001,urban,356,352,336,335,91,89,335,0,68.8,159.7,21.2,93.1,0
2026-07-06T14:00:00,gNB-001,NRCell-002,suburban,240,237,232,228,81,81,228,1,68.7,183.2,18.7,38.5,0
2026-07-06T14:00:00,gNB-001,NRCell-003,rural,75,75,71,71,24,24,71,1,84.6,140.9,18.4,15.6,0
2026-07-06T14:00:00,gNB-002,NRCell-004,urban,455,450,436,429,138,137,429,2,77.3,151.3,22.3,70.6,0
2026-07-06T14:00:00,gNB-002,NRCell-005,rural,56,55,53,52,15,15,52,0,85.0,122.7,14.2,15.6,0
2026-07-06T14:00:00,gNB-002,NRCell-006,degraded,253,242,241,232,79,71,232,2,69.6,179.9,30.5,58.3,0
2026-07-06T14:15:00,gNB-001,NRCell-001,urban,372,369,364,361,109,106,361,3,64.4,180.7,30.5,71.8,0
2026-07-06T14:15:00,gNB-001,NRCell-002,suburban,270,268,267,265,89,88,265,2,66.5,185.7,25.0,48.3,0
2026-07-06T14:15:00,gNB-001,NRCell-003,rural,78,76,74,74,33,30,74,0,78.6,140.4,17.0,12.2,0
2026-07-06T14:15:00,gNB-002,NRCell-004,urban,500,498,475,473,223,221,473,4,65.4,164.7,23.0,93.5,0
2026-07-06T14:15:00,gNB-002,NRCell-005,rural,60,59,57,57,17,17,57,1,67.7,174.2,28.4,11.1,0
2026-07-06T14:15:00,gNB-002,NRCell-006,degraded,248,240,234,228,75,69,228,9,76.8,162.0,22.2,55.1,0
2026-07-06T14:30:00,gNB-001,NRCell-001,urban,320,317,305,302,129,128,302,3,62.9,180.2,21.0,75.2,0
2026-07-06T14:30:00,gNB-001,NRCell-002,suburban,229,225,222,220,59,59,220,2,76.2,136.9,19.7,51.2,0
2026-07-06T14:30:00,gNB-001,NRCell-003,rural,85,84,80,80,33,32,80,0,65.8,190.8,34.3,15.3,0
2026-07-06T14:30:00,gNB-002,NRCell-004,urban,467,462,441,436,166,165,436,4,68.5,175.6,17.7,77.1,0
2026-07-06T14:30:00,gNB-002,NRCell-005,rural,62,62,61,60,24,24,60,0,79.5,130.0,22.2,10.4,0
2026-07-06T14:30:00,gNB-002,NRCell-006,degraded,227,218,211,209,58,53,209,4,73.9,159.7,23.6,61.6,0
2026-07-06T14:45:00,gNB-001,NRCell-001,urban,354,353,351,347,122,119,347,2,70.5,171.5,26.7,75.3,0
2026-07-06T14:45:00,gNB-001,NRCell-002,suburban,194,191,181,178,72,71,178,5,67.9,189.4,29.8,32.1,0
2026-07-06T14:45:00,gNB-001,NRCell-003,rural,84,83,82,82,24,24,82,0,69.3,157.3,23.7,15.6,0
2026-07-06T14:45:00,gNB-002,NRCell-004,urban,410,406,401,398,122,120,398,4,73.3,166.4,18.8,83.2,0
2026-07-06T14:45:00,gNB-002,NRCell-005,rural,52,51,50,50,21,21,50,0,68.9,182.8,32.3,11.4,0
2026-07-06T14:45:00,gNB-002,NRCell-006,degraded,220,204,196,192,81,73,192,5,64.8,178.6,28.0,53.5,0
2026-07-06T15:00:00,gNB-001,NRCell-001,urban,340,336,324,321,94,92,321,1,70.9,150.0,24.2,63.2,0
2026-07-06T15:00:00,gNB-001,NRCell-002,suburban,174,174,166,166,54,52,166,1,68.3,188.8,28.6,46.0,0
2026-07-06T15:00:00,gNB-001,NRCell-003,rural,72,71,69,68,27,27,68,0,62.6,201.8,28.2,11.6,0
2026-07-06T15:00:00,gNB-002,NRCell-004,urban,390,387,384,382,106,104,382,4,56.4,204.8,30.2,65.8,0
2026-07-06T15:00:00,gNB-002,NRCell-005,rural,62,62,61,60,26,26,60,1,64.8,194.5,29.0,11.7,0
2026-07-06T15:00:00,gNB-002,NRCell-006,degraded,247,236,229,226,73,66,226,4,62.3,187.3,20.8,38.7,0
2026-07-06T15:15:00,gNB-001,NRCell-001,urban,330,328,325,318,100,100,318,1,68.6,162.1,26.3,64.5,0
2026-07-06T15:15:00,gNB-001,NRCell-002,suburban,151,148,145,145,65,62,145,1,62.3,193.9,22.0,29.8,0
2026-07-06T15:15:00,gNB-001,NRCell-003,rural,72,69,68,67,28,28,67,0,65.3,193.9,21.9,17.8,0
2026-07-06T15:15:00,gNB-002,NRCell-004,urban,420,416,395,392,111,108,392,5,66.5,163.2,20.3,80.3,0
2026-07-06T15:15:00,gNB-002,NRCell-005,rural,47,46,43,43,16,16,43,0,66.9,173.4,21.9,8.8,0
2026-07-06T15:15:00,gNB-002,NRCell-006,degraded,218,211,206,203,55,52,203,7,68.2,172.2,27.8,34.5,0
2026-07-06T15:30:00,gNB-001,NRCell-001,urban,334,332,317,316,96,91,316,0,54.4,198.3,30.7,48.0,0
2026-07-06T15:30:00,gNB-001,NRCell-002,suburban,172,170,163,162,67,66,162,0,63.1,174.6,29.7,38.9,0
2026-07-06T15:30:00,gNB-001,NRCell-003,rural,83,80,78,76,22,22,76,1,61.2,197.1,30.7,11.5,0
2026-07-06T15:30:00,gNB-002,NRCell-004,urban,368,366,350,347,120,119,347,4,53.7,191.2,20.5,69.5,0
2026-07-06T15:30:00,gNB-002,NRCell-005,rural,57,57,55,55,23,23,55,0,70.7,161.8,26.2,13.7,0
2026-07-06T15:30:00,gNB-002,NRCell-006,degraded,238,233,223,218,77,73,218,4,62.0,173.1,25.6,43.1,0
2026-07-06T15:45:00,gNB-001,NRCell-001,urban,303,300,287,284,75,74,284,2,56.7,214.7,29.9,62.5,0
2026-07-06T15:45:00,gNB-001,NRCell-002,suburban,193,190,185,184,61,60,184,2,57.0,190.0,24.5,46.8,0
2026-07-06T15:45:00,gNB-001,NRCell-003,rural,72,72,68,67,21,21,67,1,60.2,196.0,34.1,10.9,0
2026-07-06T15:45:00,gNB-002,NRCell-004,urban,394,390,377,374,117,113,374,0,56.7,185.6,19.7,74.8,0
2026-07-06T15:45:00,gNB-002,NRCell-005,rural,47,47,46,44,17,17,44,0,58.9,214.3,38.5,11.2,0
2026-07-06T15:45:00,gNB-002,NRCell-006,degraded,194,191,188,182,78,73,182,4,65.5,174.1,22.9,35.9,0
2026-07-06T16:00:00,gNB-001,NRCell-001,urban,269,267,264,263,100,98,263,1,57.1,206.4,22.0,55.1,0
2026-07-06T16:00:00,gNB-001,NRCell-002,suburban,167,167,166,166,51,51,166,2,65.0,195.5,33.5,41.4,0
2026-07-06T16:00:00,gNB-001,NRCell-003,rural,77,76,75,73,27,26,73,2,72.7,157.6,18.0,15.3,0
2026-07-06T16:00:00,gNB-002,NRCell-004,urban,338,331,329,328,146,144,328,4,60.8,198.5,25.3,86.2,0
2026-07-06T16:00:00,gNB-002,NRCell-005,rural,51,50,49,49,17,17,49,0,59.0,179.3,27.2,9.2,0
2026-07-06T16:00:00,gNB-002,NRCell-006,degraded,228,221,220,219,69,65,219,5,57.4,209.1,28.6,40.2,0
2026-07-06T16:15:00,gNB-001,NRCell-001,urban,279,278,269,269,124,121,269,1,58.3,192.7,26.8,70.5,0
2026-07-06T16:15:00,gNB-001,NRCell-002,suburban,166,164,163,162,61,58,162,1,65.0,197.2,24.5,32.9,0
2026-07-06T16:15:00,gNB-001,NRCell-003,rural,66,66,64,64,25,24,64,0,63.0,181.7,19.9,13.1,0
2026-07-06T16:15:00,gNB-002,NRCell-004,urban,375,371,369,366,133,132,366,1,55.2,205.4,21.6,67.4,0
2026-07-06T16:15:00,gNB-002,NRCell-005,rural,49,49,46,46,18,18,46,0,68.4,175.3,24.8,8.6,0
2026-07-06T16:15:00,gNB-002,NRCell-006,degraded,190,180,175,169,56,49,169,3,51.7,211.2,28.7,37.4,0
2026-07-06T16:30:00,gNB-001,NRCell-001,urban,320,319,314,313,119,119,313,1,56.6,188.1,24.4,84.0,0
2026-07-06T16:30:00,gNB-001,NRCell-002,suburban,193,191,185,185,75,74,185,1,56.1,199.7,34.8,29.5,0
2026-07-06T16:30:00,gNB-001,NRCell-003,rural,67,66,65,65,22,20,65,1,71.8,164.8,22.7,15.5,0
2026-07-06T16:30:00,gNB-002,NRCell-004,urban,306,304,288,287,105,103,287,3,63.2,173.0,21.1,66.0,0
2026-07-06T16:30:00,gNB-002,NRCell-005,rural,53,51,48,48,14,13,48,1,66.0,160.8,17.9,11.8,0
2026-07-06T16:30:00,gNB-002,NRCell-006,degraded,182,174,169,165,60,56,165,6,63.9,201.0,31.2,36.9,0
2026-07-06T16:45:00,gNB-001,NRCell-001,urban,346,343,331,329,151,150,329,2,57.4,207.0,28.1,53.3,0
2026-07-06T16:45:00,gNB-001,NRCell-002,suburban,173,172,171,170,58,57,170,0,66.4,182.4,21.7,28.9,0
2026-07-06T16:45:00,gNB-001,NRCell-003,rural,78,78,74,74,26,25,74,0,66.7,189.3,28.2,16.4,0
2026-07-06T16:45:00,gNB-002,NRCell-004,urban,417,414,404,403,141,138,403,3,65.8,165.6,27.9,76.4,0
2026-07-06T16:45:00,gNB-002,NRCell-005,rural,51,50,49,49,16,16,49,1,59.8,178.9,24.2,10.7,0
2026-07-06T16:45:00,gNB-002,NRCell-006,degraded,221,217,209,204,88,82,204,10,58.8,187.1,20.2,41.0,0
2026-07-06T17:00:00,gNB-001,NRCell-001,urban,292,291,278,278,80,80,278,2,63.0,184.6,29.7,48.5,0
2026-07-06T17:00:00,gNB-001,NRCell-002,suburban,192,191,186,185,50,49,185,2,69.9,163.9,24.3,36.4,0
2026-07-06T17:00:00,gNB-001,NRCell-003,rural,59,59,56,55,15,15,55,0,60.5,206.7,29.4,14.3,0
2026-07-06T17:00:00,gNB-002,NRCell-004,urban,373,369,362,360,150,148,360,3,66.1,168.1,25.3,88.1,0
2026-07-06T17:00:00,gNB-002,NRCell-005,rural,51,49,47,46,21,21,46,0,62.0,192.8,29.0,10.7,0
2026-07-06T17:00:00,gNB-002,NRCell-006,degraded,242,230,220,217,81,76,217,3,67.6,172.1,27.9,57.6,0
2026-07-06T17:15:00,gNB-001,NRCell-001,urban,358,357,344,343,143,140,343,0,64.5,169.5,26.1,78.7,0
2026-07-06T17:15:00,gNB-001,NRCell-002,suburban,219,214,204,200,74,72,200,0,58.8,203.8,24.4,37.6,0
2026-07-06T17:15:00,gNB-001,NRCell-003,rural,68,68,67,67,30,30,67,1,70.5,173.2,17.9,17.8,0
2026-07-06T17:15:00,gNB-002,NRCell-004,urban,310,309,295,291,97,94,291,0,64.0,196.3,25.6,70.7,0
2026-07-06T17:15:00,gNB-002,NRCell-005,rural,57,57,55,55,16,16,55,0,68.7,171.6,28.2,9.4,0
2026-07-06T17:15:00,gNB-002,NRCell-006,degraded,218,208,197,195,62,56,195,6,56.1,187.5,22.6,48.1,0
2026-07-06T17:30:00,gNB-001,NRCell-001,urban,360,360,349,349,110,109,349,3,73.2,156.2,24.5,89.8,0
2026-07-06T17:30:00,gNB-001,NRCell-002,suburban,199,198,191,190,85,83,190,1,74.3,170.3,27.1,37.0,0
2026-07-06T17:30:00,gNB-001,NRCell-003,rural,68,67,66,62,26,26,62,0,62.6,191.6,26.5,17.1,0
2026-07-06T17:30:00,gNB-002,NRCell-004,urban,414,411,406,404,148,145,404,1,67.3,169.1,23.4,99.3,0
2026-07-06T17:30:00,gNB-002,NRCell-005,rural,47,46,45,45,12,12,45,0,77.1,153.0,18.6,10.8,0
2026-07-06T17:30:00,gNB-002,NRCell-006,degraded,245,238,230,221,59,55,221,2,67.3,179.6,26.8,50.8,0
2026-07-06T17:45:00,gNB-001,NRCell-001,urban,402,400,395,392,150,150,392,4,75.9,147.8,21.4,62.8,0
2026-07-06T17:45:00,gNB-001,NRCell-002,suburban,258,254,244,243,70,67,243,3,74.9,169.5,23.8,49.7,0
2026-07-06T17:45:00,gNB-001,NRCell-003,rural,98,96,95,94,39,37,94,1,77.4,140.8,23.1,16.6,0
2026-07-06T17:45:00,gNB-002,NRCell-004,urban,454,448,429,424,153,151,424,4,62.8,205.0,25.9,76.6,0
2026-07-06T17:45:00,gNB-002,NRCell-005,rural,54,52,50,50,16,15,50,0,67.7,169.9,27.5,11.4,0
2026-07-06T17:45:00,gNB-002,NRCell-006,degraded,288,268,264,258,107,102,258,2,60.7,198.5,32.3,59.5,0
2026-07-06T18:00:00,gNB-001,NRCell-001,urban,419,415,413,408,125,123,408,2,73.5,158.0,27.0,93.1,0
2026-07-06T18:00:00,gNB-001,NRCell-002,suburban,266,264,258,255,88,87,255,3,65.4,169.7,20.4,43.9,0
2026-07-06T18:00:00,gNB-001,NRCell-003,rural,91,91,90,87,26,26,87,0,84.3,118.8,12.1,18.3,0
2026-07-06T18:00:00,gNB-002,NRCell-004,urban,487,483,460,455,167,166,455,5,68.7,156.9,19.0,95.6,0
2026-07-06T18:00:00,gNB-002,NRCell-005,rural,51,51,50,49,18,18,49,0,67.4,188.5,24.8,12.1,0
2026-07-06T18:00:00,gNB-002,NRCell-006,degraded,96,0,0,0,0,0,0,0,0.0,0.0,0.0,0.0,900
2026-07-06T18:15:00,gNB-001,NRCell-001,urban,427,426,405,405,116,112,405,1,66.8,186.4,31.3,67.4,0
2026-07-06T18:15:00,gNB-001,NRCell-002,suburban,226,226,225,222,84,80,222,1,85.8,131.1,17.2,43.3,0
2026-07-06T18:15:00,gNB-001,NRCell-003,rural,86,86,85,84,37,37,84,1,81.0,141.4,21.8,13.4,0
2026-07-06T18:15:00,gNB-002,NRCell-004,urban,569,567,549,544,157,153,544,2,79.8,142.7,17.2,112.1,0
2026-07-06T18:15:00,gNB-002,NRCell-005,rural,60,59,56,55,18,18,55,0,73.8,159.2,18.0,11.4,0
2026-07-06T18:15:00,gNB-002,NRCell-006,degraded,88,0,0,0,0,0,0,0,0.0,0.0,0.0,0.0,900
2026-07-06T18:30:00,gNB-001,NRCell-001,urban,365,364,358,355,112,109,355,1,75.1,164.9,27.5,91.4,0
2026-07-06T18:30:00,gNB-001,NRCell-002,suburban,249,245,240,237,70,70,237,1,82.4,135.3,18.2,47.2,0
2026-07-06T18:30:00,gNB-001,NRCell-003,rural,83,81,79,78,35,35,78,0,78.6,132.4,13.7,18.1,0
2026-07-06T18:30:00,gNB-002,NRCell-004,urban,493,484,472,471,128,126,471,3,87.9,127.5,13.1,116.2,0
2026-07-06T18:30:00,gNB-002,NRCell-005,rural,59,59,56,56,14,14,56,1,75.8,156.8,16.5,14.7,0
2026-07-06T18:30:00,gNB-002,NRCell-006,degraded,99,0,0,0,0,0,0,0,0.0,0.0,0.0,0.0,900
2026-07-06T18:45:00,gNB-001,NRCell-001,urban,565,560,554,549,246,241,549,2,91.7,103.8,11.8,78.5,0
2026-07-06T18:45:00,gNB-001,NRCell-002,suburban,239,237,232,231,92,90,231,2,82.4,128.8,13.2,49.5,0
2026-07-06T18:45:00,gNB-001,NRCell-003,rural,86,86,83,83,23,23,83,2,94.3,111.4,14.1,21.5,0
2026-07-06T18:45:00,gNB-002,NRCell-004,urban,591,583,556,551,239,234,551,4,92.7,118.9,20.3,133.8,0
2026-07-06T18:45:00,gNB-002,NRCell-005,rural,66,64,62,62,21,21,62,0,75.4,146.5,20.0,15.6,0
2026-07-06T18:45:00,gNB-002,NRCell-006,degraded,75,0,0,0,0,0,0,0,0.0,0.0,0.0,0.0,900
2026-07-06T19:00:00,gNB-001,NRCell-001,urban,560,558,557,555,219,216,555,7,87.4,128.2,15.2,123.3,0
2026-07-06T19:00:00,gNB-001,NRCell-002,suburban,315,312,302,298,99,97,298,4,85.1,138.2,22.2,58.6,0
2026-07-06T19:00:00,gNB-001,NRCell-003,rural,97,95,92,91,29,28,91,1,94.9,93.2,14.8,19.8,0
2026-07-06T19:00:00,gNB-002,NRCell-004,urban,505,500,490,487,145,142,487,4,94.3,107.7,18.8,118.0,0
2026-07-06T19:00:00,gNB-002,NRCell-005,rural,78,77,76,75,27,27,75,1,79.0,146.4,18.1,14.5,0
2026-07-06T19:00:00,gNB-002,NRCell-006,degraded,397,382,366,358,105,96,358,11,84.4,138.7,17.6,76.4,0
2026-07-06T19:15:00,gNB-001,NRCell-001,urban,451,450,436,433,150,144,433,2,79.1,132.7,15.6,96.7,0
2026-07-06T19:15:00,gNB-001,NRCell-002,suburban,271,267,258,258,87,85,258,1,89.3,107.9,12.6,69.3,0
2026-07-06T19:15:00,gNB-001,NRCell-003,rural,102,100,95,94,37,36,94,1,99.0,83.9,14.0,20.2,0
2026-07-06T19:15:00,gNB-002,NRCell-004,urban,480,476,457,455,206,203,455,4,97.9,87.4,11.0,80.4,0
2026-07-06T19:15:00,gNB-002,NRCell-005,rural,66,66,65,64,19,19,64,0,77.3,145.2,22.3,13.3,0
2026-07-06T19:15:00,gNB-002,NRCell-006,degraded,306,295,281,275,127,120,275,3,80.7,128.4,19.5,69.5,0
2026-07-06T19:30:00,gNB-001,NRCell-001,urban,563,563,542,541,159,154,541,4,78.6,143.3,16.4,87.2,0
2026-07-06T19:30:00,gNB-001,NRCell-002,suburban,272,270,267,266,74,71,266,0,99.0,94.3,14.8,57.4,0
2026-07-06T19:30:00,gNB-001,NRCell-003,rural,96,94,90,89,32,30,89,4,85.4,135.4,22.1,21.7,0
2026-07-06T19:30:00,gNB-002,NRCell-004,urban,680,669,650,647,249,242,647,10,88.5,109.1,14.9,142.0,0
2026-07-06T19:30:00,gNB-002,NRCell-005,rural,74,73,69,67,28,27,67,0,97.9,91.0,10.5,14.1,0
2026-07-06T19:30:00,gNB-002,NRCell-006,degraded,351,337,327,318,90,85,318,6,87.6,134.2,19.4,66.8,0
2026-07-06T19:45:00,gNB-001,NRCell-001,urban,503,501,499,496,198,196,496,1,88.0,119.6,20.9,121.3,0
2026-07-06T19:45:00,gNB-001,NRCell-002,suburban,259,254,244,242,96,95,242,1,95.4,101.2,17.3,72.1,0
2026-07-06T19:45:00,gNB-001,NRCell-003,rural,99,97,95,95,39,38,95,0,79.2,151.4,24.8,17.6,0
2026-07-06T19:45:00,gNB-002,NRCell-004,urban,566,561,559,552,225,219,552,2,99.0,97.7,12.3,100.0,0
2026-07-06T19:45:00,gNB-002,NRCell-005,rural,78,78,76,75,23,21,75,1,79.2,148.1,26.1,17.6,0
2026-07-06T19:45:00,gNB-002,NRCell-006,degraded,370,354,338,333,138,125,333,7,92.7,101.9,14.6,80.8,0
2026-07-06T20:00:00,gNB-001,NRCell-001,urban,488,485,465,461,163,157,461,3,81.4,142.3,17.2,88.6,0
2026-07-06T20:00:00,gNB-001,NRCell-002,suburban,286,285,273,271,126,123,271,2,92.9,111.3,18.2,53.9,0
2026-07-06T20:00:00,gNB-001,NRCell-003,rural,91,91,87,87,29,27,87,2,86.9,126.5,12.9,15.6,0
2026-07-06T20:00:00,gNB-002,NRCell-004,urban,569,566,552,548,188,182,548,4,98.6,102.1,15.3,127.6,0
2026-07-06T20:00:00,gNB-002,NRCell-005,rural,68,67,65,64,17,15,64,0,96.7,98.2,14.9,13.8,0
2026-07-06T20:00:00,gNB-002,NRCell-006,degraded,332,320,315,304,103,98,304,3,92.1,107.8,19.4,75.3,0
2026-07-06T20:15:00,gNB-001,NRCell-001,urban,532,529,502,501,235,231,501,1,78.7,137.5,16.6,85.6,0
2026-07-06T20:15:00,gNB-001,NRCell-002,suburban,288,287,281,279,97,95,279,1,87.9,115.2,20.7,52.8,0
2026-07-06T20:15:00,gNB-001,NRCell-003,rural,96,94,90,90,31,29,90,1,99.0,85.9,11.7,18.7,0
2026-07-06T20:15:00,gNB-002,NRCell-004,urban,551,546,533,529,214,212,529,4,92.9,104.5,11.5,111.5,0
2026-07-06T20:15:00,gNB-002,NRCell-005,rural,61,59,58,58,25,25,58,0,99.0,91.7,14.0,10.9,0
2026-07-06T20:15:00,gNB-002,NRCell-006,degraded,395,372,362,353,126,120,353,7,81.4,145.1,17.3,80.0,0
2026-07-06T20:30:00,gNB-001,NRCell-001,urban,481,477,463,459,180,178,459,2,90.3,105.0,16.0,80.5,0
2026-07-06T20:30:00,gNB-001,NRCell-002,suburban,296,291,288,288,80,79,288,4,90.9,120.7,14.2,63.6,0
2026-07-06T20:30:00,gNB-001,NRCell-003,rural,77,76,75,74,25,24,74,2,78.1,151.5,24.6,21.6,0
2026-07-06T20:30:00,gNB-002,NRCell-004,urban,577,573,546,541,155,153,541,4,79.9,142.3,24.4,128.6,0
2026-07-06T20:30:00,gNB-002,NRCell-005,rural,93,93,89,88,33,32,88,1,80.0,144.2,18.6,19.3,0
2026-07-06T20:30:00,gNB-002,NRCell-006,degraded,357,343,333,323,152,140,323,7,95.2,108.5,18.0,60.3,0
2026-07-06T20:45:00,gNB-001,NRCell-001,urban,450,448,429,425,173,169,425,2,89.1,110.8,16.2,115.6,0
2026-07-06T20:45:00,gNB-001,NRCell-002,suburban,258,256,253,253,93,90,253,1,75.1,166.4,18.6,48.4,0
2026-07-06T20:45:00,gNB-001,NRCell-003,rural,104,104,100,99,33,31,99,0,79.4,155.3,26.6,23.3,0
2026-07-06T20:45:00,gNB-002,NRCell-004,urban,566,561,533,531,201,198,531,5,84.6,132.1,18.9,108.5,0
2026-07-06T20:45:00,gNB-002,NRCell-005,rural,69,69,68,68,23,23,68,0,92.6,101.9,13.6,13.7,0
2026-07-06T20:45:00,gNB-002,NRCell-006,degraded,325,313,311,304,101,91,304,9,80.4,134.2,18.8,70.4,0
2026-07-06T21:00:00,gNB-001,NRCell-001,urban,510,508,490,488,177,175,488,4,78.4,149.7,24.6,102.9,0
2026-07-06T21:00:00,gNB-001,NRCell-002,suburban,237,232,228,226,104,100,226,1,75.6,148.7,25.4,63.2,0
2026-07-06T21:00:00,gNB-001,NRCell-003,rural,106,105,104,102,34,34,102,0,81.8,145.1,18.9,21.9,0
2026-07-06T21:00:00,gNB-002,NRCell-004,urban,548,544,542,538,169,167,538,3,72.0,175.3,27.2,105.4,0
2026-07-06T21:00:00,gNB-002,NRCell-005,rural,57,57,54,54,20,20,54,1,76.9,152.9,23.8,14.6,0
2026-07-06T21:00:00,gNB-002,NRCell-006,degraded,338,321,315,310,127,119,310,7,88.0,112.8,13.5,65.8,0
2026-07-06T21:15:00,gNB-001,NRCell-001,urban,423,417,399,398,183,178,398,1,85.2,135.2,22.6,102.2,0
2026-07-06T21:15:00,gNB-001,NRCell-002,suburban,234,231,229,227,97,94,227,2,76.6,142.6,16.7,52.9,0
2026-07-06T21:15:00,gNB-001,NRCell-003,rural,98,96,95,95,29,28,95,0,72.1,163.0,28.8,20.0,0
2026-07-06T21:15:00,gNB-002,NRCell-004,urban,511,506,497,495,170,168,495,3,83.1,122.5,17.0,115.3,0
2026-07-06T21:15:00,gNB-002,NRCell-005,rural,72,72,69,69,25,25,69,0,84.2,137.4,24.3,10.7,0
2026-07-06T21:15:00,gNB-002,NRCell-006,degraded,296,280,278,269,119,111,269,3,82.2,145.6,19.7,63.4,0
2026-07-06T21:30:00,gNB-001,NRCell-001,urban,368,366,363,361,92,90,361,1,68.5,156.5,24.8,89.9,0
2026-07-06T21:30:00,gNB-001,NRCell-002,suburban,251,250,249,246,85,84,246,0,66.0,187.6,19.7,63.5,0
2026-07-06T21:30:00,gNB-001,NRCell-003,rural,92,90,86,84,29,29,84,0,76.9,156.5,20.5,13.7,0
2026-07-06T21:30:00,gNB-002,NRCell-004,urban,510,504,501,495,203,199,495,3,78.8,136.0,15.5,100.8,0
2026-07-06T21:30:00,gNB-002,NRCell-005,rural,66,65,63,63,21,21,63,1,76.4,159.2,22.5,9.3,0
2026-07-06T21:30:00,gNB-002,NRCell-006,degraded,276,268,257,252,118,112,252,2,83.1,141.9,19.1,58.1,0
2026-07-06T21:45:00,gNB-001,NRCell-001,urban,405,403,391,390,122,120,390,3,61.6,187.0,23.9,64.1,0
2026-07-06T21:45:00,gNB-001,NRCell-002,suburban,201,198,190,190,79,77,190,1,64.2,201.1,28.5,43.2,0
2026-07-06T21:45:00,gNB-001,NRCell-003,rural,75,75,71,71,31,30,71,1,73.4,143.7,17.5,17.5,0
2026-07-06T21:45:00,gNB-002,NRCell-004,urban,393,389,376,372,165,159,372,3,71.4,170.8,23.0,72.7,0
2026-07-06T21:45:00,gNB-002,NRCell-005,rural,55,55,53,53,24,24,53,1,68.6,171.2,21.4,12.5,0
2026-07-06T21:45:00,gNB-002,NRCell-006,degraded,291,281,273,267,70,64,267,5,74.9,155.8,23.6,44.6,0
2026-07-06T22:00:00,gNB-001,NRCell-001,urban,340,336,325,323,108,106,323,1,66.1,166.1,24.1,74.0,0
2026-07-06T22:00:00,gNB-001,NRCell-002,suburban,211,209,203,201,77,76,201,2,74.9,147.6,26.4,31.5,0
2026-07-06T22:00:00,gNB-001,NRCell-003,rural,72,71,70,69,31,31,69,1,72.3,175.4,31.1,13.2,0
2026-07-06T22:00:00,gNB-002,NRCell-004,urban,396,389,380,378,144,141,378,0,71.5,176.3,31.1,64.3,0
2026-07-06T22:00:00,gNB-002,NRCell-005,rural,47,45,43,43,17,16,43,0,71.0,163.4,17.9,9.0,0
2026-07-06T22:00:00,gNB-002,NRCell-006,degraded,213,208,203,195,61,56,195,3,61.0,178.5,21.8,36.9,0
2026-07-06T22:15:00,gNB-001,NRCell-001,urban,309,306,297,296,82,80,296,3,65.8,162.8,24.7,54.3,0
2026-07-06T22:15:00,gNB-001,NRCell-002,suburban,207,205,204,201,69,67,201,1,69.2,167.1,25.0,48.8,0
2026-07-06T22:15:00,gNB-001,NRCell-003,rural,67,67,65,65,19,19,65,0,67.4,176.5,30.7,10.7,0
2026-07-06T22:15:00,gNB-002,NRCell-004,urban,358,353,340,338,157,151,338,2,56.6,188.1,26.6,75.2,0
2026-07-06T22:15:00,gNB-002,NRCell-005,rural,47,47,46,46,13,13,46,0,69.6,158.5,22.5,11.4,0
2026-07-06T22:15:00,gNB-002,NRCell-006,degraded,237,222,219,210,71,65,210,5,58.2,180.2,26.3,41.3,0
2026-07-06T22:30:00,gNB-001,NRCell-001,urban,277,273,265,264,83,81,264,0,51.6,222.4,22.5,65.0,0
2026-07-06T22:30:00,gNB-001,NRCell-002,suburban,189,185,179,178,49,48,178,1,51.6,201.7,34.1,36.8,0
2026-07-06T22:30:00,gNB-001,NRCell-003,rural,59,59,56,56,22,20,56,0,69.1,156.5,17.1,16.7,0
2026-07-06T22:30:00,gNB-002,NRCell-004,urban,360,357,352,351,128,125,351,1,53.3,224.2,30.6,77.9,0
2026-07-06T22:30:00,gNB-002,NRCell-005,rural,45,44,41,40,16,16,40,1,65.8,189.2,21.7,7.8,0
2026-07-06T22:30:00,gNB-002,NRCell-006,degraded,208,197,190,183,80,75,183,3,57.4,210.7,27.9,35.0,0
2026-07-06T22:45:00,gNB-001,NRCell-001,urban,286,284,277,277,96,96,277,2,46.1,240.4,25.2,46.6,0
2026-07-06T22:45:00,gNB-001,NRCell-002,suburban,142,141,135,134,46,46,134,1,60.1,193.7,25.6,33.7,0
2026-07-06T22:45:00,gNB-001,NRCell-003,rural,57,57,55,55,21,21,55,1,60.2,208.8,35.5,13.2,0
2026-07-06T22:45:00,gNB-002,NRCell-004,urban,307,306,301,299,131,130,299,1,49.3,230.7,34.8,73.8,0
2026-07-06T22:45:00,gNB-002,NRCell-005,rural,51,51,50,49,17,15,49,0,56.5,218.1,24.6,8.4,0
2026-07-06T22:45:00,gNB-002,NRCell-006,degraded,151,143,142,136,45,43,136,1,55.3,203.2,35.6,38.4,0
2026-07-06T23:00:00,gNB-001,NRCell-001,urban,271,269,263,260,87,85,260,2,47.0,240.3,30.7,57.6,0
2026-07-06T23:00:00,gNB-001,NRCell-002,suburban,135,134,130,130,51,51,130,0,54.2,189.8,23.4,23.6,0
2026-07-06T23:00:00,gNB-001,NRCell-003,rural,57,57,56,55,22,21,55,1,57.2,193.7,31.3,13.5,0
2026-07-06T23:00:00,gNB-002,NRCell-004,urban,304,301,291,288,80,74,288,0,48.5,246.2,24.7,56.2,0
2026-07-06T23:00:00,gNB-002,NRCell-005,rural,43,43,42,42,13,13,42,0,61.0,186.3,21.3,10.4,0
2026-07-06T23:00:00,gNB-002,NRCell-006,degraded,170,165,164,159,43,41,159,3,50.7,211.8,31.0,30.9,0
2026-07-06T23:15:00,gNB-001,NRCell-001,urban,210,209,206,205,65,64,205,0,40.4,223.1,35.9,43.8,0
2026-07-06T23:15:00,gNB-001,NRCell-002,suburban,118,116,115,115,33,31,115,0,49.8,214.7,21.8,22.1,0
2026-07-06T23:15:00,gNB-001,NRCell-003,rural,50,49,48,47,19,18,47,0,49.6,204.7,25.1,10.2,0
2026-07-06T23:15:00,gNB-002,NRCell-004,urban,240,238,232,230,100,95,230,2,39.5,251.0,41.3,48.4,0
2026-07-06T23:15:00,gNB-002,NRCell-005,rural,36,35,34,34,11,11,34,0,59.1,198.5,34.3,8.3,0
2026-07-06T23:15:00,gNB-002,NRCell-006,degraded,126,123,122,120,31,27,120,3,47.6,215.1,37.3,27.8,0
2026-07-06T23:30:00,gNB-001,NRCell-001,urban,221,219,218,217,61,60,217,1,39.0,267.6,40.4,39.8,0
2026-07-06T23:30:00,gNB-001,NRCell-002,suburban,105,103,99,99,41,41,99,0,47.7,219.2,23.1,23.9,0
2026-07-06T23:30:00,gNB-001,NRCell-003,rural,49,48,47,47,21,19,47,1,45.4,235.5,36.8,8.4,0
2026-07-06T23:30:00,gNB-002,NRCell-004,urban,193,187,185,184,73,72,184,0,44.1,240.8,32.0,42.1,0
2026-07-06T23:30:00,gNB-002,NRCell-005,rural,30,30,29,29,12,12,29,0,54.0,208.9,23.4,5.7,0
2026-07-06T23:30:00,gNB-002,NRCell-006,degraded,113,112,109,107,35,33,107,3,43.5,213.4,33.9,22.3,0
2026-07-06T23:45:00,gNB-001,NRCell-001,urban,209,209,200,200,59,56,200,0,37.3,237.3,30.7,36.9,0
2026-07-06T23:45:00,gNB-001,NRCell-002,suburban,93,92,90,90,27,27,90,0,46.1,212.0,32.9,21.4,0
2026-07-06T23:45:00,gNB-001,NRCell-003,rural,46,46,45,44,18,18,44,0,49.4,232.8,27.6,9.9,0
2026-07-06T23:45:00,gNB-002,NRCell-004,urban,213,209,202,200,78,76,200,1,42.4,215.7,22.9,51.5,0
2026-07-06T23:45:00,gNB-002,NRCell-005,rural,29,28,27,27,11,11,27,0,51.4,203.5,25.3,7.7,0
2026-07-06T23:45:00,gNB-002,NRCell-006,degraded,123,120,114,110,43,38,110,3,37.8,266.6,45.7,31.1,0
2026-07-07T00:00:00,gNB-001,NRCell-001,urban,119,118,116,115,51,51,115,1,29.9,297.5,51.7,26.1,0
2026-07-07T00:00:00,gNB-001,NRCell-002,suburban,75,75,74,74,29,28,74,0,30.6,280.4,45.2,13.6,0
2026-07-07T00:00:00,gNB-001,NRCell-003,rural,33,33,31,31,13,13,31,1,39.3,261.1,46.2,6.1,0
2026-07-07T00:00:00,gNB-002,NRCell-004,urban,131,129,124,123,53,52,123,0,25.8,256.1,45.3,28.3,0
2026-07-07T00:00:00,gNB-002,NRCell-005,rural,23,23,22,22,9,9,22,0,40.1,237.8,25.4,4.9,0
2026-07-07T00:00:00,gNB-002,NRCell-006,degraded,70,69,67,67,20,20,67,3,27.9,285.5,37.7,12.4,0
2026-07-07T00:15:00,gNB-001,NRCell-001,urban,110,109,103,102,33,32,102,1,30.1,264.9,38.9,26.7,0
2026-07-07T00:15:00,gNB-001,NRCell-002,suburban,69,69,65,65,30,30,65,1,30.7,278.6,40.0,18.4,0
2026-07-07T00:15:00,gNB-001,NRCell-003,rural,31,31,29,29,11,11,29,0,38.2,261.0,28.0,6.0,0
2026-07-07T00:15:00,gNB-002,NRCell-004,urban,125,124,118,118,32,31,118,0,28.8,278.5,33.7,19.0,0
2026-07-07T00:15:00,gNB-002,NRCell-005,rural,29,29,28,28,9,9,28,2,44.1,227.7,38.5,6.1,0
2026-07-07T00:15:00,gNB-002,NRCell-006,degraded,73,71,70,69,27,24,69,0,28.4,291.8,37.6,14.7,0
2026-07-07T00:30:00,gNB-001,NRCell-001,urban,101,100,98,98,29,28,98,0,25.9,293.8,30.9,16.2,0
2026-07-07T00:30:00,gNB-001,NRCell-002,suburban,70,69,68,68,20,20,68,1,32.6,265.4,34.3,16.5,0
2026-07-07T00:30:00,gNB-001,NRCell-003,rural,37,37,36,36,14,14,36,0,43.2,231.1,39.6,6.8,0
2026-07-07T00:30:00,gNB-002,NRCell-004,urban,119,117,112,111,33,32,111,2,25.9,263.4,34.1,25.0,0
2026-07-07T00:30:00,gNB-002,NRCell-005,rural,23,23,22,22,8,7,22,2,41.6,218.1,28.2,5.7,0
2026-07-07T00:30:00,gNB-002,NRCell-006,degraded,83,81,80,77,22,21,77,5,30.2,272.2,31.3,12.7,0
2026-07-07T00:45:00,gNB-001,NRCell-001,urban,96,94,91,91,28,27,91,1,27.4,289.0,47.8,23.1,0
2026-07-07T00:45:00,gNB-001,NRCell-002,suburban,68,68,65,65,22,20,65,0,33.7,245.0,42.2,15.0,0
2026-07-07T00:45:00,gNB-001,NRCell-003,rural,29,29,28,28,11,10,28,0,42.7,217.4,27.5,6.2,0
2026-07-07T00:45:00,gNB-002,NRCell-004,urban,127,127,123,123,32,31,123,1,29.6,253.5,34.6,24.2,0
2026-07-07T00:45:00,gNB-002,NRCell-005,rural,27,26,24,24,8,8,24,1,37.7,233.9,33.9,4.2,0
2026-07-07T00:45:00,gNB-002,NRCell-006,degraded,70,69,68,68,19,19,68,0,29.9,287.2,34.1,10.5,0
2026-07-07T01:00:00,gNB-001,NRCell-001,urban,111,111,105,105,30,30,105,0,27.0,267.9,31.6,23.5,0
2026-07-07T01:00:00,gNB-001,NRCell-002,suburban,75,75,71,71,21,21,71,0,34.4,264.8,43.6,12.3,0
2026-07-07T01:00:00,gNB-001,NRCell-003,rural,27,27,25,25,12,12,25,0,37.9,255.7,28.2,5.6,0
2026-07-07T01:00:00,gNB-002,NRCell-004,urban,114,113,107,107,45,45,107,0,27.8,286.7,45.1,22.8,0
2026-07-07T01:00:00,gNB-002,NRCell-005,rural,29,29,28,28,10,10,28,1,37.4,266.3,35.6,5.3,0
2026-07-07T01:00:00,gNB-002,NRCell-006,degraded,72,70,69,69,31,26,69,1,27.2,284.1,46.4,15.5,0
2026-07-07T01:15:00,gNB-001,NRCell-001,urban,99,99,97,97,44,44,97,0,30.0,277.0,42.2,16.0,0
2026-07-07T01:15:00,gNB-001,NRCell-002,suburban,78,77,75,74,19,19,74,1,33.3,237.7,28.4,13.8,0
2026-07-07T01:15:00,gNB-001,NRCell-003,rural,37,36,34,34,13,13,34,0,38.5,273.0,47.9,8.8,0
2026-07-07T01:15:00,gNB-002,NRCell-004,urban,121,120,115,114,33,32,114,0,28.1,278.2,29.1,24.6,0
2026-07-07T01:15:00,gNB-002,NRCell-005,rural,25,25,23,23,7,7,23,0,36.5,276.7,39.6,4.4,0
2026-07-07T01:15:00,gNB-002,NRCell-006,degraded,71,68,66,66,19,17,66,0,27.8,300.0,41.7,14.4,0
2026-07-07T01:30:00,gNB-001,NRCell-001,urban,105,103,99,98,35,34,98,1,30.0,272.2,28.1,21.5,0
2026-07-07T01:30:00,gNB-001,NRCell-002,suburban,51,51,49,49,19,19,49,0,30.7,272.5,37.7,11.8,0
2026-07-07T01:30:00,gNB-001,NRCell-003,rural,33,33,32,32,14,14,32,0,43.2,257.5,36.5,7.9,0
2026-07-07T01:30:00,gNB-002,NRCell-004,urban,118,115,112,109,43,42,109,0,28.6,301.1,39.4,29.3,0
2026-07-07T01:30:00,gNB-002,NRCell-005,rural,25,25,24,24,6,6,24,0,37.6,268.1,44.2,6.2,0
2026-07-07T01:30:00,gNB-002,NRCell-006,degraded,74,72,71,70,28,26,70,4,28.4,271.3,32.7,13.2,0
2026-07-07T01:45:00,gNB-001,NRCell-001,urban,109,109,107,107,42,42,107,0,27.7,261.6,30.9,20.2,0
2026-07-07T01:45:00,gNB-001,NRCell-002,suburban,78,78,77,77,34,34,77,1,29.4,268.2,27.2,18.0,0
2026-07-07T01:45:00,gNB-001,NRCell-003,rural,36,36,35,35,10,10,35,0,36.8,233.9,34.4,7.0,0
2026-07-07T01:45:00,gNB-002,NRCell-004,urban,133,130,124,122,42,41,122,0,30.4,277.5,41.3,25.1,0
2026-07-07T01:45:00,gNB-002,NRCell-005,rural,23,23,21,21,9,8,21,0,42.7,239.6,32.7,4.4,0
2026-07-07T01:45:00,gNB-002,NRCell-006,degraded,63,59,58,55,22,21,55,1,25.8,308.1,39.7,16.4,0
2026-07-07T02:00:00,gNB-001,NRCell-001,urban,110,110,107,107,29,28,107,2,28.0,253.9,42.3,21.5,0
2026-07-07T02:00:00,gNB-001,NRCell-002,suburban,87,85,82,82,26,26,82,0,34.5,236.9,32.5,14.9,0
2026-07-07T02:00:00,gNB-001,NRCell-003,rural,42,42,41,41,12,12,41,0,41.2,233.7,31.4,7.6,0
2026-07-07T02:00:00,gNB-002,NRCell-004,urban,130,127,126,124,56,55,124,0,27.0,263.5,39.6,25.7,0
2026-07-07T02:00:00,gNB-002,NRCell-005,rural,28,28,27,26,8,8,26,1,40.1,223.5,39.0,5.4,0
2026-07-07T02:00:00,gNB-002,NRCell-006,degraded,73,71,70,68,31,31,68,2,28.0,251.1,41.4,17.8,0
2026-07-07T02:15:00,gNB-001,NRCell-001,urban,111,109,105,105,30,30,105,1,30.6,256.8,44.5,19.9,0
2026-07-07T02:15:00,gNB-001,NRCell-002,suburban,69,67,65,64,21,19,64,0,29.6,265.4,38.6,16.6,0
2026-07-07T02:15:00,gNB-001,NRCell-003,rural,38,37,35,35,12,11,35,0,39.3,267.3,47.2,7.6,0
2026-07-07T02:15:00,gNB-002,NRCell-004,urban,128,127,121,120,40,40,120,1,28.5,254.5,42.8,26.5,0
2026-07-07T02:15:00,gNB-002,NRCell-005,rural,20,20,19,18,8,8,18,0,39.0,234.7,32.8,5.2,0
2026-07-07T02:15:00,gNB-002,NRCell-006,degraded,77,70,67,64,27,24,64,2,27.1,267.4,40.4,13.0,0
2026-07-07T02:30:00,gNB-001,NRCell-001,urban,96,95,91,91,37,37,91,1,27.8,302.8,40.1,20.2,0
2026-07-07T02:30:00,gNB-001,NRCell-002,suburban,93,92,89,89,36,35,89,1,31.7,254.3,30.6,14.2,0
2026-07-07T02:30:00,gNB-001,NRCell-003,rural,33,32,31,31,13,11,31,0,38.5,251.7,25.3,7.1,0
2026-07-07T02:30:00,gNB-002,NRCell-004,urban,125,123,121,120,51,51,120,2,30.7,263.9,47.1,30.1,0
2026-07-07T02:30:00,gNB-002,NRCell-005,rural,23,23,22,22,9,9,22,0,42.8,214.9,26.5,5.9,0
2026-07-07T02:30:00,gNB-002,NRCell-006,degraded,70,68,65,63,20,20,63,1,27.5,258.1,31.4,10.8,0
2026-07-07T02:45:00,gNB-001,NRCell-001,urban,110,109,103,103,33,33,103,0,28.4,249.1,41.3,20.3,0
2026-07-07T02:45:00,gNB-001,NRCell-002,suburban,73,73,72,71,28,27,71,0,30.3,271.0,35.2,15.6,0
2026-07-07T02:45:00,gNB-001,NRCell-003,rural,28,28,26,26,7,7,26,0,39.7,270.5,34.8,5.9,0
2026-07-07T02:45:00,gNB-002,NRCell-004,urban,129,129,125,125,40,39,125,0,26.8,259.2,27.0,20.1,0
2026-07-07T02:45:00,gNB-002,NRCell-005,rural,24,24,23,23,8,8,23,0,40.3,236.7,27.8,5.0,0
2026-07-07T02:45:00,gNB-002,NRCell-006,degraded,73,65,62,62,24,21,62,2,26.2,282.1,47.1,15.3,0
2026-07-07T03:00:00,gNB-001,NRCell-001,urban,119,118,114,114,43,43,114,1,29.2,254.8,39.0,20.7,0
2026-07-07T03:00:00,gNB-001,NRCell-002,suburban,67,67,63,63,23,20,63,0,30.0,286.7,30.8,17.8,0
2026-07-07T03:00:00,gNB-001,NRCell-003,rural,38,36,35,34,9,8,34,1,38.3,264.9,39.0,7.4,0
2026-07-07T03:00:00,gNB-002,NRCell-004,urban,128,126,120,119,34,34,119,0,27.4,269.3,28.8,27.8,0
2026-07-07T03:00:00,gNB-002,NRCell-005,rural,26,26,25,25,8,7,25,2,37.7,232.1,37.1,5.0,0
2026-07-07T03:00:00,gNB-002,NRCell-006,degraded,68,66,65,64,25,21,64,3,29.0,263.2,39.1,16.5,0
2026-07-07T03:15:00,gNB-001,NRCell-001,urban,108,107,103,103,47,47,103,2,26.8,264.4,37.8,18.9,0
2026-07-07T03:15:00,gNB-001,NRCell-002,suburban,65,65,62,61,24,24,61,0,32.9,285.5,48.4,12.5,0
2026-07-07T03:15:00,gNB-001,NRCell-003,rural,34,34,33,33,9,9,33,1,36.6,265.1,47.3,6.1,0
2026-07-07T03:15:00,gNB-002,NRCell-004,urban,144,143,141,138,48,48,138,2,27.6,254.4,42.8,21.6,0
2026-07-07T03:15:00,gNB-002,NRCell-005,rural,23,23,22,22,8,8,22,0,41.2,220.1,29.4,5.8,0
2026-07-07T03:15:00,gNB-002,NRCell-006,degraded,81,78,75,75,29,26,75,2,27.6,294.9,33.0,16.5,0
2026-07-07T03:30:00,gNB-001,NRCell-001,urban,111,110,108,107,30,29,107,0,28.7,259.4,32.1,27.7,0
2026-07-07T03:30:00,gNB-001,NRCell-002,suburban,91,88,85,85,23,23,85,0,31.7,247.6,30.4,19.3,0
2026-07-07T03:30:00,gNB-001,NRCell-003,rural,35,34,32,31,8,7,31,0,37.6,248.7,35.1,8.2,0
2026-07-07T03:30:00,gNB-002,NRCell-004,urban,137,135,132,132,42,42,132,3,31.4,270.9,38.7,22.9,0
2026-07-07T03:30:00,gNB-002,NRCell-005,rural,30,30,29,26,12,11,26,1,37.8,229.2,36.1,5.4,0
2026-07-07T03:30:00,gNB-002,NRCell-006,degraded,68,65,63,59,25,24,59,0,26.7,270.4,42.5,17.2,0
2026-07-07T03:45:00,gNB-001,NRCell-001,urban,130,126,123,123,50,48,123,3,29.4,274.4,36.1,19.2,0
2026-07-07T03:45:00,gNB-001,NRCell-002,suburban,79,79,78,78,22,21,78,3,36.0,249.5,32.8,13.4,0
2026-07-07T03:45:00,gNB-001,NRCell-003,rural,40,38,37,37,11,11,37,0,38.1,258.9,34.8,8.0,0
2026-07-07T03:45:00,gNB-002,NRCell-004,urban,134,133,130,129,43,43,129,1,31.7,251.9,40.5,23.3,0
2026-07-07T03:45:00,gNB-002,NRCell-005,rural,27,27,26,26,10,10,26,1,44.4,246.5,25.4,4.3,0
2026-07-07T03:45:00,gNB-002,NRCell-006,degraded,70,68,65,64,22,22,64,0,26.8,292.9,51.2,15.4,0
2026-07-07T04:00:00,gNB-001,NRCell-001,urban,126,124,120,118,33,32,118,0,31.8,273.1,30.0,21.0,0
2026-07-07T04:00:00,gNB-001,NRCell-002,suburban,69,69,67,66,19,19,66,0,34.4,245.3,28.7,18.1,0
2026-07-07T04:00:00,gNB-001,NRCell-003,rural,42,42,40,40,17,17,40,1,42.6,233.5,32.9,6.2,0
2026-07-07T04:00:00,gNB-002,NRCell-004,urban,157,155,151,148,54,53,148,2,27.2,257.8,36.9,22.7,0
2026-07-07T04:00:00,gNB-002,NRCell-005,rural,33,33,31,30,13,13,30,1,43.7,233.7,41.8,4.9,0
2026-07-07T04:00:00,gNB-002,NRCell-006,degraded,86,83,81,79,29,28,79,2,28.4,290.0,47.6,14.1,0
2026-07-07T04:15:00,gNB-001,NRCell-001,urban,118,118,113,109,37,36,109,3,27.7,272.1,37.0,22.6,0
2026-07-07T04:15:00,gNB-001,NRCell-002,suburban,87,85,80,78,28,26,78,0,37.1,239.4,38.0,18.8,0
2026-07-07T04:15:00,gNB-001,NRCell-003,rural,38,38,36,36,11,11,36,0,42.5,232.8,37.8,9.2,0
2026-07-07T04:15:00,gNB-002,NRCell-004,urban,160,159,156,155,62,60,155,0,32.3,253.4,33.8,27.1,0
2026-07-07T04:15:00,gNB-002,NRCell-005,rural,24,24,23,23,6,6,23,1,41.1,223.4,23.2,4.5,0
2026-07-07T04:15:00,gNB-002,NRCell-006,degraded,73,70,67,66,18,17,66,2,29.0,275.3,34.2,15.8,0
2026-07-07T04:30:00,gNB-001,NRCell-001,urban,132,131,130,130,48,47,130,0,29.5,249.6,37.5,23.0,0
2026-07-07T04:30:00,gNB-001,NRCell-002,suburban,79,78,77,75,35,35,75,0,37.4,230.4,35.4,16.9,0
2026-07-07T04:30:00,gNB-001,NRCell-003,rural,42,42,41,41,15,15,41,0,41.0,245.2,27.5,8.1,0
2026-07-07T04:30:00,gNB-002,NRCell-004,urban,132,132,127,126,42,42,126,1,31.9,274.7,44.5,30.1,0
2026-07-07T04:30:00,gNB-002,NRCell-005,rural,28,28,27,27,8,7,27,0,40.4,236.8,36.4,7.5,0
2026-07-07T04:30:00,gNB-002,NRCell-006,degraded,77,74,73,69,24,21,69,0,30.7,271.2,47.6,13.7,0
2026-07-07T04:45:00,gNB-001,NRCell-001,urban,127,127,123,123,46,46,123,0,31.3,256.4,31.1,28.2,0
2026-07-07T04:45:00,gNB-001,NRCell-002,suburban,93,93,89,88,35,34,88,0,32.3,264.5,34.2,17.7,0
2026-07-07T04:45:00,gNB-001,NRCell-003,rural,39,38,37,37,13,13,37,1,41.5,220.0,25.2,6.8,0
2026-07-07T04:45:00,gNB-002,NRCell-004,urban,134,134,129,127,45,43,127,1,29.6,249.3,31.1,30.3,0
2026-07-07T04:45:00,gNB-002,NRCell-005,rural,27,27,25,25,10,10,25,0,40.2,221.5,39.3,4.7,0
2026-07-07T04:45:00,gNB-002,NRCell-006,degraded,84,82,79,77,27,23,77,5,31.8,270.3,27.8,15.0,0
2026-07-07T05:00:00,gNB-001,NRCell-001,urban,133,133,127,125,37,37,125,1,32.3,254.6,30.5,30.7,0
2026-07-07T05:00:00,gNB-001,NRCell-002,suburban,90,90,89,89,32,32,89,1,35.9,233.4,25.2,19.2,0
2026-07-07T05:00:00,gNB-001,NRCell-003,rural,32,32,31,30,8,8,30,0,44.5,236.0,24.3,7.1,0
2026-07-07T05:00:00,gNB-002,NRCell-004,urban,153,152,149,149,58,58,149,0,28.9,277.4,29.7,31.7,0
2026-07-07T05:00:00,gNB-002,NRCell-005,rural,29,29,28,28,8,8,28,0,45.0,211.8,28.1,6.0,0
2026-07-07T05:00:00,gNB-002,NRCell-006,degraded,92,88,85,85,35,33,85,1,33.6,242.4,24.4,18.8,0
2026-07-07T05:15:00,gNB-001,NRCell-001,urban,145,141,137,135,44,44,135,2,30.0,251.1,29.8,24.4,0
2026-07-07T05:15:00,gNB-001,NRCell-002,suburban,103,103,99,99,32,32,99,0,34.2,281.8,44.0,21.0,0
2026-07-07T05:15:00,gNB-001,NRCell-003,rural,40,40,39,39,16,15,39,1,40.0,230.6,26.4,8.7,0
2026-07-07T05:15:00,gNB-002,NRCell-004,urban,150,147,140,140,53,50,140,1,30.1,261.6,42.1,34.2,0
2026-07-07T05:15:00,gNB-002,NRCell-005,rural,30,30,28,27,12,11,27,0,47.6,231.0,23.6,6.9,0
2026-07-07T05:15:00,gNB-002,NRCell-006,degraded,91,89,86,84,24,19,84,3,30.7,261.8,34.3,16.3,0
2026-07-07T05:30:00,gNB-001,NRCell-001,urban,123,122,116,115,34,33,115,2,33.3,275.5,40.3,27.1,0
2026-07-07T05:30:00,gNB-001,NRCell-002,suburban,95,95,93,92,35,34,92,0,37.9,227.0,28.7,17.1,0
2026-07-07T05:30:00,gNB-001,NRCell-003,rural,33,33,32,32,14,14,32,0,45.1,225.7,34.4,6.7,0
2026-07-07T05:30:00,gNB-002,NRCell-004,urban,154,154,149,146,63,62,146,0,34.0,235.8,29.7,28.7,0
2026-07-07T05:30:00,gNB-002,NRCell-005,rural,28,28,26,25,10,10,25,1,40.8,256.5,41.3,4.6,0
2026-07-07T05:30:00,gNB-002,NRCell-006,degraded,73,70,67,66,30,26,66,0,31.8,278.9,28.0,17.9,0
2026-07-07T05:45:00,gNB-001,NRCell-001,urban,145,144,137,136,64,61,136,0,32.8,288.1,36.5,29.9,0
2026-07-07T05:45:00,gNB-001,NRCell-002,suburban,94,94,93,92,41,41,92,0,40.8,229.6,29.9,17.9,0
2026-07-07T05:45:00,gNB-001,NRCell-003,rural,36,36,35,35,11,11,35,1,44.0,223.8,28.4,9.5,0
2026-07-07T05:45:00,gNB-002,NRCell-004,urban,145,144,140,139,59,59,139,2,31.9,252.7,27.8,36.1,0
2026-07-07T05:45:00,gNB-002,NRCell-005,rural,29,29,28,27,12,12,27,0,45.9,229.3,40.0,7.2,0
2026-07-07T05:45:00,gNB-002,NRCell-006,degraded,85,81,77,74,20,17,74,2,34.1,279.5,39.0,22.9,0
2026-07-07T06:00:00,gNB-001,NRCell-001,urban,158,155,147,146,48,46,146,1,34.3,269.8,31.4,36.0,0
2026-07-07T06:00:00,gNB-001,NRCell-002,suburban,87,86,85,85,23,23,85,0,42.6,224.4,26.5,15.4,0
2026-07-07T06:00:00,gNB-001,NRCell-003,rural,44,42,40,39,16,16,39,0,48.5,203.9,22.3,6.2,0
2026-07-07T06:00:00,gNB-002,NRCell-004,urban,170,169,161,159,61,58,159,1,36.1,235.5,30.6,34.3,0
2026-07-07T06:00:00,gNB-002,NRCell-005,rural,34,34,33,33,13,13,33,0,44.5,215.8,22.6,5.6,0
2026-07-07T06:00:00,gNB-002,NRCell-006,degraded,111,108,105,105,30,25,105,0,32.9,276.3,44.1,23.4,0
2026-07-07T06:15:00,gNB-001,NRCell-001,urban,153,152,147,147,52,52,147,0,37.5,269.7,30.1,23.4,0
2026-07-07T06:15:00,gNB-001,NRCell-002,suburban,111,108,106,106,35,34,106,0,37.6,235.9,26.5,23.1,0
2026-07-07T06:15:00,gNB-001,NRCell-003,rural,50,49,47,45,19,19,45,0,41.8,251.5,43.2,11.4,0
2026-07-07T06:15:00,gNB-002,NRCell-004,urban,210,204,198,198,84,82,198,1,34.5,238.5,25.3,44.3,0
2026-07-07T06:15:00,gNB-002,NRCell-005,rural,29,28,27,27,8,8,27,0,48.3,221.3,29.7,7.4,0
2026-07-07T06:15:00,gNB-002,NRCell-006,degraded,119,115,110,107,29,27,107,1,37.3,235.2,42.2,23.1,0
2026-07-07T06:30:00,gNB-001,NRCell-001,urban,152,151,150,148,62,60,148,0,35.6,276.4,29.0,37.2,0
2026-07-07T06:30:00,gNB-001,NRCell-002,suburban,107,107,103,103,28,27,103,0,41.0,247.0,41.9,19.6,0
2026-07-07T06:30:00,gNB-001,NRCell-003,rural,40,40,39,38,11,11,38,0,51.8,230.3,39.3,9.6,0
2026-07-07T06:30:00,gNB-002,NRCell-004,urban,230,227,226,225,69,69,225,3,41.2,243.8,37.3,34.2,0
2026-07-07T06:30:00,gNB-002,NRCell-005,rural,38,38,36,36,14,14,36,0,49.9,238.9,36.2,6.3,0
2026-07-07T06:30:00,gNB-002,NRCell-006,degraded,107,103,101,98,26,22,98,5,36.4,242.3,36.4,18.8,0
2026-07-07T06:45:00,gNB-001,NRCell-001,urban,195,193,188,188,56,56,188,0,37.7,272.9,35.1,28.1,0
2026-07-07T06:45:00,gNB-001,NRCell-002,suburban,121,120,119,119,31,31,119,3,41.9,220.6,27.8,28.2,0
2026-07-07T06:45:00,gNB-001,NRCell-003,rural,47,47,44,44,16,16,44,1,52.9,230.8,35.7,8.2,0
2026-07-07T06:45:00,gNB-002,NRCell-004,urban,213,209,208,207,87,86,207,3,38.4,261.1,29.4,39.1,0
2026-07-07T06:45:00,gNB-002,NRCell-005,rural,34,34,33,33,11,11,33,0,51.6,220.1,38.8,8.3,0
2026-07-07T06:45:00,gNB-002,NRCell-006,degraded,136,132,128,123,48,45,123,1,37.9,255.1,31.0,26.7,0
2026-07-07T07:00:00,gNB-001,NRCell-001,urban,201,200,198,197,50,50,197,1,44.7,227.3,26.8,40.6,0
2026-07-07T07:00:00,gNB-001,NRCell-002,suburban,108,108,103,102,44,43,102,1,44.8,253.1,32.7,26.4,0
2026-07-07T07:00:00,gNB-001,NRCell-003,rural,55,54,51,51,18,18,51,0,47.7,226.7,40.0,10.5,0
2026-07-07T07:00:00,gNB-002,NRCell-004,urban,235,234,224,224,81,81,224,3,39.4,262.0,31.3,43.6,0
2026-07-07T07:00:00,gNB-002,NRCell-005,rural,33,33,32,32,14,13,32,0,51.1,223.2,23.1,6.7,0
2026-07-07T07:00:00,gNB-002,NRCell-006,degraded,148,141,136,135,59,57,135,5,43.2,222.7,23.7,22.7,0
2026-07-07T07:15:00,gNB-001,NRCell-001,urban,221,220,209,207,96,94,207,4,41.3,252.6,41.4,32.5,0
2026-07-07T07:15:00,gNB-001,NRCell-002,suburban,127,126,125,125,36,35,125,0,44.5,229.0,31.3,26.9,0
2026-07-07T07:15:00,gNB-001,NRCell-003,rural,41,41,40,38,12,12,38,0,47.6,241.8,24.8,11.4,0
2026-07-07T07:15:00,gNB-002,NRCell-004,urban,227,226,219,218,59,57,218,0,46.2,211.8,30.3,48.4,0
2026-07-07T07:15:00,gNB-002,NRCell-005,rural,39,38,36,36,12,11,36,0,50.4,216.6,34.4,6.1,0
2026-07-07T07:15:00,gNB-002,NRCell-006,degraded,165,161,154,148,64,60,148,3,43.6,258.0,44.3,23.8,0
2026-07-07T07:30:00,gNB-001,NRCell-001,urban,220,219,218,218,90,88,218,2,47.0,250.4,42.1,46.0,0
2026-07-07T07:30:00,gNB-001,NRCell-002,suburban,150,148,143,143,38,38,143,0,54.0,224.4,38.2,32.6,0
2026-07-07T07:30:00,gNB-001,NRCell-003,rural,58,57,56,56,14,13,56,1,50.8,202.6,35.7,8.3,0
2026-07-07T07:30:00,gNB-002,NRCell-004,urban,250,249,237,232,89,86,232,2,46.2,252.0,38.1,59.8,0
2026-07-07T07:30:00,gNB-002,NRCell-005,rural,35,35,34,34,13,13,34,1,60.5,190.4,32.8,5.5,0
2026-07-07T07:30:00,gNB-002,NRCell-006,degraded,148,144,142,139,63,61,139,5,42.4,235.3,37.4,27.6,0
2026-07-07T07:45:00,gNB-001,NRCell-001,urban,233,233,223,223,95,94,223,0,51.6,234.4,26.8,58.9,0
2026-07-07T07:45:00,gNB-001,NRCell-002,suburban,144,143,142,140,49,49,140,0,51.8,220.8,26.9,32.6,0
2026-07-07T07:45:00,gNB-001,NRCell-003,rural,68,67,66,66,18,18,66,0,51.7,205.4,28.0,10.8,0
2026-07-07T07:45:00,gNB-002,NRCell-004,urban,255,249,247,246,111,109,246,6,48.1,241.0,40.0,42.9,0
2026-07-07T07:45:00,gNB-002,NRCell-005,rural,35,34,33,33,14,14,33,0,60.6,195.4,22.7,7.2,0
2026-07-07T07:45:00,gNB-002,NRCell-006,degraded,155,151,147,143,42,39,143,9,43.9,258.2,31.3,36.5,0
2026-07-07T08:00:00,gNB-001,NRCell-001,urban,216,216,205,204,93,90,204,0,55.5,196.3,28.6,37.2,0
2026-07-07T08:00:00,gNB-001,NRCell-002,suburban,150,148,146,146,56,55,146,1,50.8,232.5,26.1,29.3,0
2026-07-07T08:00:00,gNB-001,NRCell-003,rural,52,51,48,48,21,19,48,0,55.9,222.0,30.1,14.7,0
2026-07-07T08:00:00,gNB-002,NRCell-004,urban,268,265,258,258,102,99,258,1,44.8,241.6,37.5,45.4,0
2026-07-07T08:00:00,gNB-002,NRCell-005,rural,48,48,47,47,20,20,47,0,58.0,183.3,19.9,7.9,0
2026-07-07T08:00:00,gNB-002,NRCell-006,degraded,167,159,151,147,49,45,147,2,54.5,218.4,36.8,30.7,0
2026-07-07T08:15:00,gNB-001,NRCell-001,urban,250,248,240,239,66,66,239,2,48.6,240.2,25.8,53.8,0
2026-07-07T08:15:00,gNB-001,NRCell-002,suburban,138,138,134,132,34,34,132,0,55.8,192.0,32.2,27.1,0
2026-07-07T08:15:00,gNB-001,NRCell-003,rural,53,53,52,51,22,20,51,0,55.3,215.7,25.0,10.0,0
2026-07-07T08:15:00,gNB-002,NRCell-004,urban,269,264,260,258,70,68,258,2,58.6,193.0,25.2,54.7,0
2026-07-07T08:15:00,gNB-002,NRCell-005,rural,35,35,33,33,15,15,33,0,66.7,186.8,31.5,8.7,0
2026-07-07T08:15:00,gNB-002,NRCell-006,degraded,176,168,163,157,54,48,157,2,57.6,183.5,25.6,30.7,0
2026-07-07T08:30:00,gNB-001,NRCell-001,urban,309,307,306,304,105,103,304,0,58.0,188.6,30.6,44.7,0
2026-07-07T08:30:00,gNB-001,NRCell-002,suburban,162,159,153,151,48,47,151,1,63.9,195.4,34.8,33.2,0
2026-07-07T08:30:00,gNB-001,NRCell-003,rural,66,66,63,62,29,29,62,0,68.2,187.6,24.5,15.6,0
2026-07-07T08:30:00,gNB-002,NRCell-004,urban,301,297,286,284,90,89,284,3,58.5,191.8,25.2,59.2,0
2026-07-07T08:30:00,gNB-002,NRCell-005,rural,48,48,45,45,15,15,45,0,57.7,214.9,36.6,8.2,0
2026-07-07T08:30:00,gNB-002,NRCell-006,degraded,224,206,198,192,65,60,192,1,58.0,200.2,20.0,45.9,0
2026-07-07T08:45:00,gNB-001,NRCell-001,urban,290,284,271,270,114,110,270,2,51.7,205.4,20.9,63.7,0
2026-07-07T08:45:00,gNB-001,NRCell-002,suburban,190,188,186,186,78,77,186,0,62.9,199.5,33.0,38.7,0
2026-07-07T08:45:00,gNB-001,NRCell-003,rural,61,61,59,59,24,24,59,0,65.5,193.1,33.5,17.3,0
2026-07-07T08:45:00,gNB-002,NRCell-004,urban,369,367,354,349,129,126,349,3,64.4,181.8,30.3,78.3,0
2026-07-07T08:45:00,gNB-002,NRCell-005,rural,46,46,45,45,14,14,45,0,57.5,191.1,19.8,7.3,0
2026-07-07T08:45:00,gNB-002,NRCell-006,degraded,200,192,188,182,61,58,182,3,54.3,197.3,35.1,42.3,0
2026-07-07T09:00:00,gNB-001,NRCell-001,urban,295,291,278,276,105,90,276,2,63.8,184.8,29.3,72.9,0
2026-07-07T09:00:00,gNB-001,NRCell-002,suburban,220,215,212,210,71,70,210,2,69.9,156.7,16.0,41.6,0
2026-07-07T09:00:00,gNB-001,NRCell-003,rural,65,64,61,60,27,27,60,0,60.2,187.0,28.9,11.3,0
2026-07-07T09:00:00,gNB-002,NRCell-004,urban,362,357,344,340,106,105,340,3,64.6,182.4,28.4,59.6,0
2026-07-07T09:00:00,gNB-002,NRCell-005,rural,63,63,61,61,18,17,61,0,74.8,146.1,19.7,13.6,0
2026-07-07T09:00:00,gNB-002,NRCell-006,degraded,219,213,209,202,66,59,202,4,56.3,183.5,23.3,52.8,0
2026-07-07T09:15:00,gNB-001,NRCell-001,urban,393,392,377,375,142,122,375,6,64.4,197.4,27.9,70.0,0
2026-07-07T09:15:00,gNB-001,NRCell-002,suburban,216,214,204,203,54,53,203,2,68.2,184.5,27.6,46.6,0
2026-07-07T09:15:00,gNB-001,NRCell-003,rural,71,71,68,67,19,19,67,0,75.4,167.2,24.6,18.4,0
2026-07-07T09:15:00,gNB-002,NRCell-004,urban,434,429,423,418,119,114,418,2,59.6,180.5,21.9,93.7,0
2026-07-07T09:15:00,gNB-002,NRCell-005,rural,51,51,48,48,20,19,48,0,73.8,154.7,18.9,8.3,0
2026-07-07T09:15:00,gNB-002,NRCell-006,degraded,221,212,206,200,60,56,200,7,59.5,209.5,35.6,49.2,0
2026-07-07T09:30:00,gNB-001,NRCell-001,urban,351,345,337,336,110,97,336,2,73.1,145.0,23.1,79.3,0
2026-07-07T09:30:00,gNB-001,NRCell-002,suburban,191,190,181,181,69,68,181,1,60.1,186.5,30.6,33.3,0
2026-07-07T09:30:00,gNB-001,NRCell-003,rural,78,77,73,73,22,22,73,0,76.1,159.2,21.7,17.2,0
2026-07-07T09:30:00,gNB-002,NRCell-004,urban,473,468,459,456,164,159,456,1,60.0,205.3,25.4,92.8,0
2026-07-07T09:30:00,gNB-002,NRCell-005,rural,61,61,59,59,20,18,59,0,77.0,135.0,24.2,12.1,0
2026-07-07T09:30:00,gNB-002,NRCell-006,degraded,254,249,245,240,93,87,240,7,60.7,177.9,32.0,42.7,0
2026-07-07T09:45:00,gNB-001,NRCell-001,urban,333,332,331,329,94,89,329,4,66.3,166.5,27.6,74.7,0
2026-07-07T09:45:00,gNB-001,NRCell-002,suburban,7,7,6,5,2,2,5,0,13.8,65.8,11.7,1.2,0
2026-07-07T09:45:00,gNB-001,NRCell-003,rural,80,79,78,77,28,28,77,1,76.4,144.5,22.3,17.0,0
2026-07-07T09:45:00,gNB-002,NRCell-004,urban,480,475,473,468,159,155,468,5,60.7,207.7,25.4,99.7,0
2026-07-07T09:45:00,gNB-002,NRCell-005,rural,50,49,47,47,15,14,47,1,65.3,192.3,30.2,13.7,0
2026-07-07T09:45:00,gNB-002,NRCell-006,degraded,257,247,239,231,77,73,231,6,76.9,141.9,16.1,67.8,0
2026-07-07T10:00:00,gNB-001,NRCell-001,urban,377,377,362,360,158,145,360,5,68.7,169.4,22.1,63.1,0
2026-07-07T10:00:00,gNB-001,NRCell-002,suburban,6,6,5,5,2,2,5,0,13.6,57.7,9.1,1.4,0
2026-07-07T10:00:00,gNB-001,NRCell-003,rural,86,85,82,80,36,35,80,0,80.0,129.1,13.7,16.1,0
2026-07-07T10:00:00,gNB-002,NRCell-004,urban,397,393,374,371,131,130,371,4,75.2,154.5,19.8,96.5,0
2026-07-07T10:00:00,gNB-002,NRCell-005,rural,59,58,57,57,16,16,57,0,79.7,148.5,24.7,11.5,0
2026-07-07T10:00:00,gNB-002,NRCell-006,degraded,264,253,244,234,76,72,234,2,68.2,165.6,24.5,60.8,0
2026-07-07T10:15:00,gNB-001,NRCell-001,urban,493,488,486,483,200,180,483,8,73.0,175.9,20.9,104.4,0
2026-07-07T10:15:00,gNB-001,NRCell-002,suburban,8,8,7,7,3,3,7,0,14.1,64.8,8.7,1.8,0
2026-07-07T10:15:00,gNB-001,NRCell-003,rural,67,67,66,66,20,19,66,1,86.7,128.7,19.4,11.9,0
2026-07-07T10:15:00,gNB-002,NRCell-004,urban,383,380,379,377,144,134,377,6,68.6,119.9,15.2,95.8,0
2026-07-07T10:15:00,gNB-002,NRCell-005,rural,55,55,53,53,20,20,53,0,69.7,171.8,20.3,10.0,0
2026-07-07T10:15:00,gNB-002,NRCell-006,degraded,263,255,246,241,112,104,241,10,67.8,161.6,27.6,67.9,0
2026-07-07T10:30:00,gNB-001,NRCell-001,urban,479,476,466,464,131,114,464,5,74.6,145.1,20.6,67.3,0
2026-07-07T10:30:00,gNB-001,NRCell-002,suburban,7,7,6,6,2,2,6,0,14.1,64.0,10.7,1.4,0
2026-07-07T10:30:00,gNB-001,NRCell-003,rural,74,73,71,71,31,31,71,0,79.2,155.9,23.3,20.3,0
2026-07-07T10:30:00,gNB-002,NRCell-004,urban,490,488,472,466,214,205,466,15,82.3,87.8,15.7,126.0,0
2026-07-07T10:30:00,gNB-002,NRCell-005,rural,62,60,59,58,24,24,58,0,76.4,139.5,17.3,10.1,0
2026-07-07T10:30:00,gNB-002,NRCell-006,degraded,274,266,260,255,108,102,255,7,70.1,180.8,25.2,52.2,0
2026-07-07T10:45:00,gNB-001,NRCell-001,urban,447,444,442,440,120,107,440,2,68.4,187.9,30.2,73.7,0
2026-07-07T10:45:00,gNB-001,NRCell-002,suburban,7,7,6,6,3,3,6,0,13.7,61.1,7.1,1.6,0
2026-07-07T10:45:00,gNB-001,NRCell-003,rural,79,78,74,74,23,21,74,2,90.6,111.9,18.0,17.9,0
2026-07-07T10:45:00,gNB-002,NRCell-004,urban,519,518,492,489,163,150,489,11,70.7,126.6,18.0,130.7,0
2026-07-07T10:45:00,gNB-002,NRCell-005,rural,60,59,56,56,22,22,56,0,77.3,155.0,23.3,10.6,0
2026-07-07T10:45:00,gNB-002,NRCell-006,degraded,268,253,247,243,75,71,243,6,86.5,126.4,19.9,49.3,0
2026-07-07T11:00:00,gNB-001,NRCell-001,urban,363,363,362,359,113,99,359,2,76.7,154.3,17.0,61.4,0
2026-07-07T11:00:00,gNB-001,NRCell-002,suburban,7,6,5,5,2,2,5,0,13.9,65.3,7.3,1.4,0
2026-07-07T11:00:00,gNB-001,NRCell-003,rural,80,77,76,76,34,33,76,0,85.4,139.8,18.2,16.5,0
2026-07-07T11:00:00,gNB-002,NRCell-004,urban,545,540,526,521,235,222,521,13,79.4,93.2,16.5,94.0,0
2026-07-07T11:00:00,gNB-002,NRCell-005,rural,67,66,62,62,19,18,62,2,90.1,105.8,10.7,14.0,0
2026-07-07T11:00:00,gNB-002,NRCell-006,degraded,294,286,275,268,100,95,268,7,72.4,148.1,25.5,64.7,0
2026-07-07T11:15:00,gNB-001,NRCell-001,urban,518,513,507,504,136,123,504,3,82.4,130.4,22.3,87.6,0
2026-07-07T11:15:00,gNB-001,NRCell-002,suburban,7,7,6,6,3,3,6,1,14.2,64.5,8.9,1.8,0
2026-07-07T11:15:00,gNB-001,NRCell-003,rural,93,92,91,91,40,39,91,0,76.4,149.8,19.8,19.4,0
2026-07-07T11:15:00,gNB-002,NRCell-004,urban,599,593,582,576,237,223,576,11,76.7,110.2,18.9,88.8,0
2026-07-07T11:15:00,gNB-002,NRCell-005,rural,72,72,70,69,30,30,69,2,79.8,133.6,23.7,15.9,0
2026-07-07T11:15:00,gNB-002,NRCell-006,degraded,320,311,299,295,107,100,295,6,85.3,137.4,18.6,62.0,0
2026-07-07T11:30:00,gNB-001,NRCell-001,urban,503,501,478,474,204,180,474,1,74.8,161.5,20.4,91.6,0
2026-07-07T11:30:00,gNB-001,NRCell-002,suburban,8,8,7,7,2,2,7,0,14.4,59.4,6.6,1.7,0
2026-07-07T11:30:00,gNB-001,NRCell-003,rural,85,85,82,79,28,25,79,1,79.5,143.4,17.3,15.3,0
2026-07-07T11:30:00,gNB-002,NRCell-004,urban,501,497,493,492,191,178,492,15,82.0,87.1,9.4,133.8,0
2026-07-07T11:30:00,gNB-002,NRCell-005,rural,65,63,61,60,21,20,60,0,84.5,132.6,20.9,11.8,0
2026-07-07T11:30:00,gNB-002,NRCell-006,degraded,323,307,299,296,93,83,296,6,89.9,111.8,18.6,76.1,0
2026-07-07T11:45:00,gNB-001,NRCell-001,urban,488,485,484,480,168,145,480,4,77.5,158.0,28.0,89.5,0
2026-07-07T11:45:00,gNB-001,NRCell-002,suburban,8,8,7,7,3,3,7,0,14.0,60.6,7.6,2.0,0
2026-07-07T11:45:00,gNB-001,NRCell-003,rural,65,64,62,62,23,23,62,1,90.0,106.7,12.9,18.9,0
2026-07-07T11:45:00,gNB-002,NRCell-004,urban,572,565,547,543,168,156,543,9,90.0,73.9,8.9,130.6,0
2026-07-07T11:45:00,gNB-002,NRCell-005,rural,59,57,54,53,19,19,53,0,89.0,114.2,18.5,13.4,0
2026-07-07T11:45:00,gNB-002,NRCell-006,degraded,295,282,275,273,124,111,273,7,83.8,144.0,22.1,50.4,0
2026-07-07T12:00:00,gNB-001,NRCell-001,urban,464,461,453,451,158,144,451,5,83.3,141.4,23.8,107.8,0
2026-07-07T12:00:00,gNB-001,NRCell-002,suburban,8,8,7,7,3,3,7,0,13.9,61.6,8.9,1.8,0
2026-07-07T12:00:00,gNB-001,NRCell-003,rural,92,90,89,89,38,35,89,2,88.2,112.7,15.8,15.4,0
2026-07-07T12:00:00,gNB-002,NRCell-004,urban,604,599,585,584,220,206,584,12,76.2,108.1,18.0,84.9,0
2026-07-07T12:00:00,gNB-002,NRCell-005,rural,57,55,52,52,19,19,52,0,74.0,159.3,16.5,13.3,0
2026-07-07T12:00:00,gNB-002,NRCell-006,degraded,287,271,261,253,79,73,253,3,84.2,143.0,15.3,67.5,0
2026-07-07T12:15:00,gNB-001,NRCell-001,urban,481,478,467,464,164,137,464,3,83.1,135.0,19.0,79.9,0
2026-07-07T12:15:00,gNB-001,NRCell-002,suburban,7,7,6,6,2,2,6,0,14.1,64.0,7.7,1.5,0
2026-07-07T12:15:00,gNB-001,NRCell-003,rural,81,80,79,79,26,26,79,0,82.1,128.2,17.8,21.6,0
2026-07-07T12:15:00,gNB-002,NRCell-004,urban,464,458,441,439,205,192,439,5,71.9,103.4,14.8,112.7,0
2026-07-07T12:15:00,gNB-002,NRCell-005,rural,67,67,65,65,18,18,65,1,80.9,150.8,22.8,14.7,0
2026-07-07T12:15:00,gNB-002,NRCell-006,degraded,294,282,272,268,113,105,268,5,84.1,118.9,19.1,69.1,0
2026-07-07T12:30:00,gNB-001,NRCell-001,urban,433,428,408,403,118,105,403,4,77.4,143.6,16.1,84.1,0
2026-07-07T12:30:00,gNB-001,NRCell-002,suburban,7,7,6,6,2,2,6,0,13.8,67.0,10.5,1.8,0
2026-07-07T12:30:00,gNB-001,NRCell-003,rural,86,84,83,82,28,28,82,1,80.3,137.4,19.9,15.5,0
2026-07-07T12:30:00,gNB-002,NRCell-004,urban,566,566,553,550,215,207,550,9,84.7,85.1,15.3,92.6,0
2026-07-07T12:30:00,gNB-002,NRCell-005,rural,63,63,62,62,22,22,62,0,92.2,116.2,19.7,11.9,0
2026-07-07T12:30:00,gNB-002,NRCell-006,degraded,299,286,285,279,93,86,279,4,87.3,132.5,19.8,71.7,0
2026-07-07T12:45:00,gNB-001,NRCell-001,urban,421,418,405,402,131,121,402,3,84.1,120.7,14.0,93.9,0
2026-07-07T12:45:00,gNB-001,NRCell-002,suburban,7,7,6,6,2,2,6,0,14.3,59.5,7.7,1.8,0
2026-07-07T12:45:00,gNB-001,NRCell-003,rural,90,90,86,86,24,24,86,0,92.5,111.8,11.5,19.3,0
2026-07-07T12:45:00,gNB-002,NRCell-004,urban,529,526,506,504,221,205,504,10,71.6,118.1,16.1,141.1,0
2026-07-07T12:45:00,gNB-002,NRCell-005,rural,78,76,73,72,30,29,72,0,86.1,125.6,15.6,10.7,0
2026-07-07T12:45:00,gNB-002,NRCell-006,degraded,254,250,248,243,82,78,243,5,86.3,113.4,13.5,63.6,0
2026-07-07T13:00:00,gNB-001,NRCell-001,urban,373,373,361,359,95,80,359,4,86.7,115.5,19.7,103.9,0
2026-07-07T13:00:00,gNB-001,NRCell-002,suburban,249,247,239,239,109,108,239,2,89.0,129.9,18.8,53.5,0
2026-07-07T13:00:00,gNB-001,NRCell-003,rural,103,103,101,101,34,32,101,0,91.3,118.2,13.2,16.8,0
2026-07-07T13:00:00,gNB-002,NRCell-004,urban,575,572,543,539,249,234,539,7,88.4,78.5,13.9,123.4,0
2026-07-07T13:00:00,gNB-002,NRCell-005,rural,66,66,65,64,24,24,64,1,92.1,117.8,19.6,15.6,0
2026-07-07T13:00:00,gNB-002,NRCell-006,degraded,268,252,241,235,95,91,235,6,69.7,164.3,28.9,75.5,0
2026-07-07T13:15:00,gNB-001,NRCell-001,urban,414,412,403,401,163,147,401,2,84.7,120.7,19.3,76.7,0
2026-07-07T13:15:00,gNB-001,NRCell-002,suburban,225,224,214,214,70,68,214,1,78.3,135.6,15.9,57.6,0
2026-07-07T13:15:00,gNB-001,NRCell-003,rural,103,101,97,97,41,40,97,1,79.5,139.0,21.4,21.0,0
2026-07-07T13:15:00,gNB-002,NRCell-004,urban,478,477,463,460,148,147,460,0,71.0,176.7,30.2,115.9,0
2026-07-07T13:15:00,gNB-002,NRCell-005,rural,69,68,65,64,25,23,64,0,90.3,117.2,21.0,10.0,0
2026-07-07T13:15:00,gNB-002,NRCell-006,degraded,270,265,254,245,66,63,245,4,81.0,126.3,12.7,62.5,0
2026-07-07T13:30:00,gNB-001,NRCell-001,urban,482,479,466,462,174,157,462,6,70.1,154.5,20.0,69.1,0
2026-07-07T13:30:00,gNB-001,NRCell-002,suburban,269,267,258,256,71,68,256,0,80.7,150.3,18.8,60.2,0
2026-07-07T13:30:00,gNB-001,NRCell-003,rural,66,64,61,61,18,18,61,0,89.2,125.8,17.2,16.6,0
2026-07-07T13:30:00,gNB-002,NRCell-004,urban,521,518,501,498,171,166,498,4,83.6,130.2,18.0,94.3,0
2026-07-07T13:30:00,gNB-002,NRCell-005,rural,68,68,67,67,30,29,67,0,82.2,130.3,21.3,13.2,0
2026-07-07T13:30:00,gNB-002,NRCell-006,degraded,298,285,272,266,124,110,266,3,72.0,149.4,26.1,58.1,0
2026-07-07T13:45:00,gNB-001,NRCell-001,urban,332,329,328,324,94,85,324,4,70.8,169.3,28.1,82.1,0
2026-07-07T13:45:00,gNB-001,NRCell-002,suburban,209,205,201,200,65,63,200,0,77.9,149.9,20.7,46.7,0
2026-07-07T13:45:00,gNB-001,NRCell-003,rural,75,74,71,71,27,25,71,2,77.2,152.6,18.3,11.8,0
2026-07-07T13:45:00,gNB-002,NRCell-004,urban,458,452,446,444,193,190,444,2,65.4,165.7,25.7,73.9,0
2026-07-07T13:45:00,gNB-002,NRCell-005,rural,56,56,53,52,19,16,52,0,86.9,122.0,13.2,12.6,0
2026-07-07T13:45:00,gNB-002,NRCell-006,degraded,244,232,225,218,100,92,218,4,70.6,180.6,25.7,44.6,0
2026-07-07T14:00:00,gNB-001,NRCell-001,urban,370,365,354,354,119,119,354,3,64.7,185.3,26.5,70.1,0
2026-07-07T14:00:00,gNB-001,NRCell-002,suburban,246,244,235,234,86,79,234,3,80.5,140.9,15.3,50.2,0
2026-07-07T14:00:00,gNB-001,NRCell-003,rural,78,75,72,71,31,30,71,0,77.9,148.8,19.2,14.4,0
2026-07-07T14:00:00,gNB-002,NRCell-004,urban,435,430,413,410,131,129,410,5,74.0,153.2,25.2,92.6,0
2026-07-07T14:00:00,gNB-002,NRCell-005,rural,58,58,55,55,21,21,55,0,72.3,156.5,25.4,13.3,0
2026-07-07T14:00:00,gNB-002,NRCell-006,degraded,276,263,255,247,110,102,247,3,69.0,168.9,19.0,57.1,0
2026-07-07T14:15:00,gNB-001,NRCell-001,urban,360,358,352,351,103,101,351,1,67.5,177.0,26.0,93.5,0
2026-07-07T14:15:00,gNB-001,NRCell-002,suburban,228,227,226,224,64,61,224,1,73.7,162.5,22.7,37.4,0
2026-07-07T14:15:00,gNB-001,NRCell-003,rural,87,87,85,85,30,28,85,1,74.9,151.6,20.1,20.5,0
2026-07-07T14:15:00,gNB-002,NRCell-004,urban,486,482,481,478,171,167,478,2,73.9,151.7,18.3,97.3,0
2026-07-07T14:15:00,gNB-002,NRCell-005,rural,52,52,51,51,21,21,51,0,72.1,164.1,17.3,8.7,0
2026-07-07T14:15:00,gNB-002,NRCell-006,degraded,228,218,217,212,91,82,212,4,67.4,189.0,31.0,58.1,0
2026-07-07T14:30:00,gNB-001,NRCell-001,urban,317,317,314,309,132,131,309,0,74.7,149.1,19.4,66.4,0
2026-07-07T14:30:00,gNB-001,NRCell-002,suburban,212,211,203,201,68,68,201,2,72.8,175.0,25.2,44.5,0
2026-07-07T14:30:00,gNB-001,NRCell-003,rural,76,75,72,72,30,30,72,0,64.3,177.3,21.3,15.7,0
2026-07-07T14:30:00,gNB-002,NRCell-004,urban,447,442,420,413,113,111,413,3,63.4,171.5,19.7,71.9,0
2026-07-07T14:30:00,gNB-002,NRCell-005,rural,56,54,53,52,14,14,52,0,71.7,153.2,21.9,10.0,0
2026-07-07T14:30:00,gNB-002,NRCell-006,degraded,256,247,235,224,67,60,224,4,65.1,171.8,24.2,40.3,0
2026-07-07T14:45:00,gNB-001,NRCell-001,urban,377,376,361,360,139,138,360,4,70.2,155.6,23.8,81.2,0
2026-07-07T14:45:00,gNB-001,NRCell-002,suburban,190,190,186,186,50,48,186,0,73.6,169.7,19.8,52.4,0
2026-07-07T14:45:00,gNB-001,NRCell-003,rural,71,70,68,68,20,20,68,1,77.5,148.5,20.8,12.0,0
2026-07-07T14:45:00,gNB-002,NRCell-004,urban,481,475,456,454,135,131,454,2,69.5,182.4,19.6,96.5,0
2026-07-07T14:45:00,gNB-002,NRCell-005,rural,54,53,51,51,15,15,51,0,79.0,133.3,16.1,12.2,0
2026-07-07T14:45:00,gNB-002,NRCell-006,degraded,225,219,210,197,60,58,197,2,60.7,190.6,21.1,53.8,0
2026-07-07T15:00:00,gNB-001,NRCell-001,urban,358,357,341,336,121,118,336,2,62.5,194.9,22.8,81.9,0
2026-07-07T15:00:00,gNB-001,NRCell-002,suburban,193,192,189,188,66,66,188,0,65.8,193.7,34.7,32.4,0
2026-07-07T15:00:00,gNB-001,NRCell-003,rural,68,68,66,65,24,19,65,1,74.5,154.6,26.8,14.6,0
2026-07-07T15:00:00,gNB-002,NRCell-004,urban,409,406,401,399,101,100,399,2,71.2,154.4,21.2,87.4,0
2026-07-07T15:00:00,gNB-002,NRCell-005,rural,50,49,48,48,13,12,48,1,76.7,139.5,22.9,8.3,0
2026-07-07T15:00:00,gNB-002,NRCell-006,degraded,202,194,184,178,68,62,178,2,70.4,166.4,20.1,56.4,0
2026-07-07T15:15:00,gNB-001,NRCell-001,urban,337,335,330,330,148,145,330,2,57.9,212.2,33.0,88.6,0
2026-07-07T15:15:00,gNB-001,NRCell-002,suburban,177,176,167,165,51,50,165,2,56.1,213.7,30.8,37.0,0
2026-07-07T15:15:00,gNB-001,NRCell-003,rural,65,65,63,62,27,27,62,2,62.3,196.9,22.3,13.9,0
2026-07-07T15:15:00,gNB-002,NRCell-004,urban,313,311,304,302,88,87,302,4,61.8,201.8,22.7,76.6,0
2026-07-07T15:15:00,gNB-002,NRCell-005,rural,46,45,43,43,15,14,43,1,68.9,183.5,25.4,11.8,0
2026-07-07T15:15:00,gNB-002,NRCell-006,degraded,264,253,240,234,82,76,234,8,61.6,190.6,25.4,49.0,0
2026-07-07T15:30:00,gNB-001,NRCell-001,urban,360,354,342,340,110,108,340,2,56.2,189.3,25.9,55.2,0
2026-07-07T15:30:00,gNB-001,NRCell-002,suburban,150,148,145,145,55,51,145,2,61.0,174.8,25.2,36.7,0
2026-07-07T15:30:00,gNB-001,NRCell-003,rural,64,63,60,59,28,27,59,0,60.2,199.9,22.8,16.4,0
2026-07-07T15:30:00,gNB-002,NRCell-004,urban,369,367,353,351,98,97,351,1,67.2,181.1,31.2,78.1,0
2026-07-07T15:30:00,gNB-002,NRCell-005,rural,48,47,45,45,17,15,45,0,63.9,182.9,19.1,9.7,0
2026-07-07T15:30:00,gNB-002,NRCell-006,degraded,188,180,172,169,46,41,169,3,57.9,200.8,29.8,33.9,0
2026-07-07T15:45:00,gNB-001,NRCell-001,urban,301,297,288,287,130,129,287,0,52.2,212.9,22.5,68.1,0
2026-07-07T15:45:00,gNB-001,NRCell-002,suburban,157,155,148,147,52,50,147,0,60.9,181.1,19.5,42.0,0
2026-07-07T15:45:00,gNB-001,NRCell-003,rural,67,66,63,63,22,21,63,0,60.8,197.8,25.7,17.0,0
2026-07-07T15:45:00,gNB-002,NRCell-004,urban,315,309,300,298,106,105,298,4,53.5,222.4,34.7,79.6,0
2026-07-07T15:45:00,gNB-002,NRCell-005,rural,54,54,53,53,21,20,53,0,64.7,185.4,29.1,8.8,0
2026-07-07T15:45:00,gNB-002,NRCell-006,degraded,196,185,180,174,60,55,174,6,61.9,195.2,27.0,45.4,0
2026-07-07T16:00:00,gNB-001,NRCell-001,urban,355,351,347,345,153,150,345,3,56.6,206.5,33.0,50.9,0
2026-07-07T16:00:00,gNB-001,NRCell-002,suburban,191,191,190,189,66,65,189,0,66.9,184.6,28.2,44.4,0
2026-07-07T16:00:00,gNB-001,NRCell-003,rural,72,72,69,66,23,22,66,0,57.6,184.1,29.4,12.7,0
2026-07-07T16:00:00,gNB-002,NRCell-004,urban,376,374,369,365,109,107,365,2,61.8,203.8,27.4,68.8,0
2026-07-07T16:00:00,gNB-002,NRCell-005,rural,49,49,48,48,12,11,48,0,58.1,203.4,32.4,9.2,0
2026-07-07T16:00:00,gNB-002,NRCell-006,degraded,195,190,189,186,71,66,186,2,54.0,209.3,29.7,48.2,0
2026-07-07T16:15:00,gNB-001,NRCell-001,urban,308,306,301,296,120,119,296,1,52.9,201.9,26.4,55.5,0
2026-07-07T16:15:00,gNB-001,NRCell-002,suburban,193,193,183,181,85,85,181,1,66.0,186.2,20.1,44.7,0
2026-07-07T16:15:00,gNB-001,NRCell-003,rural,72,72,71,71,23,23,71,0,63.8,182.2,31.9,11.2,0
2026-07-07T16:15:00,gNB-002,NRCell-004,urban,429,426,422,420,133,130,420,2,64.0,172.1,29.4,93.6,0
2026-07-07T16:15:00,gNB-002,NRCell-005,rural,62,62,59,57,25,22,57,0,59.9,177.9,29.8,11.3,0
2026-07-07T16:15:00,gNB-002,NRCell-006,degraded,207,198,191,187,59,54,187,7,64.3,185.5,19.9,34.7,0
2026-07-07T16:30:00,gNB-001,NRCell-001,urban,336,331,325,322,86,83,322,1,59.5,180.5,20.0,53.6,0
2026-07-07T16:30:00,gNB-001,NRCell-002,suburban,176,173,164,163,52,51,163,1,64.1,178.1,30.2,31.9,0
2026-07-07T16:30:00,gNB-001,NRCell-003,rural,66,66,64,63,26,25,63,0,66.3,184.9,29.8,13.8,0
2026-07-07T16:30:00,gNB-002,NRCell-004,urban,304,302,301,298,131,128,298,0,55.4,217.5,28.2,65.9,0
2026-07-07T16:30:00,gNB-002,NRCell-005,rural,49,49,48,48,15,15,48,0,71.0,174.0,24.4,13.4,0
2026-07-07T16:30:00,gNB-002,NRCell-006,degraded,219,212,203,191,57,55,191,5,51.8,196.5,21.1,47.4,0
2026-07-07T16:45:00,gNB-001,NRCell-001,urban,306,306,301,301,79,79,301,2,60.4,201.1,28.5,68.0,0
2026-07-07T16:45:00,gNB-001,NRCell-002,suburban,158,157,153,152,57,56,152,0,69.2,160.4,16.1,29.3,0
2026-07-07T16:45:00,gNB-001,NRCell-003,rural,65,63,62,61,19,18,61,0,67.1,159.2,19.5,12.7,0
2026-07-07T16:45:00,gNB-002,NRCell-004,urban,307,306,296,292,106,103,292,1,54.4,190.4,29.6,61.4,0
2026-07-07T16:45:00,gNB-002,NRCell-005,rural,49,49,47,47,16,16,47,0,61.9,181.6,30.6,11.0,0
2026-07-07T16:45:00,gNB-002,NRCell-006,degraded,215,203,201,190,89,82,190,5,61.2,186.5,30.8,34.7,0
2026-07-07T17:00:00,gNB-001,NRCell-001,urban,334,333,318,315,125,124,315,3,65.2,180.4,25.8,77.2,0
2026-07-07T17:00:00,gNB-001,NRCell-002,suburban,169,167,165,164,45,43,164,1,67.0,187.9,25.7,40.9,0
2026-07-07T17:00:00,gNB-001,NRCell-003,rural,72,70,69,69,30,29,69,2,68.9,155.2,18.8,14.1,0
2026-07-07T17:00:00,gNB-002,NRCell-004,urban,386,384,374,373,143,141,373,3,55.5,196.3,25.0,59.5,0
2026-07-07T17:00:00,gNB-002,NRCell-005,rural,51,51,48,47,21,21,47,0,68.1,161.6,26.0,9.0,0
2026-07-07T17:00:00,gNB-002,NRCell-006,degraded,174,166,160,155,47,45,155,1,55.5,190.2,32.7,49.4,0
2026-07-07T17:15:00,gNB-001,NRCell-001,urban,303,300,298,298,94,94,298,1,69.6,182.0,27.2,68.5,0
2026-07-07T17:15:00,gNB-001,NRCell-002,suburban,174,173,166,166,69,69,166,0,64.3,176.6,20.4,28.2,0
2026-07-07T17:15:00,gNB-001,NRCell-003,rural,65,65,62,62,27,27,62,0,64.8,197.7,32.0,16.7,0
2026-07-07T17:15:00,gNB-002,NRCell-004,urban,396,392,382,377,103,102,377,1,70.4,178.0,28.6,70.5,0
2026-07-07T17:15:00,gNB-002,NRCell-005,rural,52,52,50,50,17,17,50,0,75.8,155.0,15.7,9.9,0
2026-07-07T17:15:00,gNB-002,NRCell-006,degraded,232,223,219,213,58,57,213,3,56.5,183.6,21.2,38.5,0
2026-07-07T17:30:00,gNB-001,NRCell-001,urban,326,322,317,317,84,82,317,1,68.0,188.8,26.9,52.1,0
2026-07-07T17:30:00,gNB-001,NRCell-002,suburban,181,180,177,177,67,67,177,3,62.5,172.3,29.0,42.9,0
2026-07-07T17:30:00,gNB-001,NRCell-003,rural,80,80,79,79,24,23,79,0,75.5,149.8,25.6,14.5,0
2026-07-07T17:30:00,gNB-002,NRCell-004,urban,469,466,443,440,201,197,440,6,61.7,187.7,23.3,76.6,0
2026-07-07T17:30:00,gNB-002,NRCell-005,rural,59,58,57,57,16,16,57,0,75.5,154.2,15.9,8.3,0
2026-07-07T17:30:00,gNB-002,NRCell-006,degraded,246,234,233,228,81,76,228,5,71.4,156.4,26.4,41.7,0
2026-07-07T17:45:00,gNB-001,NRCell-001,urban,342,340,323,322,105,102,322,2,71.4,171.9,24.1,63.9,0
2026-07-07T17:45:00,gNB-001,NRCell-002,suburban,223,220,219,219,58,58,219,0,62.2,196.9,33.3,50.9,0
2026-07-07T17:45:00,gNB-001,NRCell-003,rural,84,83,79,78,31,29,78,0,77.0,149.1,20.0,13.8,0
2026-07-07T17:45:00,gNB-002,NRCell-004,urban,369,367,360,354,148,146,354,3,60.8,206.7,29.0,75.7,0
2026-07-07T17:45:00,gNB-002,NRCell-005,rural,51,51,50,50,15,13,50,0,65.1,196.7,29.6,11.1,0
2026-07-07T17:45:00,gNB-002,NRCell-006,degraded,273,260,258,253,85,82,253,7,61.5,181.4,28.7,63.2,0
2026-07-07T18:00:00,gNB-001,NRCell-001,urban,417,414,409,406,114,110,406,1,79.7,153.5,26.3,91.9,0
2026-07-07T18:00:00,gNB-001,NRCell-002,suburban,228,226,219,215,77,70,215,0,67.0,162.2,28.2,50.1,0
2026-07-07T18:00:00,gNB-001,NRCell-003,rural,87,85,82,81,27,23,81,0,77.1,157.5,23.2,14.9,0
2026-07-07T18:00:00,gNB-002,NRCell-004,urban,452,449,440,436,154,153,436,4,63.7,171.1,28.7,72.5,0
2026-07-07T18:00:00,gNB-002,NRCell-005,rural,59,58,57,57,22,21,57,0,80.9,144.4,17.3,9.2,0
2026-07-07T18:00:00,gNB-002,NRCell-006,degraded,289,278,277,267,84,69,267,5,74.7,144.4,22.7,44.4,0
2026-07-07T18:15:00,gNB-001,NRCell-001,urban,394,392,390,388,164,160,388,3,81.5,150.2,26.0,71.3,0
2026-07-07T18:15:00,gNB-001,NRCell-002,suburban,248,245,239,236,61,59,236,3,70.3,163.0,22.5,39.2,0
2026-07-07T18:15:00,gNB-001,NRCell-003,rural,69,68,65,65,19,19,65,0,72.9,175.8,19.0,16.8,0
2026-07-07T18:15:00,gNB-002,NRCell-004,urban,445,442,436,432,184,181,432,4,77.4,160.3,28.7,103.0,0
2026-07-07T18:15:00,gNB-002,NRCell-005,rural,63,61,59,58,25,24,58,0,71.6,147.8,19.5,10.7,0
2026-07-07T18:15:00,gNB-002,NRCell-006,degraded,246,235,231,228,86,78,228,4,68.4,169.5,20.1,70.5,0
2026-07-07T18:30:00,gNB-001,NRCell-001,urban,510,505,503,498,159,153,498,1,69.5,166.5,26.5,77.4,0
2026-07-07T18:30:00,gNB-001,NRCell-002,suburban,261,258,251,250,110,107,250,4,87.2,111.9,19.1,53.0,0
2026-07-07T18:30:00,gNB-001,NRCell-003,rural,94,93,91,91,41,40,91,1,86.8,136.6,22.6,15.5,0
2026-07-07T18:30:00,gNB-002,NRCell-004,urban,509,503,487,486,209,203,486,4,75.6,144.9,16.0,114.7,0
2026-07-07T18:30:00,gNB-002,NRCell-005,rural,65,62,60,60,23,22,60,0,82.2,144.8,14.7,11.5,0
2026-07-07T18:30:00,gNB-002,NRCell-006,degraded,331,311,297,286,86,81,286,3,80.9,126.6,13.4,47.7,0
2026-07-07T18:45:00,gNB-001,NRCell-001,urban,487,484,461,459,171,169,459,1,85.6,117.5,18.9,91.2,0
2026-07-07T18:45:00,gNB-001,NRCell-002,suburban,258,255,242,239,100,100,239,1,90.6,104.7,13.3,60.5,0
2026-07-07T18:45:00,gNB-001,NRCell-003,rural,91,87,84,83,37,36,83,2,90.0,109.2,16.9,22.3,0
2026-07-07T18:45:00,gNB-002,NRCell-004,urban,450,448,445,442,178,176,442,5,86.9,114.4,13.6,92.3,0
2026-07-07T18:45:00,gNB-002,NRCell-005,rural,64,62,59,58,18,18,58,0,92.7,112.8,16.8,13.1,0
2026-07-07T18:45:00,gNB-002,NRCell-006,degraded,293,275,270,262,121,109,262,4,77.6,156.0,27.0,48.6,0
2026-07-07T19:00:00,gNB-001,NRCell-001,urban,529,524,523,513,211,207,513,3,80.7,134.7,16.3,90.2,0
2026-07-07T19:00:00,gNB-001,NRCell-002,suburban,299,296,292,290,101,97,290,1,95.8,97.1,10.2,65.6,0
2026-07-07T19:00:00,gNB-001,NRCell-003,rural,101,101,100,100,32,32,100,0,79.6,152.4,17.0,20.9,0
2026-07-07T19:00:00,gNB-002,NRCell-004,urban,542,537,526,518,216,210,518,7,85.4,117.1,13.7,136.4,0
2026-07-07T19:00:00,gNB-002,NRCell-005,rural,70,70,66,66,23,22,66,0,89.7,106.4,16.0,15.3,0
2026-07-07T19:00:00,gNB-002,NRCell-006,degraded,335,323,309,300,107,101,300,3,85.8,131.1,16.4,71.6,0
2026-07-07T19:15:00,gNB-001,NRCell-001,urban,447,443,427,423,157,151,423,3,97.1,96.8,10.2,109.4,0
2026-07-07T19:15:00,gNB-001,NRCell-002,suburban,284,281,279,275,107,106,275,3,89.2,125.0,20.7,59.1,0
2026-07-07T19:15:00,gNB-001,NRCell-003,rural,83,82,81,81,26,25,81,0,96.9,101.3,10.1,14.3,0
2026-07-07T19:15:00,gNB-002,NRCell-004,urban,536,530,507,502,197,192,502,4,82.1,128.3,17.8,92.4,0
2026-07-07T19:15:00,gNB-002,NRCell-005,rural,65,64,61,61,21,21,61,1,86.5,121.3,16.8,15.5,0
2026-07-07T19:15:00,gNB-002,NRCell-006,degraded,377,357,356,347,136,129,347,5,87.5,126.8,20.6,84.0,0
2026-07-07T19:30:00,gNB-001,NRCell-001,urban,454,450,449,446,180,180,446,3,85.6,134.3,19.0,87.4,0
2026-07-07T19:30:00,gNB-001,NRCell-002,suburban,311,305,293,292,104,103,292,0,90.4,120.3,19.4,72.3,0
2026-07-07T19:30:00,gNB-001,NRCell-003,rural,85,85,84,83,25,23,83,1,83.5,134.4,21.7,17.3,0
2026-07-07T19:30:00,gNB-002,NRCell-004,urban,565,558,554,547,245,238,547,7,91.1,115.4,20.0,133.8,0
2026-07-07T19:30:00,gNB-002,NRCell-005,rural,69,68,65,65,29,28,65,0,93.3,106.2,15.0,11.8,0
2026-07-07T19:30:00,gNB-002,NRCell-006,degraded,344,330,318,309,139,131,309,9,99.0,85.8,8.7,62.6,0
2026-07-07T19:45:00,gNB-001,NRCell-001,urban,461,459,455,452,126,123,452,3,97.7,94.9,12.3,94.0,0
2026-07-07T19:45:00,gNB-001,NRCell-002,suburban,350,346,333,330,139,135,330,2,84.7,139.2,17.1,73.3,0
2026-07-07T19:45:00,gNB-001,NRCell-003,rural,83,83,79,79,31,27,79,2,80.8,133.8,22.3,15.2,0
2026-07-07T19:45:00,gNB-002,NRCell-004,urban,734,728,716,709,311,306,709,3,79.6,153.1,22.4,119.3,0
2026-07-07T19:45:00,gNB-002,NRCell-005,rural,60,60,57,56,22,22,56,0,82.3,141.1,18.4,18.3,0
2026-07-07T19:45:00,gNB-002,NRCell-006,degraded,367,350,341,333,94,84,333,11,78.8,136.8,23.7,65.3,0
2026-07-07T20:00:00,gNB-001,NRCell-001,urban,538,536,526,522,209,206,522,2,84.0,129.8,15.0,98.3,0
2026-07-07T20:00:00,gNB-001,NRCell-002,suburban,300,296,295,292,89,85,292,2,99.0,94.1,12.6,61.7,0
2026-07-07T20:00:00,gNB-001,NRCell-003,rural,106,105,103,103,30,29,103,1,91.2,112.6,11.3,17.0,0
2026-07-07T20:00:00,gNB-002,NRCell-004,urban,610,606,578,574,255,249,574,4,96.8,92.7,14.9,97.4,0
2026-07-07T20:00:00,gNB-002,NRCell-005,rural,80,79,77,76,24,24,76,2,99.0,91.5,12.8,17.3,0
2026-07-07T20:00:00,gNB-002,NRCell-006,degraded,349,336,332,323,97,93,323,4,80.6,144.0,16.4,73.0,0
2026-07-07T20:15:00,gNB-001,NRCell-001,urban,456,453,440,440,192,189,440,3,98.1,91.5,12.4,87.3,0
2026-07-07T20:15:00,gNB-001,NRCell-002,suburban,270,266,253,252,74,74,252,0,84.5,124.6,18.3,63.4,0
2026-07-07T20:15:00,gNB-001,NRCell-003,rural,99,98,95,95,25,25,95,0,95.3,98.5,16.3,22.1,0
2026-07-07T20:15:00,gNB-002,NRCell-004,urban,559,552,541,538,222,219,538,6,97.5,88.1,12.2,110.6,0
2026-07-07T20:15:00,gNB-002,NRCell-005,rural,70,69,68,68,25,25,68,1,93.1,111.9,15.3,13.2,0
2026-07-07T20:15:00,gNB-002,NRCell-006,degraded,316,303,298,286,96,92,286,7,91.9,107.6,11.1,63.1,0
2026-07-07T20:30:00,gNB-001,NRCell-001,urban,426,426,412,409,134,132,409,2,78.8,139.7,24.2,72.8,0
2026-07-07T20:30:00,gNB-001,NRCell-002,suburban,300,297,291,286,76,75,286,2,78.9,145.0,18.3,58.5,0
2026-07-07T20:30:00,gNB-001,NRCell-003,rural,107,107,106,105,40,39,105,1,78.0,138.4,18.6,17.3,0
2026-07-07T20:30:00,gNB-002,NRCell-004,urban,627,617,595,593,184,177,593,5,93.5,107.5,11.1,142.0,0
2026-07-07T20:30:00,gNB-002,NRCell-005,rural,73,73,70,70,28,28,70,0,81.6,140.0,15.5,17.6,0
2026-07-07T20:30:00,gNB-002,NRCell-006,degraded,291,285,279,270,113,106,270,7,83.8,134.0,13.8,59.0,0
2026-07-07T20:45:00,gNB-001,NRCell-001,urban,356,353,338,337,107,104,337,1,77.5,146.9,22.8,88.4,0
2026-07-07T20:45:00,gNB-001,NRCell-002,suburban,286,284,271,269,79,78,269,1,76.3,148.7,26.5,58.2,0
2026-07-07T20:45:00,gNB-001,NRCell-003,rural,90,90,88,88,37,37,88,2,87.7,117.4,18.1,13.4,0
2026-07-07T20:45:00,gNB-002,NRCell-004,urban,524,519,511,506,188,184,506,9,92.5,109.8,17.3,147.1,0
2026-07-07T20:45:00,gNB-002,NRCell-005,rural,68,67,64,64,26,26,64,0,90.2,109.8,13.3,10.4,0
2026-07-07T20:45:00,gNB-002,NRCell-006,degraded,291,279,271,260,114,100,260,9,86.4,121.4,17.8,50.3,0
2026-07-07T21:00:00,gNB-001,NRCell-001,urban,495,488,484,483,216,212,483,2,88.2,131.3,17.0,104.0,0
2026-07-07T21:00:00,gNB-001,NRCell-002,suburban,278,277,265,264,95,94,264,2,91.4,123.0,13.8,55.3,0
2026-07-07T21:00:00,gNB-001,NRCell-003,rural,91,90,89,88,30,30,88,1,75.8,159.8,22.0,22.7,0
2026-07-07T21:00:00,gNB-002,NRCell-004,urban,567,565,556,550,241,232,550,4,91.3,106.2,15.0,94.6,0
2026-07-07T21:00:00,gNB-002,NRCell-005,rural,66,66,64,61,16,14,61,0,92.6,106.9,13.6,12.0,0
2026-07-07T21:00:00,gNB-002,NRCell-006,degraded,297,283,277,263,95,88,263,5,88.5,129.1,21.4,71.0,0
2026-07-07T21:15:00,gNB-001,NRCell-001,urban,472,466,447,443,185,181,443,2,81.6,136.7,24.6,87.4,0
2026-07-07T21:15:00,gNB-001,NRCell-002,suburban,270,268,266,266,120,115,266,2,87.5,121.2,21.2,39.9,0
2026-07-07T21:15:00,gNB-001,NRCell-003,rural,91,90,89,88,27,25,88,1,71.3,148.7,18.7,15.2,0
2026-07-07T21:15:00,gNB-002,NRCell-004,urban,463,460,449,447,148,139,447,0,71.5,148.8,22.6,101.1,0
2026-07-07T21:15:00,gNB-002,NRCell-005,rural,62,62,60,59,20,20,59,1,82.0,147.7,21.0,14.9,0
2026-07-07T21:15:00,gNB-002,NRCell-006,degraded,259,244,241,235,102,93,235,3,82.1,126.3,19.7,53.4,0
2026-07-07T21:30:00,gNB-001,NRCell-001,urban,384,381,378,375,158,156,375,0,73.6,151.0,15.3,89.6,0
2026-07-07T21:30:00,gNB-001,NRCell-002,suburban,281,278,277,275,123,120,275,1,78.3,148.8,18.7,45.2,0
2026-07-07T21:30:00,gNB-001,NRCell-003,rural,70,69,67,67,20,20,67,0,75.9,158.5,23.0,18.0,0
2026-07-07T21:30:00,gNB-002,NRCell-004,urban,449,444,428,422,173,171,422,3,72.5,146.0,18.0,112.8,0
2026-07-07T21:30:00,gNB-002,NRCell-005,rural,68,68,67,66,21,21,66,0,71.5,148.5,17.9,14.0,0
2026-07-07T21:30:00,gNB-002,NRCell-006,degraded,306,294,286,282,107,98,282,2,80.1,128.2,21.6,69.3,0
2026-07-07T21:45:00,gNB-001,NRCell-001,urban,374,371,356,353,112,108,353,5,69.8,165.2,18.5,85.1,0
2026-07-07T21:45:00,gNB-001,NRCell-002,suburban,189,187,181,180,49,49,180,2,72.6,147.6,17.5,38.6,0
2026-07-07T21:45:00,gNB-001,NRCell-003,rural,78,77,74,71,29,29,71,0,68.2,157.5,21.2,17.4,0
2026-07-07T21:45:00,gNB-002,NRCell-004,urban,476,472,471,469,154,152,469,4,77.7,144.4,17.9,80.3,0
2026-07-07T21:45:00,gNB-002,NRCell-005,rural,50,50,49,49,13,13,49,0,65.7,176.1,24.7,12.0,0
2026-07-07T21:45:00,gNB-002,NRCell-006,degraded,242,237,231,223,92,88,223,4,70.1,172.4,25.6,49.0,0
2026-07-07T22:00:00,gNB-001,NRCell-001,urban,338,337,326,323,112,111,323,1,67.3,161.9,26.6,75.3,0
2026-07-07T22:00:00,gNB-001,NRCell-002,suburban,182,178,172,170,56,52,170,1,61.6,203.0,24.4,31.7,0
2026-07-07T22:00:00,gNB-001,NRCell-003,rural,77,76,72,72,27,25,72,0,61.6,200.8,28.9,13.0,0
2026-07-07T22:00:00,gNB-002,NRCell-004,urban,414,412,411,409,145,140,409,5,69.7,162.8,29.3,92.7,0
2026-07-07T22:00:00,gNB-002,NRCell-005,rural,54,53,52,52,17,17,52,0,67.6,158.5,20.6,11.5,0
2026-07-07T22:00:00,gNB-002,NRCell-006,degraded,276,268,256,249,81,76,249,6,69.8,160.1,27.1,52.7,0
2026-07-07T22:15:00,gNB-001,NRCell-001,urban,333,330,329,327,87,82,327,4,55.0,201.7,36.0,52.6,0
2026-07-07T22:15:00,gNB-001,NRCell-002,suburban,190,189,184,184,80,79,184,2,57.9,216.5,30.7,42.2,0
2026-07-07T22:15:00,gNB-001,NRCell-003,rural,64,64,63,62,20,20,62,0,63.4,201.5,23.0,17.2,0
2026-07-07T22:15:00,gNB-002,NRCell-004,urban,377,373,368,367,166,162,367,2,59.0,194.5,29.9,86.0,0
2026-07-07T22:15:00,gNB-002,NRCell-005,rural,44,43,41,39,13,13,39,1,59.0,206.8,25.8,9.1,0
2026-07-07T22:15:00,gNB-002,NRCell-006,degraded,232,227,226,218,89,84,218,4,67.5,172.7,30.0,47.4,0
2026-07-07T22:30:00,gNB-001,NRCell-001,urban,275,274,263,260,75,72,260,0,59.3,185.5,32.1,49.9,0
2026-07-07T22:30:00,gNB-001,NRCell-002,suburban,172,169,166,165,45,45,165,0,64.4,193.1,33.9,41.1,0
2026-07-07T22:30:00,gNB-001,NRCell-003,rural,70,69,67,66,18,17,66,0,59.0,215.6,33.4,14.6,0
2026-07-07T22:30:00,gNB-002,NRCell-004,urban,412,412,395,390,178,176,390,1,49.5,238.9,37.8,66.7,0
2026-07-07T22:30:00,gNB-002,NRCell-005,rural,44,44,43,43,11,10,43,2,62.0,178.9,31.4,6.8,0
2026-07-07T22:30:00,gNB-002,NRCell-006,degraded,213,207,199,197,57,52,197,3,53.7,209.8,33.9,47.0,0
2026-07-07T22:45:00,gNB-001,NRCell-001,urban,232,230,220,220,86,85,220,1,54.6,217.7,26.1,40.3,0
2026-07-07T22:45:00,gNB-001,NRCell-002,suburban,161,160,159,157,40,38,157,0,58.9,181.3,21.5,39.9,0
2026-07-07T22:45:00,gNB-001,NRCell-003,rural,67,67,64,64,27,27,64,0,60.9,181.6,22.8,13.3,0
2026-07-07T22:45:00,gNB-002,NRCell-004,urban,262,260,247,247,105,102,247,0,55.9,198.3,35.5,60.2,0
2026-07-07T22:45:00,gNB-002,NRCell-005,rural,49,49,47,47,13,12,47,0,53.3,223.7,34.3,7.6,0
2026-07-07T22:45:00,gNB-002,NRCell-006,degraded,163,158,150,148,65,59,148,1,53.6,224.4,30.8,30.3,0
2026-07-07T23:00:00,gNB-001,NRCell-001,urban,205,203,199,197,73,70,197,0,46.4,225.7,26.3,51.1,0
2026-07-07T23:00:00,gNB-001,NRCell-002,suburban,149,146,142,142,40,39,142,0,46.8,229.4,38.9,22.6,0
2026-07-07T23:00:00,gNB-001,NRCell-003,rural,48,48,47,46,12,12,46,0,52.5,234.4,33.2,10.8,0
2026-07-07T23:00:00,gNB-002,NRCell-004,urban,258,258,250,248,104,103,248,1,50.8,210.0,24.8,52.1,0
2026-07-07T23:00:00,gNB-002,NRCell-005,rural,39,39,37,37,11,9,37,0,54.0,217.2,33.2,6.7,0
2026-07-07T23:00:00,gNB-002,NRCell-006,degraded,165,157,156,154,47,46,154,3,46.9,217.7,28.9,37.5,0
2026-07-07T23:15:00,gNB-001,NRCell-001,urban,223,222,213,211,77,76,211,0,41.7,219.5,28.5,40.0,0
2026-07-07T23:15:00,gNB-001,NRCell-002,suburban,119,117,114,113,37,37,113,0,47.9,216.7,22.5,20.0,0
2026-07-07T23:15:00,gNB-001,NRCell-003,rural,41,41,40,40,10,9,40,0,53.2,195.3,33.4,8.0,0
2026-07-07T23:15:00,gNB-002,NRCell-004,urban,240,238,237,235,59,59,235,0,49.0,237.9,24.4,41.7,0
2026-07-07T23:15:00,gNB-002,NRCell-005,rural,47,47,45,45,19,19,45,1,57.9,187.9,32.6,9.9,0
2026-07-07T23:15:00,gNB-002,NRCell-006,degraded,139,132,131,129,49,39,129,4,45.9,219.4,25.0,27.2,0
2026-07-07T23:30:00,gNB-001,NRCell-001,urban,220,220,215,215,91,91,215,4,37.9,249.2,43.8,41.6,0
2026-07-07T23:30:00,gNB-001,NRCell-002,suburban,109,108,105,105,42,42,105,2,40.7,232.7,33.6,24.2,0
2026-07-07T23:30:00,gNB-001,NRCell-003,rural,36,35,34,34,11,11,34,0,56.0,194.2,28.3,8.7,0
2026-07-07T23:30:00,gNB-002,NRCell-004,urban,238,234,230,227,59,57,227,1,41.7,227.0,29.1,35.4,0
2026-07-07T23:30:00,gNB-002,NRCell-005,rural,33,31,29,29,10,10,29,1,47.8,209.7,28.6,5.6,0
2026-07-07T23:30:00,gNB-002,NRCell-006,degraded,132,125,120,118,45,44,118,6,42.1,234.4,41.6,27.2,0
2026-07-07T23:45:00,gNB-001,NRCell-001,urban,168,166,160,159,60,60,159,2,41.2,222.2,23.3,41.2,0
2026-07-07T23:45:00,gNB-001,NRCell-002,suburban,120,120,116,115,53,51,115,2,43.0,233.3,28.4,26.5,0
2026-07-07T23:45:00,gNB-001,NRCell-003,rural,52,52,50,50,15,15,50,0,43.5,246.0,29.0,12.3,0
2026-07-07T23:45:00,gNB-002,NRCell-004,urban,208,206,199,198,87,83,198,3,41.3,226.2,27.7,38.1,0
2026-07-07T23:45:00,gNB-002,NRCell-005,rural,29,29,28,28,8,6,28,1,49.6,208.9,34.3,7.7,0
2026-07-07T23:45:00,gNB-002,NRCell-006,degraded,141,137,134,131,54,49,131,4,35.8,255.5,39.8,21.3,0
2026-07-08T00:00:00,gNB-001,NRCell-001,urban,108,108,104,103,43,41,103,0,26.5,279.3,45.4,20.7,0
2026-07-08T00:00:00,gNB-001,NRCell-002,suburban,80,80,77,77,33,33,77,0,34.4,252.1,37.7,12.6,0
2026-07-08T00:00:00,gNB-001,NRCell-003,rural,38,38,37,37,14,14,37,0,40.6,255.7,28.5,6.4,0
2026-07-08T00:00:00,gNB-002,NRCell-004,urban,148,144,140,140,55,55,140,3,27.9,257.2,31.3,28.3,0
2026-07-08T00:00:00,gNB-002,NRCell-005,rural,26,26,25,25,11,11,25,0,36.6,252.8,43.5,6.0,0
2026-07-08T00:00:00,gNB-002,NRCell-006,degraded,74,73,70,66,19,17,66,0,29.2,260.7,33.9,17.3,0
2026-07-08T00:15:00,gNB-001,NRCell-001,urban,104,103,102,102,28,28,102,0,27.6,300.9,35.0,16.6,0
2026-07-08T00:15:00,gNB-001,NRCell-002,suburban,75,75,71,70,22,20,70,0,32.1,265.2,28.3,15.5,0
2026-07-08T00:15:00,gNB-001,NRCell-003,rural,36,35,33,31,14,14,31,1,37.3,233.2,41.7,6.4,0
2026-07-08T00:15:00,gNB-002,NRCell-004,urban,126,124,122,122,48,47,122,0,26.1,256.9,29.6,20.0,0
2026-07-08T00:15:00,gNB-002,NRCell-005,rural,24,24,23,22,8,8,22,1,38.9,241.1,34.1,5.1,0
2026-07-08T00:15:00,gNB-002,NRCell-006,degraded,62,58,57,56,15,13,56,0,30.1,259.7,29.8,11.5,0
2026-07-08T00:30:00,gNB-001,NRCell-001,urban,113,113,110,109,32,32,109,1,29.0,255.8,30.6,18.9,0
2026-07-08T00:30:00,gNB-001,NRCell-002,suburban,89,87,84,83,32,31,83,0,30.4,244.4,36.9,18.8,0
2026-07-08T00:30:00,gNB-001,NRCell-003,rural,29,28,27,26,12,11,26,0,39.8,222.8,31.0,7.0,0
2026-07-08T00:30:00,gNB-002,NRCell-004,urban,125,125,121,121,46,46,121,1,29.2,250.4,32.8,20.7,0
2026-07-08T00:30:00,gNB-002,NRCell-005,rural,23,23,22,22,10,10,22,1,36.9,257.1,36.9,3.6,0
2026-07-08T00:30:00,gNB-002,NRCell-006,degraded,76,71,67,66,30,28,66,1,27.5,279.9,29.8,16.4,0
2026-07-08T00:45:00,gNB-001,NRCell-001,urban,92,92,88,86,31,31,86,2,29.6,255.4,44.9,21.4,0
2026-07-08T00:45:00,gNB-001,NRCell-002,suburban,84,84,81,80,25,23,80,0,32.8,243.3,27.5,14.3,0
2026-07-08T00:45:00,gNB-001,NRCell-003,rural,38,37,35,34,11,11,34,1,42.7,262.7,32.5,5.8,0
2026-07-08T00:45:00,gNB-002,NRCell-004,urban,113,113,109,109,34,33,109,2,27.4,293.6,46.4,27.4,0
2026-07-08T00:45:00,gNB-002,NRCell-005,rural,28,28,27,27,8,8,27,0,40.5,237.5,28.3,4.9,0
2026-07-08T00:45:00,gNB-002,NRCell-006,degraded,55,53,51,50,14,13,50,1,26.0,286.6,31.6,11.5,0
2026-07-08T01:00:00,gNB-001,NRCell-001,urban,109,109,105,104,42,42,104,0,29.0,300.6,43.6,17.3,0
2026-07-08T01:00:00,gNB-001,NRCell-002,suburban,67,67,66,64,27,25,64,2,30.7,280.7,48.2,15.6,0
2026-07-08T01:00:00,gNB-001,NRCell-003,rural,31,31,29,29,12,12,29,0,42.6,227.9,25.0,6.2,0
2026-07-08T01:00:00,gNB-002,NRCell-004,urban,135,135,128,128,60,58,128,0,26.5,279.9,28.7,22.8,0
2026-07-08T01:00:00,gNB-002,NRCell-005,rural,26,26,25,25,10,10,25,0,44.2,233.5,41.2,5.0,0
2026-07-08T01:00:00,gNB-002,NRCell-006,degraded,68,66,64,63,23,20,63,1,29.3,270.3,33.6,17.7,0
2026-07-08T01:15:00,gNB-001,NRCell-001,urban,111,110,106,104,49,49,104,0,26.8,268.2,46.6,20.6,0
2026-07-08T01:15:00,gNB-001,NRCell-002,suburban,86,86,84,83,35,35,83,0,33.7,283.1,36.9,11.1,0
2026-07-08T01:15:00,gNB-001,NRCell-003,rural,34,34,33,33,11,10,33,1,36.5,279.3,33.1,5.6,0
2026-07-08T01:15:00,gNB-002,NRCell-004,urban,111,111,107,107,28,26,107,4,25.9,278.5,38.5,21.0,0
2026-07-08T01:15:00,gNB-002,NRCell-005,rural,29,29,28,28,11,11,28,0,39.8,258.1,26.9,6.3,0
2026-07-08T01:15:00,gNB-002,NRCell-006,degraded,78,75,74,72,32,30,72,2,27.0,267.1,31.1,12.6,0
2026-07-08T01:30:00,gNB-001,NRCell-001,urban,126,126,120,118,56,56,118,1,28.5,265.6,28.3,24.3,0
2026-07-08T01:30:00,gNB-001,NRCell-002,suburban,66,66,65,65,26,25,65,2,35.0,239.3,42.4,10.5,0
2026-07-08T01:30:00,gNB-001,NRCell-003,rural,38,37,36,35,11,10,35,0,38.7,258.2,37.7,6.2,0
2026-07-08T01:30:00,gNB-002,NRCell-004,urban,111,108,106,106,30,29,106,1,27.3,285.6,48.9,27.7,0
2026-07-08T01:30:00,gNB-002,NRCell-005,rural,27,27,26,26,11,11,26,0,39.7,259.8,31.4,6.4,0
2026-07-08T01:30:00,gNB-002,NRCell-006,degraded,90,88,87,83,28,26,83,3,27.9,268.8,33.9,17.2,0
2026-07-08T01:45:00,gNB-001,NRCell-001,urban,103,102,100,100,40,40,100,1,26.2,309.5,37.4,22.7,0
2026-07-08T01:45:00,gNB-001,NRCell-002,suburban,73,73,71,71,32,31,71,0,29.5,300.5,35.9,11.7,0
2026-07-08T01:45:00,gNB-001,NRCell-003,rural,34,34,32,30,10,10,30,0,40.3,226.1,32.6,7.8,0
2026-07-08T01:45:00,gNB-002,NRCell-004,urban,108,107,106,104,38,38,104,0,26.0,297.5,32.3,27.9,0
2026-07-08T01:45:00,gNB-002,NRCell-005,rural,26,26,24,24,7,7,24,0,43.6,232.9,36.0,5.3,0
2026-07-08T01:45:00,gNB-002,NRCell-006,degraded,82,80,77,77,22,21,77,1,28.1,288.6,50.9,15.6,0
2026-07-08T02:00:00,gNB-001,NRCell-001,urban,95,95,93,91,23,23,91,1,30.5,255.5,38.0,25.5,0
2026-07-08T02:00:00,gNB-001,NRCell-002,suburban,74,73,70,70,32,30,70,0,31.4,256.5,45.4,14.2,0
2026-07-08T02:00:00,gNB-001,NRCell-003,rural,30,29,28,28,11,10,28,0,42.7,220.4,25.1,7.3,0
2026-07-08T02:00:00,gNB-002,NRCell-004,urban,118,118,115,115,30,30,115,0,29.3,254.0,44.1,18.9,0
2026-07-08T02:00:00,gNB-002,NRCell-005,rural,27,27,25,25,9,9,25,0,38.2,247.5,29.7,5.9,0
2026-07-08T02:00:00,gNB-002,NRCell-006,degraded,63,62,61,61,26,25,61,3,29.5,287.2,44.9,10.3,0
2026-07-08T02:15:00,gNB-001,NRCell-001,urban,99,98,96,96,26,26,96,0,27.0,276.9,49.5,15.7,0
2026-07-08T02:15:00,gNB-001,NRCell-002,suburban,76,76,72,72,28,27,72,0,30.4,286.7,41.6,13.9,0
2026-07-08T02:15:00,gNB-001,NRCell-003,rural,42,42,41,38,16,16,38,0,39.5,254.4,41.3,6.7,0
2026-07-08T02:15:00,gNB-002,NRCell-004,urban,148,147,139,138,65,62,138,1,29.2,297.7,37.7,20.4,0
2026-07-08T02:15:00,gNB-002,NRCell-005,rural,29,29,27,27,8,8,27,1,41.1,229.0,39.8,4.4,0
2026-07-08T02:15:00,gNB-002,NRCell-006,degraded,67,65,64,63,27,26,63,2,29.1,293.4,34.2,14.8,0
2026-07-08T02:30:00,gNB-001,NRCell-001,urban,118,118,114,114,29,29,114,0,26.2,287.5,34.6,19.6,0
2026-07-08T02:30:00,gNB-001,NRCell-002,suburban,79,78,74,74,22,21,74,0,31.5,260.8,46.3,12.6,0
2026-07-08T02:30:00,gNB-001,NRCell-003,rural,37,36,34,34,10,10,34,0,36.7,246.2,43.6,7.6,0
2026-07-08T02:30:00,gNB-002,NRCell-004,urban,125,125,124,124,38,37,124,0,26.4,294.3,35.4,21.4,0
2026-07-08T02:30:00,gNB-002,NRCell-005,rural,24,23,22,22,9,9,22,0,44.3,219.0,38.5,5.0,0
2026-07-08T02:30:00,gNB-002,NRCell-006,degraded,72,71,68,67,28,27,67,3,29.0,300.3,52.8,16.3,0
2026-07-08T02:45:00,gNB-001,NRCell-001,urban,110,108,104,104,42,42,104,0,26.5,255.5,34.9,21.6,0
2026-07-08T02:45:00,gNB-001,NRCell-002,suburban,70,69,67,66,19,18,66,1,34.4,238.3,24.1,17.7,0
2026-07-08T02:45:00,gNB-001,NRCell-003,rural,33,32,31,31,11,11,31,0,36.6,276.4,36.2,5.8,0
2026-07-08T02:45:00,gNB-002,NRCell-004,urban,137,136,132,131,49,48,131,1,26.2,304.3,41.4,31.0,0
2026-07-08T02:45:00,gNB-002,NRCell-005,rural,30,30,29,29,10,10,29,0,40.3,236.8,35.0,5.9,0
2026-07-08T02:45:00,gNB-002,NRCell-006,degraded,68,66,63,60,24,24,60,1,28.3,286.8,47.4,16.2,0
2026-07-08T03:00:00,gNB-001,NRCell-001,urban,108,106,102,102,38,35,102,1,26.6,271.5,38.1,21.5,0
2026-07-08T03:00:00,gNB-001,NRCell-002,suburban,77,77,75,74,29,28,74,1,33.9,244.1,43.4,12.5,0
2026-07-08T03:00:00,gNB-001,NRCell-003,rural,34,34,33,33,11,11,33,0,40.4,264.4,47.3,6.7,0
2026-07-08T03:00:00,gNB-002,NRCell-004,urban,129,129,126,123,50,49,123,0,28.8,270.5,38.1,29.4,0
2026-07-08T03:00:00,gNB-002,NRCell-005,rural,27,27,26,25,11,9,25,0,39.2,256.5,35.5,5.1,0
2026-07-08T03:00:00,gNB-002,NRCell-006,degraded,70,67,66,65,22,21,65,1,26.5,279.9,44.1,15.1,0
2026-07-08T03:15:00,gNB-001,NRCell-001,urban,133,133,132,131,57,55,131,0,30.6,274.0,46.3,29.5,0
2026-07-08T03:15:00,gNB-001,NRCell-002,suburban,90,88,85,84,28,28,84,1,34.8,262.4,36.3,19.5,0
2026-07-08T03:15:00,gNB-001,NRCell-003,rural,32,32,31,29,8,8,29,0,39.5,252.8,43.5,5.9,0
2026-07-08T03:15:00,gNB-002,NRCell-004,urban,128,127,125,125,44,42,125,2,28.2,285.6,51.1,26.4,0
2026-07-08T03:15:00,gNB-002,NRCell-005,rural,27,26,25,25,11,10,25,0,39.6,237.3,25.5,4.0,0
2026-07-08T03:15:00,gNB-002,NRCell-006,degraded,71,69,67,67,18,18,67,2,28.4,298.8,32.7,11.5,0
2026-07-08T03:30:00,gNB-001,NRCell-001,urban,122,121,118,117,50,47,117,1,27.2,290.8,41.8,23.1,0
2026-07-08T03:30:00,gNB-001,NRCell-002,suburban,79,79,76,76,20,19,76,2,32.3,262.0,41.5,14.4,0
2026-07-08T03:30:00,gNB-001,NRCell-003,rural,37,37,36,36,14,14,36,0,38.2,260.3,29.6,5.7,0
2026-07-08T03:30:00,gNB-002,NRCell-004,urban,118,114,109,109,32,31,109,0,27.7,268.2,47.2,29.7,0
2026-07-08T03:30:00,gNB-002,NRCell-005,rural,28,26,25,25,10,10,25,0,39.3,246.0,31.7,4.9,0
2026-07-08T03:30:00,gNB-002,NRCell-006,degraded,69,65,64,62,23,19,62,0,27.8,267.5,33.9,15.1,0
2026-07-08T03:45:00,gNB-001,NRCell-001,urban,111,111,110,110,33,33,110,0,30.2,281.1,36.7,22.3,0
2026-07-08T03:45:00,gNB-001,NRCell-002,suburban,74,72,70,68,26,25,68,0,32.4,277.7,31.6,16.5,0
2026-07-08T03:45:00,gNB-001,NRCell-003,rural,43,43,40,40,11,11,40,3,39.6,258.8,32.7,6.5,0
2026-07-08T03:45:00,gNB-002,NRCell-004,urban,134,134,132,131,41,41,131,1,30.0,248.3,27.4,30.8,0
2026-07-08T03:45:00,gNB-002,NRCell-005,rural,27,27,26,26,8,8,26,0,43.1,241.7,36.8,5.6,0
2026-07-08T03:45:00,gNB-002,NRCell-006,degraded,74,71,68,67,30,29,67,2,31.0,277.7,46.6,12.8,0
2026-07-08T04:00:00,gNB-001,NRCell-001,urban,105,105,101,100,26,25,100,1,27.4,257.9,44.4,17.3,0
2026-07-08T04:00:00,gNB-001,NRCell-002,suburban,77,76,74,74,28,27,74,2,36.1,263.7,43.6,15.6,0
2026-07-08T04:00:00,gNB-001,NRCell-003,rural,38,36,34,34,13,13,34,0,42.5,228.3,22.9,9.2,0
2026-07-08T04:00:00,gNB-002,NRCell-004,urban,134,133,127,125,54,51,125,1,31.5,242.4,32.2,33.0,0
2026-07-08T04:00:00,gNB-002,NRCell-005,rural,31,30,29,28,12,12,28,1,43.4,260.1,34.5,6.0,0
2026-07-08T04:00:00,gNB-002,NRCell-006,degraded,75,74,71,68,23,23,68,2,31.5,285.2,33.1,10.8,0
2026-07-08T04:15:00,gNB-001,NRCell-001,urban,121,120,114,113,42,41,113,0,29.7,287.3,47.7,24.6,0
2026-07-08T04:15:00,gNB-001,NRCell-002,suburban,67,67,64,63,25,25,63,0,31.8,274.4,45.9,17.2,0
2026-07-08T04:15:00,gNB-001,NRCell-003,rural,38,36,35,35,12,12,35,0,40.4,269.5,48.5,6.4,0
2026-07-08T04:15:00,gNB-002,NRCell-004,urban,137,135,131,131,50,50,131,2,29.5,282.0,39.0,22.5,0
2026-07-08T04:15:00,gNB-002,NRCell-005,rural,27,27,25,25,9,9,25,0,43.9,233.9,34.1,4.6,0
2026-07-08T04:15:00,gNB-002,NRCell-006,degraded,92,87,86,83,22,19,83,2,29.2,296.6,45.1,21.3,0
2026-07-08T04:30:00,gNB-001,NRCell-001,urban,130,130,126,126,57,52,126,2,28.4,260.1,28.7,18.4,0
2026-07-08T04:30:00,gNB-001,NRCell-002,suburban,79,78,76,76,22,22,76,0,32.1,263.7,28.8,17.2,0
2026-07-08T04:30:00,gNB-001,NRCell-003,rural,41,41,39,39,12,12,39,0,45.1,255.7,44.6,6.1,0
2026-07-08T04:30:00,gNB-002,NRCell-004,urban,149,148,141,141,66,65,141,1,30.0,287.4,51.4,31.8,0
2026-07-08T04:30:00,gNB-002,NRCell-005,rural,29,28,27,26,11,10,26,0,46.0,234.3,23.5,5.7,0
2026-07-08T04:30:00,gNB-002,NRCell-006,degraded,76,75,71,66,33,31,66,1,30.9,280.4,33.8,12.6,0
2026-07-08T04:45:00,gNB-001,NRCell-001,urban,108,108,102,101,44,42,101,1,33.6,257.9,40.0,19.1,0
2026-07-08T04:45:00,gNB-001,NRCell-002,suburban,78,76,75,74,25,25,74,0,33.3,268.0,37.3,19.5,0
2026-07-08T04:45:00,gNB-001,NRCell-003,rural,33,32,30,30,8,8,30,2,39.9,240.2,40.0,9.7,0
2026-07-08T04:45:00,gNB-002,NRCell-004,urban,140,140,133,133,60,60,133,0,28.6,268.7,32.3,25.9,0
2026-07-08T04:45:00,gNB-002,NRCell-005,rural,31,31,30,29,9,8,29,0,38.4,242.9,25.4,5.9,0
2026-07-08T04:45:00,gNB-002,NRCell-006,degraded,79,71,70,69,29,26,69,0,30.6,278.7,42.0,20.9,0
2026-07-08T05:00:00,gNB-001,NRCell-001,urban,117,116,114,113,38,36,113,2,32.4,283.6,38.5,20.2,0
2026-07-08T05:00:00,gNB-001,NRCell-002,suburban,74,73,70,70,18,17,70,0,35.4,268.1,42.6,18.5,0
2026-07-08T05:00:00,gNB-001,NRCell-003,rural,39,38,36,36,11,11,36,0,40.9,226.8,27.5,8.5,0
2026-07-08T05:00:00,gNB-002,NRCell-004,urban,168,168,166,162,69,67,162,4,29.0,290.0,47.9,38.6,0
2026-07-08T05:00:00,gNB-002,NRCell-005,rural,27,27,26,26,10,10,26,0,38.4,238.0,37.2,6.0,0
2026-07-08T05:00:00,gNB-002,NRCell-006,degraded,85,82,78,77,29,27,77,2,29.5,274.5,36.9,19.2,0
2026-07-08T05:15:00,gNB-001,NRCell-001,urban,145,144,139,139,63,62,139,0,29.6,262.3,28.3,25.4,0
2026-07-08T05:15:00,gNB-001,NRCell-002,suburban,84,84,82,81,28,25,81,0,35.1,256.0,32.1,22.0,0
2026-07-08T05:15:00,gNB-001,NRCell-003,rural,35,35,34,34,14,14,34,0,41.5,235.6,31.4,6.1,0
2026-07-08T05:15:00,gNB-002,NRCell-004,urban,141,140,138,138,46,46,138,1,32.3,272.8,44.6,28.0,0
2026-07-08T05:15:00,gNB-002,NRCell-005,rural,32,32,31,30,9,8,30,1,46.3,216.5,32.5,5.7,0
2026-07-08T05:15:00,gNB-002,NRCell-006,degraded,101,96,92,91,30,29,91,4,30.2,292.4,32.4,18.9,0
2026-07-08T05:30:00,gNB-001,NRCell-001,urban,152,151,147,147,53,52,147,0,32.6,249.8,39.7,28.2,0
2026-07-08T05:30:00,gNB-001,NRCell-002,suburban,100,98,95,93,26,26,93,2,33.3,245.2,35.5,24.3,0
2026-07-08T05:30:00,gNB-001,NRCell-003,rural,44,44,43,42,15,15,42,1,46.1,238.7,36.0,6.6,0
2026-07-08T05:30:00,gNB-002,NRCell-004,urban,157,154,148,146,47,46,146,2,30.9,263.3,37.6,32.6,0
2026-07-08T05:30:00,gNB-002,NRCell-005,rural,26,26,25,25,8,7,25,0,46.8,206.9,32.7,6.5,0
2026-07-08T05:30:00,gNB-002,NRCell-006,degraded,110,106,103,102,30,27,102,3,33.6,278.8,28.3,21.6,0
2026-07-08T05:45:00,gNB-001,NRCell-001,urban,165,164,162,159,54,53,159,0,36.0,260.7,34.4,34.7,0
2026-07-08T05:45:00,gNB-001,NRCell-002,suburban,84,84,80,78,24,24,78,1,35.6,266.6,26.7,14.7,0
2026-07-08T05:45:00,gNB-001,NRCell-003,rural,46,46,45,45,19,19,45,0,46.9,233.3,35.7,8.6,0
2026-07-08T05:45:00,gNB-002,NRCell-004,urban,174,173,171,168,72,71,168,2,33.7,284.4,47.3,27.7,0
2026-07-08T05:45:00,gNB-002,NRCell-005,rural,28,28,27,27,7,7,27,0,46.8,241.4,25.5,6.4,0
2026-07-08T05:45:00,gNB-002,NRCell-006,degraded,86,83,79,77,32,29,77,0,34.2,270.5,46.3,16.6,0
2026-07-08T06:00:00,gNB-001,NRCell-001,urban,164,162,154,154,51,50,154,2,32.8,263.6,28.0,26.9,0
2026-07-08T06:00:00,gNB-001,NRCell-002,suburban,108,108,104,103,40,39,103,0,39.5,229.8,35.0,21.0,0
2026-07-08T06:00:00,gNB-001,NRCell-003,rural,44,44,43,43,14,13,43,0,48.6,216.9,34.9,7.3,0
2026-07-08T06:00:00,gNB-002,NRCell-004,urban,192,190,184,184,51,49,184,0,35.4,250.3,40.4,42.6,0
2026-07-08T06:00:00,gNB-002,NRCell-005,rural,29,29,28,28,8,8,28,0,45.9,227.0,37.7,5.2,0
2026-07-08T06:00:00,gNB-002,NRCell-006,degraded,105,101,98,96,28,26,96,4,37.9,256.7,35.5,19.3,0
2026-07-08T06:15:00,gNB-001,NRCell-001,urban,136,135,129,129,48,46,129,0,35.6,246.6,33.2,34.3,0
2026-07-08T06:15:00,gNB-001,NRCell-002,suburban,114,114,110,110,35,34,110,0,40.6,224.1,30.2,18.9,0
2026-07-08T06:15:00,gNB-001,NRCell-003,rural,51,50,47,47,13,13,47,3,48.1,218.4,24.5,9.8,0
2026-07-08T06:15:00,gNB-002,NRCell-004,urban,194,188,182,181,79,77,181,0,39.2,259.6,34.7,44.8,0
2026-07-08T06:15:00,gNB-002,NRCell-005,rural,33,32,31,31,11,11,31,0,43.6,257.7,26.8,7.8,0
2026-07-08T06:15:00,gNB-002,NRCell-006,degraded,125,120,117,116,33,33,116,1,35.7,240.8,32.3,25.5,0
2026-07-08T06:30:00,gNB-001,NRCell-001,urban,164,163,154,154,66,63,154,2,36.9,248.8,42.0,35.3,0
2026-07-08T06:30:00,gNB-001,NRCell-002,suburban,118,117,114,113,49,49,113,0,40.2,246.7,40.1,24.5,0
2026-07-08T06:30:00,gNB-001,NRCell-003,rural,43,43,41,40,16,15,40,0,50.0,213.7,21.8,10.4,0
2026-07-08T06:30:00,gNB-002,NRCell-004,urban,171,167,162,161,48,48,161,0,40.7,228.0,37.4,45.6,0
2026-07-08T06:30:00,gNB-002,NRCell-005,rural,32,32,31,31,13,13,31,0,49.3,205.3,34.7,5.3,0
2026-07-08T06:30:00,gNB-002,NRCell-006,degraded,100,95,94,92,36,34,92,2,39.7,271.1,42.5,24.1,0
2026-07-08T06:45:00,gNB-001,NRCell-001,urban,209,207,201,200,67,66,200,0,40.0,236.8,30.3,28.6,0
2026-07-08T06:45:00,gNB-001,NRCell-002,suburban,109,109,103,103,48,47,103,1,47.4,241.2,31.1,22.2,0
2026-07-08T06:45:00,gNB-001,NRCell-003,rural,46,45,43,43,17,17,43,1,50.9,227.3,39.7,10.8,0
2026-07-08T06:45:00,gNB-002,NRCell-004,urban,221,220,211,209,92,89,209,2,37.2,242.1,36.3,34.3,0
2026-07-08T06:45:00,gNB-002,NRCell-005,rural,33,33,31,31,12,12,31,0,45.3,254.5,45.2,5.5,0
2026-07-08T06:45:00,gNB-002,NRCell-006,degraded,133,125,122,121,46,45,121,0,36.2,273.0,48.7,23.6,0
2026-07-08T07:00:00,gNB-001,NRCell-001,urban,182,182,179,178,71,71,178,1,37.6,252.3,41.7,32.6,0
2026-07-08T07:00:00,gNB-001,NRCell-002,suburban,121,121,119,118,37,37,118,1,45.1,225.0,36.7,23.6,0
2026-07-08T07:00:00,gNB-001,NRCell-003,rural,47,47,46,46,15,13,46,0,54.8,227.0,36.5,8.2,0
2026-07-08T07:00:00,gNB-002,NRCell-004,urban,207,203,195,194,60,60,194,0,38.4,258.5,35.8,39.0,0
2026-07-08T07:00:00,gNB-002,NRCell-005,rural,37,37,36,36,9,9,36,1,52.4,209.9,26.0,5.3,0
2026-07-08T07:00:00,gNB-002,NRCell-006,degraded,145,138,131,127,49,46,127,4,42.1,245.1,42.7,24.6,0
2026-07-08T07:15:00,gNB-001,NRCell-001,urban,176,176,168,167,64,64,167,0,44.6,247.1,27.6,50.4,0
2026-07-08T07:15:00,gNB-001,NRCell-002,suburban,131,127,121,121,44,44,121,1,43.7,256.3,38.3,31.7,0
2026-07-08T07:15:00,gNB-001,NRCell-003,rural,58,56,53,52,15,15,52,0,56.7,213.0,29.1,11.0,0
2026-07-08T07:15:00,gNB-002,NRCell-004,urban,279,276,271,267,102,101,267,0,47.0,240.1,35.7,41.3,0
2026-07-08T07:15:00,gNB-002,NRCell-005,rural,37,36,35,35,11,11,35,0,53.9,219.5,34.3,6.2,0
2026-07-08T07:15:00,gNB-002,NRCell-006,degraded,111,106,102,100,47,41,100,2,46.3,241.1,36.0,21.9,0
2026-07-08T07:30:00,gNB-001,NRCell-001,urban,209,209,199,198,56,51,198,2,42.3,228.7,40.6,48.9,0
2026-07-08T07:30:00,gNB-001,NRCell-002,suburban,143,142,138,136,63,60,136,1,51.8,198.5,30.4,22.6,0
2026-07-08T07:30:00,gNB-001,NRCell-003,rural,51,49,47,47,14,14,47,0,54.4,204.0,34.7,8.9,0
2026-07-08T07:30:00,gNB-002,NRCell-004,urban,229,227,226,224,86,85,224,1,42.8,239.4,29.3,55.5,0
2026-07-08T07:30:00,gNB-002,NRCell-005,rural,34,34,32,31,13,12,31,0,49.1,235.7,36.5,5.8,0
2026-07-08T07:30:00,gNB-002,NRCell-006,degraded,170,165,161,152,65,59,152,4,41.2,248.4,34.5,30.8,0
2026-07-08T07:45:00,gNB-001,NRCell-001,urban,206,206,197,196,62,61,196,1,43.1,245.0,36.3,43.2,0
2026-07-08T07:45:00,gNB-001,NRCell-002,suburban,158,152,145,143,64,62,143,1,46.9,231.9,31.7,28.5,0
2026-07-08T07:45:00,gNB-001,NRCell-003,rural,55,54,51,51,18,17,51,0,53.4,221.2,33.7,9.7,0
2026-07-08T07:45:00,gNB-002,NRCell-004,urban,288,285,277,274,114,112,274,0,50.7,238.1,42.2,58.9,0
2026-07-08T07:45:00,gNB-002,NRCell-005,rural,39,38,36,36,10,10,36,0,56.6,204.0,20.8,6.3,0
2026-07-08T07:45:00,gNB-002,NRCell-006,degraded,159,153,148,146,58,51,146,3,48.8,213.7,25.0,37.5,0
2026-07-08T08:00:00,gNB-001,NRCell-001,urban,214,213,203,200,85,82,200,1,55.8,222.0,37.7,39.2,0
2026-07-08T08:00:00,gNB-001,NRCell-002,suburban,168,166,158,156,62,62,156,1,51.0,210.8,35.4,30.4,0
2026-07-08T08:00:00,gNB-001,NRCell-003,rural,65,63,61,60,28,27,60,1,60.8,187.4,18.8,12.8,0
2026-07-08T08:00:00,gNB-002,NRCell-004,urban,262,257,252,250,79,77,250,2,46.0,228.0,33.6,62.9,0
2026-07-08T08:00:00,gNB-002,NRCell-005,rural,45,44,42,42,18,17,42,0,53.9,216.6,35.5,10.5,0
2026-07-08T08:00:00,gNB-002,NRCell-006,degraded,181,169,161,159,52,49,159,1,51.3,222.0,35.0,32.9,0
2026-07-08T08:15:00,gNB-001,NRCell-001,urban,245,243,232,230,108,108,230,1,47.9,243.3,35.5,54.2,0
2026-07-08T08:15:00,gNB-001,NRCell-002,suburban,152,151,143,142,41,40,142,0,58.9,198.4,30.3,30.7,0
2026-07-08T08:15:00,gNB-001,NRCell-003,rural,68,65,64,64,22,22,64,0,67.2,168.1,28.6,10.4,0
2026-07-08T08:15:00,gNB-002,NRCell-004,urban,309,304,303,302,101,101,302,5,53.0,205.2,35.4,79.7,0
2026-07-08T08:15:00,gNB-002,NRCell-005,rural,54,54,52,52,23,23,52,2,63.2,189.6,27.0,11.6,0
2026-07-08T08:15:00,gNB-002,NRCell-006,degraded,149,143,141,135,61,59,135,1,51.2,218.4,32.6,40.4,0
2026-07-08T08:30:00,gNB-001,NRCell-001,urban,289,286,277,273,109,109,273,1,53.1,207.0,31.7,43.1,0
2026-07-08T08:30:00,gNB-001,NRCell-002,suburban,159,159,152,151,40,40,151,2,58.5,181.7,23.0,41.5,0
2026-07-08T08:30:00,gNB-001,NRCell-003,rural,63,62,60,60,18,17,60,1,56.7,212.2,35.3,8.9,0
2026-07-08T08:30:00,gNB-002,NRCell-004,urban,312,309,308,307,106,103,307,1,58.6,192.6,28.5,68.7,0
2026-07-08T08:30:00,gNB-002,NRCell-005,rural,52,52,50,49,22,21,49,0,67.4,174.3,27.4,7.5,0
2026-07-08T08:30:00,gNB-002,NRCell-006,degraded,193,186,176,170,78,74,170,2,58.3,209.1,33.9,41.9,0
2026-07-08T08:45:00,gNB-001,NRCell-001,urban,300,299,287,285,85,83,285,2,56.5,195.1,31.3,65.9,0
2026-07-08T08:45:00,gNB-001,NRCell-002,suburban,192,190,186,185,57,57,185,3,66.1,193.6,32.4,42.3,0
2026-07-08T08:45:00,gNB-001,NRCell-003,rural,69,69,67,67,29,29,67,1,71.4,180.1,29.1,10.8,0
2026-07-08T08:45:00,gNB-002,NRCell-004,urban,385,380,371,370,107,106,370,2,55.9,205.5,25.5,87.1,0
2026-07-08T08:45:00,gNB-002,NRCell-005,rural,55,55,54,54,23,23,54,2,69.2,160.3,18.1,9.4,0
2026-07-08T08:45:00,gNB-002,NRCell-006,degraded,223,213,207,200,82,74,200,6,61.7,206.1,22.7,40.0,0
2026-07-08T09:00:00,gNB-001,NRCell-001,urban,342,340,337,334,114,113,334,1,59.8,204.3,21.3,64.3,0
2026-07-08T09:00:00,gNB-001,NRCell-002,suburban,190,187,182,179,76,74,179,0,55.4,190.7,31.7,38.6,0
2026-07-08T09:00:00,gNB-001,NRCell-003,rural,72,71,69,69,23,23,69,0,67.3,172.2,23.6,11.0,0
2026-07-08T09:00:00,gNB-002,NRCell-004,urban,390,388,384,381,154,151,381,4,63.0,200.7,29.5,72.0,0
2026-07-08T09:00:00,gNB-002,NRCell-005,rural,57,57,56,56,20,20,56,0,63.0,194.1,33.5,8.9,0
2026-07-08T09:00:00,gNB-002,NRCell-006,degraded,234,228,221,215,57,52,215,8,53.8,213.3,32.1,34.1,0
2026-07-08T09:15:00,gNB-001,NRCell-001,urban,309,305,302,302,128,125,302,2,60.8,200.2,33.5,63.1,0
2026-07-08T09:15:00,gNB-001,NRCell-002,suburban,184,183,179,179,67,65,179,1,70.4,165.6,22.2,48.2,0
2026-07-08T09:15:00,gNB-001,NRCell-003,rural,75,74,72,70,19,19,70,1,61.6,195.9,34.5,15.2,0
2026-07-08T09:15:00,gNB-002,NRCell-004,urban,394,390,380,376,147,144,376,1,58.0,179.9,22.8,77.0,0
2026-07-08T09:15:00,gNB-002,NRCell-005,rural,55,55,53,52,24,24,52,0,67.5,190.4,23.7,10.7,0
2026-07-08T09:15:00,gNB-002,NRCell-006,degraded,216,207,198,189,75,71,189,6,62.4,204.1,30.1,51.7,0
2026-07-08T09:30:00,gNB-001,NRCell-001,urban,316,313,305,301,99,96,301,1,65.7,187.8,30.1,66.6,0
2026-07-08T09:30:00,gNB-001,NRCell-002,suburban,214,210,207,206,90,88,206,1,66.9,191.3,27.9,37.5,0
2026-07-08T09:30:00,gNB-001,NRCell-003,rural,92,91,87,87,30,30,87,0,68.1,168.7,28.9,14.7,0
2026-07-08T09:30:00,gNB-002,NRCell-004,urban,416,415,397,391,124,119,391,0,74.3,153.5,20.0,76.2,0
2026-07-08T09:30:00,gNB-002,NRCell-005,rural,65,64,61,60,24,24,60,0,63.4,192.0,26.5,11.5,0
2026-07-08T09:30:00,gNB-002,NRCell-006,degraded,237,230,225,224,68,65,224,8,61.6,191.8,28.9,59.6,0
2026-07-08T09:45:00,gNB-001,NRCell-001,urban,340,339,330,329,108,105,329,3,73.7,143.2,22.7,74.5,0
2026-07-08T09:45:00,gNB-001,NRCell-002,suburban,196,192,190,188,82,79,188,1,75.0,157.4,15.8,52.9,0
2026-07-08T09:45:00,gNB-001,NRCell-003,rural,70,69,68,68,26,25,68,0,71.6,149.2,19.0,14.6,0
2026-07-08T09:45:00,gNB-002,NRCell-004,urban,460,452,437,436,167,167,436,2,67.5,176.5,29.1,71.6,0
2026-07-08T09:45:00,gNB-002,NRCell-005,rural,44,44,42,41,11,11,41,1,68.1,178.4,18.3,11.7,0
2026-07-08T09:45:00,gNB-002,NRCell-006,degraded,269,255,253,246,64,55,246,5,61.7,180.1,24.5,45.7,0
2026-07-08T10:00:00,gNB-001,NRCell-001,urban,422,420,413,411,143,141,411,1,72.1,147.1,21.6,78.6,0
2026-07-08T10:00:00,gNB-001,NRCell-002,suburban,222,218,211,211,96,94,211,2,66.1,178.5,31.2,50.7,0
2026-07-08T10:00:00,gNB-001,NRCell-003,rural,88,88,83,81,24,24,81,1,77.9,159.9,20.9,19.1,0
2026-07-08T10:00:00,gNB-002,NRCell-004,urban,510,506,504,500,169,167,500,3,76.5,137.5,23.3,87.6,0
2026-07-08T10:00:00,gNB-002,NRCell-005,rural,64,62,61,60,21,20,60,0,82.0,143.5,19.9,12.0,0
2026-07-08T10:00:00,gNB-002,NRCell-006,degraded,267,258,251,248,108,102,248,2,78.7,147.8,17.0,43.7,0
2026-07-08T10:15:00,gNB-001,NRCell-001,urban,411,408,395,394,137,135,394,0,81.5,137.7,21.6,105.0,0
2026-07-08T10:15:00,gNB-001,NRCell-002,suburban,209,209,205,203,69,68,203,1,69.8,161.7,24.1,43.2,0
2026-07-08T10:15:00,gNB-001,NRCell-003,rural,78,76,74,72,33,31,72,1,71.2,177.4,23.6,17.9,0
2026-07-08T10:15:00,gNB-002,NRCell-004,urban,498,494,490,486,177,172,486,2,76.7,160.4,19.5,103.3,0
2026-07-08T10:15:00,gNB-002,NRCell-005,rural,61,61,58,58,23,23,58,1,70.4,151.9,17.8,9.6,0
2026-07-08T10:15:00,gNB-002,NRCell-006,degraded,271,260,259,255,77,71,255,3,66.7,183.4,22.1,72.4,0
2026-07-08T10:30:00,gNB-001,NRCell-001,urban,438,437,423,419,157,156,419,2,84.2,136.7,21.0,111.8,0
2026-07-08T10:30:00,gNB-001,NRCell-002,suburban,239,236,229,228,72,70,228,2,81.3,125.1,17.0,54.9,0
2026-07-08T10:30:00,gNB-001,NRCell-003,rural,83,81,80,80,34,28,80,1,69.6,170.3,29.3,18.8,0
2026-07-08T10:30:00,gNB-002,NRCell-004,urban,432,430,409,408,116,114,408,7,70.8,160.8,25.3,94.0,0
2026-07-08T10:30:00,gNB-002,NRCell-005,rural,77,75,72,72,31,30,72,1,88.5,118.4,13.0,15.8,0
2026-07-08T10:30:00,gNB-002,NRCell-006,degraded,291,282,275,265,104,98,265,4,72.6,158.1,25.4,47.8,0
2026-07-08T10:45:00,gNB-001,NRCell-001,urban,461,457,434,433,185,181,433,4,78.0,142.3,23.1,91.7,0
2026-07-08T10:45:00,gNB-001,NRCell-002,suburban,236,233,225,224,71,68,224,2,88.1,119.2,14.2,35.5,0
2026-07-08T10:45:00,gNB-001,NRCell-003,rural,85,85,84,84,23,22,84,1,80.4,144.3,20.9,19.6,0
2026-07-08T10:45:00,gNB-002,NRCell-004,urban,481,478,471,467,196,192,467,7,72.1,147.4,23.4,112.1,0
2026-07-08T10:45:00,gNB-002,NRCell-005,rural,71,69,67,67,18,18,67,0,81.3,138.2,23.3,16.1,0
2026-07-08T10:45:00,gNB-002,NRCell-006,degraded,263,256,250,243,107,98,243,3,82.9,123.8,14.6,49.3,0
2026-07-08T11:00:00,gNB-001,NRCell-001,urban,441,438,428,426,120,118,426,3,76.5,156.8,19.8,87.7,0
2026-07-08T11:00:00,gNB-001,NRCell-002,suburban,283,281,274,272,80,79,272,2,70.8,176.3,23.3,65.2,0
2026-07-08T11:00:00,gNB-001,NRCell-003,rural,97,95,91,91,38,37,91,1,76.5,141.4,19.1,17.6,0
2026-07-08T11:00:00,gNB-002,NRCell-004,urban,494,487,486,485,211,209,485,1,76.7,159.1,19.5,106.9,0
2026-07-08T11:00:00,gNB-002,NRCell-005,rural,64,64,61,61,22,22,61,0,76.6,162.4,26.9,14.6,0
2026-07-08T11:00:00,gNB-002,NRCell-006,degraded,320,311,301,293,121,115,293,7,78.5,139.2,16.8,59.6,0
2026-07-08T11:15:00,gNB-001,NRCell-001,urban,442,437,415,414,124,123,414,3,84.6,124.0,13.8,71.7,0
2026-07-08T11:15:00,gNB-001,NRCell-002,suburban,293,288,275,272,92,91,272,1,79.7,144.5,18.0,63.5,0
2026-07-08T11:15:00,gNB-001,NRCell-003,rural,87,84,80,78,36,36,78,1,87.6,134.1,19.5,14.7,0
2026-07-08T11:15:00,gNB-002,NRCell-004,urban,533,527,517,515,163,159,515,2,83.6,141.0,15.7,114.0,0
2026-07-08T11:15:00,gNB-002,NRCell-005,rural,53,52,50,49,17,14,49,0,72.2,158.9,27.2,11.3,0
2026-07-08T11:15:00,gNB-002,NRCell-006,degraded,255,244,241,235,89,86,235,5,89.4,118.2,12.4,44.0,0
2026-07-08T11:30:00,gNB-001,NRCell-001,urban,387,385,367,364,155,153,364,2,82.4,129.6,18.0,100.7,0
2026-07-08T11:30:00,gNB-001,NRCell-002,suburban,244,243,241,240,106,103,240,2,88.6,113.9,14.7,58.2,0
2026-07-08T11:30:00,gNB-001,NRCell-003,rural,96,95,92,92,26,25,92,0,80.4,128.4,13.6,20.7,0
2026-07-08T11:30:00,gNB-002,NRCell-004,urban,522,518,495,491,206,202,491,3,72.0,162.0,28.9,96.5,0
2026-07-08T11:30:00,gNB-002,NRCell-005,rural,76,74,73,72,29,29,72,1,90.7,105.3,14.7,13.0,0
2026-07-08T11:30:00,gNB-002,NRCell-006,degraded,292,276,264,258,114,104,258,4,87.2,113.0,19.5,69.4,0
2026-07-08T11:45:00,gNB-001,NRCell-001,urban,471,469,454,451,125,121,451,2,76.9,143.0,15.3,112.7,0
2026-07-08T11:45:00,gNB-001,NRCell-002,suburban,268,264,257,253,84,83,253,2,81.9,150.2,24.8,62.3,0
2026-07-08T11:45:00,gNB-001,NRCell-003,rural,77,75,73,73,21,21,73,1,89.1,114.7,19.9,19.0,0
2026-07-08T11:45:00,gNB-002,NRCell-004,urban,560,554,527,522,166,162,522,7,75.4,146.0,17.0,97.6,0
2026-07-08T11:45:00,gNB-002,NRCell-005,rural,62,61,60,60,24,24,60,0,88.5,113.9,15.7,14.5,0
2026-07-08T11:45:00,gNB-002,NRCell-006,degraded,285,274,270,267,112,107,267,7,85.0,128.0,23.0,63.4,0
2026-07-08T12:00:00,gNB-001,NRCell-001,urban,495,492,473,471,165,162,471,3,80.6,151.3,23.9,94.9,0
2026-07-08T12:00:00,gNB-001,NRCell-002,suburban,243,239,231,231,106,106,231,4,79.1,136.9,22.4,62.1,0
2026-07-08T12:00:00,gNB-001,NRCell-003,rural,95,94,89,88,33,33,88,0,89.5,117.7,18.8,20.6,0
2026-07-08T12:00:00,gNB-002,NRCell-004,urban,551,548,538,534,204,201,534,2,80.0,152.9,21.4,83.4,0
2026-07-08T12:00:00,gNB-002,NRCell-005,rural,61,61,60,60,16,15,60,0,94.2,115.2,14.6,10.0,0
2026-07-08T12:00:00,gNB-002,NRCell-006,degraded,307,297,287,280,95,86,280,7,87.0,113.3,18.9,59.1,0
2026-07-08T12:15:00,gNB-001,NRCell-001,urban,517,514,509,506,227,223,506,5,80.1,133.0,20.9,113.3,0
2026-07-08T12:15:00,gNB-001,NRCell-002,suburban,299,293,278,276,98,96,276,4,77.8,155.6,24.7,57.1,0
2026-07-08T12:15:00,gNB-001,NRCell-003,rural,93,92,87,86,39,37,86,2,80.7,146.7,25.0,16.5,0
2026-07-08T12:15:00,gNB-002,NRCell-004,urban,489,487,472,470,173,170,470,3,83.6,145.6,23.2,75.3,0
2026-07-08T12:15:00,gNB-002,NRCell-005,rural,82,82,79,78,26,26,78,0,90.7,105.8,12.7,14.3,0
2026-07-08T12:15:00,gNB-002,NRCell-006,degraded,302,288,281,272,105,98,272,8,72.4,156.3,24.9,49.9,0
2026-07-08T12:30:00,gNB-001,NRCell-001,urban,457,454,451,451,177,174,451,1,91.9,106.4,17.5,87.5,0
2026-07-08T12:30:00,gNB-001,NRCell-002,suburban,249,244,233,230,73,70,230,3,84.8,118.6,12.7,45.9,0
2026-07-08T12:30:00,gNB-001,NRCell-003,rural,91,90,88,87,30,30,87,0,90.6,113.0,13.0,19.5,0
2026-07-08T12:30:00,gNB-002,NRCell-004,urban,575,574,572,565,251,246,565,0,72.3,146.1,17.1,134.5,0
2026-07-08T12:30:00,gNB-002,NRCell-005,rural,59,58,56,56,21,20,56,0,86.9,119.0,16.2,11.3,0
2026-07-08T12:30:00,gNB-002,NRCell-006,degraded,281,265,259,250,105,96,250,3,74.4,165.3,21.6,73.5,0
2026-07-08T12:45:00,gNB-001,NRCell-001,urban,413,411,396,395,135,133,395,1,76.7,142.3,17.2,95.9,0
2026-07-08T12:45:00,gNB-001,NRCell-002,suburban,293,291,277,275,82,80,275,2,78.9,143.2,25.5,66.9,0
2026-07-08T12:45:00,gNB-001,NRCell-003,rural,86,85,82,79,21,20,79,0,78.4,131.8,15.7,16.6,0
2026-07-08T12:45:00,gNB-002,NRCell-004,urban,592,589,583,578,159,156,578,2,83.4,125.4,15.2,88.2,0
2026-07-08T12:45:00,gNB-002,NRCell-005,rural,60,60,57,57,25,25,57,0,81.2,133.9,18.4,13.3,0
2026-07-08T12:45:00,gNB-002,NRCell-006,degraded,349,338,329,320,112,98,320,4,86.6,121.1,17.4,59.5,0
2026-07-08T13:00:00,gNB-001,NRCell-001,urban,417,413,399,395,140,139,395,1,70.7,169.0,28.0,83.9,0
2026-07-08T13:00:00,gNB-001,NRCell-002,suburban,262,262,259,256,70,70,256,2,72.5,170.0,30.0,54.6,0
2026-07-08T13:00:00,gNB-001,NRCell-003,rural,94,93,91,90,38,38,90,0,88.4,121.2,14.5,18.3,0
2026-07-08T13:00:00,gNB-002,NRCell-004,urban,466,463,461,458,205,203,458,2,77.8,148.0,21.1,107.5,0
2026-07-08T13:00:00,gNB-002,NRCell-005,rural,61,59,56,56,26,26,56,0,84.0,135.6,17.8,12.2,0
2026-07-08T13:00:00,gNB-002,NRCell-006,degraded,306,296,287,281,125,112,281,2,82.6,147.8,26.1,49.6,0
2026-07-08T13:15:00,gNB-001,NRCell-001,urban,435,433,415,411,132,130,411,2,69.6,174.9,25.7,64.8,0
2026-07-08T13:15:00,gNB-001,NRCell-002,suburban,274,272,263,260,118,113,260,2,75.1,162.2,27.7,52.9,0
2026-07-08T13:15:00,gNB-001,NRCell-003,rural,90,89,87,86,39,37,86,0,72.7,146.1,23.3,19.4,0
2026-07-08T13:15:00,gNB-002,NRCell-004,urban,577,573,551,547,240,233,547,3,79.6,142.7,25.1,103.8,0
2026-07-08T13:15:00,gNB-002,NRCell-005,rural,59,59,58,57,14,13,57,1,75.2,151.3,25.3,11.3,0
2026-07-08T13:15:00,gNB-002,NRCell-006,degraded,327,309,298,287,110,103,287,5,79.9,131.1,23.5,74.5,0
2026-07-08T13:30:00,gNB-001,NRCell-001,urban,481,480,456,453,160,160,453,3,70.4,180.0,25.1,111.5,0
2026-07-08T13:30:00,gNB-001,NRCell-002,suburban,294,292,288,286,103,101,286,3,82.6,122.3,20.5,61.0,0
2026-07-08T13:30:00,gNB-001,NRCell-003,rural,86,84,83,82,36,34,82,1,79.8,147.3,26.4,14.2,0
2026-07-08T13:30:00,gNB-002,NRCell-004,urban,466,463,453,448,158,156,448,2,83.5,123.4,15.0,82.2,0
2026-07-08T13:30:00,gNB-002,NRCell-005,rural,57,55,52,52,18,18,52,1,74.2,148.1,24.0,15.9,0
2026-07-08T13:30:00,gNB-002,NRCell-006,degraded,298,282,268,265,80,78,265,7,79.6,134.1,18.7,55.9,0
2026-07-08T13:45:00,gNB-001,NRCell-001,urban,374,372,365,362,128,127,362,6,78.6,138.2,21.7,72.4,0
2026-07-08T13:45:00,gNB-001,NRCell-002,suburban,222,218,215,215,97,97,215,0,70.0,161.9,18.4,40.9,0
2026-07-08T13:45:00,gNB-001,NRCell-003,rural,97,95,93,92,25,25,92,0,81.7,146.3,22.0,18.6,0
2026-07-08T13:45:00,gNB-002,NRCell-004,urban,427,422,411,409,116,115,409,3,78.5,143.8,21.1,127.5,0
2026-07-08T13:45:00,gNB-002,NRCell-005,rural,66,66,63,63,17,17,63,1,82.5,128.6,14.4,15.2,0
2026-07-08T13:45:00,gNB-002,NRCell-006,degraded,282,269,261,254,100,92,254,5,80.9,132.7,15.9,48.7,0
2026-07-08T14:00:00,gNB-001,NRCell-001,urban,393,390,380,379,136,134,379,3,72.9,153.9,22.2,90.3,0
2026-07-08T14:00:00,gNB-001,NRCell-002,suburban,221,219,214,212,68,65,212,0,77.3,156.4,27.0,39.7,0
2026-07-08T14:00:00,gNB-001,NRCell-003,rural,91,90,85,84,34,33,84,0,72.3,160.9,18.4,17.4,0
2026-07-08T14:00:00,gNB-002,NRCell-004,urban,556,552,529,524,171,167,524,8,70.8,152.8,26.3,121.1,0
2026-07-08T14:00:00,gNB-002,NRCell-005,rural,56,55,52,51,17,17,51,0,77.7,135.0,23.8,10.1,0
2026-07-08T14:00:00,gNB-002,NRCell-006,degraded,253,240,230,219,82,76,219,6,67.3,184.8,26.0,43.6,0
2026-07-08T14:15:00,gNB-001,NRCell-001,urban,336,335,329,328,88,88,328,2,72.1,151.1,19.8,82.4,0
2026-07-08T14:15:00,gNB-001,NRCell-002,suburban,177,177,176,174,44,42,174,3,68.5,174.1,20.6,50.6,0
2026-07-08T14:15:00,gNB-001,NRCell-003,rural,90,88,84,84,36,35,84,0,79.3,138.7,19.5,12.6,0
2026-07-08T14:15:00,gNB-002,NRCell-004,urban,462,454,448,447,177,176,447,2,74.3,159.3,24.1,89.8,0
2026-07-08T14:15:00,gNB-002,NRCell-005,rural,49,49,46,45,13,13,45,0,78.2,146.2,19.6,15.3,0
2026-07-08T14:15:00,gNB-002,NRCell-006,degraded,260,247,236,224,84,79,224,8,70.4,159.6,20.0,60.9,0
2026-07-08T14:30:00,gNB-001,NRCell-001,urban,432,430,424,419,150,146,419,0,73.9,171.9,25.5,61.5,0
2026-07-08T14:30:00,gNB-001,NRCell-002,suburban,188,185,179,176,69,69,176,2,64.1,171.2,29.4,49.2,0
2026-07-08T14:30:00,gNB-001,NRCell-003,rural,84,84,81,80,24,23,80,0,65.1,176.9,27.8,15.3,0
2026-07-08T14:30:00,gNB-002,NRCell-004,urban,392,388,387,384,101,97,384,1,63.6,195.9,32.1,97.1,0
2026-07-08T14:30:00,gNB-002,NRCell-005,rural,50,50,49,49,18,16,49,1,71.5,156.3,16.4,12.1,0
2026-07-08T14:30:00,gNB-002,NRCell-006,degraded,262,249,246,240,70,67,240,5,59.7,203.5,25.1,36.6,0
2026-07-08T14:45:00,gNB-001,NRCell-001,urban,351,349,341,340,125,123,340,1,71.0,174.8,18.7,65.9,0
2026-07-08T14:45:00,gNB-001,NRCell-002,suburban,218,216,211,208,88,85,208,2,61.2,193.8,25.0,42.2,0
2026-07-08T14:45:00,gNB-001,NRCell-003,rural,72,71,67,67,26,25,67,2,78.7,139.2,14.8,12.0,0
2026-07-08T14:45:00,gNB-002,NRCell-004,urban,350,347,334,331,127,126,331,3,61.7,193.4,21.0,69.5,0
2026-07-08T14:45:00,gNB-002,NRCell-005,rural,59,59,57,56,16,16,56,0,62.8,195.2,34.0,13.5,0
2026-07-08T14:45:00,gNB-002,NRCell-006,degraded,273,264,253,246,68,68,246,6,67.5,183.7,24.9,61.0,0
2026-07-08T15:00:00,gNB-001,NRCell-001,urban,363,360,359,355,146,143,355,0,59.3,207.0,24.3,88.3,0
2026-07-08T15:00:00,gNB-001,NRCell-002,suburban,201,201,199,198,69,66,198,1,71.9,154.2,24.8,42.7,0
2026-07-08T15:00:00,gNB-001,NRCell-003,rural,77,76,74,72,26,25,72,0,62.1,207.1,29.8,16.9,0
2026-07-08T15:00:00,gNB-002,NRCell-004,urban,333,329,325,323,114,113,323,3,61.6,180.3,29.9,72.9,0
2026-07-08T15:00:00,gNB-002,NRCell-005,rural,47,44,42,42,13,13,42,0,67.0,169.6,17.4,9.1,0
2026-07-08T15:00:00,gNB-002,NRCell-006,degraded,257,246,244,237,69,64,237,5,63.7,170.1,24.4,54.1,0
2026-07-08T15:15:00,gNB-001,NRCell-001,urban,358,356,342,341,142,140,341,0,57.7,203.5,35.6,75.9,0
2026-07-08T15:15:00,gNB-001,NRCell-002,suburban,215,212,211,209,83,82,209,3,69.5,161.0,27.4,40.9,0
2026-07-08T15:15:00,gNB-001,NRCell-003,rural,71,70,69,69,24,22,69,1,62.9,190.0,29.6,16.9,0
2026-07-08T15:15:00,gNB-002,NRCell-004,urban,433,429,419,414,187,184,414,1,61.4,188.8,31.3,82.2,0
2026-07-08T15:15:00,gNB-002,NRCell-005,rural,54,54,53,52,22,21,52,0,71.4,179.8,22.3,10.8,0
2026-07-08T15:15:00,gNB-002,NRCell-006,degraded,245,230,228,223,79,74,223,7,55.3,194.8,30.6,41.8,0
2026-07-08T15:30:00,gNB-001,NRCell-001,urban,350,348,344,343,152,150,343,3,66.2,187.5,25.8,52.2,0
2026-07-08T15:30:00,gNB-001,NRCell-002,suburban,188,185,180,179,78,77,179,1,60.6,198.5,30.1,35.8,0
2026-07-08T15:30:00,gNB-001,NRCell-003,rural,61,60,58,57,26,26,57,2,71.0,162.1,22.4,14.6,0
2026-07-08T15:30:00,gNB-002,NRCell-004,urban,342,339,336,334,140,138,334,2,55.0,203.8,23.0,60.7,0
2026-07-08T15:30:00,gNB-002,NRCell-005,rural,48,47,45,44,17,15,44,1,59.7,214.0,28.3,8.5,0
2026-07-08T15:30:00,gNB-002,NRCell-006,degraded,202,194,187,181,58,52,181,5,62.7,191.7,24.2,32.8,0
2026-07-08T15:45:00,gNB-001,NRCell-001,urban,347,344,327,326,120,118,326,0,53.4,205.9,20.7,65.4,0
2026-07-08T15:45:00,gNB-001,NRCell-002,suburban,172,170,169,168,61,59,168,2,56.4,222.5,23.5,40.8,0
2026-07-08T15:45:00,gNB-001,NRCell-003,rural,59,58,55,54,22,22,54,1,61.7,182.3,27.1,12.2,0
2026-07-08T15:45:00,gNB-002,NRCell-004,urban,354,351,335,335,118,118,335,2,58.0,197.6,34.0,95.8,0
2026-07-08T15:45:00,gNB-002,NRCell-005,rural,44,44,42,42,18,18,42,0,61.9,204.1,20.6,9.2,0
2026-07-08T15:45:00,gNB-002,NRCell-006,degraded,240,231,228,223,96,91,223,6,63.3,199.5,25.4,49.0,0
2026-07-08T16:00:00,gNB-001,NRCell-001,urban,368,365,359,358,161,160,358,2,57.9,187.7,23.0,76.9,0
2026-07-08T16:00:00,gNB-001,NRCell-002,suburban,182,180,172,169,47,44,169,3,56.9,208.3,22.4,28.1,0
2026-07-08T16:00:00,gNB-001,NRCell-003,rural,88,86,84,84,28,27,84,0,60.5,180.6,24.9,16.9,0
2026-07-08T16:00:00,gNB-002,NRCell-004,urban,339,337,332,329,131,129,329,2,53.5,201.0,27.5,75.5,0
2026-07-08T16:00:00,gNB-002,NRCell-005,rural,45,45,44,44,19,18,44,0,64.2,176.9,26.0,10.7,0
2026-07-08T16:00:00,gNB-002,NRCell-006,degraded,200,192,184,174,51,45,174,4,65.6,192.6,28.1,38.8,0
2026-07-08T16:15:00,gNB-001,NRCell-001,urban,273,271,263,262,84,83,262,1,62.3,187.2,20.3,53.4,0
2026-07-08T16:15:00,gNB-001,NRCell-002,suburban,167,166,161,160,70,67,160,0,66.7,180.3,31.6,38.4,0
2026-07-08T16:15:00,gNB-001,NRCell-003,rural,66,66,64,64,29,28,64,0,66.6,171.0,24.3,13.4,0
2026-07-08T16:15:00,gNB-002,NRCell-004,urban,376,374,372,368,101,98,368,3,55.3,207.6,35.4,87.3,0
2026-07-08T16:15:00,gNB-002,NRCell-005,rural,54,53,50,49,14,14,49,0,59.4,214.1,32.8,8.3,0
2026-07-08T16:15:00,gNB-002,NRCell-006,degraded,221,211,206,202,65,62,202,5,60.3,179.4,28.7,33.5,0
2026-07-08T16:30:00,gNB-001,NRCell-001,urban,296,294,283,280,88,87,280,1,59.3,209.8,32.9,63.0,0
2026-07-08T16:30:00,gNB-001,NRCell-002,suburban,198,196,190,189,68,65,189,3,57.0,195.9,21.3,40.3,0
2026-07-08T16:30:00,gNB-001,NRCell-003,rural,67,65,62,62,16,16,62,1,60.3,191.1,25.4,12.2,0
2026-07-08T16:30:00,gNB-002,NRCell-004,urban,351,346,334,334,94,91,334,1,63.8,197.4,32.4,73.3,0
2026-07-08T16:30:00,gNB-002,NRCell-005,rural,52,52,51,50,20,20,50,0,59.2,192.7,22.4,11.4,0
2026-07-08T16:30:00,gNB-002,NRCell-006,degraded,198,192,187,182,75,66,182,1,64.3,193.4,26.9,41.7,0
2026-07-08T16:45:00,gNB-001,NRCell-001,urban,313,311,305,304,115,111,304,5,64.9,181.2,29.6,57.0,0
2026-07-08T16:45:00,gNB-001,NRCell-002,suburban,173,173,172,172,50,46,172,0,63.9,171.1,22.7,28.0,0
2026-07-08T16:45:00,gNB-001,NRCell-003,rural,65,63,60,60,24,24,60,2,73.0,160.9,25.1,11.8,0
2026-07-08T16:45:00,gNB-002,NRCell-004,urban,383,382,366,364,134,132,364,0,62.5,196.6,30.4,93.4,0
2026-07-08T16:45:00,gNB-002,NRCell-005,rural,53,51,49,49,13,13,49,0,63.3,168.2,19.8,10.4,0
2026-07-08T16:45:00,gNB-002,NRCell-006,degraded,196,188,183,178,80,78,178,5,55.1,216.7,30.4,39.8,0
2026-07-08T17:00:00,gNB-001,NRCell-001,urban,358,355,342,340,151,148,340,0,63.1,178.7,28.7,78.4,0
2026-07-08T17:00:00,gNB-001,NRCell-002,suburban,192,188,185,184,48,46,184,3,60.0,182.2,23.5,32.7,0
2026-07-08T17:00:00,gNB-001,NRCell-003,rural,77,74,70,70,24,23,70,1,65.2,188.0,32.0,13.4,0
2026-07-08T17:00:00,gNB-002,NRCell-004,urban,358,355,344,341,108,107,341,2,55.8,184.9,31.4,74.1,0
2026-07-08T17:00:00,gNB-002,NRCell-005,rural,47,47,45,45,16,15,45,2,72.9,146.1,17.5,8.2,0
2026-07-08T17:00:00,gNB-002,NRCell-006,degraded,248,238,232,226,105,98,226,3,58.5,197.0,32.2,55.6,0
2026-07-08T17:15:00,gNB-001,NRCell-001,urban,332,330,326,323,147,146,323,0,64.3,176.1,26.9,59.0,0
2026-07-08T17:15:00,gNB-001,NRCell-002,suburban,228,226,222,220,75,72,220,1,65.8,175.4,20.4,49.6,0
2026-07-08T17:15:00,gNB-001,NRCell-003,rural,67,65,63,63,23,23,63,1,71.6,175.9,25.9,15.7,0
2026-07-08T17:15:00,gNB-002,NRCell-004,urban,407,403,390,388,154,151,388,4,58.8,200.5,26.5,105.8,0
2026-07-08T17:15:00,gNB-002,NRCell-005,rural,49,49,47,45,13,13,45,0,68.1,176.0,26.2,8.8,0
2026-07-08T17:15:00,gNB-002,NRCell-006,degraded,220,210,206,202,85,73,202,3,67.7,158.0,19.4,37.7,0
2026-07-08T17:30:00,gNB-001,NRCell-001,urban,337,335,334,329,102,100,329,1,63.6,185.7,22.2,54.3,0
2026-07-08T17:30:00,gNB-001,NRCell-002,suburban,227,227,218,213,73,71,213,1,74.6,159.2,19.3,38.3,0
2026-07-08T17:30:00,gNB-001,NRCell-003,rural,71,69,65,65,30,27,65,4,70.9,174.4,30.1,16.1,0
2026-07-08T17:30:00,gNB-002,NRCell-004,urban,391,384,373,370,109,105,370,2,71.6,176.8,24.5,86.5,0
2026-07-08T17:30:00,gNB-002,NRCell-005,rural,52,52,51,50,19,19,50,1,78.5,143.4,14.8,13.2,0
2026-07-08T17:30:00,gNB-002,NRCell-006,degraded,244,240,233,226,95,90,226,5,69.0,165.1,29.3,49.6,0
2026-07-08T17:45:00,gNB-001,NRCell-001,urban,393,391,383,382,168,168,382,0,66.5,171.3,20.0,68.5,0
2026-07-08T17:45:00,gNB-001,NRCell-002,suburban,225,222,218,217,76,73,217,2,78.7,146.8,23.0,44.1,0
2026-07-08T17:45:00,gNB-001,NRCell-003,rural,79,78,77,74,24,23,74,1,77.3,159.3,24.1,12.4,0
2026-07-08T17:45:00,gNB-002,NRCell-004,urban,353,347,342,339,155,149,339,2,62.9,200.6,28.2,75.9,0
2026-07-08T17:45:00,gNB-002,NRCell-005,rural,63,62,60,58,17,17,58,0,81.7,142.7,25.4,9.8,0
2026-07-08T17:45:00,gNB-002,NRCell-006,degraded,221,213,212,201,87,82,201,5,61.8,174.1,22.5,62.4,0
2026-07-08T18:00:00,gNB-001,NRCell-001,urban,381,380,361,359,121,119,359,2,73.5,148.6,15.6,66.9,0
2026-07-08T18:00:00,gNB-001,NRCell-002,suburban,233,231,222,220,101,100,220,1,68.5,157.7,25.3,52.5,0
2026-07-08T18:00:00,gNB-001,NRCell-003,rural,84,83,79,79,28,28,79,2,81.5,128.3,13.4,20.0,0
2026-07-08T18:00:00,gNB-002,NRCell-004,urban,375,371,354,353,147,146,353,2,67.5,161.6,27.8,65.5,0
2026-07-08T18:00:00,gNB-002,NRCell-005,rural,55,54,53,52,20,20,52,0,69.8,160.9,27.8,11.6,0
2026-07-08T18:00:00,gNB-002,NRCell-006,degraded,318,305,301,296,105,99,296,4,71.7,150.9,16.8,51.6,0
2026-07-08T18:15:00,gNB-001,NRCell-001,urban,471,465,444,441,203,200,441,0,76.1,141.6,23.3,85.4,0
2026-07-08T18:15:00,gNB-001,NRCell-002,suburban,222,222,219,218,85,84,218,0,69.4,180.5,20.9,47.1,0
2026-07-08T18:15:00,gNB-001,NRCell-003,rural,89,87,83,82,36,36,82,0,75.4,139.4,17.8,15.5,0
2026-07-08T18:15:00,gNB-002,NRCell-004,urban,461,455,452,451,193,188,451,5,72.2,147.0,23.4,73.4,0
2026-07-08T18:15:00,gNB-002,NRCell-005,rural,64,62,59,59,15,14,59,0,77.5,141.6,17.4,15.4,0
2026-07-08T18:15:00,gNB-002,NRCell-006,degraded,270,258,251,245,111,103,245,7,79.8,138.0,20.3,55.0,0
2026-07-08T18:30:00,gNB-001,NRCell-001,urban,360,358,356,351,107,103,351,5,80.3,151.8,19.8,81.1,0
2026-07-08T18:30:00,gNB-001,NRCell-002,suburban,242,239,236,234,83,81,234,2,84.0,128.2,20.1,65.8,0
2026-07-08T18:30:00,gNB-001,NRCell-003,rural,83,82,78,78,27,27,78,0,86.1,133.5,13.4,14.3,0
2026-07-08T18:30:00,gNB-002,NRCell-004,urban,516,510,501,496,141,140,496,3,82.5,139.9,24.5,89.7,0
2026-07-08T18:30:00,gNB-002,NRCell-005,rural,75,75,71,70,22,22,70,0,89.2,125.5,13.0,10.2,0
2026-07-08T18:30:00,gNB-002,NRCell-006,degraded,281,269,267,264,105,99,264,3,81.0,144.0,15.9,65.3,0
2026-07-08T18:45:00,gNB-001,NRCell-001,urban,462,458,448,445,176,171,445,1,87.1,120.5,20.5,95.1,0
2026-07-08T18:45:00,gNB-001,NRCell-002,suburban,271,270,265,262,110,109,262,3,93.2,100.5,17.4,61.4,0
2026-07-08T18:45:00,gNB-001,NRCell-003,rural,81,80,78,78,29,28,78,0,86.8,119.1,18.8,14.0,0
2026-07-08T18:45:00,gNB-002,NRCell-004,urban,641,637,627,623,278,268,623,8,88.6,128.1,19.6,96.5,0
2026-07-08T18:45:00,gNB-002,NRCell-005,rural,64,64,61,59,23,20,59,1,93.2,113.6,18.4,14.3,0
2026-07-08T18:45:00,gNB-002,NRCell-006,degraded,338,320,311,302,138,130,302,7,91.1,119.5,14.9,70.2,0
2026-07-08T19:00:00,gNB-001,NRCell-001,urban,490,486,467,464,178,174,464,3,81.0,135.5,19.0,80.6,0
2026-07-08T19:00:00,gNB-001,NRCell-002,suburban,299,295,286,284,125,122,284,3,93.7,116.4,13.5,69.9,0
2026-07-08T19:00:00,gNB-001,NRCell-003,rural,88,88,86,86,29,29,86,0,80.1,146.6,22.0,18.6,0
2026-07-08T19:00:00,gNB-002,NRCell-004,urban,623,621,609,607,188,185,607,4,85.4,124.6,21.3,121.6,0
2026-07-08T19:00:00,gNB-002,NRCell-005,rural,73,71,67,66,22,22,66,2,76.5,156.9,16.5,15.6,0
2026-07-08T19:00:00,gNB-002,NRCell-006,degraded,343,333,331,320,141,134,320,3,93.4,108.9,12.7,65.4,0
2026-07-08T19:15:00,gNB-001,NRCell-001,urban,497,494,487,482,196,193,482,3,88.6,127.3,17.6,108.8,0
2026-07-08T19:15:00,gNB-001,NRCell-002,suburban,271,269,258,254,81,74,254,5,87.4,79.8,12.1,49.4,0
2026-07-08T19:15:00,gNB-001,NRCell-003,rural,83,81,77,77,22,21,77,1,92.6,103.2,11.7,16.6,0
2026-07-08T19:15:00,gNB-002,NRCell-004,urban,582,579,561,559,161,157,559,2,91.2,119.8,15.7,92.0,0
2026-07-08T19:15:00,gNB-002,NRCell-005,rural,62,62,61,61,18,17,61,2,98.0,101.7,17.8,15.6,0
2026-07-08T19:15:00,gNB-002,NRCell-006,degraded,281,270,259,256,78,69,256,2,98.1,90.5,12.2,61.7,0
2026-07-08T19:30:00,gNB-001,NRCell-001,urban,547,540,517,517,230,225,517,4,83.4,134.6,23.1,115.0,0
2026-07-08T19:30:00,gNB-001,NRCell-002,suburban,300,295,284,282,96,88,282,8,95.1,76.0,12.0,72.9,0
2026-07-08T19:30:00,gNB-001,NRCell-003,rural,95,93,90,89,41,39,89,1,82.2,124.5,19.2,19.2,0
2026-07-08T19:30:00,gNB-002,NRCell-004,urban,560,553,527,521,177,173,521,4,78.6,138.9,22.3,133.1,0
2026-07-08T19:30:00,gNB-002,NRCell-005,rural,66,64,60,59,17,15,59,0,87.6,114.2,13.8,17.9,0
2026-07-08T19:30:00,gNB-002,NRCell-006,degraded,297,287,277,270,108,100,270,5,97.6,99.0,10.5,51.0,0
2026-07-08T19:45:00,gNB-001,NRCell-001,urban,473,470,448,446,197,194,446,1,92.5,106.2,14.2,83.7,0
2026-07-08T19:45:00,gNB-001,NRCell-002,suburban,314,313,303,303,120,110,303,7,99.0,58.9,6.3,60.7,0
2026-07-08T19:45:00,gNB-001,NRCell-003,rural,84,82,79,79,26,23,79,2,83.1,124.2,14.4,15.6,0
2026-07-08T19:45:00,gNB-002,NRCell-004,urban,591,586,571,565,259,254,565,2,91.9,110.1,16.1,89.5,0
2026-07-08T19:45:00,gNB-002,NRCell-005,rural,74,73,72,71,23,23,71,0,90.6,103.4,12.9,16.7,0
2026-07-08T19:45:00,gNB-002,NRCell-006,degraded,276,265,256,243,76,66,243,4,99.0,91.9,10.8,76.4,0
2026-07-08T20:00:00,gNB-001,NRCell-001,urban,442,441,426,422,138,135,422,1,90.1,127.2,19.0,105.3,0
2026-07-08T20:00:00,gNB-001,NRCell-002,suburban,287,284,273,271,116,111,271,7,91.4,79.8,10.1,48.0,0
2026-07-08T20:00:00,gNB-001,NRCell-003,rural,104,104,102,101,34,32,101,3,81.8,151.1,21.4,20.7,0
2026-07-08T20:00:00,gNB-002,NRCell-004,urban,692,690,683,677,250,248,677,3,96.0,105.5,14.8,127.9,0
2026-07-08T20:00:00,gNB-002,NRCell-005,rural,85,85,83,83,29,28,83,0,79.4,151.7,21.3,15.3,0
2026-07-08T20:00:00,gNB-002,NRCell-006,degraded,331,316,312,301,88,79,301,5,99.0,90.9,16.4,72.4,0
2026-07-08T20:15:00,gNB-001,NRCell-001,urban,481,476,458,456,190,187,456,4,85.8,132.0,15.6,83.2,0
2026-07-08T20:15:00,gNB-001,NRCell-002,suburban,234,233,227,222,100,93,222,2,92.0,76.1,7.6,63.7,0
2026-07-08T20:15:00,gNB-001,NRCell-003,rural,90,89,84,83,38,37,83,0,91.0,115.4,16.1,17.1,0
2026-07-08T20:15:00,gNB-002,NRCell-004,urban,573,570,544,539,166,164,539,5,89.8,127.7,17.2,126.7,0
2026-07-08T20:15:00,gNB-002,NRCell-005,rural,66,65,63,63,27,27,63,0,94.7,113.3,19.6,15.8,0
2026-07-08T20:15:00,gNB-002,NRCell-006,degraded,311,298,295,286,123,115,286,6,88.0,131.4,17.3,59.8,0
2026-07-08T20:30:00,gNB-001,NRCell-001,urban,525,520,508,505,134,134,505,7,76.9,143.2,23.1,80.9,0
2026-07-08T20:30:00,gNB-001,NRCell-002,suburban,276,273,267,263,94,89,263,4,95.8,75.0,10.8,52.9,0
2026-07-08T20:30:00,gNB-001,NRCell-003,rural,88,88,86,84,37,36,84,1,89.5,118.8,15.0,21.0,0
2026-07-08T20:30:00,gNB-002,NRCell-004,urban,516,512,492,487,158,157,487,2,90.3,124.3,14.1,98.8,0
2026-07-08T20:30:00,gNB-002,NRCell-005,rural,78,78,75,74,27,26,74,0,89.6,116.3,18.2,12.8,0
2026-07-08T20:30:00,gNB-002,NRCell-006,degraded,87,0,0,0,0,0,0,0,0.0,0.0,0.0,0.0,900
2026-07-08T20:45:00,gNB-001,NRCell-001,urban,582,581,579,572,162,156,572,0,82.5,135.5,16.5,118.8,0
2026-07-08T20:45:00,gNB-001,NRCell-002,suburban,268,263,251,249,72,68,249,3,76.6,97.0,11.6,62.5,0
2026-07-08T20:45:00,gNB-001,NRCell-003,rural,102,100,96,95,29,28,95,3,84.5,118.5,13.7,15.3,0
2026-07-08T20:45:00,gNB-002,NRCell-004,urban,507,501,495,487,177,171,487,6,79.3,145.4,17.4,128.0,0
2026-07-08T20:45:00,gNB-002,NRCell-005,rural,73,72,70,69,26,26,69,0,93.8,99.5,10.1,16.8,0
2026-07-08T20:45:00,gNB-002,NRCell-006,degraded,301,290,283,274,83,77,274,6,95.5,106.3,12.3,48.6,0
2026-07-08T21:00:00,gNB-001,NRCell-001,urban,476,472,456,454,139,137,454,2,84.4,140.4,24.7,76.2,0
2026-07-08T21:00:00,gNB-001,NRCell-002,suburban,310,306,302,298,102,93,298,8,90.7,83.8,13.9,50.6,0
2026-07-08T21:00:00,gNB-001,NRCell-003,rural,96,96,93,92,27,25,92,2,93.2,115.0,17.6,18.0,0
2026-07-08T21:00:00,gNB-002,NRCell-004,urban,487,484,480,473,193,189,473,4,85.4,137.5,16.9,84.6,0
2026-07-08T21:00:00,gNB-002,NRCell-005,rural,74,71,70,69,21,21,69,0,83.7,142.7,25.0,11.2,0
2026-07-08T21:00:00,gNB-002,NRCell-006,degraded,301,287,274,272,92,87,272,5,90.6,109.2,17.5,77.0,0
2026-07-08T21:15:00,gNB-001,NRCell-001,urban,465,460,445,440,194,192,440,5,83.5,124.3,19.0,82.2,0
2026-07-08T21:15:00,gNB-001,NRCell-002,suburban,230,227,218,216,65,63,216,2,78.4,111.6,19.5,45.2,0
2026-07-08T21:15:00,gNB-001,NRCell-003,rural,88,87,83,81,28,27,81,0,82.5,127.4,18.2,19.5,0
2026-07-08T21:15:00,gNB-002,NRCell-004,urban,469,461,452,448,198,194,448,7,76.0,157.7,23.7,119.5,0
2026-07-08T21:15:00,gNB-002,NRCell-005,rural,58,58,57,57,14,14,57,1,72.1,163.3,22.5,12.8,0
2026-07-08T21:15:00,gNB-002,NRCell-006,degraded,296,279,271,268,96,92,268,6,78.6,153.5,22.6,51.1,0
2026-07-08T21:30:00,gNB-001,NRCell-001,urban,437,433,432,431,189,186,431,0,78.4,151.7,18.2,74.8,0
2026-07-08T21:30:00,gNB-001,NRCell-002,suburban,257,253,247,246,86,84,246,3,66.6,113.4,18.8,38.0,0
2026-07-08T21:30:00,gNB-001,NRCell-003,rural,78,77,74,72,23,22,72,2,73.3,174.3,23.9,14.4,0
2026-07-08T21:30:00,gNB-002,NRCell-004,urban,416,412,407,404,153,147,404,1,72.5,159.5,21.0,93.3,0
2026-07-08T21:30:00,gNB-002,NRCell-005,rural,57,56,55,55,14,14,55,0,78.7,150.0,20.9,16.3,0
2026-07-08T21:30:00,gNB-002,NRCell-006,degraded,255,241,236,226,91,85,226,6,72.9,169.3,27.3,52.2,0
2026-07-08T21:45:00,gNB-001,NRCell-001,urban,419,414,403,400,179,177,400,4,72.5,177.7,21.7,72.2,0
2026-07-08T21:45:00,gNB-001,NRCell-002,suburban,228,227,218,218,91,89,218,1,71.0,171.7,24.2,53.0,0
2026-07-08T21:45:00,gNB-001,NRCell-003,rural,84,82,81,80,35,35,80,0,77.6,135.6,17.5,17.6,0
2026-07-08T21:45:00,gNB-002,NRCell-004,urban,342,341,336,335,143,140,335,0,75.1,153.2,20.1,92.1,0
2026-07-08T21:45:00,gNB-002,NRCell-005,rural,67,66,64,64,19,19,64,3,75.3,156.3,28.0,13.4,0
2026-07-08T21:45:00,gNB-002,NRCell-006,degraded,265,243,242,236,72,66,236,4,71.8,171.2,29.0,50.9,0
2026-07-08T22:00:00,gNB-001,NRCell-001,urban,416,412,410,408,182,181,408,1,66.9,160.5,24.9,63.3,0
2026-07-08T22:00:00,gNB-001,NRCell-002,suburban,227,225,222,219,62,60,219,2,65.8,169.5,18.0,37.5,0
2026-07-08T22:00:00,gNB-001,NRCell-003,rural,82,82,80,80,28,26,80,1,76.0,151.7,18.9,18.7,0
2026-07-08T22:00:00,gNB-002,NRCell-004,urban,410,407,391,389,129,127,389,0,66.8,191.5,22.4,79.3,0
2026-07-08T22:00:00,gNB-002,NRCell-005,rural,49,49,47,47,16,15,47,1,75.9,138.9,22.1,12.5,0
2026-07-08T22:00:00,gNB-002,NRCell-006,degraded,248,231,220,218,86,79,218,6,62.4,171.3,27.3,53.9,0
2026-07-08T22:15:00,gNB-001,NRCell-001,urban,449,438,423,421,195,192,421,2,76.4,67.6,10.6,93.4,0
2026-07-08T22:15:00,gNB-001,NRCell-002,suburban,200,199,196,196,59,59,196,2,65.1,181.7,23.5,34.7,0
2026-07-08T22:15:00,gNB-001,NRCell-003,rural,71,71,70,69,21,21,69,0,66.2,192.4,24.2,12.0,0
2026-07-08T22:15:00,gNB-002,NRCell-004,urban,378,375,356,349,120,118,349,3,65.6,171.3,17.4,60.3,0
2026-07-08T22:15:00,gNB-002,NRCell-005,rural,50,50,49,49,18,18,49,0,74.0,170.2,24.6,9.3,0
2026-07-08T22:15:00,gNB-002,NRCell-006,degraded,210,200,196,194,63,60,194,5,63.9,168.1,19.6,48.8,0
2026-07-08T22:30:00,gNB-001,NRCell-001,urban,457,442,440,432,160,155,432,3,67.7,71.0,12.0,90.8,0
2026-07-08T22:30:00,gNB-001,NRCell-002,suburban,155,154,146,144,61,61,144,0,62.7,200.0,30.7,28.1,0
2026-07-08T22:30:00,gNB-001,NRCell-003,rural,57,57,55,53,18,18,53,0,63.7,168.6,24.5,13.2,0
2026-07-08T22:30:00,gNB-002,NRCell-004,urban,290,286,285,284,84,82,284,0,55.3,217.9,35.1,71.1,0
2026-07-08T22:30:00,gNB-002,NRCell-005,rural,52,51,50,50,14,14,50,0,62.6,194.4,29.9,7.4,0
2026-07-08T22:30:00,gNB-002,NRCell-006,degraded,224,218,214,206,76,71,206,6,49.5,234.8,39.2,36.2,0
2026-07-08T22:45:00,gNB-001,NRCell-001,urban,329,320,310,302,110,110,302,2,70.1,75.7,13.4,60.7,0
2026-07-08T22:45:00,gNB-001,NRCell-002,suburban,151,151,150,149,57,56,149,1,59.5,180.4,27.9,25.4,0
2026-07-08T22:45:00,gNB-001,NRCell-003,rural,59,58,56,56,20,20,56,1,59.9,213.5,31.9,14.3,0
2026-07-08T22:45:00,gNB-002,NRCell-004,urban,302,298,283,280,115,112,280,0,55.4,200.4,20.4,74.6,0
2026-07-08T22:45:00,gNB-002,NRCell-005,rural,46,45,43,43,16,16,43,0,65.1,187.1,22.2,9.1,0
2026-07-08T22:45:00,gNB-002,NRCell-006,degraded,176,166,158,155,72,67,155,2,54.4,203.3,30.8,43.7,0
2026-07-08T23:00:00,gNB-001,NRCell-001,urban,301,294,283,276,114,111,276,1,63.4,83.8,11.5,70.8,0
2026-07-08T23:00:00,gNB-001,NRCell-002,suburban,143,143,140,140,40,39,140,0,46.4,210.5,24.0,32.6,0
2026-07-08T23:00:00,gNB-001,NRCell-003,rural,56,56,54,53,15,15,53,0,60.0,187.8,26.5,11.1,0
2026-07-08T23:00:00,gNB-002,NRCell-004,urban,317,315,299,299,108,107,299,2,50.7,227.4,32.0,56.8,0
2026-07-08T23:00:00,gNB-002,NRCell-005,rural,44,43,41,40,18,17,40,0,55.0,221.5,26.6,7.8,0
2026-07-08T23:00:00,gNB-002,NRCell-006,degraded,149,147,142,139,37,35,139,6,52.8,203.0,33.6,30.5,0
2026-07-08T23:15:00,gNB-001,NRCell-001,urban,316,311,310,308,114,114,308,2,57.5,95.6,14.8,50.2,0
2026-07-08T23:15:00,gNB-001,NRCell-002,suburban,131,130,125,124,54,53,124,0,51.7,230.0,34.8,31.1,0
2026-07-08T23:15:00,gNB-001,NRCell-003,rural,43,43,41,40,13,12,40,1,56.4,184.4,30.9,11.1,0
2026-07-08T23:15:00,gNB-002,NRCell-004,urban,256,254,242,240,73,72,240,1,44.7,220.6,29.2,58.0,0
2026-07-08T23:15:00,gNB-002,NRCell-005,rural,37,36,34,34,11,11,34,0,48.1,241.3,40.9,6.1,0
2026-07-08T23:15:00,gNB-002,NRCell-006,degraded,134,130,128,124,37,36,124,3,47.1,244.3,25.9,25.5,0
2026-07-08T23:30:00,gNB-001,NRCell-001,urban,263,256,249,244,78,77,244,1,52.0,94.5,14.3,48.5,0
2026-07-08T23:30:00,gNB-001,NRCell-002,suburban,104,102,101,101,40,38,101,0,39.8,251.7,39.9,25.4,0
2026-07-08T23:30:00,gNB-001,NRCell-003,rural,50,50,49,49,16,16,49,0,50.1,217.4,32.8,8.9,0
2026-07-08T23:30:00,gNB-002,NRCell-004,urban,245,242,231,229,82,80,229,0,44.2,216.6,35.3,51.7,0
2026-07-08T23:30:00,gNB-002,NRCell-005,rural,43,43,42,42,13,12,42,1,46.9,229.7,27.5,7.4,0
2026-07-08T23:30:00,gNB-002,NRCell-006,degraded,128,123,117,114,32,30,114,3,41.6,232.8,24.9,27.3,0
2026-07-08T23:45:00,gNB-001,NRCell-001,urban,234,225,222,217,70,69,217,0,44.0,99.6,13.6,47.7,0
2026-07-08T23:45:00,gNB-001,NRCell-002,suburban,113,113,111,110,34,32,110,2,37.8,229.6,32.9,17.4,0
2026-07-08T23:45:00,gNB-001,NRCell-003,rural,42,42,40,40,12,12,40,3,45.4,174.6,25.9,7.8,0
2026-07-08T23:45:00,gNB-002,NRCell-004,urban,212,209,204,203,87,85,203,2,36.0,246.6,38.8,40.9,0
2026-07-08T23:45:00,gNB-002,NRCell-005,rural,27,27,26,26,10,10,26,0,44.2,254.1,36.2,5.4,0
2026-07-08T23:45:00,gNB-002,NRCell-006,degraded,137,133,130,123,40,40,123,3,38.0,247.9,36.2,27.0,0
