rop_start,gnb_id,cell_id,rrc_setup_sr_pct,pdu_session_estab_sr_pct,ho_success_rate_pct,session_drop_rate_pct,dl_user_thp_mbps,ul_user_thp_mbps,prb_util_dl_pct,avg_connected_ues,cell_availability_pct
2026-07-06T00:00:00,gNB-001,NRCell-001,100.0,99.11,100.0,0.0,255.6,33.9,27.4,19.7,100.0
2026-07-06T00:00:00,gNB-001,NRCell-002,98.39,100.0,95.65,0.0,282.0,45.6,29.9,16.3,100.0
2026-07-06T00:00:00,gNB-001,NRCell-003,100.0,100.0,100.0,2.86,271.7,30.3,38.3,9.0,100.0
2026-07-06T00:00:00,gNB-002,NRCell-004,100.0,100.0,90.62,0.84,253.9,29.4,29.1,28.3,100.0
2026-07-06T00:00:00,gNB-002,NRCell-005,96.55,100.0,90.91,0.0,229.0,40.3,42.9,6.5,100.0
2026-07-06T00:00:00,gNB-002,NRCell-006,89.74,97.01,96.0,18.46,141.3,12.0,27.0,15.0,100.0
2026-07-06T00:15:00,gNB-001,NRCell-001,100.0,99.04,97.67,0.0,251.7,39.8,28.5,21.1,100.0
2026-07-06T00:15:00,gNB-001,NRCell-002,100.0,100.0,90.91,0.0,287.9,40.9,30.2,16.3,100.0
2026-07-06T00:15:00,gNB-001,NRCell-003,97.37,97.22,100.0,0.0,249.1,41.0,42.0,7.2,100.0
2026-07-06T00:15:00,gNB-002,NRCell-004,99.12,100.0,93.94,1.82,277.1,41.7,29.6,29.1,100.0
2026-07-06T00:15:00,gNB-002,NRCell-005,100.0,100.0,100.0,0.0,247.6,42.9,38.1,5.9,100.0
2026-07-06T00:15:00,gNB-002,NRCell-006,96.2,94.44,86.96,11.76,143.6,8.6,29.6,12.4,100.0
2026-07-06T00:30:00,gNB-001,NRCell-001,100.0,100.0,100.0,0.83,283.9,36.4,25.7,26.6,100.0
2026-07-06T00:30:00,gNB-001,NRCell-002,98.68,98.61,100.0,0.0,263.8,30.0,31.1,13.6,100.0
2026-07-06T00:30:00,gNB-001,NRCell-003,100.0,100.0,100.0,0.0,272.3,44.5,38.9,7.1,100.0
2026-07-06T00:30:00,gNB-002,NRCell-004,98.15,99.01,95.45,2.0,294.2,40.0,29.5,20.3,100.0
2026-07-06T00:30:00,gNB-002,NRCell-005,96.0,100.0,88.89,0.0,265.3,32.3,36.4,4.9,100.0
2026-07-06T00:30:00,gNB-002,NRCell-006,91.53,90.2,100.0,6.52,147.4,7.8,29.0,10.7,100.0
2026-07-06T00:45:00,gNB-001,NRCell-001,100.0,100.0,97.44,1.87,295.9,44.2,27.3,27.6,100.0
2026-07-06T00:45:00,gNB-001,NRCell-002,100.0,100.0,100.0,0.0,265.5,45.7,31.3,14.7,100.0
2026-07-06T00:45:00,gNB-001,NRCell-003,100.0,100.0,100.0,0.0,268.3,41.6,36.7,5.9,100.0
2026-07-06T00:45:00,gNB-002,NRCell-004,100.0,98.36,98.04,0.83,251.5,28.6,27.5,21.9,100.0
2026-07-06T00:45:00,gNB-002,NRCell-005,100.0,96.0,100.0,0.0,234.0,26.2,36.1,7.0,100.0
2026-07-06T00:45:00,gNB-002,NRCell-006,97.01,90.48,92.86,1.75,147.7,9.1,29.6,13.9,100.0
2026-07-06T01:00:00,gNB-001,NRCell-001,100.0,96.94,96.3,1.05,280.5,34.9,26.8,18.0,100.0
2026-07-06T01:00:00,gNB-001,NRCell-002,98.51,96.83,100.0,0.0,283.2,45.3,29.1,16.0,100.0
2026-07-06T01:00:00,gNB-001,NRCell-003,100.0,100.0,100.0,3.45,265.7,43.1,36.2,6.6,100.0
2026-07-06T01:00:00,gNB-002,NRCell-004,99.15,100.0,100.0,0.0,274.4,42.7,27.7,18.3,100.0
2026-07-06T01:00:00,gNB-002,NRCell-005,100.0,100.0,100.0,0.0,219.9,29.4,42.3,4.2,100.0
2026-07-06T01:00:00,gNB-002,NRCell-006,94.12,96.77,88.0,10.0,148.1,9.4,27.2,13.9,100.0
2026-07-06T01:15:00,gNB-001,NRCell-001,98.29,98.2,100.0,0.0,259.0,28.4,28.7,19.3,100.0
2026-07-06T01:15:00,gNB-001,NRCell-002,98.28,100.0,100.0,1.85,294.9,32.0,29.5,12.4,100.0
2026-07-06T01:15:00,gNB-001,NRCell-003,96.97,100.0,100.0,0.0,232.8,36.7,38.6,5.3,100.0
2026-07-06T01:15:00,gNB-002,NRCell-004,97.48,97.39,97.73,1.79,256.5,33.7,29.3,29.7,100.0
2026-07-06T01:15:00,gNB-002,NRCell-005,100.0,100.0,100.0,0.0,220.1,30.1,41.9,3.8,100.0
2026-07-06T01:15:00,gNB-002,NRCell-006,95.71,95.38,90.0,6.45,124.3,7.0,30.1,12.8,100.0
2026-07-06T01:30:00,gNB-001,NRCell-001,100.0,100.0,100.0,0.0,283.7,46.6,26.2,23.7,100.0
2026-07-06T01:30:00,gNB-001,NRCell-002,100.0,98.61,92.86,0.0,276.9,29.0,32.6,13.2,100.0
2026-07-06T01:30:00,gNB-001,NRCell-003,96.55,100.0,91.67,3.85,248.3,25.2,41.1,7.7,100.0
2026-07-06T01:30:00,gNB-002,NRCell-004,99.15,100.0,100.0,0.0,300.4,48.3,26.1,29.2,100.0
2026-07-06T01:30:00,gNB-002,NRCell-005,96.3,96.0,100.0,4.17,239.0,34.3,40.8,5.0,100.0
2026-07-06T01:30:00,gNB-002,NRCell-006,95.38,93.33,100.0,7.14,130.9,9.2,26.4,15.5,100.0
2026-07-06T01:45:00,gNB-001,NRCell-001,99.18,100.0,94.34,0.0,300.4,46.6,28.3,22.6,100.0
2026-07-06T01:45:00,gNB-001,NRCell-002,98.53,98.48,96.43,0.0,262.2,37.1,29.4,15.4,100.0
2026-07-06T01:45:00,gNB-001,NRCell-003,100.0,100.0,100.0,2.78,253.4,30.8,41.1,7.0,100.0
2026-07-06T01:45:00,gNB-002,NRCell-004,100.0,100.0,100.0,0.0,282.3,30.2,27.1,26.2,100.0
2026-07-06T01:45:00,gNB-002,NRCell-005,100.0,100.0,100.0,0.0,248.4,26.7,39.0,6.9,100.0
2026-07-06T01:45:00,gNB-002,NRCell-006,97.26,98.53,94.74,10.45,149.1,10.8,28.5,10.8,100.0
2026-07-06T02:00:00,gNB-001,NRCell-001,98.72,100.0,100.0,0.0,286.1,37.3,29.1,16.4,100.0
2026-07-06T02:00:00,gNB-001,NRCell-002,98.8,98.72,94.29,1.3,268.3,39.8,32.3,12.3,100.0
2026-07-06T02:00:00,gNB-001,NRCell-003,100.0,100.0,92.31,0.0,258.4,31.4,43.8,6.6,100.0
2026-07-06T02:00:00,gNB-002,NRCell-004,99.12,99.07,100.0,0.0,294.2,30.8,28.6,24.0,100.0
2026-07-06T02:00:00,gNB-002,NRCell-005,100.0,100.0,100.0,0.0,251.9,45.0,37.7,5.1,100.0
2026-07-06T02:00:00,gNB-002,NRCell-006,95.83,92.54,90.0,3.23,124.4,9.2,29.1,13.0,100.0
2026-07-06T02:15:00,gNB-001,NRCell-001,99.06,100.0,97.56,1.92,255.1,38.6,29.2,17.2,100.0
2026-07-06T02:15:00,gNB-001,NRCell-002,100.0,98.61,100.0,0.0,256.0,27.5,30.1,14.6,100.0
2026-07-06T02:15:00,gNB-001,NRCell-003,100.0,100.0,100.0,0.0,238.2,31.8,41.4,7.6,100.0
2026-07-06T02:15:00,gNB-002,NRCell-004,99.25,100.0,98.21,0.77,260.5,46.4,30.1,24.2,100.0
2026-07-06T02:15:00,gNB-002,NRCell-005,100.0,100.0,88.89,0.0,230.4,32.5,42.2,6.1,100.0
2026-07-06T02:15:00,gNB-002,NRCell-006,90.91,95.52,94.74,10.94,137.0,10.0,29.9,15.6,100.0
2026-07-06T02:30:00,gNB-001,NRCell-001,98.97,100.0,97.62,1.09,298.6,50.0,26.2,23.4,100.0
2026-07-06T02:30:00,gNB-001,NRCell-002,100.0,100.0,95.65,1.56,259.9,27.9,35.0,15.5,100.0
2026-07-06T02:30:00,gNB-001,NRCell-003,97.14,100.0,100.0,0.0,233.1,26.1,36.3,7.2,100.0
2026-07-06T02:30:00,gNB-002,NRCell-004,99.22,98.39,97.87,0.0,260.1,33.9,26.1,30.6,100.0
2026-07-06T02:30:00,gNB-002,NRCell-005,100.0,100.0,100.0,0.0,275.9,43.9,37.4,4.5,100.0
2026-07-06T02:30:00,gNB-002,NRCell-006,93.15,89.39,95.65,15.25,135.1,12.0,28.4,11.6,100.0
2026-07-06T02:45:00,gNB-001,NRCell-001,99.15,100.0,100.0,1.77,293.2,49.5,28.2,24.1,100.0
2026-07-06T02:45:00,gNB-001,NRCell-002,100.0,97.44,96.88,0.0,252.8,26.7,30.4,18.1,100.0
2026-07-06T02:45:00,gNB-001,NRCell-003,97.22,100.0,100.0,2.94,229.7,26.6,41.8,6.1,100.0
2026-07-06T02:45:00,gNB-002,NRCell-004,98.31,100.0,97.56,0.88,294.6,44.2,26.4,21.9,100.0
2026-07-06T02:45:00,gNB-002,NRCell-005,100.0,100.0,90.0,0.0,241.0,40.8,36.6,4.9,100.0
2026-07-06T02:45:00,gNB-002,NRCell-006,95.52,95.16,95.24,10.17,135.9,12.2,29.3,15.0,100.0
2026-07-06T03:00:00,gNB-001,NRCell-001,99.07,100.0,100.0,0.98,275.9,42.8,27.4,18.4,100.0
2026-07-06T03:00:00,gNB-001,NRCell-002,98.68,100.0,100.0,0.0,247.1,26.2,34.4,15.8,100.0
2026-07-06T03:00:00,gNB-001,NRCell-003,100.0,100.0,100.0,0.0,238.4,28.9,44.2,9.4,100.0
2026-07-06T03:00:00,gNB-002,NRCell-004,99.29,99.28,97.67,0.73,270.1,45.8,29.8,32.2,100.0
2026-07-06T03:00:00,gNB-002,NRCell-005,92.31,100.0,100.0,0.0,238.5,35.1,39.4,5.2,100.0
2026-07-06T03:00:00,gNB-002,NRCell-006,93.67,92.96,93.75,0.0,264.1,46.4,27.6,18.5,100.0
2026-07-06T03:15:00,gNB-001,NRCell-001,99.18,100.0,93.55,1.67,273.5,45.0,28.5,21.5,100.0
2026-07-06T03:15:00,gNB-001,NRCell-002,98.68,98.63,100.0,0.0,261.1,39.0,29.9,14.1,100.0
2026-07-06T03:15:00,gNB-001,NRCell-003,100.0,100.0,100.0,0.0,248.7,30.3,40.4,6.5,100.0
2026-07-06T03:15:00,gNB-002,NRCell-004,97.84,100.0,100.0,0.0,286.2,36.7,29.4,30.7,100.0
2026-07-06T03:15:00,gNB-002,NRCell-005,100.0,100.0,100.0,0.0,270.5,47.4,36.8,4.2,100.0
2026-07-06T03:15:00,gNB-002,NRCell-006,94.29,98.41,95.45,3.23,247.9,38.0,30.4,15.4,100.0
2026-07-06T03:30:00,gNB-001,NRCell-001,99.15,100.0,96.08,0.0,289.4,43.3,29.0,17.0,100.0
2026-07-06T03:30:00,gNB-001,NRCell-002,100.0,100.0,100.0,0.0,256.8,36.8,32.4,11.3,100.0
2026-07-06T03:30:00,gNB-001,NRCell-003,100.0,100.0,100.0,0.0,235.1,36.7,37.5,6.8,100.0
2026-07-06T03:30:00,gNB-002,NRCell-004,97.89,97.76,100.0,0.0,250.1,26.2,28.5,27.9,100.0
2026-07-06T03:30:00,gNB-002,NRCell-005,100.0,100.0,88.89,4.0,247.9,42.4,41.2,6.1,100.0
2026-07-06T03:30:00,gNB-002,NRCell-006,97.22,100.0,100.0,0.0,251.6,30.6,27.6,14.0,100.0
2026-07-06T03:45:00,gNB-001,NRCell-001,98.98,100.0,100.0,0.0,282.7,34.4,31.5,22.4,100.0
2026-07-06T03:45:00,gNB-001,NRCell-002,97.53,100.0,95.0,0.0,266.6,41.4,32.8,19.6,100.0
2026-07-06T03:45:00,gNB-001,NRCell-003,97.14,96.97,100.0,0.0,252.1,30.9,40.5,7.4,100.0
2026-07-06T03:45:00,gNB-002,NRCell-004,99.18,99.14,97.67,0.87,260.1,44.8,27.5,25.4,100.0
2026-07-06T03:45:00,gNB-002,NRCell-005,96.0,100.0,100.0,0.0,273.0,39.0,37.7,4.3,100.0
2026-07-06T03:45:00,gNB-002,NRCell-006,94.81,97.14,95.65,1.47,255.8,27.4,31.4,10.7,100.0
2026-07-06T04:00:00,gNB-001,NRCell-001,100.0,100.0,93.94,0.0,269.5,46.2,30.6,22.1,100.0
2026-07-06T04:00:00,gNB-001,NRCell-002,98.86,98.81,93.55,0.0,243.3,36.3,34.3,13.3,100.0
2026-07-06T04:00:00,gNB-001,NRCell-003,97.14,100.0,90.91,0.0,214.7,38.0,43.9,6.7,100.0
2026-07-06T04:00:00,gNB-002,NRCell-004,100.0,100.0,97.22,0.0,269.7,37.7,28.9,19.3,100.0
2026-07-06T04:00:00,gNB-002,NRCell-005,100.0,100.0,100.0,0.0,221.4,29.4,45.2,5.8,100.0
2026-07-06T04:00:00,gNB-002,NRCell-006,96.61,98.15,100.0,1.89,253.2,38.4,27.7,14.0,100.0
2026-07-06T04:15:00,gNB-001,NRCell-001,99.19,100.0,92.16,0.82,278.6,34.2,30.0,22.0,100.0
2026-07-06T04:15:00,gNB-001,NRCell-002,100.0,100.0,92.59,1.09,261.8,36.6,34.9,14.1,100.0
2026-07-06T04:15:00,gNB-001,NRCell-003,100.0,100.0,83.33,0.0,230.2,32.8,42.1,9.2,100.0
2026-07-06T04:15:00,gNB-002,NRCell-004,97.76,100.0,96.36,1.59,273.1,42.7,28.7,22.7,100.0
2026-07-06T04:15:00,gNB-002,NRCell-005,100.0,95.65,87.5,0.0,240.1,25.7,44.5,4.7,100.0
2026-07-06T04:15:00,gNB-002,NRCell-006,91.86,96.15,84.0,1.33,247.6,25.0,30.4,13.5,100.0
2026-07-06T04:30:00,gNB-001,NRCell-001,98.08,100.0,100.0,1.03,285.6,32.4,29.1,18.7,100.0
2026-07-06T04:30:00,gNB-001,NRCell-002,98.89,98.84,96.97,0.0,260.4,27.4,33.3,22.5,100.0
2026-07-06T04:30:00,gNB-001,NRCell-003,100.0,100.0,100.0,0.0,219.4,33.3,41.1,6.8,100.0
2026-07-06T04:30:00,gNB-002,NRCell-004,99.2,100.0,97.96,0.0,251.2,42.3,30.3,32.9,100.0
2026-07-06T04:30:00,gNB-002,NRCell-005,100.0,100.0,100.0,0.0,248.4,27.4,46.2,4.9,100.0
2026-07-06T04:30:00,gNB-002,NRCell-006,95.77,93.94,95.24,1.61,242.1,41.3,31.8,13.7,100.0
2026-07-06T04:45:00,gNB-001,NRCell-001,99.17,100.0,100.0,0.87,246.1,37.0,33.7,18.0,100.0
2026-07-06T04:45:00,gNB-001,NRCell-002,99.0,100.0,100.0,3.09,258.2,39.9,37.8,14.4,100.0
2026-07-06T04:45:00,gNB-001,NRCell-003,97.22,100.0,100.0,0.0,226.6,36.9,38.5,8.1,100.0
2026-07-06T04:45:00,gNB-002,NRCell-004,98.54,100.0,98.0,0.0,266.9,42.5,31.9,31.2,100.0
2026-07-06T04:45:00,gNB-002,NRCell-005,100.0,100.0,100.0,0.0,221.0,24.3,44.9,5.7,100.0
2026-07-06T04:45:00,gNB-002,NRCell-006,94.25,96.25,100.0,2.6,279.3,28.6,32.3,14.5,100.0
2026-07-06T05:00:00,gNB-001,NRCell-001,99.2,98.37,98.04,1.65,117.6,6.9,34.5,25.8,100.0
2026-07-06T05:00:00,gNB-001,NRCell-002,98.1,99.01,100.0,1.0,269.1,29.1,37.1,21.1,100.0
2026-07-06T05:00:00,gNB-001,NRCell-003,100.0,100.0,100.0,7.69,124.8,9.2,43.8,7.0,100.0
2026-07-06T05:00:00,gNB-002,NRCell-004,100.0,99.4,97.78,0.61,258.1,27.5,33.9,29.6,100.0
2026-07-06T05:00:00,gNB-002,NRCell-005,100.0,100.0,100.0,0.0,219.6,26.5,46.6,6.5,100.0
2026-07-06T05:00:00,gNB-002,NRCell-006,97.06,92.71,84.62,2.25,294.6,39.9,29.9,15.8,100.0
2026-07-06T05:15:00,gNB-001,NRCell-001,99.34,98.61,95.45,4.23,141.4,7.9,33.9,23.8,100.0
2026-07-06T05:15:00,gNB-001,NRCell-002,100.0,98.68,100.0,0.0,241.4,35.8,36.5,13.2,100.0
2026-07-06T05:15:00,gNB-001,NRCell-003,97.62,100.0,93.33,2.5,123.1,8.9,40.0,10.3,100.0
2026-07-06T05:15:00,gNB-002,NRCell-004,99.46,100.0,98.77,0.55,275.0,37.9,32.0,27.8,100.0
2026-07-06T05:15:00,gNB-002,NRCell-005,100.0,100.0,100.0,3.45,222.4,39.2,47.0,5.2,100.0
2026-07-06T05:15:00,gNB-002,NRCell-006,95.1,97.89,100.0,2.15,274.6,43.4,29.3,16.6,100.0
2026-07-06T05:30:00,gNB-001,NRCell-001,98.47,96.88,97.5,0.81,127.3,11.5,35.4,34.6,100.0
2026-07-06T05:30:00,gNB-001,NRCell-002,98.97,98.9,100.0,0.0,266.0,37.8,38.0,20.2,100.0
2026-07-06T05:30:00,gNB-001,NRCell-003,100.0,100.0,100.0,0.0,205.3,34.2,48.6,6.8,100.0
2026-07-06T05:30:00,gNB-002,NRCell-004,98.63,97.83,100.0,0.0,249.7,34.9,36.1,28.2,100.0
2026-07-06T05:30:00,gNB-002,NRCell-005,100.0,96.0,80.0,0.0,245.0,26.0,46.8,5.5,100.0
2026-07-06T05:30:00,gNB-002,NRCell-006,98.02,92.55,96.43,0.0,245.1,26.8,34.6,22.0,100.0
2026-07-06T05:45:00,gNB-001,NRCell-001,98.5,96.92,94.87,0.79,145.4,12.9,32.1,24.0,100.0
2026-07-06T05:45:00,gNB-001,NRCell-002,96.26,100.0,100.0,0.0,282.0,48.7,35.3,24.8,100.0
2026-07-06T05:45:00,gNB-001,NRCell-003,94.87,100.0,100.0,2.78,223.8,30.0,49.2,8.1,100.0
2026-07-06T05:45:00,gNB-002,NRCell-004,100.0,99.33,98.44,0.68,276.7,29.9,32.4,31.1,100.0
2026-07-06T05:45:00,gNB-002,NRCell-005,96.3,100.0,100.0,0.0,253.7,32.1,41.9,5.8,100.0
2026-07-06T05:45:00,gNB-002,NRCell-006,94.92,98.2,89.8,1.83,244.6,38.1,32.8,24.6,100.0
2026-07-06T06:00:00,gNB-001,NRCell-001,98.64,98.57,98.25,3.62,122.4,7.9,37.7,26.9,100.0
2026-07-06T06:00:00,gNB-001,NRCell-002,100.0,99.06,100.0,0.95,255.6,25.7,38.7,23.5,100.0
2026-07-06T06:00:00,gNB-001,NRCell-003,100.0,100.0,90.91,0.0,220.7,37.4,44.6,9.4,100.0
2026-07-06T06:00:00,gNB-002,NRCell-004,99.36,99.34,94.64,1.33,257.3,37.3,38.5,32.7,100.0
2026-07-06T06:00:00,gNB-002,NRCell-005,100.0,96.77,100.0,0.0,215.4,29.5,46.0,7.7,100.0
2026-07-06T06:00:00,gNB-002,NRCell-006,96.77,96.47,94.12,2.44,255.2,33.7,34.5,21.8,100.0
2026-07-06T06:15:00,gNB-001,NRCell-001,99.26,98.47,98.31,0.0,131.5,10.1,39.6,23.0,100.0
2026-07-06T06:15:00,gNB-001,NRCell-002,98.94,100.0,100.0,3.41,237.0,32.4,36.8,24.3,100.0
2026-07-06T06:15:00,gNB-001,NRCell-003,97.3,100.0,100.0,2.94,231.0,29.6,47.7,6.8,100.0
2026-07-06T06:15:00,gNB-002,NRCell-004,97.24,97.69,94.12,0.0,243.9,43.1,33.1,48.8,100.0
2026-07-06T06:15:00,gNB-002,NRCell-005,93.75,96.55,100.0,0.0,228.6,35.0,46.0,6.5,100.0
2026-07-06T06:15:00,gNB-002,NRCell-006,94.74,97.12,92.5,1.98,268.0,27.9,37.1,22.6,100.0
2026-07-06T06:30:00,gNB-001,NRCell-001,100.0,98.92,95.24,0.0,124.2,6.5,36.7,33.1,100.0
2026-07-06T06:30:00,gNB-001,NRCell-002,100.0,98.17,100.0,0.93,225.7,27.6,44.5,26.6,100.0
2026-07-06T06:30:00,gNB-001,NRCell-003,95.45,100.0,100.0,0.0,215.2,22.5,43.1,10.4,100.0
2026-07-06T06:30:00,gNB-002,NRCell-004,99.07,99.53,98.59,0.95,260.2,27.0,38.8,36.0,100.0
2026-07-06T06:30:00,gNB-002,NRCell-005,96.77,100.0,100.0,0.0,201.5,23.6,49.7,6.7,100.0
2026-07-06T06:30:00,gNB-002,NRCell-006,95.37,98.04,90.91,1.0,226.4,34.3,38.4,17.6,100.0
2026-07-06T06:45:00,gNB-001,NRCell-001,98.83,100.0,96.77,0.62,130.2,9.6,38.7,36.4,100.0
2026-07-06T06:45:00,gNB-001,NRCell-002,98.31,99.12,97.44,0.89,237.9,41.9,47.2,24.8,100.0
2026-07-06T06:45:00,gNB-001,NRCell-003,97.87,95.56,62.5,4.65,210.9,24.7,51.7,7.3,100.0
2026-07-06T06:45:00,gNB-002,NRCell-004,99.54,99.53,96.59,1.89,269.9,45.3,36.3,41.7,100.0
2026-07-06T06:45:00,gNB-002,NRCell-005,97.3,97.14,100.0,0.0,223.8,33.0,50.4,8.6,100.0
2026-07-06T06:45:00,gNB-002,NRCell-006,95.35,94.12,96.23,0.89,223.2,24.1,43.5,24.8,100.0
2026-07-06T07:00:00,gNB-001,NRCell-001,100.0,99.42,100.0,0.59,250.7,43.5,45.3,42.0,100.0
2026-07-06T07:00:00,gNB-001,NRCell-002,100.0,99.26,97.78,0.0,215.4,31.1,46.0,32.7,100.0
2026-07-06T07:00:00,gNB-001,NRCell-003,100.0,100.0,87.5,4.88,220.7,26.7,56.3,9.3,100.0
2026-07-06T07:00:00,gNB-002,NRCell-004,99.53,100.0,97.59,0.98,227.7,38.6,45.6,43.3,100.0
2026-07-06T07:00:00,gNB-002,NRCell-005,100.0,97.44,100.0,0.0,217.0,23.8,46.1,5.7,100.0
2026-07-06T07:00:00,gNB-002,NRCell-006,95.12,98.25,90.0,0.0,271.0,48.2,38.5,31.0,100.0
2026-07-06T07:15:00,gNB-001,NRCell-001,98.91,98.31,94.64,0.0,255.6,44.6,44.4,33.6,100.0
2026-07-06T07:15:00,gNB-001,NRCell-002,97.84,99.25,100.0,0.75,239.4,24.3,42.3,33.3,100.0
2026-07-06T07:15:00,gNB-001,NRCell-003,100.0,100.0,90.91,0.0,207.9,32.5,49.9,7.8,100.0
2026-07-06T07:15:00,gNB-002,NRCell-004,99.33,99.32,98.04,0.34,259.4,33.0,40.3,59.1,100.0
2026-07-06T07:15:00,gNB-002,NRCell-005,100.0,100.0,100.0,0.0,205.4,25.9,48.8,9.1,100.0
2026-07-06T07:15:00,gNB-002,NRCell-006,94.51,94.7,97.56,1.4,237.1,38.3,39.7,26.6,100.0
2026-07-06T07:30:00,gNB-001,NRCell-001,100.0,98.97,97.44,0.52,262.1,29.1,40.8,44.5,100.0
2026-07-06T07:30:00,gNB-001,NRCell-002,99.19,99.17,100.0,0.0,207.9,32.2,46.7,31.1,100.0
2026-07-06T07:30:00,gNB-001,NRCell-003,93.44,98.15,86.67,3.77,212.2,35.4,54.0,9.3,100.0
2026-07-06T07:30:00,gNB-002,NRCell-004,98.41,98.33,98.65,0.43,220.0,30.9,44.9,58.7,100.0
2026-07-06T07:30:00,gNB-002,NRCell-005,100.0,100.0,100.0,0.0,198.4,29.6,60.7,6.1,100.0
2026-07-06T07:30:00,gNB-002,NRCell-006,96.75,98.28,97.22,4.39,224.3,34.3,42.3,35.6,100.0
2026-07-06T07:45:00,gNB-001,NRCell-001,99.56,99.55,98.63,0.9,219.4,31.6,51.8,44.4,100.0
2026-07-06T07:45:00,gNB-001,NRCell-002,98.51,97.67,100.0,0.79,240.6,30.6,46.5,28.9,100.0
2026-07-06T07:45:00,gNB-001,NRCell-003,93.88,100.0,76.47,4.44,220.9,25.5,56.0,8.0,100.0
2026-07-06T07:45:00,gNB-002,NRCell-004,98.3,99.29,99.22,1.43,216.2,35.2,52.6,71.9,100.0
2026-07-06T07:45:00,gNB-002,NRCell-005,100.0,100.0,100.0,0.0,212.0,27.5,56.7,8.6,100.0
2026-07-06T07:45:00,gNB-002,NRCell-006,96.21,99.18,92.73,3.31,214.3,31.9,44.6,31.7,100.0
2026-07-06T08:00:00,gNB-001,NRCell-001,99.6,99.59,100.0,0.41,247.2,30.5,47.7,66.0,100.0
2026-07-06T08:00:00,gNB-001,NRCell-002,99.35,99.32,100.0,1.36,216.5,29.3,46.9,26.9,100.0
2026-07-06T08:00:00,gNB-001,NRCell-003,100.0,100.0,68.75,6.0,199.6,34.9,64.5,8.8,100.0
2026-07-06T08:00:00,gNB-002,NRCell-004,99.01,98.99,99.11,0.68,218.9,35.5,54.0,51.7,100.0
2026-07-06T08:00:00,gNB-002,NRCell-005,93.62,100.0,100.0,0.0,171.3,24.4,63.2,7.6,100.0
2026-07-06T08:00:00,gNB-002,NRCell-006,99.41,97.55,92.96,1.26,214.4,26.1,45.3,38.5,100.0
2026-07-06T08:15:00,gNB-001,NRCell-001,99.2,99.59,98.85,0.41,195.2,33.2,56.5,56.1,100.0
2026-07-06T08:15:00,gNB-001,NRCell-002,100.0,99.34,97.06,0.66,216.5,25.2,52.5,29.4,100.0
2026-07-06T08:15:00,gNB-001,NRCell-003,95.38,100.0,73.91,3.39,222.6,25.6,55.3,10.5,100.0
2026-07-06T08:15:00,gNB-002,NRCell-004,99.67,98.98,97.69,0.34,224.6,30.2,49.1,48.8,100.0
2026-07-06T08:15:00,gNB-002,NRCell-005,100.0,100.0,100.0,0.0,229.9,33.8,54.1,9.7,100.0
2026-07-06T08:15:00,gNB-002,NRCell-006,98.6,97.79,92.73,5.26,199.3,27.8,56.7,33.8,100.0
2026-07-06T08:30:00,gNB-001,NRCell-001,98.79,99.15,96.72,0.43,190.9,20.6,54.1,51.7,100.0
2026-07-06T08:30:00,gNB-001,NRCell-002,100.0,98.97,96.34,0.52,197.5,20.4,53.0,37.0,100.0
2026-07-06T08:30:00,gNB-001,NRCell-003,97.26,97.14,73.33,1.47,171.8,20.2,67.3,16.2,100.0
2026-07-06T08:30:00,gNB-002,NRCell-004,99.35,99.31,98.36,0.69,202.0,25.7,58.0,58.4,100.0
2026-07-06T08:30:00,gNB-002,NRCell-005,100.0,100.0,100.0,2.22,196.8,30.9,65.2,7.7,100.0
2026-07-06T08:30:00,gNB-002,NRCell-006,95.45,96.93,89.83,0.63,214.1,25.8,50.1,46.5,100.0
2026-07-06T08:45:00,gNB-001,NRCell-001,99.65,98.91,96.52,0.37,192.5,19.3,58.3,46.2,100.0
2026-07-06T08:45:00,gNB-001,NRCell-002,98.45,98.37,98.18,0.55,213.4,21.8,57.3,34.2,100.0
2026-07-06T08:45:00,gNB-001,NRCell-003,92.19,98.25,76.0,0.0,192.7,29.0,65.9,12.5,100.0
2026-07-06T08:45:00,gNB-002,NRCell-004,99.22,98.65,97.37,0.55,190.7,27.2,63.1,90.4,100.0
2026-07-06T08:45:00,gNB-002,NRCell-005,100.0,100.0,100.0,0.0,174.5,27.1,62.7,11.6,100.0
2026-07-06T08:45:00,gNB-002,NRCell-006,97.7,96.65,95.31,1.49,221.4,35.8,54.0,35.8,100.0
2026-07-06T09:00:00,gNB-001,NRCell-001,99.69,99.69,97.7,1.56,210.8,33.9,54.9,51.1,100.0
2026-07-06T09:00:00,gNB-001,NRCell-002,99.47,98.91,97.5,1.1,184.4,30.4,63.3,31.4,100.0
2026-07-06T09:00:00,gNB-001,NRCell-003,100.0,100.0,66.67,2.94,199.3,33.5,61.2,15.7,100.0
2026-07-06T09:00:00,gNB-002,NRCell-004,98.94,99.18,99.13,0.55,173.7,22.9,65.8,83.0,100.0
2026-07-06T09:00:00,gNB-002,NRCell-005,98.04,100.0,100.0,2.04,199.5,28.9,59.4,10.3,100.0
2026-07-06T09:00:00,gNB-002,NRCell-006,96.0,97.12,96.34,3.47,196.5,31.2,54.4,45.7,100.0
2026-07-06T09:15:00,gNB-001,NRCell-001,100.0,99.46,97.54,0.54,216.6,32.8,57.0,80.4,100.0
2026-07-06T09:15:00,gNB-001,NRCell-002,98.91,98.28,100.0,0.58,215.1,29.8,58.7,34.1,100.0
2026-07-06T09:15:00,gNB-001,NRCell-003,97.44,97.22,68.0,5.71,200.2,33.8,63.1,14.9,100.0
2026-07-06T09:15:00,gNB-002,NRCell-004,99.35,99.1,98.14,0.91,208.9,34.6,60.4,79.3,100.0
2026-07-06T09:15:00,gNB-002,NRCell-005,100.0,100.0,88.89,0.0,203.6,26.7,60.7,11.6,100.0
2026-07-06T09:15:00,gNB-002,NRCell-006,94.92,98.75,98.81,1.69,184.5,25.4,63.4,53.8,100.0
2026-07-06T09:30:00,gNB-001,NRCell-001,99.48,100.0,96.33,0.27,171.8,25.8,74.0,73.6,100.0
2026-07-06T09:30:00,gNB-001,NRCell-002,100.0,100.0,100.0,0.57,205.4,36.4,60.1,37.9,100.0
2026-07-06T09:30:00,gNB-001,NRCell-003,98.84,100.0,100.0,1.2,186.8,31.8,63.2,19.8,100.0
2026-07-06T09:30:00,gNB-002,NRCell-004,98.26,99.74,98.14,0.51,192.8,24.0,66.6,75.4,100.0
2026-07-06T09:30:00,gNB-002,NRCell-005,100.0,100.0,100.0,0.0,180.1,28.7,69.4,10.7,100.0
2026-07-06T09:30:00,gNB-002,NRCell-006,96.26,97.47,95.52,1.55,161.6,26.8,68.8,49.6,100.0
2026-07-06T09:45:00,gNB-001,NRCell-001,99.74,100.0,99.13,0.55,156.4,26.5,74.1,94.8,100.0
2026-07-06T09:45:00,gNB-001,NRCell-002,100.0,98.96,97.01,0.52,139.5,24.3,75.7,45.5,100.0
2026-07-06T09:45:00,gNB-001,NRCell-003,98.72,98.65,100.0,0.0,161.8,24.8,75.4,17.7,100.0
2026-07-06T09:45:00,gNB-002,NRCell-004,99.73,98.91,98.16,0.28,158.3,18.8,68.8,82.9,100.0
2026-07-06T09:45:00,gNB-002,NRCell-005,96.55,100.0,100.0,1.89,180.7,22.8,69.5,10.0,100.0
2026-07-06T09:45:00,gNB-002,NRCell-006,95.0,96.35,92.75,2.84,180.7,18.9,67.9,35.8,100.0
2026-07-06T10:00:00,gNB-001,NRCell-001,99.15,99.78,96.3,0.22,169.4,21.6,73.0,84.8,100.0
2026-07-06T10:00:00,gNB-001,NRCell-002,97.82,99.1,96.34,0.45,132.6,21.7,78.6,40.8,100.0
2026-07-06T10:00:00,gNB-001,NRCell-003,100.0,100.0,100.0,1.59,126.4,15.6,81.6,15.8,100.0
2026-07-06T10:00:00,gNB-002,NRCell-004,99.29,98.51,99.37,0.25,166.9,24.4,73.1,94.1,100.0
2026-07-06T10:00:00,gNB-002,NRCell-005,98.18,100.0,88.24,0.0,142.1,21.6,74.7,8.3,100.0
2026-07-06T10:00:00,gNB-002,NRCell-006,95.74,97.67,98.21,0.95,162.3,22.7,68.2,42.7,100.0
2026-07-06T10:15:00,gNB-001,NRCell-001,98.92,99.55,98.91,0.45,179.9,29.8,69.1,98.6,100.0
2026-07-06T10:15:00,gNB-001,NRCell-002,98.53,98.99,93.26,0.0,187.0,28.3,66.2,36.8,100.0
2026-07-06T10:15:00,gNB-001,NRCell-003,98.77,100.0,96.67,2.63,136.5,24.2,82.9,16.0,100.0
2026-07-06T10:15:00,gNB-002,NRCell-004,100.0,98.83,96.75,0.0,138.0,15.4,82.6,106.2,100.0
2026-07-06T10:15:00,gNB-002,NRCell-005,100.0,100.0,100.0,0.0,152.0,17.6,72.8,13.2,100.0
2026-07-06T10:15:00,gNB-002,NRCell-006,95.29,96.55,87.04,1.79,144.0,25.6,80.6,55.4,100.0
2026-07-06T10:30:00,gNB-001,NRCell-001,99.12,100.0,97.42,0.46,148.4,23.0,82.2,79.7,100.0
2026-07-06T10:30:00,gNB-001,NRCell-002,100.0,99.57,98.73,0.0,150.2,22.6,75.6,37.8,100.0
2026-07-06T10:30:00,gNB-001,NRCell-003,100.0,100.0,100.0,0.0,162.4,17.8,71.0,16.5,100.0
2026-07-06T10:30:00,gNB-002,NRCell-004,99.36,99.56,98.25,0.45,183.9,25.8,69.5,107.1,100.0
2026-07-06T10:30:00,gNB-002,NRCell-005,100.0,97.01,100.0,0.0,146.9,17.2,75.9,15.6,100.0
2026-07-06T10:30:00,gNB-002,NRCell-006,96.37,96.97,95.77,2.68,126.5,16.1,85.4,58.7,100.0
2026-07-06T10:45:00,gNB-001,NRCell-001,99.53,98.25,98.31,0.51,134.1,18.3,80.6,108.9,100.0
2026-07-06T10:45:00,gNB-001,NRCell-002,98.44,99.6,97.2,0.8,139.7,19.9,81.6,54.5,100.0
2026-07-06T10:45:00,gNB-001,NRCell-003,98.9,100.0,100.0,1.15,129.6,20.6,85.7,13.9,100.0
2026-07-06T10:45:00,gNB-002,NRCell-004,98.95,99.14,98.44,1.09,176.0,19.9,70.2,74.0,100.0
2026-07-06T10:45:00,gNB-002,NRCell-005,100.0,100.0,100.0,5.26,114.6,17.6,88.1,12.0,100.0
2026-07-06T10:45:00,gNB-002,NRCell-006,93.14,96.76,96.36,2.93,137.2,16.7,86.6,51.0,100.0
2026-07-06T11:00:00,gNB-001,NRCell-001,99.19,98.36,96.4,0.28,143.0,25.4,81.3,77.2,100.0
2026-07-06T11:00:00,gNB-001,NRCell-002,100.0,99.17,95.45,0.42,147.1,21.2,74.3,62.3,100.0
2026-07-06T11:00:00,gNB-001,NRCell-003,98.8,98.72,100.0,0.0,158.6,19.4,72.6,22.5,100.0
2026-07-06T11:00:00,gNB-002,NRCell-004,99.62,99.81,98.56,0.58,136.4,23.5,76.5,107.9,100.0
2026-07-06T11:00:00,gNB-002,NRCell-005,97.01,100.0,96.3,3.23,109.3,13.2,88.1,12.4,100.0
2026-07-06T11:00:00,gNB-002,NRCell-006,94.14,96.84,86.17,1.81,164.3,22.9,76.0,68.4,100.0
2026-07-06T11:15:00,gNB-001,NRCell-001,99.55,99.77,98.59,0.23,116.8,16.8,88.3,105.4,100.0
2026-07-06T11:15:00,gNB-001,NRCell-002,99.64,99.62,100.0,0.38,155.2,20.9,77.5,38.6,100.0
2026-07-06T11:15:00,gNB-001,NRCell-003,100.0,98.67,100.0,2.7,154.2,24.0,72.9,19.2,100.0
2026-07-06T11:15:00,gNB-002,NRCell-004,98.71,98.87,100.0,0.76,177.3,18.9,70.7,120.0,100.0
2026-07-06T11:15:00,gNB-002,NRCell-005,98.59,98.51,100.0,1.52,152.2,23.5,80.8,9.9,100.0
2026-07-06T11:15:00,gNB-002,NRCell-006,96.31,99.01,94.05,3.34,157.4,26.1,76.0,64.3,100.0
2026-07-06T11:30:00,gNB-001,NRCell-001,99.81,98.86,98.49,0.38,152.2,25.8,73.6,99.9,100.0
2026-07-06T11:30:00,gNB-001,NRCell-002,99.17,100.0,97.12,0.87,114.6,15.4,92.1,38.1,100.0
2026-07-06T11:30:00,gNB-001,NRCell-003,98.85,97.56,96.97,0.0,117.4,17.1,89.1,19.7,100.0
2026-07-06T11:30:00,gNB-002,NRCell-004,98.87,99.2,97.69,0.61,132.1,17.4,88.0,122.5,100.0
2026-07-06T11:30:00,gNB-002,NRCell-005,98.59,100.0,95.65,0.0,141.2,20.2,81.7,17.3,100.0
2026-07-06T11:30:00,gNB-002,NRCell-006,95.56,98.43,90.65,1.2,170.5,24.8,71.8,59.4,100.0
2026-07-06T11:45:00,gNB-001,NRCell-001,98.21,99.29,96.92,0.71,152.8,21.8,79.6,89.9,100.0
2026-07-06T11:45:00,gNB-001,NRCell-002,99.16,97.84,98.41,0.88,113.9,16.6,91.3,63.2,100.0
2026-07-06T11:45:00,gNB-001,NRCell-003,100.0,100.0,96.3,1.35,140.4,15.2,81.4,19.8,100.0
2026-07-06T11:45:00,gNB-002,NRCell-004,98.0,98.51,96.63,0.61,119.9,21.0,89.2,115.4,100.0
2026-07-06T11:45:00,gNB-002,NRCell-005,98.48,100.0,100.0,0.0,132.6,21.1,83.5,11.9,100.0
2026-07-06T11:45:00,gNB-002,NRCell-006,94.71,97.5,92.13,1.6,152.1,20.7,75.3,64.6,100.0
2026-07-06T12:00:00,gNB-001,NRCell-001,99.15,99.78,98.43,0.22,130.8,14.0,87.5,84.7,100.0
2026-07-06T12:00:00,gNB-001,NRCell-002,99.61,98.41,95.74,0.4,135.7,18.0,82.7,44.2,100.0
2026-07-06T12:00:00,gNB-001,NRCell-003,96.23,100.0,100.0,0.0,141.8,20.4,74.8,22.7,100.0
2026-07-06T12:00:00,gNB-002,NRCell-004,99.47,99.64,97.97,1.09,110.2,16.2,90.5,89.5,100.0
2026-07-06T12:00:00,gNB-002,NRCell-005,98.53,98.46,89.47,0.0,145.9,17.6,82.7,16.4,100.0
2026-07-06T12:00:00,gNB-002,NRCell-006,97.34,98.47,95.96,3.11,119.6,15.9,91.3,52.6,100.0
2026-07-06T12:15:00,gNB-001,NRCell-001,99.56,100.0,98.58,0.67,151.1,20.0,72.7,90.4,100.0
2026-07-06T12:15:00,gNB-001,NRCell-002,99.64,99.62,96.94,0.76,146.1,15.4,81.8,64.4,100.0
2026-07-06T12:15:00,gNB-001,NRCell-003,98.99,96.81,96.77,0.0,162.4,16.8,76.2,21.7,100.0
2026-07-06T12:15:00,gNB-002,NRCell-004,99.13,99.27,96.96,0.55,149.6,20.9,78.6,104.7,100.0
2026-07-06T12:15:00,gNB-002,NRCell-005,100.0,98.53,96.43,0.0,124.5,19.6,89.4,17.1,100.0
2026-07-06T12:15:00,gNB-002,NRCell-006,96.54,97.77,93.9,3.42,169.0,28.0,73.3,60.2,100.0
2026-07-06T12:30:00,gNB-001,NRCell-001,100.0,98.28,98.96,0.0,117.3,15.2,91.0,81.1,100.0
2026-07-06T12:30:00,gNB-001,NRCell-002,99.17,99.12,99.02,0.0,131.2,19.9,82.3,57.7,100.0
2026-07-06T12:30:00,gNB-001,NRCell-003,97.7,98.78,97.3,1.23,149.3,17.3,75.8,17.9,100.0
2026-07-06T12:30:00,gNB-002,NRCell-004,99.05,99.01,97.84,0.8,109.7,16.9,89.8,116.4,100.0
2026-07-06T12:30:00,gNB-002,NRCell-005,100.0,100.0,100.0,0.0,137.8,22.2,76.0,13.3,100.0
2026-07-06T12:30:00,gNB-002,NRCell-006,98.63,97.83,86.24,1.48,147.8,26.1,80.6,71.4,100.0
2026-07-06T12:45:00,gNB-001,NRCell-001,99.6,99.59,97.94,0.41,162.1,29.0,71.0,90.9,100.0
2026-07-06T12:45:00,gNB-001,NRCell-002,99.64,99.63,98.72,0.37,116.0,18.2,85.4,41.7,100.0
2026-07-06T12:45:00,gNB-001,NRCell-003,100.0,98.82,86.36,0.0,138.2,17.9,81.9,21.7,100.0
2026-07-06T12:45:00,gNB-002,NRCell-004,99.15,98.87,99.39,0.69,153.3,27.3,70.9,93.4,100.0
2026-07-06T12:45:00,gNB-002,NRCell-005,100.0,100.0,100.0,1.54,106.4,15.1,92.5,13.6,100.0
2026-07-06T12:45:00,gNB-002,NRCell-006,97.29,97.97,94.06,4.15,165.9,28.2,74.7,45.9,100.0
2026-07-06T13:00:00,gNB-001,NRCell-001,99.57,99.56,98.75,0.44,179.2,19.1,71.2,97.3,100.0
2026-07-06T13:00:00,gNB-001,NRCell-002,99.59,99.58,98.9,0.0,113.6,20.2,87.4,53.8,100.0
2026-07-06T13:00:00,gNB-001,NRCell-003,100.0,100.0,95.83,0.0,114.2,14.0,86.4,15.9,100.0
2026-07-06T13:00:00,gNB-002,NRCell-004,99.47,99.44,98.8,1.52,167.3,23.4,75.5,88.7,100.0
2026-07-06T13:00:00,gNB-002,NRCell-005,96.97,100.0,100.0,0.0,158.7,17.1,73.5,16.9,100.0
2026-07-06T13:00:00,gNB-002,NRCell-006,95.62,98.08,90.7,1.56,142.2,20.3,74.6,56.1,100.0
2026-07-06T13:15:00,gNB-001,NRCell-001,99.08,99.3,98.33,1.17,136.3,20.3,86.8,74.0,100.0
2026-07-06T13:15:00,gNB-001,NRCell-002,98.41,99.17,97.18,0.42,163.2,20.5,76.2,48.1,100.0
2026-07-06T13:15:00,gNB-001,NRCell-003,98.81,98.78,100.0,1.23,133.7,17.3,85.0,14.2,100.0
2026-07-06T13:15:00,gNB-002,NRCell-004,99.31,99.27,98.04,0.74,163.5,26.0,73.2,72.7,100.0
2026-07-06T13:15:00,gNB-002,NRCell-005,96.83,100.0,100.0,1.67,155.6,18.2,71.6,13.5,100.0
2026-07-06T13:15:00,gNB-002,NRCell-006,95.33,94.6,91.8,1.52,147.3,15.2,79.4,56.4,100.0
2026-07-06T13:30:00,gNB-001,NRCell-001,99.59,99.59,97.98,1.04,126.4,21.2,82.8,78.6,100.0
2026-07-06T13:30:00,gNB-001,NRCell-002,99.03,100.0,98.11,0.5,114.4,13.1,86.8,38.8,100.0
2026-07-06T13:30:00,gNB-001,NRCell-003,100.0,100.0,95.24,0.0,167.1,25.1,76.1,12.7,100.0
2026-07-06T13:30:00,gNB-002,NRCell-004,98.74,99.56,96.65,0.22,148.4,20.0,82.5,95.6,100.0
2026-07-06T13:30:00,gNB-002,NRCell-005,100.0,100.0,90.48,1.59,138.4,15.1,83.4,14.7,100.0
2026-07-06T13:30:00,gNB-002,NRCell-006,94.88,96.6,91.04,1.32,142.9,19.1,74.8,55.2,100.0
2026-07-06T13:45:00,gNB-001,NRCell-001,99.42,100.0,99.32,0.87,168.8,17.3,68.9,83.8,100.0
2026-07-06T13:45:00,gNB-001,NRCell-002,98.82,99.16,97.27,1.27,154.1,22.0,69.0,40.5,100.0
2026-07-06T13:45:00,gNB-001,NRCell-003,98.73,97.37,100.0,0.0,133.6,21.8,86.4,13.0,100.0
2026-07-06T13:45:00,gNB-002,NRCell-004,98.51,99.78,98.28,0.67,146.2,19.6,76.5,106.9,100.0
2026-07-06T13:45:00,gNB-002,NRCell-005,100.0,100.0,100.0,0.0,111.3,14.5,87.3,10.6,100.0
2026-07-06T13:45:00,gNB-002,NRCell-006,96.55,97.92,92.86,1.28,151.7,22.1,81.3,49.8,100.0
2026-07-06T14:00:00,gNB-001,NRCell-001,98.88,99.7,97.8,0.0,159.7,21.2,68.8,93.1,100.0
2026-07-06T14:00:00,gNB-001,NRCell-002,98.75,98.28,100.0,0.44,183.2,18.7,68.7,38.5,100.0
2026-07-06T14:00:00,gNB-001,NRCell-003,100.0,100.0,100.0,1.41,140.9,18.4,84.6,15.6,100.0
2026-07-06T14:00:00,gNB-002,NRCell-004,98.9,98.39,99.28,0.47,151.3,22.3,77.3,70.6,100.0
2026-07-06T14:00:00,gNB-002,NRCell-005,98.21,98.11,100.0,0.0,122.7,14.2,85.0,15.6,100.0
2026-07-06T14:00:00,gNB-002,NRCell-006,95.65,96.27,89.87,0.86,179.9,30.5,69.6,58.3,100.0
2026-07-06T14:15:00,gNB-001,NRCell-001,99.19,99.18,97.25,0.83,180.7,30.5,64.4,71.8,100.0
2026-07-06T14:15:00,gNB-001,NRCell-002,99.26,99.25,98.88,0.75,185.7,25.0,66.5,48.3,100.0
2026-07-06T14:15:00,gNB-001,NRCell-003,97.44,100.0,90.91,0.0,140.4,17.0,78.6,12.2,100.0
2026-07-06T14:15:00,gNB-002,NRCell-004,99.6,99.58,99.1,0.85,164.7,23.0,65.4,93.5,100.0
2026-07-06T14:15:00,gNB-002,NRCell-005,98.33,100.0,100.0,1.75,174.2,28.4,67.7,11.1,100.0
2026-07-06T14:15:00,gNB-002,NRCell-006,96.77,97.44,92.0,3.95,162.0,22.2,76.8,55.1,100.0
2026-07-06T14:30:00,gNB-001,NRCell-001,99.06,99.02,99.22,0.99,180.2,21.0,62.9,75.2,100.0
2026-07-06T14:30:00,gNB-001,NRCell-002,98.25,99.1,100.0,0.91,136.9,19.7,76.2,51.2,100.0
2026-07-06T14:30:00,gNB-001,NRCell-003,98.82,100.0,96.97,0.0,190.8,34.3,65.8,15.3,100.0
2026-07-06T14:30:00,gNB-002,NRCell-004,98.93,98.87,99.4,0.92,175.6,17.7,68.5,77.1,100.0
2026-07-06T14:30:00,gNB-002,NRCell-005,100.0,98.36,100.0,0.0,130.0,22.2,79.5,10.4,100.0
2026-07-06T14:30:00,gNB-002,NRCell-006,96.04,99.05,91.38,1.91,159.7,23.6,73.9,61.6,100.0
2026-07-06T14:45:00,gNB-001,NRCell-001,99.72,98.86,97.54,0.58,171.5,26.7,70.5,75.3,100.0
2026-07-06T14:45:00,gNB-001,NRCell-002,98.45,98.34,98.61,2.81,189.4,29.8,67.9,32.1,100.0
2026-07-06T14:45:00,gNB-001,NRCell-003,98.81,100.0,100.0,0.0,157.3,23.7,69.3,15.6,100.0
2026-07-06T14:45:00,gNB-002,NRCell-004,99.02,99.25,98.36,1.01,166.4,18.8,73.3,83.2,100.0
2026-07-06T14:45:00,gNB-002,NRCell-005,98.08,100.0,100.0,0.0,182.8,32.3,68.9,11.4,100.0
2026-07-06T14:45:00,gNB-002,NRCell-006,92.73,97.96,90.12,2.6,178.6,28.0,64.8,53.5,100.0
2026-07-06T15:00:00,gNB-001,NRCell-001,98.82,99.07,97.87,0.31,150.0,24.2,70.9,63.2,100.0
2026-07-06T15:00:00,gNB-001,NRCell-002,100.0,100.0,96.3,0.6,188.8,28.6,68.3,46.0,100.0
2026-07-06T15:00:00,gNB-001,NRCell-003,98.61,98.55,100.0,0.0,201.8,28.2,62.6,11.6,100.0
2026-07-06T15:00:00,gNB-002,NRCell-004,99.23,99.48,98.11,1.05,204.8,30.2,56.4,65.8,100.0
2026-07-06T15:00:00,gNB-002,NRCell-005,100.0,98.36,100.0,1.67,194.5,29.0,64.8,11.7,100.0
2026-07-06T15:00:00,gNB-002,NRCell-006,95.55,98.69,90.41,1.77,187.3,20.8,62.3,38.7,100.0
2026-07-06T15:15:00,gNB-001,NRCell-001,99.39,97.85,100.0,0.31,162.1,26.3,68.6,64.5,100.0
2026-07-06T15:15:00,gNB-001,NRCell-002,98.01,100.0,95.38,0.69,193.9,22.0,62.3,29.8,100.0
2026-07-06T15:15:00,gNB-001,NRCell-003,95.83,98.53,100.0,0.0,193.9,21.9,65.3,17.8,100.0
2026-07-06T15:15:00,gNB-002,NRCell-004,99.05,99.24,97.3,1.28,163.2,20.3,66.5,80.3,100.0
2026-07-06T15:15:00,gNB-002,NRCell-005,97.87,100.0,100.0,0.0,173.4,21.9,66.9,8.8,100.0
2026-07-06T15:15:00,gNB-002,NRCell-006,96.79,98.54,94.55,3.45,172.2,27.8,68.2,34.5,100.0
2026-07-06T15:30:00,gNB-001,NRCell-001,99.4,99.68,94.79,0.0,198.3,30.7,54.4,48.0,100.0
2026-07-06T15:30:00,gNB-001,NRCell-002,98.84,99.39,98.51,0.0,174.6,29.7,63.1,38.9,100.0
2026-07-06T15:30:00,gNB-001,NRCell-003,96.39,97.44,100.0,1.32,197.1,30.7,61.2,11.5,100.0
2026-07-06T15:30:00,gNB-002,NRCell-004,99.46,99.14,99.17,1.15,191.2,20.5,53.7,69.5,100.0
2026-07-06T15:30:00,gNB-002,NRCell-005,100.0,100.0,100.0,0.0,161.8,26.2,70.7,13.7,100.0
2026-07-06T15:30:00,gNB-002,NRCell-006,97.9,97.76,94.81,1.83,173.1,25.6,62.0,43.1,100.0
2026-07-06T15:45:00,gNB-001,NRCell-001,99.01,98.95,98.67,0.7,214.7,29.9,56.7,62.5,100.0
2026-07-06T15:45:00,gNB-001,NRCell-002,98.45,99.46,98.36,1.09,190.0,24.5,57.0,46.8,100.0
2026-07-06T15:45:00,gNB-001,NRCell-003,100.0,98.53,100.0,1.49,196.0,34.1,60.2,10.9,100.0
2026-07-06T15:45:00,gNB-002,NRCell-004,98.98,99.2,96.58,0.0,185.6,19.7,56.7,74.8,100.0
2026-07-06T15:45:00,gNB-002,NRCell-005,100.0,95.65,100.0,0.0,214.3,38.5,58.9,11.2,100.0
2026-07-06T15:45:00,gNB-002,NRCell-006,98.45,96.81,93.59,2.2,174.1,22.9,65.5,35.9,100.0
2026-07-06T16:00:00,gNB-001,NRCell-001,99.26,99.62,98.0,0.38,206.4,22.0,57.1,55.1,100.0
2026-07-06T16:00:00,gNB-001,NRCell-002,100.0,100.0,100.0,1.2,195.5,33.5,65.0,41.4,100.0
2026-07-06T16:00:00,gNB-001,NRCell-003,98.7,97.33,96.3,2.74,157.6,18.0,72.7,15.3,100.0
2026-07-06T16:00:00,gNB-002,NRCell-004,97.93,99.7,98.63,1.22,198.5,25.3,60.8,86.2,100.0
2026-07-06T16:00:00,gNB-002,NRCell-005,98.04,100.0,100.0,0.0,179.3,27.2,59.0,9.2,100.0
2026-07-06T16:00:00,gNB-002,NRCell-006,96.93,99.55,94.2,2.28,209.1,28.6,57.4,40.2,100.0
2026-07-06T16:15:00,gNB-001,NRCell-001,99.64,100.0,97.58,0.37,192.7,26.8,58.3,70.5,100.0
2026-07-06T16:15:00,gNB-001,NRCell-002,98.8,99.39,95.08,0.62,197.2,24.5,65.0,32.9,100.0
2026-07-06T16:15:00,gNB-001,NRCell-003,100.0,100.0,96.0,0.0,181.7,19.9,63.0,13.1,100.0
2026-07-06T16:15:00,gNB-002,NRCell-004,98.93,99.19,99.25,0.27,205.4,21.6,55.2,67.4,100.0
2026-07-06T16:15:00,gNB-002,NRCell-005,100.0,100.0,100.0,0.0,175.3,24.8,68.4,8.6,100.0
2026-07-06T16:15:00,gNB-002,NRCell-006,94.74,96.57,87.5,1.78,211.2,28.7,51.7,37.4,100.0
2026-07-06T16:30:00,gNB-001,NRCell-001,99.69,99.68,100.0,0.32,188.1,24.4,56.6,84.0,100.0
2026-07-06T16:30:00,gNB-001,NRCell-002,98.96,100.0,98.67,0.54,199.7,34.8,56.1,29.5,100.0
2026-07-06T16:30:00,gNB-001,NRCell-003,98.51,100.0,90.91,1.54,164.8,22.7,71.8,15.5,100.0
2026-07-06T16:30:00,gNB-002,NRCell-004,99.35,99.65,98.1,1.05,173.0,21.1,63.2,66.0,100.0
2026-07-06T16:30:00,gNB-002,NRCell-005,96.23,100.0,92.86,2.08,160.8,17.9,66.0,11.8,100.0
2026-07-06T16:30:00,gNB-002,NRCell-006,95.6,97.63,93.33,3.64,201.0,31.2,63.9,36.9,100.0
2026-07-06T16:45:00,gNB-001,NRCell-001,99.13,99.4,99.34,0.61,207.0,28.1,57.4,53.3,100.0
2026-07-06T16:45:00,gNB-001,NRCell-002,99.42,99.42,98.28,0.0,182.4,21.7,66.4,28.9,100.0
2026-07-06T16:45:00,gNB-001,NRCell-003,100.0,100.0,96.15,0.0,189.3,28.2,66.7,16.4,100.0
2026-07-06T16:45:00,gNB-002,NRCell-004,99.28,99.75,97.87,0.74,165.6,27.9,65.8,76.4,100.0
2026-07-06T16:45:00,gNB-002,NRCell-005,98.04,100.0,100.0,2.04,178.9,24.2,59.8,10.7,100.0
2026-07-06T16:45:00,gNB-002,NRCell-006,98.19,97.61,93.18,4.9,187.1,20.2,58.8,41.0,100.0
2026-07-06T17:00:00,gNB-001,NRCell-001,99.66,100.0,100.0,0.72,184.6,29.7,63.0,48.5,100.0
2026-07-06T17:00:00,gNB-001,NRCell-002,99.48,99.46,98.0,1.08,163.9,24.3,69.9,36.4,100.0
2026-07-06T17:00:00,gNB-001,NRCell-003,100.0,98.21,100.0,0.0,206.7,29.4,60.5,14.3,100.0
2026-07-06T17:00:00,gNB-002,NRCell-004,98.93,99.45,98.67,0.83,168.1,25.3,66.1,88.1,100.0
2026-07-06T17:00:00,gNB-002,NRCell-005,96.08,97.87,100.0,0.0,192.8,29.0,62.0,10.7,100.0
2026-07-06T17:00:00,gNB-002,NRCell-006,95.04,98.64,93.83,1.38,172.1,27.9,67.6,57.6,100.0
2026-07-06T17:15:00,gNB-001,NRCell-001,99.72,99.71,97.9,0.0,169.5,26.1,64.5,78.7,100.0
2026-07-06T17:15:00,gNB-001,NRCell-002,97.72,98.04,97.3,0.0,203.8,24.4,58.8,37.6,100.0
2026-07-06T17:15:00,gNB-001,NRCell-003,100.0,100.0,100.0,1.49,173.2,17.9,70.5,17.8,100.0
2026-07-06T17:15:00,gNB-002,NRCell-004,99.68,98.64,96.91,0.0,196.3,25.6,64.0,70.7,100.0
2026-07-06T17:15:00,gNB-002,NRCell-005,100.0,100.0,100.0,0.0,171.6,28.2,68.7,9.4,100.0
2026-07-06T17:15:00,gNB-002,NRCell-006,95.41,98.98,90.32,3.08,187.5,22.6,56.1,48.1,100.0
2026-07-06T17:30:00,gNB-001,NRCell-001,100.0,100.0,99.09,0.86,156.2,24.5,73.2,89.8,100.0
2026-07-06T17:30:00,gNB-001,NRCell-002,99.5,99.48,97.65,0.53,170.3,27.1,74.3,37.0,100.0
2026-07-06T17:30:00,gNB-001,NRCell-003,98.53,93.94,100.0,0.0,191.6,26.5,62.6,17.1,100.0
2026-07-06T17:30:00,gNB-002,NRCell-004,99.28,99.51,97.97,0.25,169.1,23.4,67.3,99.3,100.0
2026-07-06T17:30:00,gNB-002,NRCell-005,97.87,100.0,100.0,0.0,153.0,18.6,77.1,10.8,100.0
2026-07-06T17:30:00,gNB-002,NRCell-006,97.14,96.09,93.22,0.9,179.6,26.8,67.3,50.8,100.0
2026-07-06T17:45:00,gNB-001,NRCell-001,99.5,99.24,100.0,1.02,147.8,21.4,75.9,62.8,100.0
2026-07-06T17:45:00,gNB-001,NRCell-002,98.45,99.59,95.71,1.23,169.5,23.8,74.9,49.7,100.0
2026-07-06T17:45:00,gNB-001,NRCell-003,97.96,98.95,94.87,1.06,140.8,23.1,77.4,16.6,100.0
2026-07-06T17:45:00,gNB-002,NRCell-004,98.68,98.83,98.69,0.94,205.0,25.9,62.8,76.6,100.0
2026-07-06T17:45:00,gNB-002,NRCell-005,96.3,100.0,93.75,0.0,169.9,27.5,67.7,11.4,100.0
2026-07-06T17:45:00,gNB-002,NRCell-006,93.06,97.73,95.33,0.78,198.5,32.3,60.7,59.5,100.0
2026-07-06T18:00:00,gNB-001,NRCell-001,99.05,98.79,98.4,0.49,158.0,27.0,73.5,93.1,100.0
2026-07-06T18:00:00,gNB-001,NRCell-002,99.25,98.84,98.86,1.18,169.7,20.4,65.4,43.9,100.0
2026-07-06T18:00:00,gNB-001,NRCell-003,100.0,96.67,100.0,0.0,118.8,12.1,84.3,18.3,100.0
2026-07-06T18:00:00,gNB-002,NRCell-004,99.18,98.91,99.4,1.1,156.9,19.0,68.7,95.6,100.0
2026-07-06T18:00:00,gNB-002,NRCell-005,100.0,98.0,100.0,0.0,188.5,24.8,67.4,12.1,100.0
2026-07-06T18:00:00,gNB-002,NRCell-006,0.0,,,,0.0,0.0,0.0,0.0,0.0
2026-07-06T18:15:00,gNB-001,NRCell-001,99.77,100.0,96.55,0.25,186.4,31.3,66.8,67.4,100.0
2026-07-06T18:15:00,gNB-001,NRCell-002,100.0,98.67,95.24,0.45,131.1,17.2,85.8,43.3,100.0
2026-07-06T18:15:00,gNB-001,NRCell-003,100.0,98.82,100.0,1.19,141.4,21.8,81.0,13.4,100.0
2026-07-06T18:15:00,gNB-002,NRCell-004,99.65,99.09,97.45,0.37,142.7,17.2,79.8,112.1,100.0
2026-07-06T18:15:00,gNB-002,NRCell-005,98.33,98.21,100.0,0.0,159.2,18.0,73.8,11.4,100.0
2026-07-06T18:15:00,gNB-002,NRCell-006,0.0,,,,0.0,0.0,0.0,0.0,0.0
2026-07-06T18:30:00,gNB-001,NRCell-001,99.73,99.16,97.32,0.28,164.9,27.5,75.1,91.4,100.0
2026-07-06T18:30:00,gNB-001,NRCell-002,98.39,98.75,100.0,0.42,135.3,18.2,82.4,47.2,100.0
2026-07-06T18:30:00,gNB-001,NRCell-003,97.59,98.73,100.0,0.0,132.4,13.7,78.6,18.1,100.0
2026-07-06T18:30:00,gNB-002,NRCell-004,98.17,99.79,98.44,0.64,127.5,13.1,87.9,116.2,100.0
2026-07-06T18:30:00,gNB-002,NRCell-005,100.0,100.0,100.0,1.79,156.8,16.5,75.8,14.7,100.0
2026-07-06T18:30:00,gNB-002,NRCell-006,0.0,,,,0.0,0.0,0.0,0.0,0.0
2026-07-06T18:45:00,gNB-001,NRCell-001,99.12,99.1,97.97,0.36,103.8,11.8,91.7,78.5,100.0
2026-07-06T18:45:00,gNB-001,NRCell-002,99.16,99.57,97.83,0.87,128.8,13.2,82.4,49.5,100.0
2026-07-06T18:45:00,gNB-001,NRCell-003,100.0,100.0,100.0,2.41,111.4,14.1,94.3,21.5,100.0
2026-07-06T18:45:00,gNB-002,NRCell-004,98.65,99.1,97.91,0.73,118.9,20.3,92.7,133.8,100.0
2026-07-06T18:45:00,gNB-002,NRCell-005,96.97,100.0,100.0,0.0,146.5,20.0,75.4,15.6,100.0
2026-07-06T18:45:00,gNB-002,NRCell-006,0.0,,,,0.0,0.0,0.0,0.0,0.0
2026-07-06T19:00:00,gNB-001,NRCell-001,99.64,99.64,98.63,1.26,128.2,15.2,87.4,123.3,100.0
2026-07-06T19:00:00,gNB-001,NRCell-002,99.05,98.68,97.98,1.34,138.2,22.2,85.1,58.6,100.0
2026-07-06T19:00:00,gNB-001,NRCell-003,97.94,98.91,96.55,1.1,93.2,14.8,94.9,19.8,100.0
2026-07-06T19:00:00,gNB-002,NRCell-004,99.01,99.39,97.93,0.82,107.7,18.8,94.3,118.0,100.0
2026-07-06T19:00:00,gNB-002,NRCell-005,98.72,98.68,100.0,1.33,146.4,18.1,79.0,14.5,100.0
2026-07-06T19:00:00,gNB-002,NRCell-006,96.22,97.81,91.43,3.07,138.7,17.6,84.4,76.4,100.0
2026-07-06T19:15:00,gNB-001,NRCell-001,99.78,99.31,96.0,0.46,132.7,15.6,79.1,96.7,100.0
2026-07-06T19:15:00,gNB-001,NRCell-002,98.52,100.0,97.7,0.39,107.9,12.6,89.3,69.3,100.0
2026-07-06T19:15:00,gNB-001,NRCell-003,98.04,98.95,97.3,1.06,83.9,14.0,99.0,20.2,100.0
2026-07-06T19:15:00,gNB-002,NRCell-004,99.17,99.56,98.54,0.88,87.4,11.0,97.9,80.4,100.0
2026-07-06T19:15:00,gNB-002,NRCell-005,100.0,98.46,100.0,0.0,145.2,22.3,77.3,13.3,100.0
2026-07-06T19:15:00,gNB-002,NRCell-006,96.41,97.86,94.49,1.09,128.4,19.5,80.7,69.5,100.0
2026-07-06T19:30:00,gNB-001,NRCell-001,100.0,99.82,96.86,0.74,143.3,16.4,78.6,87.2,100.0
2026-07-06T19:30:00,gNB-001,NRCell-002,99.26,99.63,95.95,0.0,94.3,14.8,99.0,57.4,100.0
2026-07-06T19:30:00,gNB-001,NRCell-003,97.92,98.89,93.75,4.49,135.4,22.1,85.4,21.7,100.0
2026-07-06T19:30:00,gNB-002,NRCell-004,98.38,99.54,97.19,1.55,109.1,14.9,88.5,142.0,100.0
2026-07-06T19:30:00,gNB-002,NRCell-005,98.65,97.1,96.43,0.0,91.0,10.5,97.9,14.1,100.0
2026-07-06T19:30:00,gNB-002,NRCell-006,96.01,97.25,94.44,1.89,134.2,19.4,87.6,66.8,100.0
2026-07-06T19:45:00,gNB-001,NRCell-001,99.6,99.4,98.99,0.2,119.6,20.9,88.0,121.3,100.0
2026-07-06T19:45:00,gNB-001,NRCell-002,98.07,99.18,98.96,0.41,101.2,17.3,95.4,72.1,100.0
2026-07-06T19:45:00,gNB-001,NRCell-003,97.98,100.0,97.44,0.0,151.4,24.8,79.2,17.6,100.0
2026-07-06T19:45:00,gNB-002,NRCell-004,99.12,98.75,97.33,0.36,97.7,12.3,99.0,100.0,100.0
2026-07-06T19:45:00,gNB-002,NRCell-005,100.0,98.68,91.3,1.33,148.1,26.1,79.2,17.6,100.0
2026-07-06T19:45:00,gNB-002,NRCell-006,95.68,98.52,90.58,2.1,101.9,14.6,92.7,80.8,100.0
2026-07-06T20:00:00,gNB-001,NRCell-001,99.39,99.14,96.32,0.65,142.3,17.2,81.4,88.6,100.0
2026-07-06T20:00:00,gNB-001,NRCell-002,99.65,99.27,97.62,0.74,111.3,18.2,92.9,53.9,100.0
2026-07-06T20:00:00,gNB-001,NRCell-003,100.0,100.0,93.1,2.3,126.5,12.9,86.9,15.6,100.0
2026-07-06T20:00:00,gNB-002,NRCell-004,99.47,99.28,96.81,0.73,102.1,15.3,98.6,127.6,100.0
2026-07-06T20:00:00,gNB-002,NRCell-005,98.53,98.46,88.24,0.0,98.2,14.9,96.7,13.8,100.0
2026-07-06T20:00:00,gNB-002,NRCell-006,96.39,96.51,95.15,0.99,107.8,19.4,92.1,75.3,100.0
2026-07-06T20:15:00,gNB-001,NRCell-001,99.44,99.8,98.3,0.2,137.5,16.6,78.7,85.6,100.0
2026-07-06T20:15:00,gNB-001,NRCell-002,99.65,99.29,97.94,0.36,115.2,20.7,87.9,52.8,100.0
2026-07-06T20:15:00,gNB-001,NRCell-003,97.92,100.0,93.55,1.11,85.9,11.7,99.0,18.7,100.0
2026-07-06T20:15:00,gNB-002,NRCell-004,99.09,99.25,99.07,0.76,104.5,11.5,92.9,111.5,100.0
2026-07-06T20:15:00,gNB-002,NRCell-005,96.72,100.0,100.0,0.0,91.7,14.0,99.0,10.9,100.0
2026-07-06T20:15:00,gNB-002,NRCell-006,94.18,97.51,95.24,1.98,145.1,17.3,81.4,80.0,100.0
2026-07-06T20:30:00,gNB-001,NRCell-001,99.17,99.14,98.89,0.44,105.0,16.0,90.3,80.5,100.0
2026-07-06T20:30:00,gNB-001,NRCell-002,98.31,100.0,98.75,1.39,120.7,14.2,90.9,63.6,100.0
2026-07-06T20:30:00,gNB-001,NRCell-003,98.7,98.67,96.0,2.7,151.5,24.6,78.1,21.6,100.0
2026-07-06T20:30:00,gNB-002,NRCell-004,99.31,99.08,98.71,0.74,142.3,24.4,79.9,128.6,100.0
2026-07-06T20:30:00,gNB-002,NRCell-005,100.0,98.88,96.97,1.14,144.2,18.6,80.0,19.3,100.0
2026-07-06T20:30:00,gNB-002,NRCell-006,96.08,97.0,92.11,2.17,108.5,18.0,95.2,60.3,100.0
2026-07-06T20:45:00,gNB-001,NRCell-001,99.56,99.07,97.69,0.47,110.8,16.2,89.1,115.6,100.0
2026-07-06T20:45:00,gNB-001,NRCell-002,99.22,100.0,96.77,0.4,166.4,18.6,75.1,48.4,100.0
2026-07-06T20:45:00,gNB-001,NRCell-003,100.0,99.0,93.94,0.0,155.3,26.6,79.4,23.3,100.0
2026-07-06T20:45:00,gNB-002,NRCell-004,99.12,99.62,98.51,0.94,132.1,18.9,84.6,108.5,100.0
2026-07-06T20:45:00,gNB-002,NRCell-005,100.0,100.0,100.0,0.0,101.9,13.6,92.6,13.7,100.0
2026-07-06T20:45:00,gNB-002,NRCell-006,96.31,97.75,90.1,2.96,134.2,18.8,80.4,70.4,100.0
2026-07-06T21:00:00,gNB-001,NRCell-001,99.61,99.59,98.87,0.82,149.7,24.6,78.4,102.9,100.0
2026-07-06T21:00:00,gNB-001,NRCell-002,97.89,99.12,96.15,0.44,148.7,25.4,75.6,63.2,100.0
2026-07-06T21:00:00,gNB-001,NRCell-003,99.06,98.08,100.0,0.0,145.1,18.9,81.8,21.9,100.0
2026-07-06T21:00:00,gNB-002,NRCell-004,99.27,99.26,98.82,0.56,175.3,27.2,72.0,105.4,100.0
2026-07-06T21:00:00,gNB-002,NRCell-005,100.0,100.0,100.0,1.85,152.9,23.8,76.9,14.6,100.0
2026-07-06T21:00:00,gNB-002,NRCell-006,94.97,98.41,93.7,2.26,112.8,13.5,88.0,65.8,100.0
2026-07-06T21:15:00,gNB-001,NRCell-001,98.58,99.75,97.27,0.25,135.2,22.6,85.2,102.2,100.0
2026-07-06T21:15:00,gNB-001,NRCell-002,98.72,99.13,96.91,0.88,142.6,16.7,76.6,52.9,100.0
2026-07-06T21:15:00,gNB-001,NRCell-003,97.96,100.0,96.55,0.0,163.0,28.8,72.1,20.0,100.0
2026-07-06T21:15:00,gNB-002,NRCell-004,99.02,99.6,98.82,0.61,122.5,17.0,83.1,115.3,100.0
2026-07-06T21:15:00,gNB-002,NRCell-005,100.0,100.0,100.0,0.0,137.4,24.3,84.2,10.7,100.0
2026-07-06T21:15:00,gNB-002,NRCell-006,94.59,96.76,93.28,1.12,145.6,19.7,82.2,63.4,100.0
2026-07-06T21:30:00,gNB-001,NRCell-001,99.46,99.45,97.83,0.28,156.5,24.8,68.5,89.9,100.0
2026-07-06T21:30:00,gNB-001,NRCell-002,99.6,98.8,98.82,0.0,187.6,19.7,66.0,63.5,100.0
2026-07-06T21:30:00,gNB-001,NRCell-003,97.83,97.67,100.0,0.0,156.5,20.5,76.9,13.7,100.0
2026-07-06T21:30:00,gNB-002,NRCell-004,98.82,98.8,98.03,0.61,136.0,15.5,78.8,100.8,100.0
2026-07-06T21:30:00,gNB-002,NRCell-005,98.48,100.0,100.0,1.59,159.2,22.5,76.4,9.3,100.0
2026-07-06T21:30:00,gNB-002,NRCell-006,97.1,98.05,94.92,0.79,141.9,19.1,83.1,58.1,100.0
2026-07-06T21:45:00,gNB-001,NRCell-001,99.51,99.74,98.36,0.77,187.0,23.9,61.6,64.1,100.0
2026-07-06T21:45:00,gNB-001,NRCell-002,98.51,100.0,97.47,0.53,201.1,28.5,64.2,43.2,100.0
2026-07-06T21:45:00,gNB-001,NRCell-003,100.0,100.0,96.77,1.41,143.7,17.5,73.4,17.5,100.0
2026-07-06T21:45:00,gNB-002,NRCell-004,98.98,98.94,96.36,0.81,170.8,23.0,71.4,72.7,100.0
2026-07-06T21:45:00,gNB-002,NRCell-005,100.0,100.0,100.0,1.89,171.2,21.4,68.6,12.5,100.0
2026-07-06T21:45:00,gNB-002,NRCell-006,96.56,97.8,91.43,1.87,155.8,23.6,74.9,44.6,100.0
2026-07-06T22:00:00,gNB-001,NRCell-001,98.82,99.38,98.15,0.31,166.1,24.1,66.1,74.0,100.0
2026-07-06T22:00:00,gNB-001,NRCell-002,99.05,99.01,98.7,1.0,147.6,26.4,74.9,31.5,100.0
2026-07-06T22:00:00,gNB-001,NRCell-003,98.61,98.57,100.0,1.45,175.4,31.1,72.3,13.2,100.0
2026-07-06T22:00:00,gNB-002,NRCell-004,98.23,99.47,97.92,0.0,176.3,31.1,71.5,64.3,100.0
2026-07-06T22:00:00,gNB-002,NRCell-005,95.74,100.0,94.12,0.0,163.4,17.9,71.0,9.0,100.0
2026-07-06T22:00:00,gNB-002,NRCell-006,97.65,96.06,91.8,1.54,178.5,21.8,61.0,36.9,100.0
2026-07-06T22:15:00,gNB-001,NRCell-001,99.03,99.66,97.56,1.01,162.8,24.7,65.8,54.3,100.0
2026-07-06T22:15:00,gNB-001,NRCell-002,99.03,98.53,97.1,0.5,167.1,25.0,69.2,48.8,100.0
2026-07-06T22:15:00,gNB-001,NRCell-003,100.0,100.0,100.0,0.0,176.5,30.7,67.4,10.7,100.0
2026-07-06T22:15:00,gNB-002,NRCell-004,98.6,99.41,96.18,0.59,188.1,26.6,56.6,75.2,100.0
2026-07-06T22:15:00,gNB-002,NRCell-005,100.0,100.0,100.0,0.0,158.5,22.5,69.6,11.4,100.0
2026-07-06T22:15:00,gNB-002,NRCell-006,93.67,95.89,91.55,2.38,180.2,26.3,58.2,41.3,100.0
2026-07-06T22:30:00,gNB-001,NRCell-001,98.56,99.62,97.59,0.0,222.4,22.5,51.6,65.0,100.0
2026-07-06T22:30:00,gNB-001,NRCell-002,97.88,99.44,97.96,0.56,201.7,34.1,51.6,36.8,100.0
2026-07-06T22:30:00,gNB-001,NRCell-003,100.0,100.0,90.91,0.0,156.5,17.1,69.1,16.7,100.0
2026-07-06T22:30:00,gNB-002,NRCell-004,99.17,99.72,97.66,0.28,224.2,30.6,53.3,77.9,100.0
2026-07-06T22:30:00,gNB-002,NRCell-005,97.78,97.56,100.0,2.5,189.2,21.7,65.8,7.8,100.0
2026-07-06T22:30:00,gNB-002,NRCell-006,94.71,96.32,93.75,1.64,210.7,27.9,57.4,35.0,100.0
2026-07-06T22:45:00,gNB-001,NRCell-001,99.3,100.0,100.0,0.72,240.4,25.2,46.1,46.6,100.0
2026-07-06T22:45:00,gNB-001,NRCell-002,99.3,99.26,100.0,0.75,193.7,25.6,60.1,33.7,100.0
2026-07-06T22:45:00,gNB-001,NRCell-003,100.0,100.0,100.0,1.82,208.8,35.5,60.2,13.2,100.0
2026-07-06T22:45:00,gNB-002,NRCell-004,99.67,99.34,99.24,0.33,230.7,34.8,49.3,73.8,100.0
2026-07-06T22:45:00,gNB-002,NRCell-005,100.0,98.0,88.24,0.0,218.1,24.6,56.5,8.4,100.0
2026-07-06T22:45:00,gNB-002,NRCell-006,94.7,95.77,95.56,0.74,203.2,35.6,55.3,38.4,100.0
2026-07-06T23:00:00,gNB-001,NRCell-001,99.26,98.86,97.7,0.77,240.3,30.7,47.0,57.6,100.0
2026-07-06T23:00:00,gNB-001,NRCell-002,99.26,100.0,100.0,0.0,189.8,23.4,54.2,23.6,100.0
2026-07-06T23:00:00,gNB-001,NRCell-003,100.0,98.21,95.45,1.82,193.7,31.3,57.2,13.5,100.0
2026-07-06T23:00:00,gNB-002,NRCell-004,99.01,98.97,92.5,0.0,246.2,24.7,48.5,56.2,100.0
2026-07-06T23:00:00,gNB-002,NRCell-005,100.0,100.0,100.0,0.0,186.3,21.3,61.0,10.4,100.0
2026-07-06T23:00:00,gNB-002,NRCell-006,97.06,96.95,95.35,1.89,211.8,31.0,50.7,30.9,100.0
2026-07-06T23:15:00,gNB-001,NRCell-001,99.52,99.51,98.46,0.0,223.1,35.9,40.4,43.8,100.0
2026-07-06T23:15:00,gNB-001,NRCell-002,98.31,100.0,93.94,0.0,214.7,21.8,49.8,22.1,100.0
2026-07-06T23:15:00,gNB-001,NRCell-003,98.0,97.92,94.74,0.0,204.7,25.1,49.6,10.2,100.0
2026-07-06T23:15:00,gNB-002,NRCell-004,99.17,99.14,95.0,0.87,251.0,41.3,39.5,48.4,100.0
2026-07-06T23:15:00,gNB-002,NRCell-005,97.22,100.0,100.0,0.0,198.5,34.3,59.1,8.3,100.0
2026-07-06T23:15:00,gNB-002,NRCell-006,97.62,98.36,87.1,2.5,215.1,37.3,47.6,27.8,100.0
2026-07-06T23:30:00,gNB-001,NRCell-001,99.1,99.54,98.36,0.46,267.6,40.4,39.0,39.8,100.0
2026-07-06T23:30:00,gNB-001,NRCell-002,98.1,100.0,100.0,0.0,219.2,23.1,47.7,23.9,100.0
2026-07-06T23:30:00,gNB-001,NRCell-003,97.96,100.0,90.48,2.13,235.5,36.8,45.4,8.4,100.0
2026-07-06T23:30:00,gNB-002,NRCell-004,96.89,99.46,98.63,0.0,240.8,32.0,44.1,42.1,100.0
2026-07-06T23:30:00,gNB-002,NRCell-005,100.0,100.0,100.0,0.0,208.9,23.4,54.0,5.7,100.0
2026-07-06T23:30:00,gNB-002,NRCell-006,99.12,98.17,94.29,2.8,213.4,33.9,43.5,22.3,100.0
2026-07-06T23:45:00,gNB-001,NRCell-001,100.0,100.0,94.92,0.0,237.3,30.7,37.3,36.9,100.0
2026-07-06T23:45:00,gNB-001,NRCell-002,98.92,100.0,100.0,0.0,212.0,32.9,46.1,21.4,100.0
2026-07-06T23:45:00,gNB-001,NRCell-003,100.0,97.78,100.0,0.0,232.8,27.6,49.4,9.9,100.0
2026-07-06T23:45:00,gNB-002,NRCell-004,98.12,99.01,97.44,0.5,215.7,22.9,42.4,51.5,100.0
2026-07-06T23:45:00,gNB-002,NRCell-005,96.55,100.0,100.0,0.0,203.5,25.3,51.4,7.7,100.0
2026-07-06T23:45:00,gNB-002,NRCell-006,97.56,96.49,88.37,2.73,266.6,45.7,37.8,31.1,100.0
2026-07-07T00:00:00,gNB-001,NRCell-001,99.16,99.14,100.0,0.87,297.5,51.7,29.9,26.1,100.0
2026-07-07T00:00:00,gNB-001,NRCell-002,100.0,100.0,96.55,0.0,280.4,45.2,30.6,13.6,100.0
2026-07-07T00:00:00,gNB-001,NRCell-003,100.0,100.0,100.0,3.23,261.1,46.2,39.3,6.1,100.0
2026-07-07T00:00:00,gNB-002,NRCell-004,98.47,99.19,98.11,0.0,256.1,45.3,25.8,28.3,100.0
2026-07-07T00:00:00,gNB-002,NRCell-005,100.0,100.0,100.0,0.0,237.8,25.4,40.1,4.9,100.0
2026-07-07T00:00:00,gNB-002,NRCell-006,98.57,100.0,100.0,4.48,285.5,37.7,27.9,12.4,100.0
2026-07-07T00:15:00,gNB-001,NRCell-001,99.09,99.03,96.97,0.98,264.9,38.9,30.1,26.7,100.0
2026-07-07T00:15:00,gNB-001,NRCell-002,100.0,100.0,100.0,1.54,278.6,40.0,30.7,18.4,100.0
2026-07-07T00:15:00,gNB-001,NRCell-003,100.0,100.0,100.0,0.0,261.0,28.0,38.2,6.0,100.0
2026-07-07T00:15:00,gNB-002,NRCell-004,99.2,100.0,96.88,0.0,278.5,33.7,28.8,19.0,100.0
2026-07-07T00:15:00,gNB-002,NRCell-005,100.0,100.0,100.0,7.14,227.7,38.5,44.1,6.1,100.0
2026-07-07T00:15:00,gNB-002,NRCell-006,97.26,98.57,88.89,0.0,291.8,37.6,28.4,14.7,100.0
2026-07-07T00:30:00,gNB-001,NRCell-001,99.01,100.0,96.55,0.0,293.8,30.9,25.9,16.2,100.0
2026-07-07T00:30:00,gNB-001,NRCell-002,98.57,100.0,100.0,1.47,265.4,34.3,32.6,16.5,100.0
2026-07-07T00:30:00,gNB-001,NRCell-003,100.0,100.0,100.0,0.0,231.1,39.6,43.2,6.8,100.0
2026-07-07T00:30:00,gNB-002,NRCell-004,98.32,99.11,96.97,1.8,263.4,34.1,25.9,25.0,100.0
2026-07-07T00:30:00,gNB-002,NRCell-005,100.0,100.0,87.5,9.09,218.1,28.2,41.6,5.7,100.0
2026-07-07T00:30:00,gNB-002,NRCell-006,97.59,96.25,95.45,6.49,272.2,31.3,30.2,12.7,100.0
2026-07-07T00:45:00,gNB-001,NRCell-001,97.92,100.0,96.43,1.1,289.0,47.8,27.4,23.1,100.0
2026-07-07T00:45:00,gNB-001,NRCell-002,100.0,100.0,90.91,0.0,245.0,42.2,33.7,15.0,100.0
2026-07-07T00:45:00,gNB-001,NRCell-003,100.0,100.0,90.91,0.0,217.4,27.5,42.7,6.2,100.0
2026-07-07T00:45:00,gNB-002,NRCell-004,100.0,100.0,96.88,0.81,253.5,34.6,29.6,24.2,100.0
2026-07-07T00:45:00,gNB-002,NRCell-005,96.3,100.0,100.0,4.17,233.9,33.9,37.7,4.2,100.0
2026-07-07T00:45:00,gNB-002,NRCell-006,98.57,100.0,100.0,0.0,287.2,34.1,29.9,10.5,100.0
2026-07-07T01:00:00,gNB-001,NRCell-001,100.0,100.0,100.0,0.0,267.9,31.6,27.0,23.5,100.0
2026-07-07T01:00:00,gNB-001,NRCell-002,100.0,100.0,100.0,0.0,264.8,43.6,34.4,12.3,100.0
2026-07-07T01:00:00,gNB-001,NRCell-003,100.0,100.0,100.0,0.0,255.7,28.2,37.9,5.6,100.0
2026-07-07T01:00:00,gNB-002,NRCell-004,99.12,100.0,100.0,0.0,286.7,45.1,27.8,22.8,100.0
2026-07-07T01:00:00,gNB-002,NRCell-005,100.0,100.0,100.0,3.57,266.3,35.6,37.4,5.3,100.0
2026-07-07T01:00:00,gNB-002,NRCell-006,97.22,100.0,83.87,1.45,284.1,46.4,27.2,15.5,100.0
2026-07-07T01:15:00,gNB-001,NRCell-001,100.0,100.0,100.0,0.0,277.0,42.2,30.0,16.0,100.0
2026-07-07T01:15:00,gNB-001,NRCell-002,98.72,98.67,100.0,1.35,237.7,28.4,33.3,13.8,100.0
2026-07-07T01:15:00,gNB-001,NRCell-003,97.3,100.0,100.0,0.0,273.0,47.9,38.5,8.8,100.0
2026-07-07T01:15:00,gNB-002,NRCell-004,99.17,99.13,96.97,0.0,278.2,29.1,28.1,24.6,100.0
2026-07-07T01:15:00,gNB-002,NRCell-005,100.0,100.0,100.0,0.0,276.7,39.6,36.5,4.4,100.0
2026-07-07T01:15:00,gNB-002,NRCell-006,95.77,100.0,89.47,0.0,300.0,41.7,27.8,14.4,100.0
2026-07-07T01:30:00,gNB-001,NRCell-001,98.1,98.99,97.14,1.02,272.2,28.1,30.0,21.5,100.0
2026-07-07T01:30:00,gNB-001,NRCell-002,100.0,100.0,100.0,0.0,272.5,37.7,30.7,11.8,100.0
2026-07-07T01:30:00,gNB-001,NRCell-003,100.0,100.0,100.0,0.0,257.5,36.5,43.2,7.9,100.0
2026-07-07T01:30:00,gNB-002,NRCell-004,97.46,97.32,97.67,0.0,301.1,39.4,28.6,29.3,100.0
2026-07-07T01:30:00,gNB-002,NRCell-005,100.0,100.0,100.0,0.0,268.1,44.2,37.6,6.2,100.0
2026-07-07T01:30:00,gNB-002,NRCell-006,97.3,98.59,92.86,5.71,271.3,32.7,28.4,13.2,100.0
2026-07-07T01:45:00,gNB-001,NRCell-001,100.0,100.0,100.0,0.0,261.6,30.9,27.7,20.2,100.0
2026-07-07T01:45:00,gNB-001,NRCell-002,100.0,100.0,100.0,1.3,268.2,27.2,29.4,18.0,100.0
2026-07-07T01:45:00,gNB-001,NRCell-003,100.0,100.0,100.0,0.0,233.9,34.4,36.8,7.0,100.0
2026-07-07T01:45:00,gNB-002,NRCell-004,97.74,98.39,97.62,0.0,277.5,41.3,30.4,25.1,100.0
2026-07-07T01:45:00,gNB-002,NRCell-005,100.0,100.0,88.89,0.0,239.6,32.7,42.7,4.4,100.0
2026-07-07T01:45:00,gNB-002,NRCell-006,93.65,94.83,95.45,1.82,308.1,39.7,25.8,16.4,100.0
2026-07-07T02:00:00,gNB-001,NRCell-001,100.0,100.0,96.55,1.87,253.9,42.3,28.0,21.5,100.0
2026-07-07T02:00:00,gNB-001,NRCell-002,97.7,100.0,100.0,0.0,236.9,32.5,34.5,14.9,100.0
2026-07-07T02:00:00,gNB-001,NRCell-003,100.0,100.0,100.0,0.0,233.7,31.4,41.2,7.6,100.0
2026-07-07T02:00:00,gNB-002,NRCell-004,97.69,98.41,98.21,0.0,263.5,39.6,27.0,25.7,100.0
2026-07-07T02:00:00,gNB-002,NRCell-005,100.0,96.3,100.0,3.85,223.5,39.0,40.1,5.4,100.0
2026-07-07T02:00:00,gNB-002,NRCell-006,97.26,97.14,100.0,2.94,251.1,41.4,28.0,17.8,100.0
2026-07-07T02:15:00,gNB-001,NRCell-001,98.2,100.0,100.0,0.95,256.8,44.5,30.6,19.9,100.0
2026-07-07T02:15:00,gNB-001,NRCell-002,97.1,98.46,90.48,0.0,265.4,38.6,29.6,16.6,100.0
2026-07-07T02:15:00,gNB-001,NRCell-003,97.37,100.0,91.67,0.0,267.3,47.2,39.3,7.6,100.0
2026-07-07T02:15:00,gNB-002,NRCell-004,99.22,99.17,100.0,0.83,254.5,42.8,28.5,26.5,100.0
2026-07-07T02:15:00,gNB-002,NRCell-005,100.0,94.74,100.0,0.0,234.7,32.8,39.0,5.2,100.0
2026-07-07T02:15:00,gNB-002,NRCell-006,90.91,95.52,88.89,3.12,267.4,40.4,27.1,13.0,100.0
2026-07-07T02:30:00,gNB-001,NRCell-001,98.96,100.0,100.0,1.1,302.8,40.1,27.8,20.2,100.0
2026-07-07T02:30:00,gNB-001,NRCell-002,98.92,100.0,97.22,1.12,254.3,30.6,31.7,14.2,100.0
2026-07-07T02:30:00,gNB-001,NRCell-003,96.97,100.0,84.62,0.0,251.7,25.3,38.5,7.1,100.0
2026-07-07T02:30:00,gNB-002,NRCell-004,98.4,99.17,100.0,1.67,263.9,47.1,30.7,30.1,100.0
2026-07-07T02:30:00,gNB-002,NRCell-005,100.0,100.0,100.0,0.0,214.9,26.5,42.8,5.9,100.0
2026-07-07T02:30:00,gNB-002,NRCell-006,97.14,96.92,100.0,1.59,258.1,31.4,27.5,10.8,100.0
2026-07-07T02:45:00,gNB-001,NRCell-001,99.09,100.0,100.0,0.0,249.1,41.3,28.4,20.3,100.0
2026-07-07T02:45:00,gNB-001,NRCell-002,100.0,98.61,96.43,0.0,271.0,35.2,30.3,15.6,100.0
2026-07-07T02:45:00,gNB-001,NRCell-003,100.0,100.0,100.0,0.0,270.5,34.8,39.7,5.9,100.0
2026-07-07T02:45:00,gNB-002,NRCell-004,100.0,100.0,97.5,0.0,259.2,27.0,26.8,20.1,100.0
2026-07-07T02:45:00,gNB-002,NRCell-005,100.0,100.0,100.0,0.0,236.7,27.8,40.3,5.0,100.0
2026-07-07T02:45:00,gNB-002,NRCell-006,89.04,100.0,87.5,3.23,282.1,47.1,26.2,15.3,100.0
2026-07-07T03:00:00,gNB-001,NRCell-001,99.16,100.0,100.0,0.88,254.8,39.0,29.2,20.7,100.0
2026-07-07T03:00:00,gNB-001,NRCell-002,100.0,100.0,86.96,0.0,286.7,30.8,30.0,17.8,100.0
2026-07-07T03:00:00,gNB-001,NRCell-003,94.74,97.14,88.89,2.94,264.9,39.0,38.3,7.4,100.0
2026-07-07T03:00:00,gNB-002,NRCell-004,98.44,99.17,100.0,0.0,269.3,28.8,27.4,27.8,100.0
2026-07-07T03:00:00,gNB-002,NRCell-005,100.0,100.0,87.5,8.0,232.1,37.1,37.7,5.0,100.0
2026-07-07T03:00:00,gNB-002,NRCell-006,97.06,98.46,84.0,4.69,263.2,39.1,29.0,16.5,100.0
2026-07-07T03:15:00,gNB-001,NRCell-001,99.07,100.0,100.0,1.94,264.4,37.8,26.8,18.9,100.0
2026-07-07T03:15:00,gNB-001,NRCell-002,100.0,98.39,100.0,0.0,285.5,48.4,32.9,12.5,100.0
2026-07-07T03:15:00,gNB-001,NRCell-003,100.0,100.0,100.0,3.03,265.1,47.3,36.6,6.1,100.0
2026-07-07T03:15:00,gNB-002,NRCell-004,99.31,97.87,100.0,1.45,254.4,42.8,27.6,21.6,100.0
2026-07-07T03:15:00,gNB-002,NRCell-005,100.0,100.0,100.0,0.0,220.1,29.4,41.2,5.8,100.0
2026-07-07T03:15:00,gNB-002,NRCell-006,96.3,100.0,89.66,2.67,294.9,33.0,27.6,16.5,100.0
2026-07-07T03:30:00,gNB-001,NRCell-001,99.1,99.07,96.67,0.0,259.4,32.1,28.7,27.7,100.0
2026-07-07T03:30:00,gNB-001,NRCell-002,96.7,100.0,100.0,0.0,247.6,30.4,31.7,19.3,100.0
2026-07-07T03:30:00,gNB-001,NRCell-003,97.14,96.88,87.5,0.0,248.7,35.1,37.6,8.2,100.0
2026-07-07T03:30:00,gNB-002,NRCell-004,98.54,100.0,100.0,2.27,270.9,38.7,31.4,22.9,100.0
2026-07-07T03:30:00,gNB-002,NRCell-005,100.0,89.66,91.67,3.85,229.2,36.1,37.8,5.4,100.0
2026-07-07T03:30:00,gNB-002,NRCell-006,95.59,93.65,96.0,0.0,270.4,42.5,26.7,17.2,100.0
2026-07-07T03:45:00,gNB-001,NRCell-001,96.92,100.0,96.0,2.44,274.4,36.1,29.4,19.2,100.0
2026-07-07T03:45:00,gNB-001,NRCell-002,100.0,100.0,95.45,3.85,249.5,32.8,36.0,13.4,100.0
2026-07-07T03:45:00,gNB-001,NRCell-003,95.0,100.0,100.0,0.0,258.9,34.8,38.1,8.0,100.0
2026-07-07T03:45:00,gNB-002,NRCell-004,99.25,99.23,100.0,0.78,251.9,40.5,31.7,23.3,100.0
2026-07-07T03:45:00,gNB-002,NRCell-005,100.0,100.0,100.0,3.85,246.5,25.4,44.4,4.3,100.0
2026-07-07T03:45:00,gNB-002,NRCell-006,97.14,98.46,100.0,0.0,292.9,51.2,26.8,15.4,100.0
2026-07-07T04:00:00,gNB-001,NRCell-001,98.41,98.33,96.97,0.0,273.1,30.0,31.8,21.0,100.0
2026-07-07T04:00:00,gNB-001,NRCell-002,100.0,98.51,100.0,0.0,245.3,28.7,34.4,18.1,100.0
2026-07-07T04:00:00,gNB-001,NRCell-003,100.0,100.0,100.0,2.5,233.5,32.9,42.6,6.2,100.0
2026-07-07T04:00:00,gNB-002,NRCell-004,98.73,98.01,98.15,1.35,257.8,36.9,27.2,22.7,100.0
2026-07-07T04:00:00,gNB-002,NRCell-005,100.0,96.77,100.0,3.33,233.7,41.8,43.7,4.9,100.0
2026-07-07T04:00:00,gNB-002,NRCell-006,96.51,97.53,96.55,2.53,290.0,47.6,28.4,14.1,100.0
2026-07-07T04:15:00,gNB-001,NRCell-001,100.0,96.46,97.3,2.75,272.1,37.0,27.7,22.6,100.0
2026-07-07T04:15:00,gNB-001,NRCell-002,97.7,97.5,92.86,0.0,239.4,38.0,37.1,18.8,100.0
2026-07-07T04:15:00,gNB-001,NRCell-003,100.0,100.0,100.0,0.0,232.8,37.8,42.5,9.2,100.0
2026-07-07T04:15:00,gNB-002,NRCell-004,99.38,99.36,96.77,0.0,253.4,33.8,32.3,27.1,100.0
2026-07-07T04:15:00,gNB-002,NRCell-005,100.0,100.0,100.0,4.35,223.4,23.2,41.1,4.5,100.0
2026-07-07T04:15:00,gNB-002,NRCell-006,95.89,98.51,94.44,3.03,275.3,34.2,29.0,15.8,100.0
2026-07-07T04:30:00,gNB-001,NRCell-001,99.24,100.0,97.92,0.0,249.6,37.5,29.5,23.0,100.0
2026-07-07T04:30:00,gNB-001,NRCell-002,98.73,97.4,100.0,0.0,230.4,35.4,37.4,16.9,100.0
2026-07-07T04:30:00,gNB-001,NRCell-003,100.0,100.0,100.0,0.0,245.2,27.5,41.0,8.1,100.0
2026-07-07T04:30:00,gNB-002,NRCell-004,100.0,99.21,100.0,0.79,274.7,44.5,31.9,30.1,100.0
2026-07-07T04:30:00,gNB-002,NRCell-005,100.0,100.0,87.5,0.0,236.8,36.4,40.4,7.5,100.0
2026-07-07T04:30:00,gNB-002,NRCell-006,96.1,94.52,87.5,0.0,271.2,47.6,30.7,13.7,100.0
2026-07-07T04:45:00,gNB-001,NRCell-001,100.0,100.0,100.0,0.0,256.4,31.1,31.3,28.2,100.0
2026-07-07T04:45:00,gNB-001,NRCell-002,100.0,98.88,97.14,0.0,264.5,34.2,32.3,17.7,100.0
2026-07-07T04:45:00,gNB-001,NRCell-003,97.44,100.0,100.0,2.7,220.0,25.2,41.5,6.8,100.0
2026-07-07T04:45:00,gNB-002,NRCell-004,100.0,98.45,95.56,0.79,249.3,31.1,29.6,30.3,100.0
2026-07-07T04:45:00,gNB-002,NRCell-005,100.0,100.0,100.0,0.0,221.5,39.3,40.2,4.7,100.0
2026-07-07T04:45:00,gNB-002,NRCell-006,97.62,97.47,85.19,6.49,270.3,27.8,31.8,15.0,100.0
2026-07-07T05:00:00,gNB-001,NRCell-001,100.0,98.43,100.0,0.8,254.6,30.5,32.3,30.7,100.0
2026-07-07T05:00:00,gNB-001,NRCell-002,100.0,100.0,100.0,1.12,233.4,25.2,35.9,19.2,100.0
2026-07-07T05:00:00,gNB-001,NRCell-003,100.0,96.77,100.0,0.0,236.0,24.3,44.5,7.1,100.0
2026-07-07T05:00:00,gNB-002,NRCell-004,99.35,100.0,100.0,0.0,277.4,29.7,28.9,31.7,100.0
2026-07-07T05:00:00,gNB-002,NRCell-005,100.0,100.0,100.0,0.0,211.8,28.1,45.0,6.0,100.0
2026-07-07T05:00:00,gNB-002,NRCell-006,95.65,100.0,94.29,1.18,242.4,24.4,33.6,18.8,100.0
2026-07-07T05:15:00,gNB-001,NRCell-001,97.24,98.54,100.0,1.48,251.1,29.8,30.0,24.4,100.0
2026-07-07T05:15:00,gNB-001,NRCell-002,100.0,100.0,100.0,0.0,281.8,44.0,34.2,21.0,100.0
2026-07-07T05:15:00,gNB-001,NRCell-003,100.0,100.0,93.75,2.56,230.6,26.4,40.0,8.7,100.0
2026-07-07T05:15:00,gNB-002,NRCell-004,98.0,100.0,94.34,0.71,261.6,42.1,30.1,34.2,100.0
2026-07-07T05:15:00,gNB-002,NRCell-005,100.0,96.43,91.67,0.0,231.0,23.6,47.6,6.9,100.0
2026-07-07T05:15:00,gNB-002,NRCell-006,97.8,97.67,79.17,3.57,261.8,34.3,30.7,16.3,100.0
2026-07-07T05:30:00,gNB-001,NRCell-001,99.19,99.14,97.06,1.74,275.5,40.3,33.3,27.1,100.0
2026-07-07T05:30:00,gNB-001,NRCell-002,100.0,98.92,97.14,0.0,227.0,28.7,37.9,17.1,100.0
2026-07-07T05:30:00,gNB-001,NRCell-003,100.0,100.0,100.0,0.0,225.7,34.4,45.1,6.7,100.0
2026-07-07T05:30:00,gNB-002,NRCell-004,100.0,97.99,98.41,0.0,235.8,29.7,34.0,28.7,100.0
2026-07-07T05:30:00,gNB-002,NRCell-005,100.0,96.15,100.0,4.0,256.5,41.3,40.8,4.6,100.0
2026-07-07T05:30:00,gNB-002,NRCell-006,95.89,98.51,86.67,0.0,278.9,28.0,31.8,17.9,100.0
2026-07-07T05:45:00,gNB-001,NRCell-001,99.31,99.27,95.31,0.0,288.1,36.5,32.8,29.9,100.0
2026-07-07T05:45:00,gNB-001,NRCell-002,100.0,98.92,100.0,0.0,229.6,29.9,40.8,17.9,100.0
2026-07-07T05:45:00,gNB-001,NRCell-003,100.0,100.0,100.0,2.86,223.8,28.4,44.0,9.5,100.0
2026-07-07T05:45:00,gNB-002,NRCell-004,99.31,99.29,100.0,1.44,252.7,27.8,31.9,36.1,100.0
2026-07-07T05:45:00,gNB-002,NRCell-005,100.0,96.43,100.0,0.0,229.3,40.0,45.9,7.2,100.0
2026-07-07T05:45:00,gNB-002,NRCell-006,95.29,96.1,85.0,2.7,279.5,39.0,34.1,22.9,100.0
2026-07-07T06:00:00,gNB-001,NRCell-001,98.1,99.32,95.83,0.68,269.8,31.4,34.3,36.0,100.0
2026-07-07T06:00:00,gNB-001,NRCell-002,98.85,100.0,100.0,0.0,224.4,26.5,42.6,15.4,100.0
2026-07-07T06:00:00,gNB-001,NRCell-003,95.45,97.5,100.0,0.0,203.9,22.3,48.5,6.2,100.0
2026-07-07T06:00:00,gNB-002,NRCell-004,99.41,98.76,95.08,0.63,235.5,30.6,36.1,34.3,100.0
2026-07-07T06:00:00,gNB-002,NRCell-005,100.0,100.0,100.0,0.0,215.8,22.6,44.5,5.6,100.0
2026-07-07T06:00:00,gNB-002,NRCell-006,97.3,100.0,83.33,0.0,276.3,44.1,32.9,23.4,100.0
2026-07-07T06:15:00,gNB-001,NRCell-001,99.35,100.0,100.0,0.0,269.7,30.1,37.5,23.4,100.0
2026-07-07T06:15:00,gNB-001,NRCell-002,97.3,100.0,97.14,0.0,235.9,26.5,37.6,23.1,100.0
2026-07-07T06:15:00,gNB-001,NRCell-003,98.0,95.74,100.0,0.0,251.5,43.2,41.8,11.4,100.0
2026-07-07T06:15:00,gNB-002,NRCell-004,97.14,100.0,97.62,0.51,238.5,25.3,34.5,44.3,100.0
2026-07-07T06:15:00,gNB-002,NRCell-005,96.55,100.0,100.0,0.0,221.3,29.7,48.3,7.4,100.0
2026-07-07T06:15:00,gNB-002,NRCell-006,96.64,97.27,93.1,0.93,235.2,42.2,37.3,23.1,100.0
2026-07-07T06:30:00,gNB-001,NRCell-001,99.34,98.67,96.77,0.0,276.4,29.0,35.6,37.2,100.0
2026-07-07T06:30:00,gNB-001,NRCell-002,100.0,100.0,96.43,0.0,247.0,41.9,41.0,19.6,100.0
2026-07-07T06:30:00,gNB-001,NRCell-003,100.0,97.44,100.0,0.0,230.3,39.3,51.8,9.6,100.0
2026-07-07T06:30:00,gNB-002,NRCell-004,98.7,99.56,100.0,1.33,243.8,37.3,41.2,34.2,100.0
2026-07-07T06:30:00,gNB-002,NRCell-005,100.0,100.0,100.0,0.0,238.9,36.2,49.9,6.3,100.0
2026-07-07T06:30:00,gNB-002,NRCell-006,96.26,97.03,84.62,5.1,242.3,36.4,36.4,18.8,100.0
2026-07-07T06:45:00,gNB-001,NRCell-001,98.97,100.0,100.0,0.0,272.9,35.1,37.7,28.1,100.0
2026-07-07T06:45:00,gNB-001,NRCell-002,99.17,100.0,100.0,2.52,220.6,27.8,41.9,28.2,100.0
2026-07-07T06:45:00,gNB-001,NRCell-003,100.0,100.0,100.0,2.27,230.8,35.7,52.9,8.2,100.0
2026-07-07T06:45:00,gNB-002,NRCell-004,98.12,99.52,98.85,1.45,261.1,29.4,38.4,39.1,100.0
2026-07-07T06:45:00,gNB-002,NRCell-005,100.0,100.0,100.0,0.0,220.1,38.8,51.6,8.3,100.0
2026-07-07T06:45:00,gNB-002,NRCell-006,97.06,96.09,93.75,0.81,255.1,31.0,37.9,26.7,100.0
2026-07-07T07:00:00,gNB-001,NRCell-001,99.5,99.49,100.0,0.51,227.3,26.8,44.7,40.6,100.0
2026-07-07T07:00:00,gNB-001,NRCell-002,100.0,99.03,97.73,0.98,253.1,32.7,44.8,26.4,100.0
2026-07-07T07:00:00,gNB-001,NRCell-003,98.18,100.0,100.0,0.0,226.7,40.0,47.7,10.5,100.0
2026-07-07T07:00:00,gNB-002,NRCell-004,99.57,100.0,100.0,1.34,262.0,31.3,39.4,43.6,100.0
2026-07-07T07:00:00,gNB-002,NRCell-005,100.0,100.0,92.86,0.0,223.2,23.1,51.1,6.7,100.0
2026-07-07T07:00:00,gNB-002,NRCell-006,95.27,99.26,96.61,3.7,222.7,23.7,43.2,22.7,100.0
2026-07-07T07:15:00,gNB-001,NRCell-001,99.55,99.04,97.92,1.93,252.6,41.4,41.3,32.5,100.0
2026-07-07T07:15:00,gNB-001,NRCell-002,99.21,100.0,97.22,0.0,229.0,31.3,44.5,26.9,100.0
2026-07-07T07:15:00,gNB-001,NRCell-003,100.0,95.0,100.0,0.0,241.8,24.8,47.6,11.4,100.0
2026-07-07T07:15:00,gNB-002,NRCell-004,99.56,99.54,96.61,0.0,211.8,30.3,46.2,48.4,100.0
2026-07-07T07:15:00,gNB-002,NRCell-005,97.44,100.0,91.67,0.0,216.6,34.4,50.4,6.1,100.0
2026-07-07T07:15:00,gNB-002,NRCell-006,97.58,96.1,93.75,2.03,258.0,44.3,43.6,23.8,100.0
2026-07-07T07:30:00,gNB-001,NRCell-001,99.55,100.0,97.78,0.92,250.4,42.1,47.0,46.0,100.0
2026-07-07T07:30:00,gNB-001,NRCell-002,98.67,100.0,100.0,0.0,224.4,38.2,54.0,32.6,100.0
2026-07-07T07:30:00,gNB-001,NRCell-003,98.28,100.0,92.86,1.79,202.6,35.7,50.8,8.3,100.0
2026-07-07T07:30:00,gNB-002,NRCell-004,99.6,97.89,96.63,0.86,252.0,38.1,46.2,59.8,100.0
2026-07-07T07:30:00,gNB-002,NRCell-005,100.0,100.0,100.0,2.94,190.4,32.8,60.5,5.5,100.0
2026-07-07T07:30:00,gNB-002,NRCell-006,97.3,97.89,96.83,3.6,235.3,37.4,42.4,27.6,100.0
2026-07-07T07:45:00,gNB-001,NRCell-001,100.0,100.0,98.95,0.0,234.4,26.8,51.6,58.9,100.0
2026-07-07T07:45:00,gNB-001,NRCell-002,99.31,98.59,100.0,0.0,220.8,26.9,51.8,32.6,100.0
2026-07-07T07:45:00,gNB-001,NRCell-003,98.53,100.0,100.0,0.0,205.4,28.0,51.7,10.8,100.0
2026-07-07T07:45:00,gNB-002,NRCell-004,97.65,99.6,98.2,2.44,241.0,40.0,48.1,42.9,100.0
2026-07-07T07:45:00,gNB-002,NRCell-005,97.14,100.0,100.0,0.0,195.4,22.7,60.6,7.2,100.0
2026-07-07T07:45:00,gNB-002,NRCell-006,97.42,97.28,92.86,6.29,258.2,31.3,43.9,36.5,100.0
2026-07-07T08:00:00,gNB-001,NRCell-001,100.0,99.51,96.77,0.0,196.3,28.6,55.5,37.2,100.0
2026-07-07T08:00:00,gNB-001,NRCell-002,98.67,100.0,98.21,0.68,232.5,26.1,50.8,29.3,100.0
2026-07-07T08:00:00,gNB-001,NRCell-003,98.08,100.0,90.48,0.0,222.0,30.1,55.9,14.7,100.0
2026-07-07T08:00:00,gNB-002,NRCell-004,98.88,100.0,97.06,0.39,241.6,37.5,44.8,45.4,100.0
2026-07-07T08:00:00,gNB-002,NRCell-005,100.0,100.0,100.0,0.0,183.3,19.9,58.0,7.9,100.0
2026-07-07T08:00:00,gNB-002,NRCell-006,95.21,97.35,91.84,1.36,218.4,36.8,54.5,30.7,100.0
2026-07-07T08:15:00,gNB-001,NRCell-001,99.2,99.58,100.0,0.84,240.2,25.8,48.6,53.8,100.0
2026-07-07T08:15:00,gNB-001,NRCell-002,100.0,98.51,100.0,0.0,192.0,32.2,55.8,27.1,100.0
2026-07-07T08:15:00,gNB-001,NRCell-003,100.0,98.08,90.91,0.0,215.7,25.0,55.3,10.0,100.0
2026-07-07T08:15:00,gNB-002,NRCell-004,98.14,99.23,97.14,0.78,193.0,25.2,58.6,54.7,100.0
2026-07-07T08:15:00,gNB-002,NRCell-005,100.0,100.0,100.0,0.0,186.8,31.5,66.7,8.7,100.0
2026-07-07T08:15:00,gNB-002,NRCell-006,95.45,96.32,88.89,1.27,183.5,25.6,57.6,30.7,100.0
2026-07-07T08:30:00,gNB-001,NRCell-001,99.35,99.35,98.1,0.0,188.6,30.6,58.0,44.7,100.0
2026-07-07T08:30:00,gNB-001,NRCell-002,98.15,98.69,97.92,0.66,195.4,34.8,63.9,33.2,100.0
2026-07-07T08:30:00,gNB-001,NRCell-003,100.0,98.41,100.0,0.0,187.6,24.5,68.2,15.6,100.0
2026-07-07T08:30:00,gNB-002,NRCell-004,98.67,99.3,98.89,1.06,191.8,25.2,58.5,59.2,100.0
2026-07-07T08:30:00,gNB-002,NRCell-005,100.0,100.0,100.0,0.0,214.9,36.6,57.7,8.2,100.0
2026-07-07T08:30:00,gNB-002,NRCell-006,91.96,96.97,92.31,0.52,200.2,20.0,58.0,45.9,100.0
2026-07-07T08:45:00,gNB-001,NRCell-001,97.93,99.63,96.49,0.74,205.4,20.9,51.7,63.7,100.0
2026-07-07T08:45:00,gNB-001,NRCell-002,98.95,100.0,98.72,0.0,199.5,33.0,62.9,38.7,100.0
2026-07-07T08:45:00,gNB-001,NRCell-003,100.0,100.0,100.0,0.0,193.1,33.5,65.5,17.3,100.0
2026-07-07T08:45:00,gNB-002,NRCell-004,99.46,98.59,97.67,0.86,181.8,30.3,64.4,78.3,100.0
2026-07-07T08:45:00,gNB-002,NRCell-005,100.0,100.0,100.0,0.0,191.1,19.8,57.5,7.3,100.0
2026-07-07T08:45:00,gNB-002,NRCell-006,96.0,96.81,95.08,1.65,197.3,35.1,54.3,42.3,100.0
2026-07-07T09:00:00,gNB-001,NRCell-001,98.64,99.28,85.71,0.72,184.8,29.3,63.8,72.9,100.0
2026-07-07T09:00:00,gNB-001,NRCell-002,97.73,99.06,98.59,0.95,156.7,16.0,69.9,41.6,100.0
2026-07-07T09:00:00,gNB-001,NRCell-003,98.46,98.36,100.0,0.0,187.0,28.9,60.2,11.3,100.0
2026-07-07T09:00:00,gNB-002,NRCell-004,98.62,98.84,99.06,0.88,182.4,28.4,64.6,59.6,100.0
2026-07-07T09:00:00,gNB-002,NRCell-005,100.0,100.0,94.44,0.0,146.1,19.7,74.8,13.6,100.0
2026-07-07T09:00:00,gNB-002,NRCell-006,97.26,96.65,89.39,1.98,183.5,23.3,56.3,52.8,100.0
2026-07-07T09:15:00,gNB-001,NRCell-001,99.75,99.47,85.92,1.6,197.4,27.9,64.4,70.0,100.0
2026-07-07T09:15:00,gNB-001,NRCell-002,99.07,99.51,98.15,0.99,184.5,27.6,68.2,46.6,100.0
2026-07-07T09:15:00,gNB-001,NRCell-003,100.0,98.53,100.0,0.0,167.2,24.6,75.4,18.4,100.0
2026-07-07T09:15:00,gNB-002,NRCell-004,98.85,98.82,95.8,0.48,180.5,21.9,59.6,93.7,100.0
2026-07-07T09:15:00,gNB-002,NRCell-005,100.0,100.0,95.0,0.0,154.7,18.9,73.8,8.3,100.0
2026-07-07T09:15:00,gNB-002,NRCell-006,95.93,97.09,93.33,3.5,209.5,35.6,59.5,49.2,100.0
2026-07-07T09:30:00,gNB-001,NRCell-001,98.29,99.7,88.18,0.6,145.0,23.1,73.1,79.3,100.0
2026-07-07T09:30:00,gNB-001,NRCell-002,99.48,100.0,98.55,0.55,186.5,30.6,60.1,33.3,100.0
2026-07-07T09:30:00,gNB-001,NRCell-003,98.72,100.0,100.0,0.0,159.2,21.7,76.1,17.2,100.0
2026-07-07T09:30:00,gNB-002,NRCell-004,98.94,99.35,96.95,0.22,205.3,25.4,60.0,92.8,100.0
2026-07-07T09:30:00,gNB-002,NRCell-005,100.0,100.0,90.0,0.0,135.0,24.2,77.0,12.1,100.0
2026-07-07T09:30:00,gNB-002,NRCell-006,98.03,97.96,93.55,2.92,177.9,32.0,60.7,42.7,100.0
2026-07-07T09:45:00,gNB-001,NRCell-001,99.7,99.4,94.68,1.22,166.5,27.6,66.3,74.7,100.0
2026-07-07T09:45:00,gNB-001,NRCell-002,100.0,83.33,100.0,0.0,65.8,11.7,13.8,1.2,100.0
2026-07-07T09:45:00,gNB-001,NRCell-003,98.75,98.72,100.0,1.3,144.5,22.3,76.4,17.0,100.0
2026-07-07T09:45:00,gNB-002,NRCell-004,98.96,98.94,97.48,1.07,207.7,25.4,60.7,99.7,100.0
2026-07-07T09:45:00,gNB-002,NRCell-005,98.0,100.0,93.33,2.13,192.3,30.2,65.3,13.7,100.0
2026-07-07T09:45:00,gNB-002,NRCell-006,96.11,96.65,94.81,2.6,141.9,16.1,76.9,67.8,100.0
2026-07-07T10:00:00,gNB-001,NRCell-001,100.0,99.45,91.77,1.39,169.4,22.1,68.7,63.1,100.0
2026-07-07T10:00:00,gNB-001,NRCell-002,100.0,100.0,100.0,0.0,57.7,9.1,13.6,1.4,100.0
2026-07-07T10:00:00,gNB-001,NRCell-003,98.84,97.56,97.22,0.0,129.1,13.7,80.0,16.1,100.0
2026-07-07T10:00:00,gNB-002,NRCell-004,98.99,99.2,99.24,1.08,154.5,19.8,75.2,96.5,100.0
2026-07-07T10:00:00,gNB-002,NRCell-005,98.31,100.0,100.0,0.0,148.5,24.7,79.7,11.5,100.0
2026-07-07T10:00:00,gNB-002,NRCell-006,95.83,95.9,94.74,0.85,165.6,24.5,68.2,60.8,100.0
2026-07-07T10:15:00,gNB-001,NRCell-001,98.99,99.38,90.0,1.66,175.9,20.9,73.0,104.4,100.0
2026-07-07T10:15:00,gNB-001,NRCell-002,100.0,100.0,100.0,0.0,64.8,8.7,14.1,1.8,100.0
2026-07-07T10:15:00,gNB-001,NRCell-003,100.0,100.0,95.0,1.52,128.7,19.4,86.7,11.9,100.0
2026-07-07T10:15:00,gNB-002,NRCell-004,99.22,99.47,93.06,1.59,119.9,15.2,68.6,95.8,100.0
2026-07-07T10:15:00,gNB-002,NRCell-005,100.0,100.0,100.0,0.0,171.8,20.3,69.7,10.0,100.0
2026-07-07T10:15:00,gNB-002,NRCell-006,96.96,97.97,92.86,4.15,161.6,27.6,67.8,67.9,100.0
2026-07-07T10:30:00,gNB-001,NRCell-001,99.37,99.57,87.02,1.08,145.1,20.6,74.6,67.3,100.0
2026-07-07T10:30:00,gNB-001,NRCell-002,100.0,100.0,100.0,0.0,64.0,10.7,14.1,1.4,100.0
2026-07-07T10:30:00,gNB-001,NRCell-003,98.65,100.0,100.0,0.0,155.9,23.3,79.2,20.3,100.0
2026-07-07T10:30:00,gNB-002,NRCell-004,99.59,98.73,95.79,3.22,87.8,15.7,82.3,126.0,100.0
2026-07-07T10:30:00,gNB-002,NRCell-005,96.77,98.31,100.0,0.0,139.5,17.3,76.4,10.1,100.0
2026-07-07T10:30:00,gNB-002,NRCell-006,97.08,98.08,94.44,2.75,180.8,25.2,70.1,52.2,100.0
2026-07-07T10:45:00,gNB-001,NRCell-001,99.33,99.55,89.17,0.45,187.9,30.2,68.4,73.7,100.0
2026-07-07T10:45:00,gNB-001,NRCell-002,100.0,100.0,100.0,0.0,61.1,7.1,13.7,1.6,100.0
2026-07-07T10:45:00,gNB-001,NRCell-003,98.73,100.0,91.3,2.7,111.9,18.0,90.6,17.9,100.0
2026-07-07T10:45:00,gNB-002,NRCell-004,99.81,99.39,92.02,2.25,126.6,18.0,70.7,130.7,100.0
2026-07-07T10:45:00,gNB-002,NRCell-005,98.33,100.0,100.0,0.0,155.0,23.3,77.3,10.6,100.0
2026-07-07T10:45:00,gNB-002,NRCell-006,94.4,98.38,94.67,2.47,126.4,19.9,86.5,49.3,100.0
2026-07-07T11:00:00,gNB-001,NRCell-001,100.0,99.17,87.61,0.56,154.3,17.0,76.7,61.4,100.0
2026-07-07T11:00:00,gNB-001,NRCell-002,85.71,100.0,100.0,0.0,65.3,7.3,13.9,1.4,100.0
2026-07-07T11:00:00,gNB-001,NRCell-003,96.25,100.0,97.06,0.0,139.8,18.2,85.4,16.5,100.0
2026-07-07T11:00:00,gNB-002,NRCell-004,99.08,99.05,94.47,2.5,93.2,16.5,79.4,94.0,100.0
2026-07-07T11:00:00,gNB-002,NRCell-005,98.51,100.0,94.74,3.23,105.8,10.7,90.1,14.0,100.0
2026-07-07T11:00:00,gNB-002,NRCell-006,97.28,97.45,95.0,2.61,148.1,25.5,72.4,64.7,100.0
2026-07-07T11:15:00,gNB-001,NRCell-001,99.03,99.41,90.44,0.6,130.4,22.3,82.4,87.6,100.0
2026-07-07T11:15:00,gNB-001,NRCell-002,100.0,100.0,100.0,16.67,64.5,8.9,14.2,1.8,100.0
2026-07-07T11:15:00,gNB-001,NRCell-003,98.92,100.0,97.5,0.0,149.8,19.8,76.4,19.4,100.0
2026-07-07T11:15:00,gNB-002,NRCell-004,99.0,98.97,94.09,1.91,110.2,18.9,76.7,88.8,100.0
2026-07-07T11:15:00,gNB-002,NRCell-005,100.0,98.57,100.0,2.9,133.6,23.7,79.8,15.9,100.0
2026-07-07T11:15:00,gNB-002,NRCell-006,97.19,98.66,93.46,2.03,137.4,18.6,85.3,62.0,100.0
2026-07-07T11:30:00,gNB-001,NRCell-001,99.6,99.16,88.24,0.21,161.5,20.4,74.8,91.6,100.0
2026-07-07T11:30:00,gNB-001,NRCell-002,100.0,100.0,100.0,0.0,59.4,6.6,14.4,1.7,100.0
2026-07-07T11:30:00,gNB-001,NRCell-003,100.0,96.34,89.29,1.27,143.4,17.3,79.5,15.3,100.0
2026-07-07T11:30:00,gNB-002,NRCell-004,99.2,99.8,93.19,3.05,87.1,9.4,82.0,133.8,100.0
2026-07-07T11:30:00,gNB-002,NRCell-005,96.92,98.36,95.24,0.0,132.6,20.9,84.5,11.8,100.0
2026-07-07T11:30:00,gNB-002,NRCell-006,95.05,99.0,89.25,2.03,111.8,18.6,89.9,76.1,100.0
2026-07-07T11:45:00,gNB-001,NRCell-001,99.39,99.17,86.31,0.83,158.0,28.0,77.5,89.5,100.0
2026-07-07T11:45:00,gNB-001,NRCell-002,100.0,100.0,100.0,0.0,60.6,7.6,14.0,2.0,100.0
2026-07-07T11:45:00,gNB-001,NRCell-003,98.46,100.0,100.0,1.61,106.7,12.9,90.0,18.9,100.0
2026-07-07T11:45:00,gNB-002,NRCell-004,98.78,99.27,92.86,1.66,73.9,8.9,90.0,130.6,100.0
2026-07-07T11:45:00,gNB-002,NRCell-005,96.61,98.15,100.0,0.0,114.2,18.5,89.0,13.4,100.0
2026-07-07T11:45:00,gNB-002,NRCell-006,95.59,99.27,89.52,2.56,144.0,22.1,83.8,50.4,100.0
2026-07-07T12:00:00,gNB-001,NRCell-001,99.35,99.56,91.14,1.11,141.4,23.8,83.3,107.8,100.0
2026-07-07T12:00:00,gNB-001,NRCell-002,100.0,100.0,100.0,0.0,61.6,8.9,13.9,1.8,100.0
2026-07-07T12:00:00,gNB-001,NRCell-003,97.83,100.0,92.11,2.25,112.7,15.8,88.2,15.4,100.0
2026-07-07T12:00:00,gNB-002,NRCell-004,99.17,99.83,93.64,2.05,108.1,18.0,76.2,84.9,100.0
2026-07-07T12:00:00,gNB-002,NRCell-005,96.49,100.0,100.0,0.0,159.3,16.5,74.0,13.3,100.0
2026-07-07T12:00:00,gNB-002,NRCell-006,94.43,96.93,92.41,1.19,143.0,15.3,84.2,67.5,100.0
2026-07-07T12:15:00,gNB-001,NRCell-001,99.38,99.36,83.54,0.65,135.0,19.0,83.1,79.9,100.0
2026-07-07T12:15:00,gNB-001,NRCell-002,100.0,100.0,100.0,0.0,64.0,7.7,14.1,1.5,100.0
2026-07-07T12:15:00,gNB-001,NRCell-003,98.77,100.0,100.0,0.0,128.2,17.8,82.1,21.6,100.0
2026-07-07T12:15:00,gNB-002,NRCell-004,98.71,99.55,93.66,1.14,103.4,14.8,71.9,112.7,100.0
2026-07-07T12:15:00,gNB-002,NRCell-005,100.0,100.0,100.0,1.54,150.8,22.8,80.9,14.7,100.0
2026-07-07T12:15:00,gNB-002,NRCell-006,95.92,98.53,92.92,1.87,118.9,19.1,84.1,69.1,100.0
2026-07-07T12:30:00,gNB-001,NRCell-001,98.85,98.77,88.98,0.99,143.6,16.1,77.4,84.1,100.0
2026-07-07T12:30:00,gNB-001,NRCell-002,100.0,100.0,100.0,0.0,67.0,10.5,13.8,1.8,100.0
2026-07-07T12:30:00,gNB-001,NRCell-003,97.67,98.8,100.0,1.22,137.4,19.9,80.3,15.5,100.0
2026-07-07T12:30:00,gNB-002,NRCell-004,100.0,99.46,96.28,1.64,85.1,15.3,84.7,92.6,100.0
2026-07-07T12:30:00,gNB-002,NRCell-005,100.0,100.0,100.0,0.0,116.2,19.7,92.2,11.9,100.0
2026-07-07T12:30:00,gNB-002,NRCell-006,95.65,97.89,92.47,1.43,132.5,19.8,87.3,71.7,100.0
2026-07-07T12:45:00,gNB-001,NRCell-001,99.29,99.26,92.37,0.75,120.7,14.0,84.1,93.9,100.0
2026-07-07T12:45:00,gNB-001,NRCell-002,100.0,100.0,100.0,0.0,59.5,7.7,14.3,1.8,100.0
2026-07-07T12:45:00,gNB-001,NRCell-003,100.0,100.0,100.0,0.0,111.8,11.5,92.5,19.3,100.0
2026-07-07T12:45:00,gNB-002,NRCell-004,99.43,99.6,92.76,1.98,118.1,16.1,71.6,141.1,100.0
2026-07-07T12:45:00,gNB-002,NRCell-005,97.44,98.63,96.67,0.0,125.6,15.6,86.1,10.7,100.0
2026-07-07T12:45:00,gNB-002,NRCell-006,98.43,97.98,95.12,2.06,113.4,13.5,86.3,63.6,100.0
2026-07-07T13:00:00,gNB-001,NRCell-001,100.0,99.45,84.21,1.11,115.5,19.7,86.7,103.9,100.0
2026-07-07T13:00:00,gNB-001,NRCell-002,99.2,100.0,99.08,0.84,129.9,18.8,89.0,53.5,100.0
2026-07-07T13:00:00,gNB-001,NRCell-003,100.0,100.0,94.12,0.0,118.2,13.2,91.3,16.8,100.0
2026-07-07T13:00:00,gNB-002,NRCell-004,99.48,99.26,93.98,1.3,78.5,13.9,88.4,123.4,100.0
2026-07-07T13:00:00,gNB-002,NRCell-005,100.0,98.46,100.0,1.56,117.8,19.6,92.1,15.6,100.0
2026-07-07T13:00:00,gNB-002,NRCell-006,94.03,97.51,95.79,2.55,164.3,28.9,69.7,75.5,100.0
2026-07-07T13:15:00,gNB-001,NRCell-001,99.52,99.5,90.18,0.5,120.7,19.3,84.7,76.7,100.0
2026-07-07T13:15:00,gNB-001,NRCell-002,99.56,100.0,97.14,0.47,135.6,15.9,78.3,57.6,100.0
2026-07-07T13:15:00,gNB-001,NRCell-003,98.06,100.0,97.56,1.03,139.0,21.4,79.5,21.0,100.0
2026-07-07T13:15:00,gNB-002,NRCell-004,99.79,99.35,99.32,0.0,176.7,30.2,71.0,115.9,100.0
2026-07-07T13:15:00,gNB-002,NRCell-005,98.55,98.46,92.0,0.0,117.2,21.0,90.3,10.0,100.0
2026-07-07T13:15:00,gNB-002,NRCell-006,98.15,96.46,95.45,1.63,126.3,12.7,81.0,62.5,100.0
2026-07-07T13:30:00,gNB-001,NRCell-001,99.38,99.14,90.23,1.3,154.5,20.0,70.1,69.1,100.0
2026-07-07T13:30:00,gNB-001,NRCell-002,99.26,99.22,95.77,0.0,150.3,18.8,80.7,60.2,100.0
2026-07-07T13:30:00,gNB-001,NRCell-003,96.97,100.0,100.0,0.0,125.8,17.2,89.2,16.6,100.0
2026-07-07T13:30:00,gNB-002,NRCell-004,99.42,99.4,97.08,0.8,130.2,18.0,83.6,94.3,100.0
2026-07-07T13:30:00,gNB-002,NRCell-005,100.0,100.0,96.67,0.0,130.3,21.3,82.2,13.2,100.0
2026-07-07T13:30:00,gNB-002,NRCell-006,95.64,97.79,88.71,1.13,149.4,26.1,72.0,58.1,100.0
2026-07-07T13:45:00,gNB-001,NRCell-001,99.1,98.78,90.43,1.23,169.3,28.1,70.8,82.1,100.0
2026-07-07T13:45:00,gNB-001,NRCell-002,98.09,99.5,96.92,0.0,149.9,20.7,77.9,46.7,100.0
2026-07-07T13:45:00,gNB-001,NRCell-003,98.67,100.0,92.59,2.82,152.6,18.3,77.2,11.8,100.0
2026-07-07T13:45:00,gNB-002,NRCell-004,98.69,99.55,98.45,0.45,165.7,25.7,65.4,73.9,100.0
2026-07-07T13:45:00,gNB-002,NRCell-005,100.0,98.11,84.21,0.0,122.0,13.2,86.9,12.6,100.0
2026-07-07T13:45:00,gNB-002,NRCell-006,95.08,96.89,92.0,1.83,180.6,25.7,70.6,44.6,100.0
2026-07-07T14:00:00,gNB-001,NRCell-001,98.65,100.0,100.0,0.85,185.3,26.5,64.7,70.1,100.0
2026-07-07T14:00:00,gNB-001,NRCell-002,99.19,99.57,91.86,1.28,140.9,15.3,80.5,50.2,100.0
2026-07-07T14:00:00,gNB-001,NRCell-003,96.15,98.61,96.77,0.0,148.8,19.2,77.9,14.4,100.0
2026-07-07T14:00:00,gNB-002,NRCell-004,98.85,99.27,98.47,1.22,153.2,25.2,74.0,92.6,100.0
2026-07-07T14:00:00,gNB-002,NRCell-005,100.0,100.0,100.0,0.0,156.5,25.4,72.3,13.3,100.0
2026-07-07T14:00:00,gNB-002,NRCell-006,95.29,96.86,92.73,1.21,168.9,19.0,69.0,57.1,100.0
2026-07-07T14:15:00,gNB-001,NRCell-001,99.44,99.72,98.06,0.28,177.0,26.0,67.5,93.5,100.0
2026-07-07T14:15:00,gNB-001,NRCell-002,99.56,99.12,95.31,0.45,162.5,22.7,73.7,37.4,100.0
2026-07-07T14:15:00,gNB-001,NRCell-003,100.0,100.0,93.33,1.18,151.6,20.1,74.9,20.5,100.0
2026-07-07T14:15:00,gNB-002,NRCell-004,99.18,99.38,97.66,0.42,151.7,18.3,73.9,97.3,100.0
2026-07-07T14:15:00,gNB-002,NRCell-005,100.0,100.0,100.0,0.0,164.1,17.3,72.1,8.7,100.0
2026-07-07T14:15:00,gNB-002,NRCell-006,95.61,97.7,90.11,1.89,189.0,31.0,67.4,58.1,100.0
2026-07-07T14:30:00,gNB-001,NRCell-001,100.0,98.41,99.24,0.0,149.1,19.4,74.7,66.4,100.0
2026-07-07T14:30:00,gNB-001,NRCell-002,99.53,99.01,100.0,1.0,175.0,25.2,72.8,44.5,100.0
2026-07-07T14:30:00,gNB-001,NRCell-003,98.68,100.0,100.0,0.0,177.3,21.3,64.3,15.7,100.0
2026-07-07T14:30:00,gNB-002,NRCell-004,98.88,98.33,98.23,0.73,171.5,19.7,63.4,71.9,100.0
2026-07-07T14:30:00,gNB-002,NRCell-005,96.43,98.11,100.0,0.0,153.2,21.9,71.7,10.0,100.0
2026-07-07T14:30:00,gNB-002,NRCell-006,96.48,95.32,89.55,1.79,171.8,24.2,65.1,40.3,100.0
2026-07-07T14:45:00,gNB-001,NRCell-001,99.73,99.72,99.28,1.11,155.6,23.8,70.2,81.2,100.0
2026-07-07T14:45:00,gNB-001,NRCell-002,100.0,100.0,96.0,0.0,169.7,19.8,73.6,52.4,100.0
2026-07-07T14:45:00,gNB-001,NRCell-003,98.59,100.0,100.0,1.47,148.5,20.8,77.5,12.0,100.0
2026-07-07T14:45:00,gNB-002,NRCell-004,98.75,99.56,97.04,0.44,182.4,19.6,69.5,96.5,100.0
2026-07-07T14:45:00,gNB-002,NRCell-005,98.15,100.0,100.0,0.0,133.3,16.1,79.0,12.2,100.0
2026-07-07T14:45:00,gNB-002,NRCell-006,97.33,93.81,96.67,1.02,190.6,21.1,60.7,53.8,100.0
2026-07-07T15:00:00,gNB-001,NRCell-001,99.72,98.53,97.52,0.6,194.9,22.8,62.5,81.9,100.0
2026-07-07T15:00:00,gNB-001,NRCell-002,99.48,99.47,100.0,0.0,193.7,34.7,65.8,32.4,100.0
2026-07-07T15:00:00,gNB-001,NRCell-003,100.0,98.48,79.17,1.54,154.6,26.8,74.5,14.6,100.0
2026-07-07T15:00:00,gNB-002,NRCell-004,99.27,99.5,99.01,0.5,154.4,21.2,71.2,87.4,100.0
2026-07-07T15:00:00,gNB-002,NRCell-005,98.0,100.0,92.31,2.08,139.5,22.9,76.7,8.3,100.0
2026-07-07T15:00:00,gNB-002,NRCell-006,96.04,96.74,91.18,1.12,166.4,20.1,70.4,56.4,100.0
2026-07-07T15:15:00,gNB-001,NRCell-001,99.41,100.0,97.97,0.61,212.2,33.0,57.9,88.6,100.0
2026-07-07T15:15:00,gNB-001,NRCell-002,99.44,98.8,98.04,1.21,213.7,30.8,56.1,37.0,100.0
2026-07-07T15:15:00,gNB-001,NRCell-003,100.0,98.41,100.0,3.23,196.9,22.3,62.3,13.9,100.0
2026-07-07T15:15:00,gNB-002,NRCell-004,99.36,99.34,98.86,1.32,201.8,22.7,61.8,76.6,100.0
2026-07-07T15:15:00,gNB-002,NRCell-005,97.83,100.0,93.33,2.33,183.5,25.4,68.9,11.8,100.0
2026-07-07T15:15:00,gNB-002,NRCell-006,95.83,97.5,92.68,3.42,190.6,25.4,61.6,49.0,100.0
2026-07-07T15:30:00,gNB-001,NRCell-001,98.33,99.42,98.18,0.59,189.3,25.9,56.2,55.2,100.0
2026-07-07T15:30:00,gNB-001,NRCell-002,98.67,100.0,92.73,1.38,174.8,25.2,61.0,36.7,100.0
2026-07-07T15:30:00,gNB-001,NRCell-003,98.44,98.33,96.43,0.0,199.9,22.8,60.2,16.4,100.0
2026-07-07T15:30:00,gNB-002,NRCell-004,99.46,99.43,98.98,0.28,181.1,31.2,67.2,78.1,100.0
2026-07-07T15:30:00,gNB-002,NRCell-005,97.92,100.0,88.24,0.0,182.9,19.1,63.9,9.7,100.0
2026-07-07T15:30:00,gNB-002,NRCell-006,95.74,98.26,89.13,1.78,200.8,29.8,57.9,33.9,100.0
2026-07-07T15:45:00,gNB-001,NRCell-001,98.67,99.65,99.23,0.0,212.9,22.5,52.2,68.1,100.0
2026-07-07T15:45:00,gNB-001,NRCell-002,98.73,99.32,96.15,0.0,181.1,19.5,60.9,42.0,100.0
2026-07-07T15:45:00,gNB-001,NRCell-003,98.51,100.0,95.45,0.0,197.8,25.7,60.8,17.0,100.0
2026-07-07T15:45:00,gNB-002,NRCell-004,98.1,99.33,99.06,1.34,222.4,34.7,53.5,79.6,100.0
2026-07-07T15:45:00,gNB-002,NRCell-005,100.0,100.0,95.24,0.0,185.4,29.1,64.7,8.8,100.0
2026-07-07T15:45:00,gNB-002,NRCell-006,94.39,96.67,91.67,3.45,195.2,27.0,61.9,45.4,100.0
2026-07-07T16:00:00,gNB-001,NRCell-001,98.87,99.42,98.04,0.87,206.5,33.0,56.6,50.9,100.0
2026-07-07T16:00:00,gNB-001,NRCell-002,100.0,99.47,98.48,0.0,184.6,28.2,66.9,44.4,100.0
2026-07-07T16:00:00,gNB-001,NRCell-003,100.0,95.65,95.65,0.0,184.1,29.4,57.6,12.7,100.0
2026-07-07T16:00:00,gNB-002,NRCell-004,99.47,98.92,98.17,0.55,203.8,27.4,61.8,68.8,100.0
2026-07-07T16:00:00,gNB-002,NRCell-005,100.0,100.0,91.67,0.0,203.4,32.4,58.1,9.2,100.0
2026-07-07T16:00:00,gNB-002,NRCell-006,97.44,98.41,92.96,1.08,209.3,29.7,54.0,48.2,100.0
2026-07-07T16:15:00,gNB-001,NRCell-001,99.35,98.34,99.17,0.34,201.9,26.4,52.9,55.5,100.0
2026-07-07T16:15:00,gNB-001,NRCell-002,100.0,98.91,100.0,0.55,186.2,20.1,66.0,44.7,100.0
2026-07-07T16:15:00,gNB-001,NRCell-003,100.0,100.0,100.0,0.0,182.2,31.9,63.8,11.2,100.0
2026-07-07T16:15:00,gNB-002,NRCell-004,99.3,99.53,97.74,0.48,172.1,29.4,64.0,93.6,100.0
2026-07-07T16:15:00,gNB-002,NRCell-005,100.0,96.61,88.0,0.0,177.9,29.8,59.9,11.3,100.0
2026-07-07T16:15:00,gNB-002,NRCell-006,95.65,97.91,91.53,3.74,185.5,19.9,64.3,34.7,100.0
2026-07-07T16:30:00,gNB-001,NRCell-001,98.51,99.08,96.51,0.31,180.5,20.0,59.5,53.6,100.0
2026-07-07T16:30:00,gNB-001,NRCell-002,98.3,99.39,98.08,0.61,178.1,30.2,64.1,31.9,100.0
2026-07-07T16:30:00,gNB-001,NRCell-003,100.0,98.44,96.15,0.0,184.9,29.8,66.3,13.8,100.0
2026-07-07T16:30:00,gNB-002,NRCell-004,99.34,99.0,97.71,0.0,217.5,28.2,55.4,65.9,100.0
2026-07-07T16:30:00,gNB-002,NRCell-005,100.0,100.0,100.0,0.0,174.0,24.4,71.0,13.4,100.0
2026-07-07T16:30:00,gNB-002,NRCell-006,96.8,94.09,96.49,2.62,196.5,21.1,51.8,47.4,100.0
2026-07-07T16:45:00,gNB-001,NRCell-001,100.0,100.0,100.0,0.66,201.1,28.5,60.4,68.0,100.0
2026-07-07T16:45:00,gNB-001,NRCell-002,99.37,99.35,98.25,0.0,160.4,16.1,69.2,29.3,100.0
2026-07-07T16:45:00,gNB-001,NRCell-003,96.92,98.39,94.74,0.0,159.2,19.5,67.1,12.7,100.0
2026-07-07T16:45:00,gNB-002,NRCell-004,99.67,98.65,97.17,0.34,190.4,29.6,54.4,61.4,100.0
2026-07-07T16:45:00,gNB-002,NRCell-005,100.0,100.0,100.0,0.0,181.6,30.6,61.9,11.0,100.0
2026-07-07T16:45:00,gNB-002,NRCell-006,94.42,94.53,92.13,2.63,186.5,30.8,61.2,34.7,100.0
2026-07-07T17:00:00,gNB-001,NRCell-001,99.7,99.06,99.2,0.95,180.4,25.8,65.2,77.2,100.0
2026-07-07T17:00:00,gNB-001,NRCell-002,98.82,99.39,95.56,0.61,187.9,25.7,67.0,40.9,100.0
2026-07-07T17:00:00,gNB-001,NRCell-003,97.22,100.0,96.67,2.9,155.2,18.8,68.9,14.1,100.0
2026-07-07T17:00:00,gNB-002,NRCell-004,99.48,99.73,98.6,0.8,196.3,25.0,55.5,59.5,100.0
2026-07-07T17:00:00,gNB-002,NRCell-005,100.0,97.92,100.0,0.0,161.6,26.0,68.1,9.0,100.0
2026-07-07T17:00:00,gNB-002,NRCell-006,95.4,96.88,95.74,0.65,190.2,32.7,55.5,49.4,100.0
2026-07-07T17:15:00,gNB-001,NRCell-001,99.01,100.0,100.0,0.34,182.0,27.2,69.6,68.5,100.0
2026-07-07T17:15:00,gNB-001,NRCell-002,99.43,100.0,100.0,0.0,176.6,20.4,64.3,28.2,100.0
2026-07-07T17:15:00,gNB-001,NRCell-003,100.0,100.0,100.0,0.0,197.7,32.0,64.8,16.7,100.0
2026-07-07T17:15:00,gNB-002,NRCell-004,98.99,98.69,99.03,0.27,178.0,28.6,70.4,70.5,100.0
2026-07-07T17:15:00,gNB-002,NRCell-005,100.0,100.0,100.0,0.0,155.0,15.7,75.8,9.9,100.0
2026-07-07T17:15:00,gNB-002,NRCell-006,96.12,97.26,98.28,1.41,183.6,21.2,56.5,38.5,100.0
2026-07-07T17:30:00,gNB-001,NRCell-001,98.77,100.0,97.62,0.32,188.8,26.9,68.0,52.1,100.0
2026-07-07T17:30:00,gNB-001,NRCell-002,99.45,100.0,100.0,1.69,172.3,29.0,62.5,42.9,100.0
2026-07-07T17:30:00,gNB-001,NRCell-003,100.0,100.0,95.83,0.0,149.8,25.6,75.5,14.5,100.0
2026-07-07T17:30:00,gNB-002,NRCell-004,99.36,99.32,98.01,1.36,187.7,23.3,61.7,76.6,100.0
2026-07-07T17:30:00,gNB-002,NRCell-005,98.31,100.0,100.0,0.0,154.2,15.9,75.5,8.3,100.0
2026-07-07T17:30:00,gNB-002,NRCell-006,95.12,97.85,93.83,2.19,156.4,26.4,71.4,41.7,100.0
2026-07-07T17:45:00,gNB-001,NRCell-001,99.42,99.69,97.14,0.62,171.9,24.1,71.4,63.9,100.0
2026-07-07T17:45:00,gNB-001,NRCell-002,98.65,100.0,100.0,0.0,196.9,33.3,62.2,50.9,100.0
2026-07-07T17:45:00,gNB-001,NRCell-003,98.81,98.73,93.55,0.0,149.1,20.0,77.0,13.8,100.0
2026-07-07T17:45:00,gNB-002,NRCell-004,99.46,98.33,98.65,0.85,206.7,29.0,60.8,75.7,100.0
2026-07-07T17:45:00,gNB-002,NRCell-005,100.0,100.0,86.67,0.0,196.7,29.6,65.1,11.1,100.0
2026-07-07T17:45:00,gNB-002,NRCell-006,95.24,98.06,96.47,2.77,181.4,28.7,61.5,63.2,100.0
2026-07-07T18:00:00,gNB-001,NRCell-001,99.28,99.27,96.49,0.25,153.5,26.3,79.7,91.9,100.0
2026-07-07T18:00:00,gNB-001,NRCell-002,99.12,98.17,90.91,0.0,162.2,28.2,67.0,50.1,100.0
2026-07-07T18:00:00,gNB-001,NRCell-003,97.7,98.78,85.19,0.0,157.5,23.2,77.1,14.9,100.0
2026-07-07T18:00:00,gNB-002,NRCell-004,99.34,99.09,99.35,0.92,171.1,28.7,63.7,72.5,100.0
2026-07-07T18:00:00,gNB-002,NRCell-005,98.31,100.0,95.45,0.0,144.4,17.3,80.9,9.2,100.0
2026-07-07T18:00:00,gNB-002,NRCell-006,96.19,96.39,82.14,1.87,144.4,22.7,74.7,44.4,100.0
2026-07-07T18:15:00,gNB-001,NRCell-001,99.49,99.49,97.56,0.77,150.2,26.0,81.5,71.3,100.0
2026-07-07T18:15:00,gNB-001,NRCell-002,98.79,98.74,96.72,1.27,163.0,22.5,70.3,39.2,100.0
2026-07-07T18:15:00,gNB-001,NRCell-003,98.55,100.0,100.0,0.0,175.8,19.0,72.9,16.8,100.0
2026-07-07T18:15:00,gNB-002,NRCell-004,99.33,99.08,98.37,0.93,160.3,28.7,77.4,103.0,100.0
2026-07-07T18:15:00,gNB-002,NRCell-005,96.83,98.31,96.0,0.0,147.8,19.5,71.6,10.7,100.0
2026-07-07T18:15:00,gNB-002,NRCell-006,95.53,98.7,90.7,1.75,169.5,20.1,68.4,70.5,100.0
2026-07-07T18:30:00,gNB-001,NRCell-001,99.02,99.01,96.23,0.2,166.5,26.5,69.5,77.4,100.0
2026-07-07T18:30:00,gNB-001,NRCell-002,98.85,99.6,97.27,1.6,111.9,19.1,87.2,53.0,100.0
2026-07-07T18:30:00,gNB-001,NRCell-003,98.94,100.0,97.56,1.1,136.6,22.6,86.8,15.5,100.0
2026-07-07T18:30:00,gNB-002,NRCell-004,98.82,99.79,97.13,0.82,144.9,16.0,75.6,114.7,100.0
2026-07-07T18:30:00,gNB-002,NRCell-005,95.38,100.0,95.65,0.0,144.8,14.7,82.2,11.5,100.0
2026-07-07T18:30:00,gNB-002,NRCell-006,93.96,96.3,94.19,1.05,126.6,13.4,80.9,47.7,100.0
2026-07-07T18:45:00,gNB-001,NRCell-001,99.38,99.57,98.83,0.22,117.5,18.9,85.6,91.2,100.0
2026-07-07T18:45:00,gNB-001,NRCell-002,98.84,98.76,100.0,0.42,104.7,13.3,90.6,60.5,100.0
2026-07-07T18:45:00,gNB-001,NRCell-003,95.6,98.81,97.3,2.41,109.2,16.9,90.0,22.3,100.0
2026-07-07T18:45:00,gNB-002,NRCell-004,99.56,99.33,98.88,1.13,114.4,13.6,86.9,92.3,100.0
2026-07-07T18:45:00,gNB-002,NRCell-005,96.88,98.31,100.0,0.0,112.8,16.8,92.7,13.1,100.0
2026-07-07T18:45:00,gNB-002,NRCell-006,93.86,97.04,90.08,1.53,156.0,27.0,77.6,48.6,100.0
2026-07-07T19:00:00,gNB-001,NRCell-001,99.05,98.09,98.1,0.58,134.7,16.3,80.7,90.2,100.0
2026-07-07T19:00:00,gNB-001,NRCell-002,99.0,99.32,96.04,0.34,97.1,10.2,95.8,65.6,100.0
2026-07-07T19:00:00,gNB-001,NRCell-003,100.0,100.0,100.0,0.0,152.4,17.0,79.6,20.9,100.0
2026-07-07T19:00:00,gNB-002,NRCell-004,99.08,98.48,97.22,1.35,117.1,13.7,85.4,136.4,100.0
2026-07-07T19:00:00,gNB-002,NRCell-005,100.0,100.0,95.65,0.0,106.4,16.0,89.7,15.3,100.0
2026-07-07T19:00:00,gNB-002,NRCell-006,96.42,97.09,94.39,1.0,131.1,16.4,85.8,71.6,100.0
2026-07-07T19:15:00,gNB-001,NRCell-001,99.11,99.06,96.18,0.71,96.8,10.2,97.1,109.4,100.0
2026-07-07T19:15:00,gNB-001,NRCell-002,98.94,98.57,99.07,1.09,125.0,20.7,89.2,59.1,100.0
2026-07-07T19:15:00,gNB-001,NRCell-003,98.8,100.0,96.15,0.0,101.3,10.1,96.9,14.3,100.0
2026-07-07T19:15:00,gNB-002,NRCell-004,98.88,99.01,97.46,0.8,128.3,17.8,82.1,92.4,100.0
2026-07-07T19:15:00,gNB-002,NRCell-005,98.46,100.0,100.0,1.64,121.3,16.8,86.5,15.5,100.0
2026-07-07T19:15:00,gNB-002,NRCell-006,94.69,97.47,94.85,1.44,126.8,20.6,87.5,84.0,100.0
2026-07-07T19:30:00,gNB-001,NRCell-001,99.12,99.33,100.0,0.67,134.3,19.0,85.6,87.4,100.0
2026-07-07T19:30:00,gNB-001,NRCell-002,98.07,99.66,99.04,0.0,120.3,19.4,90.4,72.3,100.0
2026-07-07T19:30:00,gNB-001,NRCell-003,100.0,98.81,92.0,1.2,134.4,21.7,83.5,17.3,100.0
2026-07-07T19:30:00,gNB-002,NRCell-004,98.76,98.74,97.14,1.28,115.4,20.0,91.1,133.8,100.0
2026-07-07T19:30:00,gNB-002,NRCell-005,98.55,100.0,96.55,0.0,106.2,15.0,93.3,11.8,100.0
2026-07-07T19:30:00,gNB-002,NRCell-006,95.93,97.17,94.24,2.91,85.8,8.7,99.0,62.6,100.0
2026-07-07T19:45:00,gNB-001,NRCell-001,99.57,99.34,97.62,0.66,94.9,12.3,97.7,94.0,100.0
2026-07-07T19:45:00,gNB-001,NRCell-002,98.86,99.1,97.12,0.61,139.2,17.1,84.7,73.3,100.0
2026-07-07T19:45:00,gNB-001,NRCell-003,100.0,100.0,87.1,2.53,133.8,22.3,80.8,15.2,100.0
2026-07-07T19:45:00,gNB-002,NRCell-004,99.18,99.02,98.39,0.42,153.1,22.4,79.6,119.3,100.0
2026-07-07T19:45:00,gNB-002,NRCell-005,100.0,98.25,100.0,0.0,141.1,18.4,82.3,18.3,100.0
2026-07-07T19:45:00,gNB-002,NRCell-006,95.37,97.65,89.36,3.3,136.8,23.7,78.8,65.3,100.0
2026-07-07T20:00:00,gNB-001,NRCell-001,99.63,99.24,98.56,0.38,129.8,15.0,84.0,98.3,100.0
2026-07-07T20:00:00,gNB-001,NRCell-002,98.67,98.98,95.51,0.68,94.1,12.6,99.0,61.7,100.0
2026-07-07T20:00:00,gNB-001,NRCell-003,99.06,100.0,96.67,0.97,112.6,11.3,91.2,17.0,100.0
2026-07-07T20:00:00,gNB-002,NRCell-004,99.34,99.31,97.65,0.7,92.7,14.9,96.8,97.4,100.0
2026-07-07T20:00:00,gNB-002,NRCell-005,98.75,98.7,100.0,2.63,91.5,12.8,99.0,17.3,100.0
2026-07-07T20:00:00,gNB-002,NRCell-006,96.28,97.29,95.88,1.24,144.0,16.4,80.6,73.0,100.0
2026-07-07T20:15:00,gNB-001,NRCell-001,99.34,100.0,98.44,0.68,91.5,12.4,98.1,87.3,100.0
2026-07-07T20:15:00,gNB-001,NRCell-002,98.52,99.6,100.0,0.0,124.6,18.3,84.5,63.4,100.0
2026-07-07T20:15:00,gNB-001,NRCell-003,98.99,100.0,100.0,0.0,98.5,16.3,95.3,22.1,100.0
2026-07-07T20:15:00,gNB-002,NRCell-004,98.75,99.45,98.65,1.12,88.1,12.2,97.5,110.6,100.0
2026-07-07T20:15:00,gNB-002,NRCell-005,98.57,100.0,100.0,1.47,111.9,15.3,93.1,13.2,100.0
2026-07-07T20:15:00,gNB-002,NRCell-006,95.89,95.97,95.83,2.45,107.6,11.1,91.9,63.1,100.0
2026-07-07T20:30:00,gNB-001,NRCell-001,100.0,99.27,98.51,0.49,139.7,24.2,78.8,72.8,100.0
2026-07-07T20:30:00,gNB-001,NRCell-002,99.0,98.28,98.68,0.7,145.0,18.3,78.9,58.5,100.0
2026-07-07T20:30:00,gNB-001,NRCell-003,100.0,99.06,97.5,0.95,138.4,18.6,78.0,17.3,100.0
2026-07-07T20:30:00,gNB-002,NRCell-004,98.41,99.66,96.2,0.84,107.5,11.1,93.5,142.0,100.0
2026-07-07T20:30:00,gNB-002,NRCell-005,100.0,100.0,100.0,0.0,140.0,15.5,81.6,17.6,100.0
2026-07-07T20:30:00,gNB-002,NRCell-006,97.94,96.77,93.81,2.59,134.0,13.8,83.8,59.0,100.0
2026-07-07T20:45:00,gNB-001,NRCell-001,99.16,99.7,97.2,0.3,146.9,22.8,77.5,88.4,100.0
2026-07-07T20:45:00,gNB-001,NRCell-002,99.3,99.26,98.73,0.37,148.7,26.5,76.3,58.2,100.0
2026-07-07T20:45:00,gNB-001,NRCell-003,100.0,100.0,100.0,2.27,117.4,18.1,87.7,13.4,100.0
2026-07-07T20:45:00,gNB-002,NRCell-004,99.05,99.02,97.87,1.78,109.8,17.3,92.5,147.1,100.0
2026-07-07T20:45:00,gNB-002,NRCell-005,98.53,100.0,100.0,0.0,109.8,13.3,90.2,10.4,100.0
2026-07-07T20:45:00,gNB-002,NRCell-006,95.88,95.94,87.72,3.46,121.4,17.8,86.4,50.3,100.0
2026-07-07T21:00:00,gNB-001,NRCell-001,98.59,99.79,98.15,0.41,131.3,17.0,88.2,104.0,100.0
2026-07-07T21:00:00,gNB-001,NRCell-002,99.64,99.62,98.95,0.76,123.0,13.8,91.4,55.3,100.0
2026-07-07T21:00:00,gNB-001,NRCell-003,98.9,98.88,100.0,1.14,159.8,22.0,75.8,22.7,100.0
2026-07-07T21:00:00,gNB-002,NRCell-004,99.65,98.92,96.27,0.73,106.2,15.0,91.3,94.6,100.0
2026-07-07T21:00:00,gNB-002,NRCell-005,100.0,95.31,87.5,0.0,106.9,13.6,92.6,12.0,100.0
2026-07-07T21:00:00,gNB-002,NRCell-006,95.29,94.95,92.63,1.9,129.1,21.4,88.5,71.0,100.0
2026-07-07T21:15:00,gNB-001,NRCell-001,98.73,99.11,97.84,0.45,136.7,24.6,81.6,87.4,100.0
2026-07-07T21:15:00,gNB-001,NRCell-002,99.26,100.0,95.83,0.75,121.2,21.2,87.5,39.9,100.0
2026-07-07T21:15:00,gNB-001,NRCell-003,98.9,98.88,92.59,1.14,148.7,18.7,71.3,15.2,100.0
2026-07-07T21:15:00,gNB-002,NRCell-004,99.35,99.55,93.92,0.0,148.8,22.6,71.5,101.1,100.0
2026-07-07T21:15:00,gNB-002,NRCell-005,100.0,98.33,100.0,1.69,147.7,21.0,82.0,14.9,100.0
2026-07-07T21:15:00,gNB-002,NRCell-006,94.21,97.51,91.18,1.28,126.3,19.7,82.1,53.4,100.0
2026-07-07T21:30:00,gNB-001,NRCell-001,99.22,99.21,98.73,0.0,151.0,15.3,73.6,89.6,100.0
2026-07-07T21:30:00,gNB-001,NRCell-002,98.93,99.28,97.56,0.36,148.8,18.7,78.3,45.2,100.0
2026-07-07T21:30:00,gNB-001,NRCell-003,98.57,100.0,100.0,0.0,158.5,23.0,75.9,18.0,100.0
2026-07-07T21:30:00,gNB-002,NRCell-004,98.89,98.6,98.84,0.71,146.0,18.0,72.5,112.8,100.0
2026-07-07T21:30:00,gNB-002,NRCell-005,100.0,98.51,100.0,0.0,148.5,17.9,71.5,14.0,100.0
2026-07-07T21:30:00,gNB-002,NRCell-006,96.08,98.6,91.59,0.71,128.2,21.6,80.1,69.3,100.0
2026-07-07T21:45:00,gNB-001,NRCell-001,99.2,99.16,96.43,1.42,165.2,18.5,69.8,85.1,100.0
2026-07-07T21:45:00,gNB-001,NRCell-002,98.94,99.45,100.0,1.11,147.6,17.5,72.6,38.6,100.0
2026-07-07T21:45:00,gNB-001,NRCell-003,98.72,95.95,100.0,0.0,157.5,21.2,68.2,17.4,100.0
2026-07-07T21:45:00,gNB-002,NRCell-004,99.16,99.58,98.7,0.85,144.4,17.9,77.7,80.3,100.0
2026-07-07T21:45:00,gNB-002,NRCell-005,100.0,100.0,100.0,0.0,176.1,24.7,65.7,12.0,100.0
2026-07-07T21:45:00,gNB-002,NRCell-006,97.93,96.54,95.65,1.79,172.4,25.6,70.1,49.0,100.0
2026-07-07T22:00:00,gNB-001,NRCell-001,99.7,99.08,99.11,0.31,161.9,26.6,67.3,75.3,100.0
2026-07-07T22:00:00,gNB-001,NRCell-002,97.8,98.84,92.86,0.59,203.0,24.4,61.6,31.7,100.0
2026-07-07T22:00:00,gNB-001,NRCell-003,98.7,100.0,92.59,0.0,200.8,28.9,61.6,13.0,100.0
2026-07-07T22:00:00,gNB-002,NRCell-004,99.52,99.51,96.55,1.22,162.8,29.3,69.7,92.7,100.0
2026-07-07T22:00:00,gNB-002,NRCell-005,98.15,100.0,100.0,0.0,158.5,20.6,67.6,11.5,100.0
2026-07-07T22:00:00,gNB-002,NRCell-006,97.1,97.27,93.83,2.41,160.1,27.1,69.8,52.7,100.0
2026-07-07T22:15:00,gNB-001,NRCell-001,99.1,99.39,94.25,1.22,201.7,36.0,55.0,52.6,100.0
2026-07-07T22:15:00,gNB-001,NRCell-002,99.47,100.0,98.75,1.09,216.5,30.7,57.9,42.2,100.0
2026-07-07T22:15:00,gNB-001,NRCell-003,100.0,98.41,100.0,0.0,201.5,23.0,63.4,17.2,100.0
2026-07-07T22:15:00,gNB-002,NRCell-004,98.94,99.73,97.59,0.54,194.5,29.9,59.0,86.0,100.0
2026-07-07T22:15:00,gNB-002,NRCell-005,97.73,95.12,100.0,2.56,206.8,25.8,59.0,9.1,100.0
2026-07-07T22:15:00,gNB-002,NRCell-006,97.84,96.46,94.38,1.83,172.7,30.0,67.5,47.4,100.0
2026-07-07T22:30:00,gNB-001,NRCell-001,99.64,98.86,96.0,0.0,185.5,32.1,59.3,49.9,100.0
2026-07-07T22:30:00,gNB-001,NRCell-002,98.26,99.4,100.0,0.0,193.1,33.9,64.4,41.1,100.0
2026-07-07T22:30:00,gNB-001,NRCell-003,98.57,98.51,94.44,0.0,215.6,33.4,59.0,14.6,100.0
2026-07-07T22:30:00,gNB-002,NRCell-004,100.0,98.73,98.88,0.26,238.9,37.8,49.5,66.7,100.0
2026-07-07T22:30:00,gNB-002,NRCell-005,100.0,100.0,90.91,4.65,178.9,31.4,62.0,6.8,100.0
2026-07-07T22:30:00,gNB-002,NRCell-006,97.18,98.99,91.23,1.52,209.8,33.9,53.7,47.0,100.0
2026-07-07T22:45:00,gNB-001,NRCell-001,99.14,100.0,98.84,0.45,217.7,26.1,54.6,40.3,100.0
2026-07-07T22:45:00,gNB-001,NRCell-002,99.38,98.74,95.0,0.0,181.3,21.5,58.9,39.9,100.0
2026-07-07T22:45:00,gNB-001,NRCell-003,100.0,100.0,100.0,0.0,181.6,22.8,60.9,13.3,100.0
2026-07-07T22:45:00,gNB-002,NRCell-004,99.24,100.0,97.14,0.0,198.3,35.5,55.9,60.2,100.0
2026-07-07T22:45:00,gNB-002,NRCell-005,100.0,100.0,92.31,0.0,223.7,34.3,53.3,7.6,100.0
2026-07-07T22:45:00,gNB-002,NRCell-006,96.93,98.67,90.77,0.68,224.4,30.8,53.6,30.3,100.0
2026-07-07T23:00:00,gNB-001,NRCell-001,99.02,98.99,95.89,0.0,225.7,26.3,46.4,51.1,100.0
2026-07-07T23:00:00,gNB-001,NRCell-002,97.99,100.0,97.5,0.0,229.4,38.9,46.8,22.6,100.0
2026-07-07T23:00:00,gNB-001,NRCell-003,100.0,97.87,100.0,0.0,234.4,33.2,52.5,10.8,100.0
2026-07-07T23:00:00,gNB-002,NRCell-004,100.0,99.2,99.04,0.4,210.0,24.8,50.8,52.1,100.0
2026-07-07T23:00:00,gNB-002,NRCell-005,100.0,100.0,81.82,0.0,217.2,33.2,54.0,6.7,100.0
2026-07-07T23:00:00,gNB-002,NRCell-006,95.15,98.72,97.87,1.95,217.7,28.9,46.9,37.5,100.0
2026-07-07T23:15:00,gNB-001,NRCell-001,99.55,99.06,98.7,0.0,219.5,28.5,41.7,40.0,100.0
2026-07-07T23:15:00,gNB-001,NRCell-002,98.32,99.12,100.0,0.0,216.7,22.5,47.9,20.0,100.0
2026-07-07T23:15:00,gNB-001,NRCell-003,100.0,100.0,90.0,0.0,195.3,33.4,53.2,8.0,100.0
2026-07-07T23:15:00,gNB-002,NRCell-004,99.17,99.16,100.0,0.0,237.9,24.4,49.0,41.7,100.0
2026-07-07T23:15:00,gNB-002,NRCell-005,100.0,100.0,100.0,2.22,187.9,32.6,57.9,9.9,100.0
2026-07-07T23:15:00,gNB-002,NRCell-006,94.96,98.47,79.59,3.1,219.4,25.0,45.9,27.2,100.0
2026-07-07T23:30:00,gNB-001,NRCell-001,100.0,100.0,100.0,1.86,249.2,43.8,37.9,41.6,100.0
2026-07-07T23:30:00,gNB-001,NRCell-002,99.08,100.0,100.0,1.9,232.7,33.6,40.7,24.2,100.0
2026-07-07T23:30:00,gNB-001,NRCell-003,97.22,100.0,100.0,0.0,194.2,28.3,56.0,8.7,100.0
2026-07-07T23:30:00,gNB-002,NRCell-004,98.32,98.7,96.61,0.44,227.0,29.1,41.7,35.4,100.0
2026-07-07T23:30:00,gNB-002,NRCell-005,93.94,100.0,100.0,3.45,209.7,28.6,47.8,5.6,100.0
2026-07-07T23:30:00,gNB-002,NRCell-006,94.7,98.33,97.78,5.08,234.4,41.6,42.1,27.2,100.0
2026-07-07T23:45:00,gNB-001,NRCell-001,98.81,99.38,100.0,1.26,222.2,23.3,41.2,41.2,100.0
2026-07-07T23:45:00,gNB-001,NRCell-002,100.0,99.14,96.23,1.74,233.3,28.4,43.0,26.5,100.0
2026-07-07T23:45:00,gNB-001,NRCell-003,100.0,100.0,100.0,0.0,246.0,29.0,43.5,12.3,100.0
2026-07-07T23:45:00,gNB-002,NRCell-004,99.04,99.5,95.4,1.52,226.2,27.7,41.3,38.1,100.0
2026-07-07T23:45:00,gNB-002,NRCell-005,100.0,100.0,75.0,3.57,208.9,34.3,49.6,7.7,100.0
2026-07-07T23:45:00,gNB-002,NRCell-006,97.16,97.76,90.74,3.05,255.5,39.8,35.8,21.3,100.0
2026-07-08T00:00:00,gNB-001,NRCell-001,100.0,99.04,95.35,0.0,279.3,45.4,26.5,20.7,100.0
2026-07-08T00:00:00,gNB-001,NRCell-002,100.0,100.0,100.0,0.0,252.1,37.7,34.4,12.6,100.0
2026-07-08T00:00:00,gNB-001,NRCell-003,100.0,100.0,100.0,0.0,255.7,28.5,40.6,6.4,100.0
2026-07-08T00:00:00,gNB-002,NRCell-004,97.3,100.0,100.0,2.14,257.2,31.3,27.9,28.3,100.0
2026-07-08T00:00:00,gNB-002,NRCell-005,100.0,100.0,100.0,0.0,252.8,43.5,36.6,6.0,100.0
2026-07-08T00:00:00,gNB-002,NRCell-006,98.65,94.29,89.47,0.0,260.7,33.9,29.2,17.3,100.0
2026-07-08T00:15:00,gNB-001,NRCell-001,99.04,100.0,100.0,0.0,300.9,35.0,27.6,16.6,100.0
2026-07-08T00:15:00,gNB-001,NRCell-002,100.0,98.59,90.91,0.0,265.2,28.3,32.1,15.5,100.0
2026-07-08T00:15:00,gNB-001,NRCell-003,97.22,93.94,100.0,3.23,233.2,41.7,37.3,6.4,100.0
2026-07-08T00:15:00,gNB-002,NRCell-004,98.41,100.0,97.92,0.0,256.9,29.6,26.1,20.0,100.0
2026-07-08T00:15:00,gNB-002,NRCell-005,100.0,95.65,100.0,4.55,241.1,34.1,38.9,5.1,100.0
2026-07-08T00:15:00,gNB-002,NRCell-006,93.55,98.25,86.67,0.0,259.7,29.8,30.1,11.5,100.0
2026-07-08T00:30:00,gNB-001,NRCell-001,100.0,99.09,100.0,0.92,255.8,30.6,29.0,18.9,100.0
2026-07-08T00:30:00,gNB-001,NRCell-002,97.75,98.81,96.88,0.0,244.4,36.9,30.4,18.8,100.0
2026-07-08T00:30:00,gNB-001,NRCell-003,96.55,96.3,91.67,0.0,222.8,31.0,39.8,7.0,100.0
2026-07-08T00:30:00,gNB-002,NRCell-004,100.0,100.0,100.0,0.83,250.4,32.8,29.2,20.7,100.0
2026-07-08T00:30:00,gNB-002,NRCell-005,100.0,100.0,100.0,4.55,257.1,36.9,36.9,3.6,100.0
2026-07-08T00:30:00,gNB-002,NRCell-006,93.42,98.51,93.33,1.52,279.9,29.8,27.5,16.4,100.0
2026-07-08T00:45:00,gNB-001,NRCell-001,100.0,97.73,100.0,2.33,255.4,44.9,29.6,21.4,100.0
2026-07-08T00:45:00,gNB-001,NRCell-002,100.0,98.77,92.0,0.0,243.3,27.5,32.8,14.3,100.0
2026-07-08T00:45:00,gNB-001,NRCell-003,97.37,97.14,100.0,2.94,262.7,32.5,42.7,5.8,100.0
2026-07-08T00:45:00,gNB-002,NRCell-004,100.0,100.0,97.06,1.83,293.6,46.4,27.4,27.4,100.0
2026-07-08T00:45:00,gNB-002,NRCell-005,100.0,100.0,100.0,0.0,237.5,28.3,40.5,4.9,100.0
2026-07-08T00:45:00,gNB-002,NRCell-006,96.36,98.04,92.86,2.0,286.6,31.6,26.0,11.5,100.0
2026-07-08T01:00:00,gNB-001,NRCell-001,100.0,99.05,100.0,0.0,300.6,43.6,29.0,17.3,100.0
2026-07-08T01:00:00,gNB-001,NRCell-002,100.0,96.97,92.59,3.12,280.7,48.2,30.7,15.6,100.0
2026-07-08T01:00:00,gNB-001,NRCell-003,100.0,100.0,100.0,0.0,227.9,25.0,42.6,6.2,100.0
2026-07-08T01:00:00,gNB-002,NRCell-004,100.0,100.0,96.67,0.0,279.9,28.7,26.5,22.8,100.0
2026-07-08T01:00:00,gNB-002,NRCell-005,100.0,100.0,100.0,0.0,233.5,41.2,44.2,5.0,100.0
2026-07-08T01:00:00,gNB-002,NRCell-006,97.06,98.44,86.96,1.59,270.3,33.6,29.3,17.7,100.0
2026-07-08T01:15:00,gNB-001,NRCell-001,99.1,98.11,100.0,0.0,268.2,46.6,26.8,20.6,100.0
2026-07-08T01:15:00,gNB-001,NRCell-002,100.0,98.81,100.0,0.0,283.1,36.9,33.7,11.1,100.0
2026-07-08T01:15:00,gNB-001,NRCell-003,100.0,100.0,90.91,3.03,279.3,33.1,36.5,5.6,100.0
2026-07-08T01:15:00,gNB-002,NRCell-004,100.0,100.0,92.86,3.74,278.5,38.5,25.9,21.0,100.0
2026-07-08T01:15:00,gNB-002,NRCell-005,100.0,100.0,100.0,0.0,258.1,26.9,39.8,6.3,100.0
2026-07-08T01:15:00,gNB-002,NRCell-006,96.15,97.3,93.75,2.78,267.1,31.1,27.0,12.6,100.0
2026-07-08T01:30:00,gNB-001,NRCell-001,100.0,98.33,100.0,0.85,265.6,28.3,28.5,24.3,100.0
2026-07-08T01:30:00,gNB-001,NRCell-002,100.0,100.0,96.15,3.08,239.3,42.4,35.0,10.5,100.0
2026-07-08T01:30:00,gNB-001,NRCell-003,97.37,97.22,90.91,0.0,258.2,37.7,38.7,6.2,100.0
2026-07-08T01:30:00,gNB-002,NRCell-004,97.3,100.0,96.67,0.94,285.6,48.9,27.3,27.7,100.0
2026-07-08T01:30:00,gNB-002,NRCell-005,100.0,100.0,100.0,0.0,259.8,31.4,39.7,6.4,100.0
2026-07-08T01:30:00,gNB-002,NRCell-006,97.78,95.4,92.86,3.61,268.8,33.9,27.9,17.2,100.0
2026-07-08T01:45:00,gNB-001,NRCell-001,99.03,100.0,100.0,1.0,309.5,37.4,26.2,22.7,100.0
2026-07-08T01:45:00,gNB-001,NRCell-002,100.0,100.0,96.88,0.0,300.5,35.9,29.5,11.7,100.0
2026-07-08T01:45:00,gNB-001,NRCell-003,100.0,93.75,100.0,0.0,226.1,32.6,40.3,7.8,100.0
2026-07-08T01:45:00,gNB-002,NRCell-004,99.07,98.11,100.0,0.0,297.5,32.3,26.0,27.9,100.0
2026-07-08T01:45:00,gNB-002,NRCell-005,100.0,100.0,100.0,0.0,232.9,36.0,43.6,5.3,100.0
2026-07-08T01:45:00,gNB-002,NRCell-006,97.56,100.0,95.45,1.3,288.6,50.9,28.1,15.6,100.0
2026-07-08T02:00:00,gNB-001,NRCell-001,100.0,97.85,100.0,1.1,255.5,38.0,30.5,25.5,100.0
2026-07-08T02:00:00,gNB-001,NRCell-002,98.65,100.0,93.75,0.0,256.5,45.4,31.4,14.2,100.0
2026-07-08T02:00:00,gNB-001,NRCell-003,96.67,100.0,90.91,0.0,220.4,25.1,42.7,7.3,100.0
2026-07-08T02:00:00,gNB-002,NRCell-004,100.0,100.0,100.0,0.0,254.0,44.1,29.3,18.9,100.0
2026-07-08T02:00:00,gNB-002,NRCell-005,100.0,100.0,100.0,0.0,247.5,29.7,38.2,5.9,100.0
2026-07-08T02:00:00,gNB-002,NRCell-006,98.41,100.0,96.15,4.92,287.2,44.9,29.5,10.3,100.0
2026-07-08T02:15:00,gNB-001,NRCell-001,98.99,100.0,100.0,0.0,276.9,49.5,27.0,15.7,100.0
2026-07-08T02:15:00,gNB-001,NRCell-002,100.0,100.0,96.43,0.0,286.7,41.6,30.4,13.9,100.0
2026-07-08T02:15:00,gNB-001,NRCell-003,100.0,92.68,100.0,0.0,254.4,41.3,39.5,6.7,100.0
2026-07-08T02:15:00,gNB-002,NRCell-004,99.32,99.28,95.38,0.72,297.7,37.7,29.2,20.4,100.0
2026-07-08T02:15:00,gNB-002,NRCell-005,100.0,100.0,100.0,3.7,229.0,39.8,41.1,4.4,100.0
2026-07-08T02:15:00,gNB-002,NRCell-006,97.01,98.44,96.3,3.17,293.4,34.2,29.1,14.8,100.0
2026-07-08T02:30:00,gNB-001,NRCell-001,100.0,100.0,100.0,0.0,287.5,34.6,26.2,19.6,100.0
2026-07-08T02:30:00,gNB-001,NRCell-002,98.73,100.0,95.45,0.0,260.8,46.3,31.5,12.6,100.0
2026-07-08T02:30:00,gNB-001,NRCell-003,97.3,100.0,100.0,0.0,246.2,43.6,36.7,7.6,100.0
2026-07-08T02:30:00,gNB-002,NRCell-004,100.0,100.0,97.37,0.0,294.3,35.4,26.4,21.4,100.0
2026-07-08T02:30:00,gNB-002,NRCell-005,95.83,100.0,100.0,0.0,219.0,38.5,44.3,5.0,100.0
2026-07-08T02:30:00,gNB-002,NRCell-006,98.61,98.53,96.43,4.48,300.3,52.8,29.0,16.3,100.0
2026-07-08T02:45:00,gNB-001,NRCell-001,98.18,100.0,100.0,0.0,255.5,34.9,26.5,21.6,100.0
2026-07-08T02:45:00,gNB-001,NRCell-002,98.57,98.51,94.74,1.52,238.3,24.1,34.4,17.7,100.0
2026-07-08T02:45:00,gNB-001,NRCell-003,96.97,100.0,100.0,0.0,276.4,36.2,36.6,5.8,100.0
2026-07-08T02:45:00,gNB-002,NRCell-004,99.27,99.24,97.96,0.76,304.3,41.4,26.2,31.0,100.0
2026-07-08T02:45:00,gNB-002,NRCell-005,100.0,100.0,100.0,0.0,236.8,35.0,40.3,5.9,100.0
2026-07-08T02:45:00,gNB-002,NRCell-006,97.06,95.24,100.0,1.67,286.8,47.4,28.3,16.2,100.0
2026-07-08T03:00:00,gNB-001,NRCell-001,98.15,100.0,92.11,0.98,271.5,38.1,26.6,21.5,100.0
2026-07-08T03:00:00,gNB-001,NRCell-002,100.0,98.67,96.55,1.35,244.1,43.4,33.9,12.5,100.0
2026-07-08T03:00:00,gNB-001,NRCell-003,100.0,100.0,100.0,0.0,264.4,47.3,40.4,6.7,100.0
2026-07-08T03:00:00,gNB-002,NRCell-004,100.0,97.62,98.0,0.0,270.5,38.1,28.8,29.4,100.0
2026-07-08T03:00:00,gNB-002,NRCell-005,100.0,96.15,81.82,0.0,256.5,35.5,39.2,5.1,100.0
2026-07-08T03:00:00,gNB-002,NRCell-006,95.71,98.48,95.45,1.54,279.9,44.1,26.5,15.1,100.0
2026-07-08T03:15:00,gNB-001,NRCell-001,100.0,99.24,96.49,0.0,274.0,46.3,30.6,29.5,100.0
2026-07-08T03:15:00,gNB-001,NRCell-002,97.78,98.82,100.0,1.19,262.4,36.3,34.8,19.5,100.0
2026-07-08T03:15:00,gNB-001,NRCell-003,100.0,93.55,100.0,0.0,252.8,43.5,39.5,5.9,100.0
2026-07-08T03:15:00,gNB-002,NRCell-004,99.22,100.0,95.45,1.6,285.6,51.1,28.2,26.4,100.0
2026-07-08T03:15:00,gNB-002,NRCell-005,96.3,100.0,90.91,0.0,237.3,25.5,39.6,4.0,100.0
2026-07-08T03:15:00,gNB-002,NRCell-006,97.18,100.0,100.0,2.99,298.8,32.7,28.4,11.5,100.0
2026-07-08T03:30:00,gNB-001,NRCell-001,99.18,99.15,94.0,0.85,290.8,41.8,27.2,23.1,100.0
2026-07-08T03:30:00,gNB-001,NRCell-002,100.0,100.0,95.0,2.63,262.0,41.5,32.3,14.4,100.0
2026-07-08T03:30:00,gNB-001,NRCell-003,100.0,100.0,100.0,0.0,260.3,29.6,38.2,5.7,100.0
2026-07-08T03:30:00,gNB-002,NRCell-004,96.61,100.0,96.88,0.0,268.2,47.2,27.7,29.7,100.0
2026-07-08T03:30:00,gNB-002,NRCell-005,92.86,100.0,100.0,0.0,246.0,31.7,39.3,4.9,100.0
2026-07-08T03:30:00,gNB-002,NRCell-006,94.2,96.88,82.61,0.0,267.5,33.9,27.8,15.1,100.0
2026-07-08T03:45:00,gNB-001,NRCell-001,100.0,100.0,100.0,0.0,281.1,36.7,30.2,22.3,100.0
2026-07-08T03:45:00,gNB-001,NRCell-002,97.3,97.14,96.15,0.0,277.7,31.6,32.4,16.5,100.0
2026-07-08T03:45:00,gNB-001,NRCell-003,100.0,100.0,100.0,7.5,258.8,32.7,39.6,6.5,100.0
2026-07-08T03:45:00,gNB-002,NRCell-004,100.0,99.24,100.0,0.76,248.3,27.4,30.0,30.8,100.0
2026-07-08T03:45:00,gNB-002,NRCell-005,100.0,100.0,100.0,0.0,241.7,36.8,43.1,5.6,100.0
2026-07-08T03:45:00,gNB-002,NRCell-006,95.95,98.53,96.67,2.99,277.7,46.6,31.0,12.8,100.0
2026-07-08T04:00:00,gNB-001,NRCell-001,100.0,99.01,96.15,1.0,257.9,44.4,27.4,17.3,100.0
2026-07-08T04:00:00,gNB-001,NRCell-002,98.7,100.0,96.43,2.7,263.7,43.6,36.1,15.6,100.0
2026-07-08T04:00:00,gNB-001,NRCell-003,94.74,100.0,100.0,0.0,228.3,22.9,42.5,9.2,100.0
2026-07-08T04:00:00,gNB-002,NRCell-004,99.25,98.43,94.44,0.8,242.4,32.2,31.5,33.0,100.0
2026-07-08T04:00:00,gNB-002,NRCell-005,96.77,96.55,100.0,3.57,260.1,34.5,43.4,6.0,100.0
2026-07-08T04:00:00,gNB-002,NRCell-006,98.67,95.77,100.0,2.94,285.2,33.1,31.5,10.8,100.0
2026-07-08T04:15:00,gNB-001,NRCell-001,99.17,99.12,97.62,0.0,287.3,47.7,29.7,24.6,100.0
2026-07-08T04:15:00,gNB-001,NRCell-002,100.0,98.44,100.0,0.0,274.4,45.9,31.8,17.2,100.0
2026-07-08T04:15:00,gNB-001,NRCell-003,94.74,100.0,100.0,0.0,269.5,48.5,40.4,6.4,100.0
2026-07-08T04:15:00,gNB-002,NRCell-004,98.54,100.0,100.0,1.53,282.0,39.0,29.5,22.5,100.0
2026-07-08T04:15:00,gNB-002,NRCell-005,100.0,100.0,100.0,0.0,233.9,34.1,43.9,4.6,100.0
2026-07-08T04:15:00,gNB-002,NRCell-006,94.57,96.51,86.36,2.41,296.6,45.1,29.2,21.3,100.0
2026-07-08T04:30:00,gNB-001,NRCell-001,100.0,100.0,91.23,1.59,260.1,28.7,28.4,18.4,100.0
2026-07-08T04:30:00,gNB-001,NRCell-002,98.73,100.0,100.0,0.0,263.7,28.8,32.1,17.2,100.0
2026-07-08T04:30:00,gNB-001,NRCell-003,100.0,100.0,100.0,0.0,255.7,44.6,45.1,6.1,100.0
2026-07-08T04:30:00,gNB-002,NRCell-004,99.33,100.0,98.48,0.71,287.4,51.4,30.0,31.8,100.0
2026-07-08T04:30:00,gNB-002,NRCell-005,96.55,96.3,90.91,0.0,234.3,23.5,46.0,5.7,100.0
2026-07-08T04:30:00,gNB-002,NRCell-006,98.68,92.96,93.94,1.52,280.4,33.8,30.9,12.6,100.0
2026-07-08T04:45:00,gNB-001,NRCell-001,100.0,99.02,95.45,0.99,257.9,40.0,33.6,19.1,100.0
2026-07-08T04:45:00,gNB-001,NRCell-002,97.44,98.67,100.0,0.0,268.0,37.3,33.3,19.5,100.0
2026-07-08T04:45:00,gNB-001,NRCell-003,96.97,100.0,100.0,6.67,240.2,40.0,39.9,9.7,100.0
2026-07-08T04:45:00,gNB-002,NRCell-004,100.0,100.0,100.0,0.0,268.7,32.3,28.6,25.9,100.0
2026-07-08T04:45:00,gNB-002,NRCell-005,100.0,96.67,88.89,0.0,242.9,25.4,38.4,5.9,100.0
2026-07-08T04:45:00,gNB-002,NRCell-006,89.87,98.57,89.66,0.0,278.7,42.0,30.6,20.9,100.0
2026-07-08T05:00:00,gNB-001,NRCell-001,99.15,99.12,94.74,1.77,283.6,38.5,32.4,20.2,100.0
2026-07-08T05:00:00,gNB-001,NRCell-002,98.65,100.0,94.44,0.0,268.1,42.6,35.4,18.5,100.0
2026-07-08T05:00:00,gNB-001,NRCell-003,97.44,100.0,100.0,0.0,226.8,27.5,40.9,8.5,100.0
2026-07-08T05:00:00,gNB-002,NRCell-004,100.0,97.59,97.1,2.47,290.0,47.9,29.0,38.6,100.0
2026-07-08T05:00:00,gNB-002,NRCell-005,100.0,100.0,100.0,0.0,238.0,37.2,38.4,6.0,100.0
2026-07-08T05:00:00,gNB-002,NRCell-006,96.47,98.72,93.1,2.6,274.5,36.9,29.5,19.2,100.0
2026-07-08T05:15:00,gNB-001,NRCell-001,99.31,100.0,98.41,0.0,262.3,28.3,29.6,25.4,100.0
2026-07-08T05:15:00,gNB-001,NRCell-002,100.0,98.78,89.29,0.0,256.0,32.1,35.1,22.0,100.0
2026-07-08T05:15:00,gNB-001,NRCell-003,100.0,100.0,100.0,0.0,235.6,31.4,41.5,6.1,100.0
2026-07-08T05:15:00,gNB-002,NRCell-004,99.29,100.0,100.0,0.72,272.8,44.6,32.3,28.0,100.0
2026-07-08T05:15:00,gNB-002,NRCell-005,100.0,96.77,88.89,3.33,216.5,32.5,46.3,5.7,100.0
2026-07-08T05:15:00,gNB-002,NRCell-006,95.05,98.91,96.67,4.4,292.4,32.4,30.2,18.9,100.0
2026-07-08T05:30:00,gNB-001,NRCell-001,99.34,100.0,98.11,0.0,249.8,39.7,32.6,28.2,100.0
2026-07-08T05:30:00,gNB-001,NRCell-002,98.0,97.89,100.0,2.15,245.2,35.5,33.3,24.3,100.0
2026-07-08T05:30:00,gNB-001,NRCell-003,100.0,97.67,100.0,2.38,238.7,36.0,46.1,6.6,100.0
2026-07-08T05:30:00,gNB-002,NRCell-004,98.09,98.65,97.87,1.37,263.3,37.6,30.9,32.6,100.0
2026-07-08T05:30:00,gNB-002,NRCell-005,100.0,100.0,87.5,0.0,206.9,32.7,46.8,6.5,100.0
2026-07-08T05:30:00,gNB-002,NRCell-006,96.36,99.03,90.0,2.94,278.8,28.3,33.6,21.6,100.0
2026-07-08T05:45:00,gNB-001,NRCell-001,99.39,98.15,98.15,0.0,260.7,34.4,36.0,34.7,100.0
2026-07-08T05:45:00,gNB-001,NRCell-002,100.0,97.5,100.0,1.28,266.6,26.7,35.6,14.7,100.0
2026-07-08T05:45:00,gNB-001,NRCell-003,100.0,100.0,100.0,0.0,233.3,35.7,46.9,8.6,100.0
2026-07-08T05:45:00,gNB-002,NRCell-004,99.43,98.25,98.61,1.19,284.4,47.3,33.7,27.7,100.0
2026-07-08T05:45:00,gNB-002,NRCell-005,100.0,100.0,100.0,0.0,241.4,25.5,46.8,6.4,100.0
2026-07-08T05:45:00,gNB-002,NRCell-006,96.51,97.47,90.62,0.0,270.5,46.3,34.2,16.6,100.0
2026-07-08T06:00:00,gNB-001,NRCell-001,98.78,100.0,98.04,1.3,263.6,28.0,32.8,26.9,100.0
2026-07-08T06:00:00,gNB-001,NRCell-002,100.0,99.04,97.5,0.0,229.8,35.0,39.5,21.0,100.0
2026-07-08T06:00:00,gNB-001,NRCell-003,100.0,100.0,92.86,0.0,216.9,34.9,48.6,7.3,100.0
2026-07-08T06:00:00,gNB-002,NRCell-004,98.96,100.0,96.08,0.0,250.3,40.4,35.4,42.6,100.0
2026-07-08T06:00:00,gNB-002,NRCell-005,100.0,100.0,100.0,0.0,227.0,37.7,45.9,5.2,100.0
2026-07-08T06:00:00,gNB-002,NRCell-006,96.19,97.96,92.86,4.17,256.7,35.5,37.9,19.3,100.0
2026-07-08T06:15:00,gNB-001,NRCell-001,99.26,100.0,95.83,0.0,246.6,33.2,35.6,34.3,100.0
2026-07-08T06:15:00,gNB-001,NRCell-002,100.0,100.0,97.14,0.0,224.1,30.2,40.6,18.9,100.0
2026-07-08T06:15:00,gNB-001,NRCell-003,98.04,100.0,100.0,6.38,218.4,24.5,48.1,9.8,100.0
2026-07-08T06:15:00,gNB-002,NRCell-004,96.91,99.45,97.47,0.0,259.6,34.7,39.2,44.8,100.0
2026-07-08T06:15:00,gNB-002,NRCell-005,96.97,100.0,100.0,0.0,257.7,26.8,43.6,7.8,100.0
2026-07-08T06:15:00,gNB-002,NRCell-006,96.0,99.15,100.0,0.86,240.8,32.3,35.7,25.5,100.0
2026-07-08T06:30:00,gNB-001,NRCell-001,99.39,100.0,95.45,1.3,248.8,42.0,36.9,35.3,100.0
2026-07-08T06:30:00,gNB-001,NRCell-002,99.15,99.12,100.0,0.0,246.7,40.1,40.2,24.5,100.0
2026-07-08T06:30:00,gNB-001,NRCell-003,100.0,97.56,93.75,0.0,213.7,21.8,50.0,10.4,100.0
2026-07-08T06:30:00,gNB-002,NRCell-004,97.66,99.38,100.0,0.0,228.0,37.4,40.7,45.6,100.0
2026-07-08T06:30:00,gNB-002,NRCell-005,100.0,100.0,100.0,0.0,205.3,34.7,49.3,5.3,100.0
2026-07-08T06:30:00,gNB-002,NRCell-006,95.0,97.87,94.44,2.17,271.1,42.5,39.7,24.1,100.0
2026-07-08T06:45:00,gNB-001,NRCell-001,99.04,99.5,98.51,0.0,236.8,30.3,40.0,28.6,100.0
2026-07-08T06:45:00,gNB-001,NRCell-002,100.0,100.0,97.92,0.97,241.2,31.1,47.4,22.2,100.0
2026-07-08T06:45:00,gNB-001,NRCell-003,97.83,100.0,100.0,2.33,227.3,39.7,50.9,10.8,100.0
2026-07-08T06:45:00,gNB-002,NRCell-004,99.55,99.05,96.74,0.96,242.1,36.3,37.2,34.3,100.0
2026-07-08T06:45:00,gNB-002,NRCell-005,100.0,100.0,100.0,0.0,254.5,45.2,45.3,5.5,100.0
2026-07-08T06:45:00,gNB-002,NRCell-006,93.98,99.18,97.83,0.0,273.0,48.7,36.2,23.6,100.0
2026-07-08T07:00:00,gNB-001,NRCell-001,100.0,99.44,100.0,0.56,252.3,41.7,37.6,32.6,100.0
2026-07-08T07:00:00,gNB-001,NRCell-002,100.0,99.16,100.0,0.85,225.0,36.7,45.1,23.6,100.0
2026-07-08T07:00:00,gNB-001,NRCell-003,100.0,100.0,86.67,0.0,227.0,36.5,54.8,8.2,100.0
2026-07-08T07:00:00,gNB-002,NRCell-004,98.07,99.49,100.0,0.0,258.5,35.8,38.4,39.0,100.0
2026-07-08T07:00:00,gNB-002,NRCell-005,100.0,100.0,100.0,2.78,209.9,26.0,52.4,5.3,100.0
2026-07-08T07:00:00,gNB-002,NRCell-006,95.17,96.95,93.88,3.15,245.1,42.7,42.1,24.6,100.0
2026-07-08T07:15:00,gNB-001,NRCell-001,100.0,99.4,100.0,0.0,247.1,27.6,44.6,50.4,100.0
2026-07-08T07:15:00,gNB-001,NRCell-002,96.95,100.0,100.0,0.83,256.3,38.3,43.7,31.7,100.0
2026-07-08T07:15:00,gNB-001,NRCell-003,96.55,98.11,100.0,0.0,213.0,29.1,56.7,11.0,100.0
2026-07-08T07:15:00,gNB-002,NRCell-004,98.92,98.52,99.02,0.0,240.1,35.7,47.0,41.3,100.0
2026-07-08T07:15:00,gNB-002,NRCell-005,97.3,100.0,100.0,0.0,219.5,34.3,53.9,6.2,100.0
2026-07-08T07:15:00,gNB-002,NRCell-006,95.5,98.04,87.23,2.0,241.1,36.0,46.3,21.9,100.0
2026-07-08T07:30:00,gNB-001,NRCell-001,100.0,99.5,91.07,1.01,228.7,40.6,42.3,48.9,100.0
2026-07-08T07:30:00,gNB-001,NRCell-002,99.3,98.55,95.24,0.74,198.5,30.4,51.8,22.6,100.0
2026-07-08T07:30:00,gNB-001,NRCell-003,96.08,100.0,100.0,0.0,204.0,34.7,54.4,8.9,100.0
2026-07-08T07:30:00,gNB-002,NRCell-004,99.13,99.12,98.84,0.45,239.4,29.3,42.8,55.5,100.0
2026-07-08T07:30:00,gNB-002,NRCell-005,100.0,96.88,92.31,0.0,235.7,36.5,49.1,5.8,100.0
2026-07-08T07:30:00,gNB-002,NRCell-006,97.06,94.41,90.77,2.63,248.4,34.5,41.2,30.8,100.0
2026-07-08T07:45:00,gNB-001,NRCell-001,100.0,99.49,98.39,0.51,245.0,36.3,43.1,43.2,100.0
2026-07-08T07:45:00,gNB-001,NRCell-002,96.2,98.62,96.88,0.7,231.9,31.7,46.9,28.5,100.0
2026-07-08T07:45:00,gNB-001,NRCell-003,98.18,100.0,94.44,0.0,221.2,33.7,53.4,9.7,100.0
2026-07-08T07:45:00,gNB-002,NRCell-004,98.96,98.92,98.25,0.0,238.1,42.2,50.7,58.9,100.0
2026-07-08T07:45:00,gNB-002,NRCell-005,97.44,100.0,100.0,0.0,204.0,20.8,56.6,6.3,100.0
2026-07-08T07:45:00,gNB-002,NRCell-006,96.23,98.65,87.93,2.05,213.7,25.0,48.8,37.5,100.0
2026-07-08T08:00:00,gNB-001,NRCell-001,99.53,98.52,96.47,0.5,222.0,37.7,55.8,39.2,100.0
2026-07-08T08:00:00,gNB-001,NRCell-002,98.81,98.73,100.0,0.64,210.8,35.4,51.0,30.4,100.0
2026-07-08T08:00:00,gNB-001,NRCell-003,96.92,98.36,96.43,1.67,187.4,18.8,60.8,12.8,100.0
2026-07-08T08:00:00,gNB-002,NRCell-004,98.09,99.21,97.47,0.8,228.0,33.6,46.0,62.9,100.0
2026-07-08T08:00:00,gNB-002,NRCell-005,97.78,100.0,94.44,0.0,216.6,35.5,53.9,10.5,100.0
2026-07-08T08:00:00,gNB-002,NRCell-006,93.37,98.76,94.23,0.63,222.0,35.0,51.3,32.9,100.0
2026-07-08T08:15:00,gNB-001,NRCell-001,99.18,99.14,100.0,0.43,243.3,35.5,47.9,54.2,100.0
2026-07-08T08:15:00,gNB-001,NRCell-002,99.34,99.3,97.56,0.0,198.4,30.3,58.9,30.7,100.0
2026-07-08T08:15:00,gNB-001,NRCell-003,95.59,100.0,100.0,0.0,168.1,28.6,67.2,10.4,100.0
2026-07-08T08:15:00,gNB-002,NRCell-004,98.38,99.67,100.0,1.66,205.2,35.4,53.0,79.7,100.0
2026-07-08T08:15:00,gNB-002,NRCell-005,100.0,100.0,100.0,3.85,189.6,27.0,63.2,11.6,100.0
2026-07-08T08:15:00,gNB-002,NRCell-006,95.97,95.74,96.72,0.74,218.4,32.6,51.2,40.4,100.0
2026-07-08T08:30:00,gNB-001,NRCell-001,98.96,98.56,100.0,0.37,207.0,31.7,53.1,43.1,100.0
2026-07-08T08:30:00,gNB-001,NRCell-002,100.0,99.34,100.0,1.32,181.7,23.0,58.5,41.5,100.0
2026-07-08T08:30:00,gNB-001,NRCell-003,98.41,100.0,94.44,1.67,212.2,35.3,56.7,8.9,100.0
2026-07-08T08:30:00,gNB-002,NRCell-004,99.04,99.68,97.17,0.33,192.6,28.5,58.6,68.7,100.0
2026-07-08T08:30:00,gNB-002,NRCell-005,100.0,98.0,95.45,0.0,174.3,27.4,67.4,7.5,100.0
2026-07-08T08:30:00,gNB-002,NRCell-006,96.37,96.59,94.87,1.18,209.1,33.9,58.3,41.9,100.0
2026-07-08T08:45:00,gNB-001,NRCell-001,99.67,99.3,97.65,0.7,195.1,31.3,56.5,65.9,100.0
2026-07-08T08:45:00,gNB-001,NRCell-002,98.96,99.46,100.0,1.62,193.6,32.4,66.1,42.3,100.0
2026-07-08T08:45:00,gNB-001,NRCell-003,100.0,100.0,100.0,1.49,180.1,29.1,71.4,10.8,100.0
2026-07-08T08:45:00,gNB-002,NRCell-004,98.7,99.73,99.07,0.54,205.5,25.5,55.9,87.1,100.0
2026-07-08T08:45:00,gNB-002,NRCell-005,100.0,100.0,100.0,3.7,160.3,18.1,69.2,9.4,100.0
2026-07-08T08:45:00,gNB-002,NRCell-006,95.52,96.62,90.24,3.0,206.1,22.7,61.7,40.0,100.0
2026-07-08T09:00:00,gNB-001,NRCell-001,99.42,99.11,99.12,0.3,204.3,21.3,59.8,64.3,100.0
2026-07-08T09:00:00,gNB-001,NRCell-002,98.42,98.35,97.37,0.0,190.7,31.7,55.4,38.6,100.0
2026-07-08T09:00:00,gNB-001,NRCell-003,98.61,100.0,100.0,0.0,172.2,23.6,67.3,11.0,100.0
2026-07-08T09:00:00,gNB-002,NRCell-004,99.49,99.22,98.05,1.05,200.7,29.5,63.0,72.0,100.0
2026-07-08T09:00:00,gNB-002,NRCell-005,100.0,100.0,100.0,0.0,194.1,33.5,63.0,8.9,100.0
2026-07-08T09:00:00,gNB-002,NRCell-006,97.44,97.29,91.23,3.72,213.3,32.1,53.8,34.1,100.0
2026-07-08T09:15:00,gNB-001,NRCell-001,98.71,100.0,97.66,0.66,200.2,33.5,60.8,63.1,100.0
2026-07-08T09:15:00,gNB-001,NRCell-002,99.46,100.0,97.01,0.56,165.6,22.2,70.4,48.2,100.0
2026-07-08T09:15:00,gNB-001,NRCell-003,98.67,97.22,100.0,1.43,195.9,34.5,61.6,15.2,100.0
2026-07-08T09:15:00,gNB-002,NRCell-004,98.98,98.95,97.96,0.27,179.9,22.8,58.0,77.0,100.0
2026-07-08T09:15:00,gNB-002,NRCell-005,100.0,98.11,100.0,0.0,190.4,23.7,67.5,10.7,100.0
2026-07-08T09:15:00,gNB-002,NRCell-006,95.83,95.45,94.67,3.17,204.1,30.1,62.4,51.7,100.0
2026-07-08T09:30:00,gNB-001,NRCell-001,99.05,98.69,96.97,0.33,187.8,30.1,65.7,66.6,100.0
2026-07-08T09:30:00,gNB-001,NRCell-002,98.13,99.52,97.78,0.49,191.3,27.9,66.9,37.5,100.0
2026-07-08T09:30:00,gNB-001,NRCell-003,98.91,100.0,100.0,0.0,168.7,28.9,68.1,14.7,100.0
2026-07-08T09:30:00,gNB-002,NRCell-004,99.76,98.49,95.97,0.0,153.5,20.0,74.3,76.2,100.0
2026-07-08T09:30:00,gNB-002,NRCell-005,98.46,98.36,100.0,0.0,192.0,26.5,63.4,11.5,100.0
2026-07-08T09:30:00,gNB-002,NRCell-006,97.05,99.56,95.59,3.57,191.8,28.9,61.6,59.6,100.0
2026-07-08T09:45:00,gNB-001,NRCell-001,99.71,99.7,97.22,0.91,143.2,22.7,73.7,74.5,100.0
2026-07-08T09:45:00,gNB-001,NRCell-002,97.96,98.95,96.34,0.53,157.4,15.8,75.0,52.9,100.0
2026-07-08T09:45:00,gNB-001,NRCell-003,98.57,100.0,96.15,0.0,149.2,19.0,71.6,14.6,100.0
2026-07-08T09:45:00,gNB-002,NRCell-004,98.26,99.77,100.0,0.46,176.5,29.1,67.5,71.6,100.0
2026-07-08T09:45:00,gNB-002,NRCell-005,100.0,97.62,100.0,2.44,178.4,18.3,68.1,11.7,100.0
2026-07-08T09:45:00,gNB-002,NRCell-006,94.8,97.23,85.94,2.03,180.1,24.5,61.7,45.7,100.0
2026-07-08T10:00:00,gNB-001,NRCell-001,99.53,99.52,98.6,0.24,147.1,21.6,72.1,78.6,100.0
2026-07-08T10:00:00,gNB-001,NRCell-002,98.2,100.0,97.92,0.95,178.5,31.2,66.1,50.7,100.0
2026-07-08T10:00:00,gNB-001,NRCell-003,100.0,97.59,100.0,1.23,159.9,20.9,77.9,19.1,100.0
2026-07-08T10:00:00,gNB-002,NRCell-004,99.22,99.21,98.82,0.6,137.5,23.3,76.5,87.6,100.0
2026-07-08T10:00:00,gNB-002,NRCell-005,96.88,98.36,95.24,0.0,143.5,19.9,82.0,12.0,100.0
2026-07-08T10:00:00,gNB-002,NRCell-006,96.63,98.8,94.44,0.81,147.8,17.0,78.7,43.7,100.0
2026-07-08T10:15:00,gNB-001,NRCell-001,99.27,99.75,98.54,0.0,137.7,21.6,81.5,105.0,100.0
2026-07-08T10:15:00,gNB-001,NRCell-002,100.0,99.02,98.55,0.49,161.7,24.1,69.8,43.2,100.0
2026-07-08T10:15:00,gNB-001,NRCell-003,97.44,97.3,93.94,1.39,177.4,23.6,71.2,17.9,100.0
2026-07-08T10:15:00,gNB-002,NRCell-004,99.2,99.18,97.18,0.41,160.4,19.5,76.7,103.3,100.0
2026-07-08T10:15:00,gNB-002,NRCell-005,100.0,100.0,100.0,1.72,151.9,17.8,70.4,9.6,100.0
2026-07-08T10:15:00,gNB-002,NRCell-006,95.94,98.46,92.21,1.18,183.4,22.1,66.7,72.4,100.0
2026-07-08T10:30:00,gNB-001,NRCell-001,99.77,99.05,99.36,0.48,136.7,21.0,84.2,111.8,100.0
2026-07-08T10:30:00,gNB-001,NRCell-002,98.74,99.56,97.22,0.88,125.1,17.0,81.3,54.9,100.0
2026-07-08T10:30:00,gNB-001,NRCell-003,97.59,100.0,82.35,1.25,170.3,29.3,69.6,18.8,100.0
2026-07-08T10:30:00,gNB-002,NRCell-004,99.54,99.76,98.28,1.72,160.8,25.3,70.8,94.0,100.0
2026-07-08T10:30:00,gNB-002,NRCell-005,97.4,100.0,96.77,1.39,118.4,13.0,88.5,15.8,100.0
2026-07-08T10:30:00,gNB-002,NRCell-006,96.91,96.36,94.23,1.51,158.1,25.4,72.6,47.8,100.0
2026-07-08T10:45:00,gNB-001,NRCell-001,99.13,99.77,97.84,0.92,142.3,23.1,78.0,91.7,100.0
2026-07-08T10:45:00,gNB-001,NRCell-002,98.73,99.56,95.77,0.89,119.2,14.2,88.1,35.5,100.0
2026-07-08T10:45:00,gNB-001,NRCell-003,100.0,100.0,95.65,1.19,144.3,20.9,80.4,19.6,100.0
2026-07-08T10:45:00,gNB-002,NRCell-004,99.38,99.15,97.96,1.5,147.4,23.4,72.1,112.1,100.0
2026-07-08T10:45:00,gNB-002,NRCell-005,97.18,100.0,100.0,0.0,138.2,23.3,81.3,16.1,100.0
2026-07-08T10:45:00,gNB-002,NRCell-006,97.34,97.2,91.59,1.23,123.8,14.6,82.9,49.3,100.0
2026-07-08T11:00:00,gNB-001,NRCell-001,99.32,99.53,98.33,0.7,156.8,19.8,76.5,87.7,100.0
2026-07-08T11:00:00,gNB-001,NRCell-002,99.29,99.27,98.75,0.74,176.3,23.3,70.8,65.2,100.0
2026-07-08T11:00:00,gNB-001,NRCell-003,97.94,100.0,97.37,1.1,141.4,19.1,76.5,17.6,100.0
2026-07-08T11:00:00,gNB-002,NRCell-004,98.58,99.79,99.05,0.21,159.1,19.5,76.7,106.9,100.0
2026-07-08T11:00:00,gNB-002,NRCell-005,100.0,100.0,100.0,0.0,162.4,26.9,76.6,14.6,100.0
2026-07-08T11:00:00,gNB-002,NRCell-006,97.19,97.34,95.04,2.39,139.2,16.8,78.5,59.6,100.0
2026-07-08T11:15:00,gNB-001,NRCell-001,98.87,99.76,99.19,0.72,124.0,13.8,84.6,71.7,100.0
2026-07-08T11:15:00,gNB-001,NRCell-002,98.29,98.91,98.91,0.37,144.5,18.0,79.7,63.5,100.0
2026-07-08T11:15:00,gNB-001,NRCell-003,96.55,97.5,100.0,1.28,134.1,19.5,87.6,14.7,100.0
2026-07-08T11:15:00,gNB-002,NRCell-004,98.87,99.61,97.55,0.39,141.0,15.7,83.6,114.0,100.0
2026-07-08T11:15:00,gNB-002,NRCell-005,98.11,98.0,82.35,0.0,158.9,27.2,72.2,11.3,100.0
2026-07-08T11:15:00,gNB-002,NRCell-006,95.69,97.51,96.63,2.13,118.2,12.4,89.4,44.0,100.0
2026-07-08T11:30:00,gNB-001,NRCell-001,99.48,99.18,98.71,0.55,129.6,18.0,82.4,100.7,100.0
2026-07-08T11:30:00,gNB-001,NRCell-002,99.59,99.59,97.17,0.83,113.9,14.7,88.6,58.2,100.0
2026-07-08T11:30:00,gNB-001,NRCell-003,98.96,100.0,96.15,0.0,128.4,13.6,80.4,20.7,100.0
2026-07-08T11:30:00,gNB-002,NRCell-004,99.23,99.19,98.06,0.61,162.0,28.9,72.0,96.5,100.0
2026-07-08T11:30:00,gNB-002,NRCell-005,97.37,98.63,100.0,1.39,105.3,14.7,90.7,13.0,100.0
2026-07-08T11:30:00,gNB-002,NRCell-006,94.52,97.73,91.23,1.55,113.0,19.5,87.2,69.4,100.0
2026-07-08T11:45:00,gNB-001,NRCell-001,99.58,99.34,96.8,0.44,143.0,15.3,76.9,112.7,100.0
2026-07-08T11:45:00,gNB-001,NRCell-002,98.51,98.44,98.81,0.79,150.2,24.8,81.9,62.3,100.0
2026-07-08T11:45:00,gNB-001,NRCell-003,97.4,100.0,100.0,1.37,114.7,19.9,89.1,19.0,100.0
2026-07-08T11:45:00,gNB-002,NRCell-004,98.93,99.05,97.59,1.34,146.0,17.0,75.4,97.6,100.0
2026-07-08T11:45:00,gNB-002,NRCell-005,98.39,100.0,100.0,0.0,113.9,15.7,88.5,14.5,100.0
2026-07-08T11:45:00,gNB-002,NRCell-006,96.14,98.89,95.54,2.62,128.0,23.0,85.0,63.4,100.0
2026-07-08T12:00:00,gNB-001,NRCell-001,99.39,99.58,98.18,0.64,151.3,23.9,80.6,94.9,100.0
2026-07-08T12:00:00,gNB-001,NRCell-002,98.35,100.0,100.0,1.73,136.9,22.4,79.1,62.1,100.0
2026-07-08T12:00:00,gNB-001,NRCell-003,98.95,98.88,100.0,0.0,117.7,18.8,89.5,20.6,100.0
2026-07-08T12:00:00,gNB-002,NRCell-004,99.46,99.26,98.53,0.37,152.9,21.4,80.0,83.4,100.0
2026-07-08T12:00:00,gNB-002,NRCell-005,100.0,100.0,93.75,0.0,115.2,14.6,94.2,10.0,100.0
2026-07-08T12:00:00,gNB-002,NRCell-006,96.74,97.56,90.53,2.5,113.3,18.9,87.0,59.1,100.0
2026-07-08T12:15:00,gNB-001,NRCell-001,99.42,99.41,98.24,0.99,133.0,20.9,80.1,113.3,100.0
2026-07-08T12:15:00,gNB-001,NRCell-002,97.99,99.28,97.96,1.45,155.6,24.7,77.8,57.1,100.0
2026-07-08T12:15:00,gNB-001,NRCell-003,98.92,98.85,94.87,2.33,146.7,25.0,80.7,16.5,100.0
2026-07-08T12:15:00,gNB-002,NRCell-004,99.59,99.58,98.27,0.64,145.6,23.2,83.6,75.3,100.0
2026-07-08T12:15:00,gNB-002,NRCell-005,100.0,98.73,100.0,0.0,105.8,12.7,90.7,14.3,100.0
2026-07-08T12:15:00,gNB-002,NRCell-006,95.36,96.8,93.33,2.94,156.3,24.9,72.4,49.9,100.0
2026-07-08T12:30:00,gNB-001,NRCell-001,99.34,100.0,98.31,0.22,106.4,17.5,91.9,87.5,100.0
2026-07-08T12:30:00,gNB-001,NRCell-002,97.99,98.71,95.89,1.3,118.6,12.7,84.8,45.9,100.0
2026-07-08T12:30:00,gNB-001,NRCell-003,98.9,98.86,100.0,0.0,113.0,13.0,90.6,19.5,100.0
2026-07-08T12:30:00,gNB-002,NRCell-004,99.83,98.78,98.01,0.0,146.1,17.1,72.3,134.5,100.0
2026-07-08T12:30:00,gNB-002,NRCell-005,98.31,100.0,95.24,0.0,119.0,16.2,86.9,11.3,100.0
2026-07-08T12:30:00,gNB-002,NRCell-006,94.31,96.53,91.43,1.2,165.3,21.6,74.4,73.5,100.0
2026-07-08T12:45:00,gNB-001,NRCell-001,99.52,99.75,98.52,0.25,142.3,17.2,76.7,95.9,100.0
2026-07-08T12:45:00,gNB-001,NRCell-002,99.32,99.28,97.56,0.73,143.2,25.5,78.9,66.9,100.0
2026-07-08T12:45:00,gNB-001,NRCell-003,98.84,96.34,95.24,0.0,131.8,15.7,78.4,16.6,100.0
2026-07-08T12:45:00,gNB-002,NRCell-004,99.49,99.14,98.11,0.35,125.4,15.2,83.4,88.2,100.0
2026-07-08T12:45:00,gNB-002,NRCell-005,100.0,100.0,100.0,0.0,133.9,18.4,81.2,13.3,100.0
2026-07-08T12:45:00,gNB-002,NRCell-006,96.85,97.26,87.5,1.25,121.1,17.4,86.6,59.5,100.0
2026-07-08T13:00:00,gNB-001,NRCell-001,99.04,99.0,99.29,0.25,169.0,28.0,70.7,83.9,100.0
2026-07-08T13:00:00,gNB-001,NRCell-002,100.0,98.84,100.0,0.78,170.0,30.0,72.5,54.6,100.0
2026-07-08T13:00:00,gNB-001,NRCell-003,98.94,98.9,100.0,0.0,121.2,14.5,88.4,18.3,100.0
2026-07-08T13:00:00,gNB-002,NRCell-004,99.36,99.35,99.02,0.44,148.0,21.1,77.8,107.5,100.0
2026-07-08T13:00:00,gNB-002,NRCell-005,96.72,100.0,100.0,0.0,135.6,17.8,84.0,12.2,100.0
2026-07-08T13:00:00,gNB-002,NRCell-006,96.73,97.91,89.6,0.71,147.8,26.1,82.6,49.6,100.0
2026-07-08T13:15:00,gNB-001,NRCell-001,99.54,99.04,98.48,0.49,174.9,25.7,69.6,64.8,100.0
2026-07-08T13:15:00,gNB-001,NRCell-002,99.27,98.86,95.76,0.77,162.2,27.7,75.1,52.9,100.0
2026-07-08T13:15:00,gNB-001,NRCell-003,98.89,98.85,94.87,0.0,146.1,23.3,72.7,19.4,100.0
2026-07-08T13:15:00,gNB-002,NRCell-004,99.31,99.27,97.08,0.55,142.7,25.1,79.6,103.8,100.0
2026-07-08T13:15:00,gNB-002,NRCell-005,100.0,98.28,92.86,1.75,151.3,25.3,75.2,11.3,100.0
2026-07-08T13:15:00,gNB-002,NRCell-006,94.5,96.31,93.64,1.74,131.1,23.5,79.9,74.5,100.0
2026-07-08T13:30:00,gNB-001,NRCell-001,99.79,99.34,100.0,0.66,180.0,25.1,70.4,111.5,100.0
2026-07-08T13:30:00,gNB-001,NRCell-002,99.32,99.31,98.06,1.05,122.3,20.5,82.6,61.0,100.0
2026-07-08T13:30:00,gNB-001,NRCell-003,97.67,98.8,94.44,1.22,147.3,26.4,79.8,14.2,100.0
2026-07-08T13:30:00,gNB-002,NRCell-004,99.36,98.9,98.73,0.45,123.4,15.0,83.5,82.2,100.0
2026-07-08T13:30:00,gNB-002,NRCell-005,96.49,100.0,100.0,1.92,148.1,24.0,74.2,15.9,100.0
2026-07-08T13:30:00,gNB-002,NRCell-006,94.63,98.88,97.5,2.64,134.1,18.7,79.6,55.9,100.0
2026-07-08T13:45:00,gNB-001,NRCell-001,99.47,99.18,99.22,1.66,138.2,21.7,78.6,72.4,100.0
2026-07-08T13:45:00,gNB-001,NRCell-002,98.2,100.0,100.0,0.0,161.9,18.4,70.0,40.9,100.0
2026-07-08T13:45:00,gNB-001,NRCell-003,97.94,98.92,100.0,0.0,146.3,22.0,81.7,18.6,100.0
2026-07-08T13:45:00,gNB-002,NRCell-004,98.83,99.51,99.14,0.73,143.8,21.1,78.5,127.5,100.0
2026-07-08T13:45:00,gNB-002,NRCell-005,100.0,100.0,100.0,1.59,128.6,14.4,82.5,15.2,100.0
2026-07-08T13:45:00,gNB-002,NRCell-006,95.39,97.32,92.0,1.97,132.7,15.9,80.9,48.7,100.0
2026-07-08T14:00:00,gNB-001,NRCell-001,99.24,99.74,98.53,0.79,153.9,22.2,72.9,90.3,100.0
2026-07-08T14:00:00,gNB-001,NRCell-002,99.1,99.07,95.59,0.0,156.4,27.0,77.3,39.7,100.0
2026-07-08T14:00:00,gNB-001,NRCell-003,98.9,98.82,97.06,0.0,160.9,18.4,72.3,17.4,100.0
2026-07-08T14:00:00,gNB-002,NRCell-004,99.28,99.05,97.66,1.53,152.8,26.3,70.8,121.1,100.0
2026-07-08T14:00:00,gNB-002,NRCell-005,98.21,98.08,100.0,0.0,135.0,23.8,77.7,10.1,100.0
2026-07-08T14:00:00,gNB-002,NRCell-006,94.86,95.22,92.68,2.74,184.8,26.0,67.3,43.6,100.0
2026-07-08T14:15:00,gNB-001,NRCell-001,99.7,99.7,100.0,0.61,151.1,19.8,72.1,82.4,100.0
2026-07-08T14:15:00,gNB-001,NRCell-002,100.0,98.86,95.45,1.72,174.1,20.6,68.5,50.6,100.0
2026-07-08T14:15:00,gNB-001,NRCell-003,97.78,100.0,97.22,0.0,138.7,19.5,79.3,12.6,100.0
2026-07-08T14:15:00,gNB-002,NRCell-004,98.27,99.78,99.44,0.45,159.3,24.1,74.3,89.8,100.0
2026-07-08T14:15:00,gNB-002,NRCell-005,100.0,97.83,100.0,0.0,146.2,19.6,78.2,15.3,100.0
2026-07-08T14:15:00,gNB-002,NRCell-006,95.0,94.92,94.05,3.57,159.6,20.0,70.4,60.9,100.0
2026-07-08T14:30:00,gNB-001,NRCell-001,99.54,98.82,97.33,0.0,171.9,25.5,73.9,61.5,100.0
2026-07-08T14:30:00,gNB-001,NRCell-002,98.4,98.32,100.0,1.14,171.2,29.4,64.1,49.2,100.0
2026-07-08T14:30:00,gNB-001,NRCell-003,100.0,98.77,95.83,0.0,176.9,27.8,65.1,15.3,100.0
2026-07-08T14:30:00,gNB-002,NRCell-004,98.98,99.22,96.04,0.26,195.9,32.1,63.6,97.1,100.0
2026-07-08T14:30:00,gNB-002,NRCell-005,100.0,100.0,88.89,2.04,156.3,16.4,71.5,12.1,100.0
2026-07-08T14:30:00,gNB-002,NRCell-006,95.04,97.56,95.71,2.08,203.5,25.1,59.7,36.6,100.0
2026-07-08T14:45:00,gNB-001,NRCell-001,99.43,99.71,98.4,0.29,174.8,18.7,71.0,65.9,100.0
2026-07-08T14:45:00,gNB-001,NRCell-002,99.08,98.58,96.59,0.96,193.8,25.0,61.2,42.2,100.0
2026-07-08T14:45:00,gNB-001,NRCell-003,98.61,100.0,96.15,2.99,139.2,14.8,78.7,12.0,100.0
2026-07-08T14:45:00,gNB-002,NRCell-004,99.14,99.1,99.21,0.91,193.4,21.0,61.7,69.5,100.0
2026-07-08T14:45:00,gNB-002,NRCell-005,100.0,98.25,100.0,0.0,195.2,34.0,62.8,13.5,100.0
2026-07-08T14:45:00,gNB-002,NRCell-006,96.7,97.23,100.0,2.44,183.7,24.9,67.5,61.0,100.0
2026-07-08T15:00:00,gNB-001,NRCell-001,99.17,98.89,97.95,0.0,207.0,24.3,59.3,88.3,100.0
2026-07-08T15:00:00,gNB-001,NRCell-002,100.0,99.5,95.65,0.51,154.2,24.8,71.9,42.7,100.0
2026-07-08T15:00:00,gNB-001,NRCell-003,98.7,97.3,96.15,0.0,207.1,29.8,62.1,16.9,100.0
2026-07-08T15:00:00,gNB-002,NRCell-004,98.8,99.38,99.12,0.93,180.3,29.9,61.6,72.9,100.0
2026-07-08T15:00:00,gNB-002,NRCell-005,93.62,100.0,100.0,0.0,169.6,17.4,67.0,9.1,100.0
2026-07-08T15:00:00,gNB-002,NRCell-006,95.72,97.13,92.75,2.11,170.1,24.4,63.7,54.1,100.0
2026-07-08T15:15:00,gNB-001,NRCell-001,99.44,99.71,98.59,0.0,203.5,35.6,57.7,75.9,100.0
2026-07-08T15:15:00,gNB-001,NRCell-002,98.6,99.05,98.8,1.44,161.0,27.4,69.5,40.9,100.0
2026-07-08T15:15:00,gNB-001,NRCell-003,98.59,100.0,91.67,1.45,190.0,29.6,62.9,16.9,100.0
2026-07-08T15:15:00,gNB-002,NRCell-004,99.08,98.81,98.4,0.24,188.8,31.3,61.4,82.2,100.0
2026-07-08T15:15:00,gNB-002,NRCell-005,100.0,98.11,95.45,0.0,179.8,22.3,71.4,10.8,100.0
2026-07-08T15:15:00,gNB-002,NRCell-006,93.88,97.81,93.67,3.14,194.8,30.6,55.3,41.8,100.0
2026-07-08T15:30:00,gNB-001,NRCell-001,99.43,99.71,98.68,0.87,187.5,25.8,66.2,52.2,100.0
2026-07-08T15:30:00,gNB-001,NRCell-002,98.4,99.44,98.72,0.56,198.5,30.1,60.6,35.8,100.0
2026-07-08T15:30:00,gNB-001,NRCell-003,98.36,98.28,100.0,3.51,162.1,22.4,71.0,14.6,100.0
2026-07-08T15:30:00,gNB-002,NRCell-004,99.12,99.4,98.57,0.6,203.8,23.0,55.0,60.7,100.0
2026-07-08T15:30:00,gNB-002,NRCell-005,97.92,97.78,88.24,2.27,214.0,28.3,59.7,8.5,100.0
2026-07-08T15:30:00,gNB-002,NRCell-006,96.04,96.79,89.66,2.76,191.7,24.2,62.7,32.8,100.0
2026-07-08T15:45:00,gNB-001,NRCell-001,99.14,99.69,98.33,0.0,205.9,20.7,53.4,65.4,100.0
2026-07-08T15:45:00,gNB-001,NRCell-002,98.84,99.41,96.72,1.19,222.5,23.5,56.4,40.8,100.0
2026-07-08T15:45:00,gNB-001,NRCell-003,98.31,98.18,100.0,1.85,182.3,27.1,61.7,12.2,100.0
2026-07-08T15:45:00,gNB-002,NRCell-004,99.15,100.0,100.0,0.6,197.6,34.0,58.0,95.8,100.0
2026-07-08T15:45:00,gNB-002,NRCell-005,100.0,100.0,100.0,0.0,204.1,20.6,61.9,9.2,100.0
2026-07-08T15:45:00,gNB-002,NRCell-006,96.25,97.81,94.79,2.69,199.5,25.4,63.3,49.0,100.0
2026-07-08T16:00:00,gNB-001,NRCell-001,99.18,99.72,99.38,0.56,187.7,23.0,57.9,76.9,100.0
2026-07-08T16:00:00,gNB-001,NRCell-002,98.9,98.26,93.62,1.78,208.3,22.4,56.9,28.1,100.0
2026-07-08T16:00:00,gNB-001,NRCell-003,97.73,100.0,96.43,0.0,180.6,24.9,60.5,16.9,100.0
2026-07-08T16:00:00,gNB-002,NRCell-004,99.41,99.1,98.47,0.61,201.0,27.5,53.5,75.5,100.0
2026-07-08T16:00:00,gNB-002,NRCell-005,100.0,100.0,94.74,0.0,176.9,26.0,64.2,10.7,100.0
2026-07-08T16:00:00,gNB-002,NRCell-006,96.0,94.57,88.24,2.3,192.6,28.1,65.6,38.8,100.0
2026-07-08T16:15:00,gNB-001,NRCell-001,99.27,99.62,98.81,0.38,187.2,20.3,62.3,53.4,100.0
2026-07-08T16:15:00,gNB-001,NRCell-002,99.4,99.38,95.71,0.0,180.3,31.6,66.7,38.4,100.0
2026-07-08T16:15:00,gNB-001,NRCell-003,100.0,100.0,96.55,0.0,171.0,24.3,66.6,13.4,100.0
2026-07-08T16:15:00,gNB-002,NRCell-004,99.47,98.92,97.03,0.82,207.6,35.4,55.3,87.3,100.0
2026-07-08T16:15:00,gNB-002,NRCell-005,98.15,98.0,100.0,0.0,214.1,32.8,59.4,8.3,100.0
2026-07-08T16:15:00,gNB-002,NRCell-006,95.48,98.06,95.38,2.48,179.4,28.7,60.3,33.5,100.0
2026-07-08T16:30:00,gNB-001,NRCell-001,99.32,98.94,98.86,0.36,209.8,32.9,59.3,63.0,100.0
2026-07-08T16:30:00,gNB-001,NRCell-002,98.99,99.47,95.59,1.59,195.9,21.3,57.0,40.3,100.0
2026-07-08T16:30:00,gNB-001,NRCell-003,97.01,100.0,100.0,1.61,191.1,25.4,60.3,12.2,100.0
2026-07-08T16:30:00,gNB-002,NRCell-004,98.58,100.0,96.81,0.3,197.4,32.4,63.8,73.3,100.0
2026-07-08T16:30:00,gNB-002,NRCell-005,100.0,98.04,100.0,0.0,192.7,22.4,59.2,11.4,100.0
2026-07-08T16:30:00,gNB-002,NRCell-006,96.97,97.33,88.0,0.55,193.4,26.9,64.3,41.7,100.0
2026-07-08T16:45:00,gNB-001,NRCell-001,99.36,99.67,96.52,1.64,181.2,29.6,64.9,57.0,100.0
2026-07-08T16:45:00,gNB-001,NRCell-002,100.0,100.0,92.0,0.0,171.1,22.7,63.9,28.0,100.0
2026-07-08T16:45:00,gNB-001,NRCell-003,96.92,100.0,100.0,3.33,160.9,25.1,73.0,11.8,100.0
2026-07-08T16:45:00,gNB-002,NRCell-004,99.74,99.45,98.51,0.0,196.6,30.4,62.5,93.4,100.0
2026-07-08T16:45:00,gNB-002,NRCell-005,96.23,100.0,100.0,0.0,168.2,19.8,63.3,10.4,100.0
2026-07-08T16:45:00,gNB-002,NRCell-006,95.92,97.27,97.5,2.81,216.7,30.4,55.1,39.8,100.0
2026-07-08T17:00:00,gNB-001,NRCell-001,99.16,99.42,98.01,0.0,178.7,28.7,63.1,78.4,100.0
2026-07-08T17:00:00,gNB-001,NRCell-002,97.92,99.46,95.83,1.63,182.2,23.5,60.0,32.7,100.0
2026-07-08T17:00:00,gNB-001,NRCell-003,96.1,100.0,95.83,1.43,188.0,32.0,65.2,13.4,100.0
2026-07-08T17:00:00,gNB-002,NRCell-004,99.16,99.13,99.07,0.59,184.9,31.4,55.8,74.1,100.0
2026-07-08T17:00:00,gNB-002,NRCell-005,100.0,100.0,93.75,4.44,146.1,17.5,72.9,8.2,100.0
2026-07-08T17:00:00,gNB-002,NRCell-006,95.97,97.41,93.33,1.33,197.0,32.2,58.5,55.6,100.0
2026-07-08T17:15:00,gNB-001,NRCell-001,99.4,99.08,99.32,0.0,176.1,26.9,64.3,59.0,100.0
2026-07-08T17:15:00,gNB-001,NRCell-002,99.12,99.1,96.0,0.45,175.4,20.4,65.8,49.6,100.0
2026-07-08T17:15:00,gNB-001,NRCell-003,97.01,100.0,100.0,1.59,175.9,25.9,71.6,15.7,100.0
2026-07-08T17:15:00,gNB-002,NRCell-004,99.02,99.49,98.05,1.03,200.5,26.5,58.8,105.8,100.0
2026-07-08T17:15:00,gNB-002,NRCell-005,100.0,95.74,100.0,0.0,176.0,26.2,68.1,8.8,100.0
2026-07-08T17:15:00,gNB-002,NRCell-006,95.45,98.06,85.88,1.49,158.0,19.4,67.7,37.7,100.0
2026-07-08T17:30:00,gNB-001,NRCell-001,99.41,98.5,98.04,0.3,185.7,22.2,63.6,54.3,100.0
2026-07-08T17:30:00,gNB-001,NRCell-002,100.0,97.71,97.26,0.47,159.2,19.3,74.6,38.3,100.0
2026-07-08T17:30:00,gNB-001,NRCell-003,97.18,100.0,90.0,6.15,174.4,30.1,70.9,16.1,100.0
2026-07-08T17:30:00,gNB-002,NRCell-004,98.21,99.2,96.33,0.54,176.8,24.5,71.6,86.5,100.0
2026-07-08T17:30:00,gNB-002,NRCell-005,100.0,98.04,100.0,2.0,143.4,14.8,78.5,13.2,100.0
2026-07-08T17:30:00,gNB-002,NRCell-006,98.36,97.0,94.74,2.21,165.1,29.3,69.0,49.6,100.0
2026-07-08T17:45:00,gNB-001,NRCell-001,99.49,99.74,100.0,0.0,171.3,20.0,66.5,68.5,100.0
2026-07-08T17:45:00,gNB-001,NRCell-002,98.67,99.54,96.05,0.92,146.8,23.0,78.7,44.1,100.0
2026-07-08T17:45:00,gNB-001,NRCell-003,98.73,96.1,95.83,1.35,159.3,24.1,77.3,12.4,100.0
2026-07-08T17:45:00,gNB-002,NRCell-004,98.3,99.12,96.13,0.59,200.6,28.2,62.9,75.9,100.0
2026-07-08T17:45:00,gNB-002,NRCell-005,98.41,96.67,100.0,0.0,142.7,25.4,81.7,9.8,100.0
2026-07-08T17:45:00,gNB-002,NRCell-006,96.38,94.81,94.25,2.49,174.1,22.5,61.8,62.4,100.0
2026-07-08T18:00:00,gNB-001,NRCell-001,99.74,99.45,98.35,0.56,148.6,15.6,73.5,66.9,100.0
2026-07-08T18:00:00,gNB-001,NRCell-002,99.14,99.1,99.01,0.45,157.7,25.3,68.5,52.5,100.0
2026-07-08T18:00:00,gNB-001,NRCell-003,98.81,100.0,100.0,2.53,128.3,13.4,81.5,20.0,100.0
2026-07-08T18:00:00,gNB-002,NRCell-004,98.93,99.72,99.32,0.57,161.6,27.8,67.5,65.5,100.0
2026-07-08T18:00:00,gNB-002,NRCell-005,98.18,98.11,100.0,0.0,160.9,27.8,69.8,11.6,100.0
2026-07-08T18:00:00,gNB-002,NRCell-006,95.91,98.34,94.29,1.35,150.9,16.8,71.7,51.6,100.0
2026-07-08T18:15:00,gNB-001,NRCell-001,98.73,99.32,98.52,0.0,141.6,23.3,76.1,85.4,100.0
2026-07-08T18:15:00,gNB-001,NRCell-002,100.0,99.54,98.82,0.0,180.5,20.9,69.4,47.1,100.0
2026-07-08T18:15:00,gNB-001,NRCell-003,97.75,98.8,100.0,0.0,139.4,17.8,75.4,15.5,100.0
2026-07-08T18:15:00,gNB-002,NRCell-004,98.7,99.78,97.41,1.11,147.0,23.4,72.2,73.4,100.0
2026-07-08T18:15:00,gNB-002,NRCell-005,96.88,100.0,93.33,0.0,141.6,17.4,77.5,15.4,100.0
2026-07-08T18:15:00,gNB-002,NRCell-006,95.56,97.61,92.79,2.86,138.0,20.3,79.8,55.0,100.0
2026-07-08T18:30:00,gNB-001,NRCell-001,99.44,98.6,96.26,1.42,151.8,19.8,80.3,81.1,100.0
2026-07-08T18:30:00,gNB-001,NRCell-002,98.76,99.15,97.59,0.85,128.2,20.1,84.0,65.8,100.0
2026-07-08T18:30:00,gNB-001,NRCell-003,98.8,100.0,100.0,0.0,133.5,13.4,86.1,14.3,100.0
2026-07-08T18:30:00,gNB-002,NRCell-004,98.84,99.0,99.29,0.6,139.9,24.5,82.5,89.7,100.0
2026-07-08T18:30:00,gNB-002,NRCell-005,100.0,98.59,100.0,0.0,125.5,13.0,89.2,10.2,100.0
2026-07-08T18:30:00,gNB-002,NRCell-006,95.73,98.88,94.29,1.14,144.0,15.9,81.0,65.3,100.0
2026-07-08T18:45:00,gNB-001,NRCell-001,99.13,99.33,97.16,0.22,120.5,20.5,87.1,95.1,100.0
2026-07-08T18:45:00,gNB-001,NRCell-002,99.63,98.87,99.09,1.15,100.5,17.4,93.2,61.4,100.0
2026-07-08T18:45:00,gNB-001,NRCell-003,98.77,100.0,96.55,0.0,119.1,18.8,86.8,14.0,100.0
2026-07-08T18:45:00,gNB-002,NRCell-004,99.38,99.36,96.4,1.28,128.1,19.6,88.6,96.5,100.0
2026-07-08T18:45:00,gNB-002,NRCell-005,100.0,96.72,86.96,1.69,113.6,18.4,93.2,14.3,100.0
2026-07-08T18:45:00,gNB-002,NRCell-006,94.67,97.11,94.2,2.32,119.5,14.9,91.1,70.2,100.0
2026-07-08T19:00:00,gNB-001,NRCell-001,99.18,99.36,97.75,0.65,135.5,19.0,81.0,80.6,100.0
2026-07-08T19:00:00,gNB-001,NRCell-002,98.66,99.3,97.6,1.06,116.4,13.5,93.7,69.9,100.0
2026-07-08T19:00:00,gNB-001,NRCell-003,100.0,100.0,100.0,0.0,146.6,22.0,80.1,18.6,100.0
2026-07-08T19:00:00,gNB-002,NRCell-004,99.68,99.67,98.4,0.66,124.6,21.3,85.4,121.6,100.0
2026-07-08T19:00:00,gNB-002,NRCell-005,97.26,98.51,100.0,3.03,156.9,16.5,76.5,15.6,100.0
2026-07-08T19:00:00,gNB-002,NRCell-006,97.08,96.68,95.04,0.94,108.9,12.7,93.4,65.4,100.0
2026-07-08T19:15:00,gNB-001,NRCell-001,99.4,98.97,98.47,0.62,127.3,17.6,88.6,108.8,100.0
2026-07-08T19:15:00,gNB-001,NRCell-002,99.26,98.45,91.36,1.97,79.8,12.1,87.4,49.4,100.0
2026-07-08T19:15:00,gNB-001,NRCell-003,97.59,100.0,95.45,1.3,103.2,11.7,92.6,16.6,100.0
2026-07-08T19:15:00,gNB-002,NRCell-004,99.48,99.64,97.52,0.36,119.8,15.7,91.2,92.0,100.0
2026-07-08T19:15:00,gNB-002,NRCell-005,100.0,100.0,94.44,3.28,101.7,17.8,98.0,15.6,100.0
2026-07-08T19:15:00,gNB-002,NRCell-006,96.09,98.84,88.46,0.78,90.5,12.2,98.1,61.7,100.0
2026-07-08T19:30:00,gNB-001,NRCell-001,98.72,100.0,97.83,0.77,134.6,23.1,83.4,115.0,100.0
2026-07-08T19:30:00,gNB-001,NRCell-002,98.33,99.3,91.67,2.84,76.0,12.0,95.1,72.9,100.0
2026-07-08T19:30:00,gNB-001,NRCell-003,97.89,98.89,95.12,1.12,124.5,19.2,82.2,19.2,100.0
2026-07-08T19:30:00,gNB-002,NRCell-004,98.75,98.86,97.74,0.77,138.9,22.3,78.6,133.1,100.0
2026-07-08T19:30:00,gNB-002,NRCell-005,96.97,98.33,88.24,0.0,114.2,13.8,87.6,17.9,100.0
2026-07-08T19:30:00,gNB-002,NRCell-006,96.63,97.47,92.59,1.85,99.0,10.5,97.6,51.0,100.0
2026-07-08T19:45:00,gNB-001,NRCell-001,99.37,99.55,98.48,0.22,106.2,14.2,92.5,83.7,100.0
2026-07-08T19:45:00,gNB-001,NRCell-002,99.68,100.0,91.67,2.31,58.9,6.3,99.0,60.7,100.0
2026-07-08T19:45:00,gNB-001,NRCell-003,97.62,100.0,88.46,2.53,124.2,14.4,83.1,15.6,100.0
2026-07-08T19:45:00,gNB-002,NRCell-004,99.15,98.95,98.07,0.35,110.1,16.1,91.9,89.5,100.0
2026-07-08T19:45:00,gNB-002,NRCell-005,98.65,98.61,100.0,0.0,103.4,12.9,90.6,16.7,100.0
2026-07-08T19:45:00,gNB-002,NRCell-006,96.01,94.92,86.84,1.65,91.9,10.8,99.0,76.4,100.0
2026-07-08T20:00:00,gNB-001,NRCell-001,99.77,99.06,97.83,0.24,127.2,19.0,90.1,105.3,100.0
2026-07-08T20:00:00,gNB-001,NRCell-002,98.95,99.27,95.69,2.58,79.8,10.1,91.4,48.0,100.0
2026-07-08T20:00:00,gNB-001,NRCell-003,100.0,99.02,94.12,2.97,151.1,21.4,81.8,20.7,100.0
2026-07-08T20:00:00,gNB-002,NRCell-004,99.71,99.12,99.2,0.44,105.5,14.8,96.0,127.9,100.0
2026-07-08T20:00:00,gNB-002,NRCell-005,100.0,100.0,96.55,0.0,151.7,21.3,79.4,15.3,100.0
2026-07-08T20:00:00,gNB-002,NRCell-006,95.47,96.47,89.77,1.66,90.9,16.4,99.0,72.4,100.0
2026-07-08T20:15:00,gNB-001,NRCell-001,98.96,99.56,98.42,0.88,132.0,15.6,85.8,83.2,100.0
2026-07-08T20:15:00,gNB-001,NRCell-002,99.57,97.8,93.0,0.9,76.1,7.6,92.0,63.7,100.0
2026-07-08T20:15:00,gNB-001,NRCell-003,98.89,98.81,97.37,0.0,115.4,16.1,91.0,17.1,100.0
2026-07-08T20:15:00,gNB-002,NRCell-004,99.48,99.08,98.8,0.93,127.7,17.2,89.8,126.7,100.0
2026-07-08T20:15:00,gNB-002,NRCell-005,98.48,100.0,100.0,0.0,113.3,19.6,94.7,15.8,100.0
2026-07-08T20:15:00,gNB-002,NRCell-006,95.82,96.95,93.5,2.1,131.4,17.3,88.0,59.8,100.0
2026-07-08T20:30:00,gNB-001,NRCell-001,99.05,99.41,100.0,1.39,143.2,23.1,76.9,80.9,100.0
2026-07-08T20:30:00,gNB-001,NRCell-002,98.91,98.5,94.68,1.52,75.0,10.8,95.8,52.9,100.0
2026-07-08T20:30:00,gNB-001,NRCell-003,100.0,97.67,97.3,1.19,118.8,15.0,89.5,21.0,100.0
2026-07-08T20:30:00,gNB-002,NRCell-004,99.22,98.98,99.37,0.41,124.3,14.1,90.3,98.8,100.0
2026-07-08T20:30:00,gNB-002,NRCell-005,100.0,98.67,96.3,0.0,116.3,18.2,89.6,12.8,100.0
2026-07-08T20:30:00,gNB-002,NRCell-006,0.0,,,,0.0,0.0,0.0,0.0,0.0
2026-07-08T20:45:00,gNB-001,NRCell-001,99.83,98.79,96.3,0.0,135.5,16.5,82.5,118.8,100.0
2026-07-08T20:45:00,gNB-001,NRCell-002,98.13,99.2,94.44,1.2,97.0,11.6,76.6,62.5,100.0
2026-07-08T20:45:00,gNB-001,NRCell-003,98.04,98.96,96.55,3.16,118.5,13.7,84.5,15.3,100.0
2026-07-08T20:45:00,gNB-002,NRCell-004,98.82,98.38,96.61,1.23,145.4,17.4,79.3,128.0,100.0
2026-07-08T20:45:00,gNB-002,NRCell-005,98.63,98.57,100.0,0.0,99.5,10.1,93.8,16.8,100.0
2026-07-08T20:45:00,gNB-002,NRCell-006,96.35,96.82,92.77,2.19,106.3,12.3,95.5,48.6,100.0
2026-07-08T21:00:00,gNB-001,NRCell-001,99.16,99.56,98.56,0.44,140.4,24.7,84.4,76.2,100.0
2026-07-08T21:00:00,gNB-001,NRCell-002,98.71,98.68,91.18,2.68,83.8,13.9,90.7,50.6,100.0
2026-07-08T21:00:00,gNB-001,NRCell-003,100.0,98.92,92.59,2.17,115.0,17.6,93.2,18.0,100.0
2026-07-08T21:00:00,gNB-002,NRCell-004,99.38,98.54,97.93,0.85,137.5,16.9,85.4,84.6,100.0
2026-07-08T21:00:00,gNB-002,NRCell-005,95.95,98.57,100.0,0.0,142.7,25.0,83.7,11.2,100.0
2026-07-08T21:00:00,gNB-002,NRCell-006,95.35,99.27,94.57,1.84,109.2,17.5,90.6,77.0,100.0
2026-07-08T21:15:00,gNB-001,NRCell-001,98.92,98.88,98.97,1.14,124.3,19.0,83.5,82.2,100.0
2026-07-08T21:15:00,gNB-001,NRCell-002,98.7,99.08,96.92,0.93,111.6,19.5,78.4,45.2,100.0
2026-07-08T21:15:00,gNB-001,NRCell-003,98.86,97.59,96.43,0.0,127.4,18.2,82.5,19.5,100.0
2026-07-08T21:15:00,gNB-002,NRCell-004,98.29,99.12,97.98,1.56,157.7,23.7,76.0,119.5,100.0
2026-07-08T21:15:00,gNB-002,NRCell-005,100.0,100.0,100.0,1.75,163.3,22.5,72.1,12.8,100.0
2026-07-08T21:15:00,gNB-002,NRCell-006,94.26,98.89,95.83,2.24,153.5,22.6,78.6,51.1,100.0
2026-07-08T21:30:00,gNB-001,NRCell-001,99.08,99.77,98.41,0.0,151.7,18.2,78.4,74.8,100.0
2026-07-08T21:30:00,gNB-001,NRCell-002,98.44,99.6,97.67,1.22,113.4,18.8,66.6,38.0,100.0
2026-07-08T21:30:00,gNB-001,NRCell-003,98.72,97.3,95.65,2.78,174.3,23.9,73.3,14.4,100.0
2026-07-08T21:30:00,gNB-002,NRCell-004,99.04,99.26,96.08,0.25,159.5,21.0,72.5,93.3,100.0
2026-07-08T21:30:00,gNB-002,NRCell-005,98.25,100.0,100.0,0.0,150.0,20.9,78.7,16.3,100.0
2026-07-08T21:30:00,gNB-002,NRCell-006,94.51,95.76,93.41,2.65,169.3,27.3,72.9,52.2,100.0
2026-07-08T21:45:00,gNB-001,NRCell-001,98.81,99.26,98.88,1.0,177.7,21.7,72.5,72.2,100.0
2026-07-08T21:45:00,gNB-001,NRCell-002,99.56,100.0,97.8,0.46,171.7,24.2,71.0,53.0,100.0
2026-07-08T21:45:00,gNB-001,NRCell-003,97.62,98.77,100.0,0.0,135.6,17.5,77.6,17.6,100.0
2026-07-08T21:45:00,gNB-002,NRCell-004,99.71,99.7,97.9,0.0,153.2,20.1,75.1,92.1,100.0
2026-07-08T21:45:00,gNB-002,NRCell-005,98.51,100.0,100.0,4.69,156.3,28.0,75.3,13.4,100.0
2026-07-08T21:45:00,gNB-002,NRCell-006,91.7,97.52,91.67,1.69,171.2,29.0,71.8,50.9,100.0
2026-07-08T22:00:00,gNB-001,NRCell-001,99.04,99.51,99.45,0.25,160.5,24.9,66.9,63.3,100.0
2026-07-08T22:00:00,gNB-001,NRCell-002,99.12,98.65,96.77,0.91,169.5,18.0,65.8,37.5,100.0
2026-07-08T22:00:00,gNB-001,NRCell-003,100.0,100.0,92.86,1.25,151.7,18.9,76.0,18.7,100.0
2026-07-08T22:00:00,gNB-002,NRCell-004,99.27,99.49,98.45,0.0,191.5,22.4,66.8,79.3,100.0
2026-07-08T22:00:00,gNB-002,NRCell-005,100.0,100.0,93.75,2.13,138.9,22.1,75.9,12.5,100.0
2026-07-08T22:00:00,gNB-002,NRCell-006,93.15,99.09,91.86,2.75,171.3,27.3,62.4,53.9,100.0
2026-07-08T22:15:00,gNB-001,NRCell-001,97.55,99.53,98.46,0.48,67.6,10.6,76.4,93.4,100.0
2026-07-08T22:15:00,gNB-001,NRCell-002,99.5,100.0,100.0,1.02,181.7,23.5,65.1,34.7,100.0
2026-07-08T22:15:00,gNB-001,NRCell-003,100.0,98.57,100.0,0.0,192.4,24.2,66.2,12.0,100.0
2026-07-08T22:15:00,gNB-002,NRCell-004,99.21,98.03,98.33,0.86,171.3,17.4,65.6,60.3,100.0
2026-07-08T22:15:00,gNB-002,NRCell-005,100.0,100.0,100.0,0.0,170.2,24.6,74.0,9.3,100.0
2026-07-08T22:15:00,gNB-002,NRCell-006,95.24,98.98,95.24,2.58,168.1,19.6,63.9,48.8,100.0
2026-07-08T22:30:00,gNB-001,NRCell-001,96.72,98.18,96.88,0.69,71.0,12.0,67.7,90.8,100.0
2026-07-08T22:30:00,gNB-001,NRCell-002,99.35,98.63,100.0,0.0,200.0,30.7,62.7,28.1,100.0
2026-07-08T22:30:00,gNB-001,NRCell-003,100.0,96.36,100.0,0.0,168.6,24.5,63.7,13.2,100.0
2026-07-08T22:30:00,gNB-002,NRCell-004,98.62,99.65,97.62,0.0,217.9,35.1,55.3,71.1,100.0
2026-07-08T22:30:00,gNB-002,NRCell-005,98.08,100.0,100.0,0.0,194.4,29.9,62.6,7.4,100.0
2026-07-08T22:30:00,gNB-002,NRCell-006,97.32,96.26,93.42,2.91,234.8,39.2,49.5,36.2,100.0
2026-07-08T22:45:00,gNB-001,NRCell-001,97.26,97.42,100.0,0.66,75.7,13.4,70.1,60.7,100.0
2026-07-08T22:45:00,gNB-001,NRCell-002,100.0,99.33,98.25,0.67,180.4,27.9,59.5,25.4,100.0
2026-07-08T22:45:00,gNB-001,NRCell-003,98.31,100.0,100.0,1.79,213.5,31.9,59.9,14.3,100.0
2026-07-08T22:45:00,gNB-002,NRCell-004,98.68,98.94,97.39,0.0,200.4,20.4,55.4,74.6,100.0
2026-07-08T22:45:00,gNB-002,NRCell-005,97.83,100.0,100.0,0.0,187.1,22.2,65.1,9.1,100.0
2026-07-08T22:45:00,gNB-002,NRCell-006,94.32,98.1,93.06,1.29,203.3,30.8,54.4,43.7,100.0
2026-07-08T23:00:00,gNB-001,NRCell-001,97.67,97.53,97.37,0.36,83.8,11.5,63.4,70.8,100.0
2026-07-08T23:00:00,gNB-001,NRCell-002,100.0,100.0,97.5,0.0,210.5,24.0,46.4,32.6,100.0
2026-07-08T23:00:00,gNB-001,NRCell-003,100.0,98.15,100.0,0.0,187.8,26.5,60.0,11.1,100.0
2026-07-08T23:00:00,gNB-002,NRCell-004,99.37,100.0,99.07,0.67,227.4,32.0,50.7,56.8,100.0
2026-07-08T23:00:00,gNB-002,NRCell-005,97.73,97.56,94.44,0.0,221.5,26.6,55.0,7.8,100.0
2026-07-08T23:00:00,gNB-002,NRCell-006,98.66,97.89,94.59,4.32,203.0,33.6,52.8,30.5,100.0
2026-07-08T23:15:00,gNB-001,NRCell-001,98.42,99.35,100.0,0.65,95.6,14.8,57.5,50.2,100.0
2026-07-08T23:15:00,gNB-001,NRCell-002,99.24,99.2,98.15,0.0,230.0,34.8,51.7,31.1,100.0
2026-07-08T23:15:00,gNB-001,NRCell-003,100.0,97.56,92.31,2.5,184.4,30.9,56.4,11.1,100.0
2026-07-08T23:15:00,gNB-002,NRCell-004,99.22,99.17,98.63,0.42,220.6,29.2,44.7,58.0,100.0
2026-07-08T23:15:00,gNB-002,NRCell-005,97.3,100.0,100.0,0.0,241.3,40.9,48.1,6.1,100.0
2026-07-08T23:15:00,gNB-002,NRCell-006,97.01,96.88,97.3,2.42,244.3,25.9,47.1,25.5,100.0
2026-07-08T23:30:00,gNB-001,NRCell-001,97.34,97.99,98.72,0.41,94.5,14.3,52.0,48.5,100.0
2026-07-08T23:30:00,gNB-001,NRCell-002,98.08,100.0,95.0,0.0,251.7,39.9,39.8,25.4,100.0
2026-07-08T23:30:00,gNB-001,NRCell-003,100.0,100.0,100.0,0.0,217.4,32.8,50.1,8.9,100.0
2026-07-08T23:30:00,gNB-002,NRCell-004,98.78,99.13,97.56,0.0,216.6,35.3,44.2,51.7,100.0
2026-07-08T23:30:00,gNB-002,NRCell-005,100.0,100.0,92.31,2.38,229.7,27.5,46.9,7.4,100.0
2026-07-08T23:30:00,gNB-002,NRCell-006,96.09,97.44,93.75,2.63,232.8,24.9,41.6,27.3,100.0
2026-07-08T23:45:00,gNB-001,NRCell-001,96.15,97.75,98.57,0.0,99.6,13.6,44.0,47.7,100.0
2026-07-08T23:45:00,gNB-001,NRCell-002,100.0,99.1,94.12,1.82,229.6,32.9,37.8,17.4,100.0
2026-07-08T23:45:00,gNB-001,NRCell-003,100.0,100.0,100.0,7.5,174.6,25.9,45.4,7.8,100.0
2026-07-08T23:45:00,gNB-002,NRCell-004,98.58,99.51,97.7,0.99,246.6,38.8,36.0,40.9,100.0
2026-07-08T23:45:00,gNB-002,NRCell-005,100.0,100.0,100.0,0.0,254.1,36.2,44.2,5.4,100.0
2026-07-08T23:45:00,gNB-002,NRCell-006,97.08,94.62,100.0,2.44,247.9,36.2,38.0,27.0,100.0
