Jul  6 00:07:21 ims rtpengine[2201]: INFO: [afe5d755c27f4e39@ims.mnc070.mcc999.3gpp.network.org]: Creating new call, offer received, 2 media ports allocated
Jul  6 00:07:53 ims rtpengine[2201]: INFO: [9bb5e2db47124146@ims.mnc070.mcc999.3gpp.network.org]: Creating new call, offer received, 2 media ports allocated
Jul  6 00:09:52 ims rtpengine[2201]: INFO: [9bb5e2db47124146@ims.mnc070.mcc999.3gpp.network.org]: Final stats: 5945 packets, 0.3% loss, MOS 4.5
Jul  6 00:10:32 ims rtpengine[2201]: INFO: [afe5d755c27f4e39@ims.mnc070.mcc999.3gpp.network.org]: Final stats: 9553 packets, 0.3% loss, MOS 4.3
Jul  6 00:20:35 ims rtpengine[2201]: INFO: [be357037b43345a4@ims.mnc070.mcc999.3gpp.network.org]: Creating new call, offer received, 2 media ports allocated
Jul  6 00:25:02 ims rtpengine[2201]: INFO: [1288cce169104526@ims.mnc070.mcc999.3gpp.network.org]: Creating new call, offer received, 2 media ports allocated
Jul  6 00:25:26 ims rtpengine[2201]: INFO: [a74fc94ee16d4c61@ims.mnc070.mcc999.3gpp.network.org]: Creating new call, offer received, 2 media ports allocated
Jul  6 00:26:05 ims rtpengine[2201]: INFO: [a74fc94ee16d4c61@ims.mnc070.mcc999.3gpp.network.org]: Final stats: 1924 packets, 0.0% loss, MOS 4.5
Jul  6 00:26:33 ims rtpengine[2201]: INFO: [be357037b43345a4@ims.mnc070.mcc999.3gpp.network.org]: Final stats: 17886 packets, 0.0% loss, MOS 4.5
Jul  6 00:28:53 ims rtpengine[2201]: INFO: [1288cce169104526@ims.mnc070.mcc999.3gpp.network.org]: Final stats: 11583 packets, 1.1% loss, MOS 4.1
Jul  6 00:32:40 ims rtpengine[2201]: INFO: [f7c248909c30417d@ims.mnc070.mcc999.3gpp.network.org]: Creating new call, offer received, 2 media ports allocated
Jul  6 00:33:20 ims rtpengine[2201]: INFO: [f7c248909c30417d@ims.mnc070.mcc999.3gpp.network.org]: Final stats: 1982 packets, 1.1% loss, MOS 4.0
Jul  6 00:35:28 ims rtpengine[2201]: INFO: [4f59aeb5b4cd4d37@ims.mnc070.mcc999.3gpp.network.org]: Creating new call, offer received, 2 media ports allocated
Jul  6 00:37:01 ims rtpengine[2201]: INFO: [4f59aeb5b4cd4d37@ims.mnc070.mcc999.3gpp.network.org]: Final stats: 4670 packets, 0.4% loss, MOS 4.2
Jul  6 00:48:58 ims rtpengine[2201]: INFO: [00db99b4f13e4f65@ims.mnc070.mcc999.3gpp.network.org]: Creating new call, offer received, 2 media ports allocated
Jul  6 00:49:33 ims rtpengine[2201]: INFO: [00db99b4f13e4f65@ims.mnc070.mcc999.3gpp.network.org]: Final stats: 1752 packets, 0.4% loss, MOS 4.4
Jul  6 00:49:36 ims rtpengine[2201]: INFO: [aceaa345a83c4127@ims.mnc070.mcc999.3gpp.network.org]: Creating new call, offer received, 2 media ports allocated
Jul  6 00:50:39 ims rtpengine[2201]: INFO: [aceaa345a83c4127@ims.mnc070.mcc999.3gpp.network.org]: Final stats: 3166 packets, 0.0% loss, MOS 4.4
Jul  6 01:00:57 ims rtpengine[2201]: INFO: [64eb2f6970d2445a@ims.mnc070.mcc999.3gpp.network.org]: Creating new call, offer received, 2 media ports allocated
Jul  6 01:01:58 ims rtpengine[2201]: INFO: [64eb2f6970d2445a@ims.mnc070.mcc999.3gpp.network.org]: Final stats: 3083 packets, 1.4% loss, MOS 4.1
Jul  6 01:09:34 ims rtpengine[2201]: INFO: [c46ef77a4f4c42b3@ims.mnc070.mcc999.3gpp.network.org]: Creating new call, offer received, 2 media ports allocated
Jul  6 01:10:25 ims rtpengine[2201]: INFO: [c46ef77a4f4c42b3@ims.mnc070.mcc999.3gpp.network.org]: Final stats: 2540 packets, 0.1% loss, MOS 4.5
Jul  6 01:22:32 ims rtpengine[2201]: INFO: [74df0c28724f4f82@ims.mnc070.mcc999.3gpp.network.org]: Creating new call, offer received, 2 media ports allocated
Jul  6 01:22:48 ims rtpengine[2201]: INFO: [74df0c28724f4f82@ims.mnc070.mcc999.3gpp.network.org]: Final stats: 798 packets, 0.2% loss, MOS 4.4
Jul  6 01:24:11 ims rtpengine[2201]: INFO: [a73ad8fe17484052@ims.mnc070.mcc999.3gpp.network.org]: Creating new call, offer received, 2 media ports allocated
Jul  6 01:25:50 ims rtpengine[2201]: INFO: [a73ad8fe17484052@ims.mnc070.mcc999.3gpp.network.org]: Final stats: 4966 packets, 0.0% loss, MOS 4.5
Jul  6 01:36:20 ims rtpengine[2201]: INFO: [cc5bc29be8114dc8@ims.mnc070.mcc999.3gpp.network.org]: Creating new call, offer received, 2 media ports allocated
Jul  6 01:37:15 ims rtpengine[2201]: INFO: [cc5bc29be8114dc8@ims.mnc070.mcc999.3gpp.network.org]: Final stats: 2730 packets, 0.5% loss, MOS 4.0
Jul  6 01:41:00 ims rtpengine[2201]: INFO: [8a8f8457457d406a@ims.mnc070.mcc999.3gpp.network.org]: Creating new call, offer received, 2 media ports allocated
Jul  6 01:41:30 ims rtpengine[2201]: INFO: [8a8f8457457d406a@ims.mnc070.mcc999.3gpp.network.org]: Final stats: 1515 packets, 0.0% loss, MOS 4.5
Jul  6 01:46:55 ims rtpengine[2201]: INFO: [52a94a42bf374b6b@ims.mnc070.mcc999.3gpp.network.org]: Creating new call, offer received, 2 media ports allocated
Jul  6 01:47:08 ims rtpengine[2201]: INFO: [52a94a42bf374b6b@ims.mnc070.mcc999.3gpp.network.org]: Final stats: 677 packets, 0.5% loss, MOS 4.3
Jul  6 01:53:33 ims rtpengine[2201]: INFO: [c6b38e3dd6b2460f@ims.mnc070.mcc999.3gpp.network.org]: Creating new call, offer received, 2 media ports allocated
Jul  6 01:55:05 ims rtpengine[2201]: INFO: [c6b38e3dd6b2460f@ims.mnc070.mcc999.3gpp.network.org]: Final stats: 4608 packets, 0.0% loss, MOS 4.5
Jul  6 02:00:02 ims rtpengine[2201]: INFO: [f6199322bb7a4c8b@ims.mnc070.mcc999.3gpp.network.org]: Creating new call, offer received, 2 media ports allocated
Jul  6 02:00:18 ims rtpengine[2201]: INFO: [f6199322bb7a4c8b@ims.mnc070.mcc999.3gpp.network.org]: Final stats: 837 packets, 1.5% loss, MOS 3.9
Jul  6 02:07:58 ims rtpengine[2201]: INFO: [ae9b9ec3535d4afc@ims.mnc070.mcc999.3gpp.network.org]: Creating new call, offer received, 2 media ports allocated
Jul  6 02:11:41 ims rtpengine[2201]: INFO: [ae9b9ec3535d4afc@ims.mnc070.mcc999.3gpp.network.org]: Final stats: 11155 packets, 0.7% loss, MOS 4.3
Jul  6 02:18:20 ims rtpengine[2201]: INFO: [aa677a607b4d459c@ims.mnc070.mcc999.3gpp.network.org]: Creating new call, offer received, 2 media ports allocated
Jul  6 02:20:34 ims rtpengine[2201]: INFO: [aa677a607b4d459c@ims.mnc070.mcc999.3gpp.network.org]: Final stats: 6672 packets, 0.1% loss, MOS 4.4
Jul  6 02:31:35 ims rtpengine[2201]: INFO: [115c667e7e9a4102@ims.mnc070.mcc999.3gpp.network.org]: Creating new call, offer received, 2 media ports allocated
Jul  6 02:33:00 ims rtpengine[2201]: INFO: [115c667e7e9a4102@ims.mnc070.mcc999.3gpp.network.org]: Final stats: 4262 packets, 0.0% loss, MOS 4.5
Jul  6 02:58:07 ims rtpengine[2201]: INFO: [2b9db9b967d24aa9@ims.mnc070.mcc999.3gpp.network.org]: Creating new call, offer received, 2 media ports allocated
Jul  6 03:00:22 ims rtpengine[2201]: INFO: [2b9db9b967d24aa9@ims.mnc070.mcc999.3gpp.network.org]: Final stats: 6762 packets, 1.1% loss, MOS 4.4
Jul  6 03:02:09 ims rtpengine[2201]: INFO: [36b07d46f39c47e2@ims.mnc070.mcc999.3gpp.network.org]: Creating new call, offer received, 2 media ports allocated
Jul  6 03:02:53 ims rtpengine[2201]: INFO: [36b07d46f39c47e2@ims.mnc070.mcc999.3gpp.network.org]: Final stats: 2150 packets, 0.1% loss, MOS 4.2
Jul  6 03:28:08 ims rtpengine[2201]: INFO: [9a10d64075d04923@ims.mnc070.mcc999.3gpp.network.org]: Creating new call, offer received, 2 media ports allocated
Jul  6 03:29:25 ims rtpengine[2201]: INFO: [9a10d64075d04923@ims.mnc070.mcc999.3gpp.network.org]: Final stats: 3859 packets, 0.0% loss, MOS 4.4
Jul  6 03:38:37 ims rtpengine[2201]: INFO: [b0449b4f4c284b6d@ims.mnc070.mcc999.3gpp.network.org]: Creating new call, offer received, 2 media ports allocated
Jul  6 03:39:53 ims rtpengine[2201]: INFO: [b0449b4f4c284b6d@ims.mnc070.mcc999.3gpp.network.org]: Final stats: 3799 packets, 0.3% loss, MOS 4.4
Jul  6 03:56:30 ims rtpengine[2201]: INFO: [e50f5633c2cc447d@ims.mnc070.mcc999.3gpp.network.org]: Creating new call, offer received, 2 media ports allocated
Jul  6 03:59:17 ims rtpengine[2201]: INFO: [e50f5633c2cc447d@ims.mnc070.mcc999.3gpp.network.org]: Final stats: 8316 packets, 0.0% loss, MOS 4.5
Jul  6 04:10:22 ims rtpengine[2201]: INFO: [f3f859ec93ae4d70@ims.mnc070.mcc999.3gpp.network.org]: Creating new call, offer received, 2 media ports allocated
Jul  6 04:13:30 ims rtpengine[2201]: INFO: [f3f859ec93ae4d70@ims.mnc070.mcc999.3gpp.network.org]: Final stats: 9394 packets, 0.1% loss, MOS 4.5
Jul  6 04:29:17 ims rtpengine[2201]: INFO: [a1e64546ccfd4bdd@ims.mnc070.mcc999.3gpp.network.org]: Creating new call, offer received, 2 media ports allocated
Jul  6 04:31:39 ims rtpengine[2201]: INFO: [81fe86be637542d2@ims.mnc070.mcc999.3gpp.network.org]: Creating new call, offer received, 2 media ports allocated
Jul  6 04:33:16 ims rtpengine[2201]: INFO: [81fe86be637542d2@ims.mnc070.mcc999.3gpp.network.org]: Final stats: 4867 packets, 0.6% loss, MOS 4.3
Jul  6 04:35:05 ims rtpengine[2201]: INFO: [a1e64546ccfd4bdd@ims.mnc070.mcc999.3gpp.network.org]: Final stats: 17429 packets, 1.8% loss, MOS 3.9
Jul  6 04:46:13 ims rtpengine[2201]: INFO: [b1886fb6413d4f0d@ims.mnc070.mcc999.3gpp.network.org]: Creating new call, offer received, 2 media ports allocated
Jul  6 04:47:47 ims rtpengine[2201]: INFO: [b1886fb6413d4f0d@ims.mnc070.mcc999.3gpp.network.org]: Final stats: 4713 packets, 0.4% loss, MOS 4.2
Jul  6 05:22:53 ims rtpengine[2201]: INFO: [3499823126084ae9@ims.mnc070.mcc999.3gpp.network.org]: Creating new call, offer received, 2 media ports allocated
Jul  6 05:23:02 ims rtpengine[2201]: INFO: [3499823126084ae9@ims.mnc070.mcc999.3gpp.network.org]: Final stats: 451 packets, 0.1% loss, MOS 4.5
Jul  6 05:39:32 ims rtpengine[2201]: INFO: [1750cd4eaa324f55@ims.mnc070.mcc999.3gpp.network.org]: Creating new call, offer received, 2 media ports allocated
Jul  6 05:40:36 ims rtpengine[2201]: INFO: [003c3ab1f8ba4d97@ims.mnc070.mcc999.3gpp.network.org]: Creating new call, offer received, 2 media ports allocated
Jul  6 05:41:06 ims rtpengine[2201]: INFO: [1750cd4eaa324f55@ims.mnc070.mcc999.3gpp.network.org]: Final stats: 4694 packets, 0.3% loss, MOS 4.3
Jul  6 05:41:21 ims rtpengine[2201]: INFO: [003c3ab1f8ba4d97@ims.mnc070.mcc999.3gpp.network.org]: Final stats: 2279 packets, 0.3% loss, MOS 4.3
Jul  6 05:51:54 ims rtpengine[2201]: INFO: [e53a94af62f7475e@ims.mnc070.mcc999.3gpp.network.org]: Creating new call, offer received, 2 media ports allocated
Jul  6 05:52:31 ims rtpengine[2201]: INFO: [e53a94af62f7475e@ims.mnc070.mcc999.3gpp.network.org]: Final stats: 1858 packets, 1.7% loss, MOS 3.9
Jul  6 06:02:02 ims rtpengine[2201]: INFO: [adaab70101a046b4@ims.mnc070.mcc999.3gpp.network.org]: Creating new call, offer received, 2 media ports allocated
Jul  6 06:02:17 ims rtpengine[2201]: INFO: [adaab70101a046b4@ims.mnc070.mcc999.3gpp.network.org]: Final stats: 771 packets, 0.0% loss, MOS 4.5
Jul  6 06:16:19 ims rtpengine[2201]: INFO: [517fca7d20374336@ims.mnc070.mcc999.3gpp.network.org]: Creating new call, offer received, 2 media ports allocated
Jul  6 06:25:00 ims rtpengine[2201]: INFO: [517fca7d20374336@ims.mnc070.mcc999.3gpp.network.org]: Final stats: 26041 packets, 1.9% loss, MOS 4.2
Jul  6 06:40:02 ims rtpengine[2201]: INFO: [1ce3630fab2e49b7@ims.mnc070.mcc999.3gpp.network.org]: Creating new call, offer received, 2 media ports allocated
Jul  6 06:40:19 ims rtpengine[2201]: INFO: [1ce3630fab2e49b7@ims.mnc070.mcc999.3gpp.network.org]: Final stats: 889 packets, 0.0% loss, MOS 4.5
Jul  6 06:53:01 ims rtpengine[2201]: INFO: [056251093177474d@ims.mnc070.mcc999.3gpp.network.org]: Creating new call, offer received, 2 media ports allocated
Jul  6 06:53:21 ims rtpengine[2201]: INFO: [056251093177474d@ims.mnc070.mcc999.3gpp.network.org]: Final stats: 974 packets, 0.3% loss, MOS 4.3
Jul  6 06:59:24 ims rtpengine[2201]: INFO: [bab6ea8691f04461@ims.mnc070.mcc999.3gpp.network.org]: Creating new call, offer received, 2 media ports allocated
Jul  6 07:00:45 ims rtpengine[2201]: INFO: [bab6ea8691f04461@ims.mnc070.mcc999.3gpp.network.org]: Final stats: 4036 packets, 0.9% loss, MOS 4.2
Jul  6 07:02:21 ims rtpengine[2201]: INFO: [e568547037954cca@ims.mnc070.mcc999.3gpp.network.org]: Creating new call, offer received, 2 media ports allocated
Jul  6 07:04:29 ims rtpengine[2201]: INFO: [e568547037954cca@ims.mnc070.mcc999.3gpp.network.org]: Final stats: 6408 packets, 0.0% loss, MOS 4.5
Jul  6 07:12:41 ims rtpengine[2201]: INFO: [667475b81bba495d@ims.mnc070.mcc999.3gpp.network.org]: Creating new call, offer received, 2 media ports allocated
Jul  6 07:15:31 ims rtpengine[2201]: INFO: [667475b81bba495d@ims.mnc070.mcc999.3gpp.network.org]: Final stats: 8538 packets, 0.0% loss, MOS 4.5
Jul  6 07:22:28 ims rtpengine[2201]: INFO: [19217621ffe1430d@ims.mnc070.mcc999.3gpp.network.org]: Creating new call, offer received, 2 media ports allocated
Jul  6 07:22:35 ims rtpengine[2201]: INFO: [07cdcd3f8a9349a9@ims.mnc070.mcc999.3gpp.network.org]: Creating new call, offer received, 2 media ports allocated
Jul  6 07:23:33 ims rtpengine[2201]: INFO: [07cdcd3f8a9349a9@ims.mnc070.mcc999.3gpp.network.org]: Final stats: 2897 packets, 0.2% loss, MOS 4.5
Jul  6 07:25:32 ims rtpengine[2201]: INFO: [19217621ffe1430d@ims.mnc070.mcc999.3gpp.network.org]: Final stats: 9234 packets, 0.0% loss, MOS 4.5
Jul  6 07:34:50 ims rtpengine[2201]: INFO: [8639e147b0dc4a29@ims.mnc070.mcc999.3gpp.network.org]: Creating new call, offer received, 2 media ports allocated
Jul  6 07:36:23 ims rtpengine[2201]: INFO: [8639e147b0dc4a29@ims.mnc070.mcc999.3gpp.network.org]: Final stats: 4687 packets, 0.0% loss, MOS 4.5
Jul  6 07:38:15 ims rtpengine[2201]: INFO: [26af4d4d1f4e4700@ims.mnc070.mcc999.3gpp.network.org]: Creating new call, offer received, 2 media ports allocated
Jul  6 07:38:21 ims rtpengine[2201]: INFO: [26af4d4d1f4e4700@ims.mnc070.mcc999.3gpp.network.org]: Final stats: 268 packets, 1.5% loss, MOS 4.2
Jul  6 07:48:42 ims rtpengine[2201]: INFO: [a1616f6125ce493a@ims.mnc070.mcc999.3gpp.network.org]: Creating new call, offer received, 2 media ports allocated
Jul  6 07:50:43 ims rtpengine[2201]: INFO: [a1616f6125ce493a@ims.mnc070.mcc999.3gpp.network.org]: Final stats: 6036 packets, 0.0% loss, MOS 4.5
Jul  6 07:58:44 ims rtpengine[2201]: INFO: [61f64b01048248c5@ims.mnc070.mcc999.3gpp.network.org]: Creating new call, offer received, 2 media ports allocated
Jul  6 08:00:00 ims rtpengine[2201]: INFO: [61f64b01048248c5@ims.mnc070.mcc999.3gpp.network.org]: Final stats: 3774 packets, 0.0% loss, MOS 4.3
Jul  6 08:03:50 ims rtpengine[2201]: INFO: [edd0e4e874b04875@ims.mnc070.mcc999.3gpp.network.org]: Creating new call, offer received, 2 media ports allocated
Jul  6 08:05:54 ims rtpengine[2201]: INFO: [edd0e4e874b04875@ims.mnc070.mcc999.3gpp.network.org]: Final stats: 6191 packets, 1.9% loss, MOS 3.9
Jul  6 08:06:18 ims rtpengine[2201]: INFO: [7326acc466e24125@ims.mnc070.mcc999.3gpp.network.org]: Creating new call, offer received, 2 media ports allocated
Jul  6 08:06:18 ims rtpengine[2201]: INFO: [7326acc466e24125@ims.mnc070.mcc999.3gpp.network.org]: Deleting call, no media flowed
Jul  6 08:11:28 ims rtpengine[2201]: INFO: [59cc3a9265ac4c77@ims.mnc070.mcc999.3gpp.network.org]: Creating new call, offer received, 2 media ports allocated
Jul  6 08:11:28 ims rtpengine[2201]: INFO: [59cc3a9265ac4c77@ims.mnc070.mcc999.3gpp.network.org]: Deleting call, no media flowed
Jul  6 08:17:18 ims rtpengine[2201]: INFO: [592b1c16d512419e@ims.mnc070.mcc999.3gpp.network.org]: Creating new call, offer received, 2 media ports allocated
Jul  6 08:18:25 ims rtpengine[2201]: INFO: [592b1c16d512419e@ims.mnc070.mcc999.3gpp.network.org]: Final stats: 3327 packets, 0.6% loss, MOS 4.3
Jul  6 08:24:22 ims rtpengine[2201]: INFO: [cec042d5c756490d@ims.mnc070.mcc999.3gpp.network.org]: Creating new call, offer received, 2 media ports allocated
Jul  6 08:24:22 ims rtpengine[2201]: INFO: [cec042d5c756490d@ims.mnc070.mcc999.3gpp.network.org]: Deleting call, no media flowed
Jul  6 08:28:19 ims rtpengine[2201]: INFO: [115849020e784b58@ims.mnc070.mcc999.3gpp.network.org]: Creating new call, offer received, 2 media ports allocated
Jul  6 08:29:17 ims rtpengine[2201]: INFO: [115849020e784b58@ims.mnc070.mcc999.3gpp.network.org]: Final stats: 2894 packets, 0.0% loss, MOS 4.4
Jul  6 08:32:35 ims rtpengine[2201]: INFO: [2582617652b6434b@ims.mnc070.mcc999.3gpp.network.org]: Creating new call, offer received, 2 media ports allocated
Jul  6 08:33:28 ims rtpengine[2201]: INFO: [2582617652b6434b@ims.mnc070.mcc999.3gpp.network.org]: Final stats: 2645 packets, 2.3% loss, MOS 3.8
Jul  6 08:37:08 ims rtpengine[2201]: INFO: [61e9f539995a485b@ims.mnc070.mcc999.3gpp.network.org]: Creating new call, offer received, 2 media ports allocated
Jul  6 08:37:19 ims rtpengine[2201]: INFO: [61e9f539995a485b@ims.mnc070.mcc999.3gpp.network.org]: Final stats: 555 packets, 1.2% loss, MOS 4.1
Jul  6 08:39:40 ims rtpengine[2201]: INFO: [5deb85e3bea04bf4@ims.mnc070.mcc999.3gpp.network.org]: Creating new call, offer received, 2 media ports allocated
Jul  6 08:40:44 ims rtpengine[2201]: INFO: [5deb85e3bea04bf4@ims.mnc070.mcc999.3gpp.network.org]: Final stats: 3172 packets, 0.0% loss, MOS 4.5
Jul  6 08:43:15 ims rtpengine[2201]: INFO: [b15b292c99d7444c@ims.mnc070.mcc999.3gpp.network.org]: Creating new call, offer received, 2 media ports allocated
Jul  6 08:44:42 ims rtpengine[2201]: INFO: [b15b292c99d7444c@ims.mnc070.mcc999.3gpp.network.org]: Final stats: 4353 packets, 0.5% loss, MOS 4.2
Jul  6 08:51:10 ims rtpengine[2201]: INFO: [92c3d72514ab42cf@ims.mnc070.mcc999.3gpp.network.org]: Creating new call, offer received, 2 media ports allocated
Jul  6 08:51:26 ims rtpengine[2201]: INFO: [92c3d72514ab42cf@ims.mnc070.mcc999.3gpp.network.org]: Final stats: 787 packets, 0.3% loss, MOS 4.3
Jul  6 08:53:50 ims rtpengine[2201]: INFO: [58475f8dd5f24e15@ims.mnc070.mcc999.3gpp.network.org]: Creating new call, offer received, 2 media ports allocated
Jul  6 08:54:18 ims rtpengine[2201]: INFO: [58475f8dd5f24e15@ims.mnc070.mcc999.3gpp.network.org]: Final stats: 1384 packets, 0.0% loss, MOS 4.5
Jul  6 08:57:42 ims rtpengine[2201]: INFO: [09aeecc954e14af2@ims.mnc070.mcc999.3gpp.network.org]: Creating new call, offer received, 2 media ports allocated
Jul  6 08:58:08 ims rtpengine[2201]: INFO: [fd8bc14c7ad34943@ims.mnc070.mcc999.3gpp.network.org]: Creating new call, offer received, 2 media ports allocated
Jul  6 08:58:13 ims rtpengine[2201]: INFO: [fd8bc14c7ad34943@ims.mnc070.mcc999.3gpp.network.org]: Final stats: 248 packets, 0.0% loss, MOS 4.5
Jul  6 08:58:55 ims rtpengine[2201]: INFO: [09aeecc954e14af2@ims.mnc070.mcc999.3gpp.network.org]: Final stats: 3630 packets, 0.0% loss, MOS 4.4
Jul  6 09:02:26 ims rtpengine[2201]: INFO: [4499873134b44ade@ims.mnc070.mcc999.3gpp.network.org]: Creating new call, offer received, 2 media ports allocated
Jul  6 09:04:09 ims rtpengine[2201]: INFO: [b03556556dfd4fa2@ims.mnc070.mcc999.3gpp.network.org]: Creating new call, offer received, 2 media ports allocated
Jul  6 09:04:09 ims rtpengine[2201]: INFO: [b03556556dfd4fa2@ims.mnc070.mcc999.3gpp.network.org]: Deleting call, no media flowed
Jul  6 09:06:52 ims rtpengine[2201]: INFO: [4499873134b44ade@ims.mnc070.mcc999.3gpp.network.org]: Final stats: 13306 packets, 0.6% loss, MOS 4.1
Jul  6 09:10:12 ims rtpengine[2201]: INFO: [e4d8d54a567c4683@ims.mnc070.mcc999.3gpp.network.org]: Creating new call, offer received, 2 media ports allocated
Jul  6 09:10:26 ims rtpengine[2201]: INFO: [e4d8d54a567c4683@ims.mnc070.mcc999.3gpp.network.org]: Final stats: 719 packets, 0.7% loss, MOS 4.3
Jul  6 09:13:56 ims rtpengine[2201]: INFO: [674922cec45e47ff@ims.mnc070.mcc999.3gpp.network.org]: Creating new call, offer received, 2 media ports allocated
Jul  6 09:15:03 ims rtpengine[2201]: WARNING: [674922cec45e47ff@ims.mnc070.mcc999.3gpp.network.org]: media timeout, no RTP for 30s, closing call
Jul  6 09:15:03 ims rtpengine[2201]: INFO: [674922cec45e47ff@ims.mnc070.mcc999.3gpp.network.org]: Final stats: 3380 packets, 1.0% loss, MOS 4.2
Jul  6 09:28:00 ims rtpengine[2201]: INFO: [0f9ba18cc6ae4764@ims.mnc070.mcc999.3gpp.network.org]: Creating new call, offer received, 2 media ports allocated
Jul  6 09:28:00 ims rtpengine[2201]: INFO: [0f9ba18cc6ae4764@ims.mnc070.mcc999.3gpp.network.org]: Deleting call, no media flowed
Jul  6 09:32:17 ims rtpengine[2201]: INFO: [2ec712d4469f4851@ims.mnc070.mcc999.3gpp.network.org]: Creating new call, offer received, 2 media ports allocated
Jul  6 09:33:28 ims rtpengine[2201]: INFO: [2ec712d4469f4851@ims.mnc070.mcc999.3gpp.network.org]: Final stats: 3578 packets, 0.2% loss, MOS 4.4
Jul  6 09:34:04 ims rtpengine[2201]: INFO: [c21c2591a72e4ae5@ims.mnc070.mcc999.3gpp.network.org]: Creating new call, offer received, 2 media ports allocated
Jul  6 09:34:04 ims rtpengine[2201]: INFO: [c21c2591a72e4ae5@ims.mnc070.mcc999.3gpp.network.org]: Deleting call, no media flowed
Jul  6 09:46:18 ims rtpengine[2201]: INFO: [13675cc4121e429e@ims.mnc070.mcc999.3gpp.network.org]: Creating new call, offer received, 2 media ports allocated
Jul  6 09:48:33 ims rtpengine[2201]: INFO: [13675cc4121e429e@ims.mnc070.mcc999.3gpp.network.org]: Final stats: 6755 packets, 0.0% loss, MOS 4.5
Jul  6 09:56:19 ims rtpengine[2201]: INFO: [cac1026d57c64dd1@ims.mnc070.mcc999.3gpp.network.org]: Creating new call, offer received, 2 media ports allocated
Jul  6 10:00:13 ims rtpengine[2201]: INFO: [f93c1f562f4b4c3b@ims.mnc070.mcc999.3gpp.network.org]: Creating new call, offer received, 2 media ports allocated
Jul  6 10:00:36 ims rtpengine[2201]: INFO: [f93c1f562f4b4c3b@ims.mnc070.mcc999.3gpp.network.org]: Final stats: 1156 packets, 0.0% loss, MOS 4.5
Jul  6 10:01:44 ims rtpengine[2201]: INFO: [0e4a1ec088594dc1@ims.mnc070.mcc999.3gpp.network.org]: Creating new call, offer received, 2 media ports allocated
Jul  6 10:02:16 ims rtpengine[2201]: INFO: [cac1026d57c64dd1@ims.mnc070.mcc999.3gpp.network.org]: Final stats: 17827 packets, 0.5% loss, MOS 4.3
Jul  6 10:06:01 ims rtpengine[2201]: INFO: [cceb22e6f8144db7@ims.mnc070.mcc999.3gpp.network.org]: Creating new call, offer received, 2 media ports allocated
Jul  6 10:07:05 ims rtpengine[2201]: INFO: [37d26232aea04b0d@ims.mnc070.mcc999.3gpp.network.org]: Creating new call, offer received, 2 media ports allocated
Jul  6 10:07:26 ims rtpengine[2201]: INFO: [0e4a1ec088594dc1@ims.mnc070.mcc999.3gpp.network.org]: Final stats: 17096 packets, 1.2% loss, MOS 3.8
Jul  6 10:08:42 ims rtpengine[2201]: INFO: [cceb22e6f8144db7@ims.mnc070.mcc999.3gpp.network.org]: Final stats: 8064 packets, 2.3% loss, MOS 3.9
Jul  6 10:08:46 ims rtpengine[2201]: INFO: [37d26232aea04b0d@ims.mnc070.mcc999.3gpp.network.org]: Final stats: 5006 packets, 0.4% loss, MOS 4.5
Jul  6 10:16:30 ims rtpengine[2201]: INFO: [be2fcb083836478d@ims.mnc070.mcc999.3gpp.network.org]: Creating new call, offer received, 2 media ports allocated
Jul  6 10:16:54 ims rtpengine[2201]: INFO: [709bab48f09b4cf9@ims.mnc070.mcc999.3gpp.network.org]: Creating new call, offer received, 2 media ports allocated
Jul  6 10:17:37 ims rtpengine[2201]: INFO: [709bab48f09b4cf9@ims.mnc070.mcc999.3gpp.network.org]: Final stats: 2126 packets, 0.4% loss, MOS 4.2
Jul  6 10:18:54 ims rtpengine[2201]: INFO: [be2fcb083836478d@ims.mnc070.mcc999.3gpp.network.org]: Final stats: 7207 packets, 0.9% loss, MOS 4.1
Jul  6 10:20:00 ims rtpengine[2201]: INFO: [0a637d25c99e4ab8@ims.mnc070.mcc999.3gpp.network.org]: Creating new call, offer received, 2 media ports allocated
Jul  6 10:22:15 ims rtpengine[2201]: INFO: [0a637d25c99e4ab8@ims.mnc070.mcc999.3gpp.network.org]: Final stats: 6719 packets, 0.0% loss, MOS 4.5
Jul  6 10:23:21 ims rtpengine[2201]: INFO: [6987538420d047ee@ims.mnc070.mcc999.3gpp.network.org]: Creating new call, offer received, 2 media ports allocated
Jul  6 10:24:51 ims rtpengine[2201]: INFO: [6987538420d047ee@ims.mnc070.mcc999.3gpp.network.org]: Final stats: 4503 packets, 0.0% loss, MOS 4.0
Jul  6 10:25:54 ims rtpengine[2201]: INFO: [7ca0fd4db5354481@ims.mnc070.mcc999.3gpp.network.org]: Creating new call, offer received, 2 media ports allocated
Jul  6 10:31:02 ims rtpengine[2201]: INFO: [584078806dfc47ae@ims.mnc070.mcc999.3gpp.network.org]: Creating new call, offer received, 2 media ports allocated
Jul  6 10:31:04 ims rtpengine[2201]: INFO: [7ca0fd4db5354481@ims.mnc070.mcc999.3gpp.network.org]: Final stats: 15533 packets, 0.3% loss, MOS 4.4
Jul  6 10:31:24 ims rtpengine[2201]: INFO: [c580bfbb71e04813@ims.mnc070.mcc999.3gpp.network.org]: Creating new call, offer received, 2 media ports allocated
Jul  6 10:31:38 ims rtpengine[2201]: INFO: [8363cfdc64a94415@ims.mnc070.mcc999.3gpp.network.org]: Creating new call, offer received, 2 media ports allocated
Jul  6 10:31:39 ims rtpengine[2201]: INFO: [3382c48640b243bf@ims.mnc070.mcc999.3gpp.network.org]: Creating new call, offer received, 2 media ports allocated
Jul  6 10:31:39 ims rtpengine[2201]: INFO: [3382c48640b243bf@ims.mnc070.mcc999.3gpp.network.org]: Deleting call, no media flowed
Jul  6 10:31:45 ims rtpengine[2201]: INFO: [c580bfbb71e04813@ims.mnc070.mcc999.3gpp.network.org]: Final stats: 1032 packets, 0.0% loss, MOS 4.5
Jul  6 10:32:49 ims rtpengine[2201]: INFO: [8363cfdc64a94415@ims.mnc070.mcc999.3gpp.network.org]: Final stats: 3560 packets, 0.4% loss, MOS 4.4
Jul  6 10:34:03 ims rtpengine[2201]: INFO: [584078806dfc47ae@ims.mnc070.mcc999.3gpp.network.org]: Final stats: 9067 packets, 0.3% loss, MOS 4.4
Jul  6 10:39:15 ims rtpengine[2201]: INFO: [026dc2fc1b8f4907@ims.mnc070.mcc999.3gpp.network.org]: Creating new call, offer received, 2 media ports allocated
Jul  6 10:39:40 ims rtpengine[2201]: INFO: [026dc2fc1b8f4907@ims.mnc070.mcc999.3gpp.network.org]: Final stats: 1224 packets, 0.0% loss, MOS 4.4
Jul  6 10:42:57 ims rtpengine[2201]: INFO: [c81fb066abd648dc@ims.mnc070.mcc999.3gpp.network.org]: Creating new call, offer received, 2 media ports allocated
Jul  6 10:43:26 ims rtpengine[2201]: INFO: [c81fb066abd648dc@ims.mnc070.mcc999.3gpp.network.org]: Final stats: 1440 packets, 0.0% loss, MOS 4.4
Jul  6 10:46:30 ims rtpengine[2201]: INFO: [34f48d94661a4fec@ims.mnc070.mcc999.3gpp.network.org]: Creating new call, offer received, 2 media ports allocated
Jul  6 10:46:41 ims rtpengine[2201]: INFO: [34f48d94661a4fec@ims.mnc070.mcc999.3gpp.network.org]: Final stats: 562 packets, 0.3% loss, MOS 4.4
Jul  6 10:47:40 ims rtpengine[2201]: INFO: [74390276256949c0@ims.mnc070.mcc999.3gpp.network.org]: Creating new call, offer received, 2 media ports allocated
Jul  6 10:47:40 ims rtpengine[2201]: INFO: [74390276256949c0@ims.mnc070.mcc999.3gpp.network.org]: Deleting call, no media flowed
Jul  6 10:48:20 ims rtpengine[2201]: INFO: [0056a43417a7406b@ims.mnc070.mcc999.3gpp.network.org]: Creating new call, offer received, 2 media ports allocated
Jul  6 10:48:20 ims rtpengine[2201]: INFO: [0056a43417a7406b@ims.mnc070.mcc999.3gpp.network.org]: Deleting call, no media flowed
Jul  6 10:49:53 ims rtpengine[2201]: INFO: [df0967c340bd41fb@ims.mnc070.mcc999.3gpp.network.org]: Creating new call, offer received, 2 media ports allocated
Jul  6 10:50:13 ims rtpengine[2201]: INFO: [0cf7c8deb4134d1d@ims.mnc070.mcc999.3gpp.network.org]: Creating new call, offer received, 2 media ports allocated
Jul  6 10:50:43 ims rtpengine[2201]: INFO: [df0967c340bd41fb@ims.mnc070.mcc999.3gpp.network.org]: Final stats: 2511 packets, 0.3% loss, MOS 4.4
Jul  6 10:50:45 ims rtpengine[2201]: INFO: [0cf7c8deb4134d1d@ims.mnc070.mcc999.3gpp.network.org]: Final stats: 1579 packets, 0.9% loss, MOS 4.1
Jul  6 10:51:29 ims rtpengine[2201]: INFO: [1274701dac3a4557@ims.mnc070.mcc999.3gpp.network.org]: Creating new call, offer received, 2 media ports allocated
Jul  6 10:52:37 ims rtpengine[2201]: INFO: [1274701dac3a4557@ims.mnc070.mcc999.3gpp.network.org]: Final stats: 3365 packets, 1.1% loss, MOS 4.1
Jul  6 11:01:45 ims rtpengine[2201]: INFO: [76e8bfd063894f97@ims.mnc070.mcc999.3gpp.network.org]: Creating new call, offer received, 2 media ports allocated
Jul  6 11:02:59 ims rtpengine[2201]: INFO: [c29202164b7e47d2@ims.mnc070.mcc999.3gpp.network.org]: Creating new call, offer received, 2 media ports allocated
Jul  6 11:03:26 ims rtpengine[2201]: INFO: [c29202164b7e47d2@ims.mnc070.mcc999.3gpp.network.org]: Final stats: 1381 packets, 0.1% loss, MOS 4.4
Jul  6 11:04:16 ims rtpengine[2201]: INFO: [9d1c32046060413f@ims.mnc070.mcc999.3gpp.network.org]: Creating new call, offer received, 2 media ports allocated
Jul  6 11:05:52 ims rtpengine[2201]: INFO: [5b2aca115b5f4afa@ims.mnc070.mcc999.3gpp.network.org]: Creating new call, offer received, 2 media ports allocated
Jul  6 11:06:01 ims rtpengine[2201]: INFO: [76e8bfd063894f97@ims.mnc070.mcc999.3gpp.network.org]: Final stats: 12800 packets, 0.6% loss, MOS 4.1
Jul  6 11:06:19 ims rtpengine[2201]: INFO: [9d1c32046060413f@ims.mnc070.mcc999.3gpp.network.org]: Final stats: 6165 packets, 0.0% loss, MOS 4.4
Jul  6 11:07:23 ims rtpengine[2201]: INFO: [e2b2ac1cc6f84842@ims.mnc070.mcc999.3gpp.network.org]: Creating new call, offer received, 2 media ports allocated
Jul  6 11:07:23 ims rtpengine[2201]: INFO: [e2b2ac1cc6f84842@ims.mnc070.mcc999.3gpp.network.org]: Deleting call, no media flowed
Jul  6 11:08:25 ims rtpengine[2201]: INFO: [5b2aca115b5f4afa@ims.mnc070.mcc999.3gpp.network.org]: Final stats: 7651 packets, 0.6% loss, MOS 4.5
Jul  6 11:08:43 ims rtpengine[2201]: INFO: [c01b78136f434e2a@ims.mnc070.mcc999.3gpp.network.org]: Creating new call, offer received, 2 media ports allocated
Jul  6 11:09:18 ims rtpengine[2201]: INFO: [c01b78136f434e2a@ims.mnc070.mcc999.3gpp.network.org]: Final stats: 1726 packets, 0.0% loss, MOS 4.5
Jul  6 11:10:37 ims rtpengine[2201]: INFO: [c2e1e3529e874796@ims.mnc070.mcc999.3gpp.network.org]: Creating new call, offer received, 2 media ports allocated
Jul  6 11:15:18 ims rtpengine[2201]: INFO: [c2e1e3529e874796@ims.mnc070.mcc999.3gpp.network.org]: Final stats: 14047 packets, 0.0% loss, MOS 4.4
Jul  6 11:21:46 ims rtpengine[2201]: INFO: [06caf56d118b4f31@ims.mnc070.mcc999.3gpp.network.org]: Creating new call, offer received, 2 media ports allocated
Jul  6 11:21:46 ims rtpengine[2201]: INFO: [06caf56d118b4f31@ims.mnc070.mcc999.3gpp.network.org]: Deleting call, no media flowed
Jul  6 11:24:58 ims rtpengine[2201]: INFO: [67b38332ead043ce@ims.mnc070.mcc999.3gpp.network.org]: Creating new call, offer received, 2 media ports allocated
Jul  6 11:25:05 ims rtpengine[2201]: INFO: [67b38332ead043ce@ims.mnc070.mcc999.3gpp.network.org]: Final stats: 352 packets, 1.2% loss, MOS 4.0
Jul  6 11:25:31 ims rtpengine[2201]: INFO: [435e117d96e34643@ims.mnc070.mcc999.3gpp.network.org]: Creating new call, offer received, 2 media ports allocated
Jul  6 11:25:31 ims rtpengine[2201]: INFO: [435e117d96e34643@ims.mnc070.mcc999.3gpp.network.org]: Deleting call, no media flowed
Jul  6 11:28:57 ims rtpengine[2201]: INFO: [d243b71b05a64f16@ims.mnc070.mcc999.3gpp.network.org]: Creating new call, offer received, 2 media ports allocated
Jul  6 11:29:57 ims rtpengine[2201]: INFO: [be842d9c4220448a@ims.mnc070.mcc999.3gpp.network.org]: Creating new call, offer received, 2 media ports allocated
Jul  6 11:29:57 ims rtpengine[2201]: INFO: [be842d9c4220448a@ims.mnc070.mcc999.3gpp.network.org]: Deleting call, no media flowed
Jul  6 11:31:24 ims rtpengine[2201]: INFO: [330d66428f904db9@ims.mnc070.mcc999.3gpp.network.org]: Creating new call, offer received, 2 media ports allocated
Jul  6 11:31:24 ims rtpengine[2201]: INFO: [330d66428f904db9@ims.mnc070.mcc999.3gpp.network.org]: Deleting call, no media flowed
Jul  6 11:31:39 ims rtpengine[2201]: INFO: [80330ba230ef42c3@ims.mnc070.mcc999.3gpp.network.org]: Creating new call, offer received, 2 media ports allocated
Jul  6 11:32:40 ims rtpengine[2201]: INFO: [d243b71b05a64f16@ims.mnc070.mcc999.3gpp.network.org]: Final stats: 11180 packets, 0.0% loss, MOS 4.4
Jul  6 11:33:37 ims rtpengine[2201]: INFO: [64d5e4e6c026422e@ims.mnc070.mcc999.3gpp.network.org]: Creating new call, offer received, 2 media ports allocated
Jul  6 11:33:47 ims rtpengine[2201]: INFO: [655916c29d69443c@ims.mnc070.mcc999.3gpp.network.org]: Creating new call, offer received, 2 media ports allocated
Jul  6 11:34:10 ims rtpengine[2201]: INFO: [64d5e4e6c026422e@ims.mnc070.mcc999.3gpp.network.org]: Final stats: 1658 packets, 0.0% loss, MOS 4.5
Jul  6 11:34:46 ims rtpengine[2201]: INFO: [80330ba230ef42c3@ims.mnc070.mcc999.3gpp.network.org]: Final stats: 9359 packets, 1.0% loss, MOS 4.1
Jul  6 11:36:37 ims rtpengine[2201]: INFO: [6fce7472f0c94250@ims.mnc070.mcc999.3gpp.network.org]: Creating new call, offer received, 2 media ports allocated
Jul  6 11:37:01 ims rtpengine[2201]: INFO: [dc52b84ecb1342a6@ims.mnc070.mcc999.3gpp.network.org]: Creating new call, offer received, 2 media ports allocated
Jul  6 11:38:20 ims rtpengine[2201]: INFO: [97412079e3884694@ims.mnc070.mcc999.3gpp.network.org]: Creating new call, offer received, 2 media ports allocated
Jul  6 11:38:21 ims rtpengine[2201]: INFO: [6fce7472f0c94250@ims.mnc070.mcc999.3gpp.network.org]: Final stats: 5203 packets, 1.1% loss, MOS 4.2
Jul  6 11:38:40 ims rtpengine[2201]: INFO: [dc52b84ecb1342a6@ims.mnc070.mcc999.3gpp.network.org]: Final stats: 4954 packets, 0.0% loss, MOS 4.5
Jul  6 11:40:35 ims rtpengine[2201]: INFO: [655916c29d69443c@ims.mnc070.mcc999.3gpp.network.org]: Final stats: 20386 packets, 0.4% loss, MOS 4.4
Jul  6 11:40:47 ims rtpengine[2201]: INFO: [97412079e3884694@ims.mnc070.mcc999.3gpp.network.org]: Final stats: 7345 packets, 0.3% loss, MOS 4.4
Jul  6 11:42:56 ims rtpengine[2201]: INFO: [e296de10ca534ee4@ims.mnc070.mcc999.3gpp.network.org]: Creating new call, offer received, 2 media ports allocated
Jul  6 11:43:01 ims rtpengine[2201]: INFO: [e296de10ca534ee4@ims.mnc070.mcc999.3gpp.network.org]: Final stats: 288 packets, 0.0% loss, MOS 4.5
Jul  6 11:46:53 ims rtpengine[2201]: INFO: [78fe3d881c874f6e@ims.mnc070.mcc999.3gpp.network.org]: Creating new call, offer received, 2 media ports allocated
Jul  6 11:51:04 ims rtpengine[2201]: INFO: [78fe3d881c874f6e@ims.mnc070.mcc999.3gpp.network.org]: Final stats: 12547 packets, 0.1% loss, MOS 4.5
Jul  6 11:52:48 ims rtpengine[2201]: INFO: [bc8ea02dcc244180@ims.mnc070.mcc999.3gpp.network.org]: Creating new call, offer received, 2 media ports allocated
Jul  6 11:53:06 ims rtpengine[2201]: INFO: [f08721cf64f64b2c@ims.mnc070.mcc999.3gpp.network.org]: Creating new call, offer received, 2 media ports allocated
Jul  6 11:53:54 ims rtpengine[2201]: INFO: [bc8ea02dcc244180@ims.mnc070.mcc999.3gpp.network.org]: Final stats: 3268 packets, 0.0% loss, MOS 4.5
Jul  6 11:54:29 ims rtpengine[2201]: INFO: [c154fa9b2d524cac@ims.mnc070.mcc999.3gpp.network.org]: Creating new call, offer received, 2 media ports allocated
Jul  6 11:54:29 ims rtpengine[2201]: INFO: [c154fa9b2d524cac@ims.mnc070.mcc999.3gpp.network.org]: Deleting call, no media flowed
Jul  6 11:55:08 ims rtpengine[2201]: INFO: [1dad7d4aa99b4103@ims.mnc070.mcc999.3gpp.network.org]: Creating new call, offer received, 2 media ports allocated
Jul  6 11:55:37 ims rtpengine[2201]: INFO: [1dad7d4aa99b4103@ims.mnc070.mcc999.3gpp.network.org]: Final stats: 1470 packets, 0.2% loss, MOS 4.2
Jul  6 11:55:39 ims rtpengine[2201]: INFO: [ade477f61e6b4578@ims.mnc070.mcc999.3gpp.network.org]: Creating new call, offer received, 2 media ports allocated
Jul  6 11:56:18 ims rtpengine[2201]: INFO: [204b6f8be60c4651@ims.mnc070.mcc999.3gpp.network.org]: Creating new call, offer received, 2 media ports allocated
Jul  6 11:56:18 ims rtpengine[2201]: INFO: [204b6f8be60c4651@ims.mnc070.mcc999.3gpp.network.org]: Deleting call, no media flowed
Jul  6 11:56:51 ims rtpengine[2201]: INFO: [f08721cf64f64b2c@ims.mnc070.mcc999.3gpp.network.org]: Final stats: 11277 packets, 0.0% loss, MOS 4.5
Jul  6 11:56:52 ims rtpengine[2201]: INFO: [ade477f61e6b4578@ims.mnc070.mcc999.3gpp.network.org]: Final stats: 3628 packets, 0.0% loss, MOS 4.5
Jul  6 11:57:35 ims rtpengine[2201]: INFO: [603cc08aea4c4781@ims.mnc070.mcc999.3gpp.network.org]: Creating new call, offer received, 2 media ports allocated
Jul  6 11:58:23 ims rtpengine[2201]: INFO: [1aa5d92ddfdf47d6@ims.mnc070.mcc999.3gpp.network.org]: Creating new call, offer received, 2 media ports allocated
Jul  6 12:00:19 ims rtpengine[2201]: INFO: [4f057f2bcab94c6c@ims.mnc070.mcc999.3gpp.network.org]: Creating new call, offer received, 2 media ports allocated
Jul  6 12:00:55 ims rtpengine[2201]: INFO: [4f057f2bcab94c6c@ims.mnc070.mcc999.3gpp.network.org]: Final stats: 1803 packets, 0.3% loss, MOS 4.3
Jul  6 12:00:57 ims rtpengine[2201]: INFO: [1aa5d92ddfdf47d6@ims.mnc070.mcc999.3gpp.network.org]: Final stats: 7719 packets, 0.0% loss, MOS 4.5
Jul  6 12:01:22 ims rtpengine[2201]: INFO: [7097707fe3244d28@ims.mnc070.mcc999.3gpp.network.org]: Creating new call, offer received, 2 media ports allocated
Jul  6 12:01:59 ims rtpengine[2201]: INFO: [603cc08aea4c4781@ims.mnc070.mcc999.3gpp.network.org]: Final stats: 13205 packets, 0.1% loss, MOS 4.2
Jul  6 12:02:02 ims rtpengine[2201]: INFO: [7097707fe3244d28@ims.mnc070.mcc999.3gpp.network.org]: Final stats: 1986 packets, 1.6% loss, MOS 4.1
Jul  6 12:07:25 ims rtpengine[2201]: INFO: [b4d3d539059b4b8a@ims.mnc070.mcc999.3gpp.network.org]: Creating new call, offer received, 2 media ports allocated
Jul  6 12:08:33 ims rtpengine[2201]: INFO: [b4d3d539059b4b8a@ims.mnc070.mcc999.3gpp.network.org]: Final stats: 3400 packets, 0.6% loss, MOS 4.1
Jul  6 12:09:02 ims rtpengine[2201]: INFO: [638fe82b89f444ed@ims.mnc070.mcc999.3gpp.network.org]: Creating new call, offer received, 2 media ports allocated
Jul  6 12:09:45 ims rtpengine[2201]: INFO: [bba124343d88468a@ims.mnc070.mcc999.3gpp.network.org]: Creating new call, offer received, 2 media ports allocated
Jul  6 12:09:45 ims rtpengine[2201]: INFO: [bba124343d88468a@ims.mnc070.mcc999.3gpp.network.org]: Deleting call, no media flowed
Jul  6 12:09:49 ims rtpengine[2201]: INFO: [638fe82b89f444ed@ims.mnc070.mcc999.3gpp.network.org]: Final stats: 2340 packets, 0.9% loss, MOS 4.0
Jul  6 12:09:59 ims rtpengine[2201]: INFO: [5d15d346eef54424@ims.mnc070.mcc999.3gpp.network.org]: Creating new call, offer received, 2 media ports allocated
Jul  6 12:11:06 ims rtpengine[2201]: INFO: [0613f21b47f34161@ims.mnc070.mcc999.3gpp.network.org]: Creating new call, offer received, 2 media ports allocated
Jul  6 12:11:06 ims rtpengine[2201]: INFO: [0613f21b47f34161@ims.mnc070.mcc999.3gpp.network.org]: Deleting call, no media flowed
Jul  6 12:11:16 ims rtpengine[2201]: INFO: [0eb56ec3b2ca4d05@ims.mnc070.mcc999.3gpp.network.org]: Creating new call, offer received, 2 media ports allocated
Jul  6 12:11:29 ims rtpengine[2201]: INFO: [0eb56ec3b2ca4d05@ims.mnc070.mcc999.3gpp.network.org]: Final stats: 614 packets, 1.8% loss, MOS 4.0
Jul  6 12:12:18 ims rtpengine[2201]: INFO: [5d15d346eef54424@ims.mnc070.mcc999.3gpp.network.org]: Final stats: 6972 packets, 0.4% loss, MOS 4.5
Jul  6 12:16:47 ims rtpengine[2201]: INFO: [60e53b4e55864f78@ims.mnc070.mcc999.3gpp.network.org]: Creating new call, offer received, 2 media ports allocated
Jul  6 12:17:39 ims rtpengine[2201]: INFO: [60e53b4e55864f78@ims.mnc070.mcc999.3gpp.network.org]: Final stats: 2646 packets, 0.0% loss, MOS 4.5
Jul  6 12:19:55 ims rtpengine[2201]: INFO: [f6920e8f2edb4dc8@ims.mnc070.mcc999.3gpp.network.org]: Creating new call, offer received, 2 media ports allocated
Jul  6 12:20:27 ims rtpengine[2201]: INFO: [ee5799f712424e71@ims.mnc070.mcc999.3gpp.network.org]: Creating new call, offer received, 2 media ports allocated
Jul  6 12:21:09 ims rtpengine[2201]: INFO: [ee5799f712424e71@ims.mnc070.mcc999.3gpp.network.org]: Final stats: 2127 packets, 0.0% loss, MOS 4.4
Jul  6 12:23:05 ims rtpengine[2201]: INFO: [7a98523eed6941ce@ims.mnc070.mcc999.3gpp.network.org]: Creating new call, offer received, 2 media ports allocated
Jul  6 12:23:05 ims rtpengine[2201]: INFO: [7a98523eed6941ce@ims.mnc070.mcc999.3gpp.network.org]: Deleting call, no media flowed
Jul  6 12:23:17 ims rtpengine[2201]: INFO: [7572f56f2b224da8@ims.mnc070.mcc999.3gpp.network.org]: Creating new call, offer received, 2 media ports allocated
Jul  6 12:23:17 ims rtpengine[2201]: INFO: [7572f56f2b224da8@ims.mnc070.mcc999.3gpp.network.org]: Deleting call, no media flowed
Jul  6 12:24:56 ims rtpengine[2201]: INFO: [285474ea0a22407c@ims.mnc070.mcc999.3gpp.network.org]: Creating new call, offer received, 2 media ports allocated
Jul  6 12:25:35 ims rtpengine[2201]: INFO: [285474ea0a22407c@ims.mnc070.mcc999.3gpp.network.org]: Final stats: 1928 packets, 2.5% loss, MOS 4.0
Jul  6 12:28:01 ims rtpengine[2201]: INFO: [f6920e8f2edb4dc8@ims.mnc070.mcc999.3gpp.network.org]: Final stats: 24286 packets, 0.1% loss, MOS 4.2
Jul  6 12:28:56 ims rtpengine[2201]: INFO: [5433c481d5904a30@ims.mnc070.mcc999.3gpp.network.org]: Creating new call, offer received, 2 media ports allocated
Jul  6 12:28:57 ims rtpengine[2201]: INFO: [5433c481d5904a30@ims.mnc070.mcc999.3gpp.network.org]: Deleting call, no media flowed
Jul  6 12:29:35 ims rtpengine[2201]: INFO: [7ff507285c8848a8@ims.mnc070.mcc999.3gpp.network.org]: Creating new call, offer received, 2 media ports allocated
Jul  6 12:30:10 ims rtpengine[2201]: INFO: [84fef683b79d4a5e@ims.mnc070.mcc999.3gpp.network.org]: Creating new call, offer received, 2 media ports allocated
Jul  6 12:30:36 ims rtpengine[2201]: INFO: [7ff507285c8848a8@ims.mnc070.mcc999.3gpp.network.org]: Final stats: 3052 packets, 0.9% loss, MOS 4.2
Jul  6 12:31:51 ims rtpengine[2201]: INFO: [240db3b271334a36@ims.mnc070.mcc999.3gpp.network.org]: Creating new call, offer received, 2 media ports allocated
Jul  6 12:32:36 ims rtpengine[2201]: INFO: [240db3b271334a36@ims.mnc070.mcc999.3gpp.network.org]: Final stats: 2231 packets, 0.7% loss, MOS 4.3
Jul  6 12:33:36 ims rtpengine[2201]: INFO: [d8ef73f5dbbe428c@ims.mnc070.mcc999.3gpp.network.org]: Creating new call, offer received, 2 media ports allocated
Jul  6 12:33:37 ims rtpengine[2201]: INFO: [d8ef73f5dbbe428c@ims.mnc070.mcc999.3gpp.network.org]: Deleting call, no media flowed
Jul  6 12:34:49 ims rtpengine[2201]: INFO: [bba0946b81644254@ims.mnc070.mcc999.3gpp.network.org]: Creating new call, offer received, 2 media ports allocated
Jul  6 12:37:02 ims rtpengine[2201]: INFO: [bba0946b81644254@ims.mnc070.mcc999.3gpp.network.org]: Final stats: 6675 packets, 0.0% loss, MOS 4.5
Jul  6 12:37:46 ims rtpengine[2201]: INFO: [84fef683b79d4a5e@ims.mnc070.mcc999.3gpp.network.org]: Final stats: 22749 packets, 0.0% loss, MOS 4.1
Jul  6 12:39:31 ims rtpengine[2201]: INFO: [3663182dbc984af3@ims.mnc070.mcc999.3gpp.network.org]: Creating new call, offer received, 2 media ports allocated
Jul  6 12:39:36 ims rtpengine[2201]: INFO: [3663182dbc984af3@ims.mnc070.mcc999.3gpp.network.org]: Final stats: 259 packets, 1.1% loss, MOS 4.2
Jul  6 12:39:46 ims rtpengine[2201]: INFO: [ab24de99172c4898@ims.mnc070.mcc999.3gpp.network.org]: Creating new call, offer received, 2 media ports allocated
Jul  6 12:43:05 ims rtpengine[2201]: INFO: [296f777b587c4044@ims.mnc070.mcc999.3gpp.network.org]: Creating new call, offer received, 2 media ports allocated
Jul  6 12:43:31 ims rtpengine[2201]: INFO: [29976cfdd0184eea@ims.mnc070.mcc999.3gpp.network.org]: Creating new call, offer received, 2 media ports allocated
Jul  6 12:43:31 ims rtpengine[2201]: INFO: [29976cfdd0184eea@ims.mnc070.mcc999.3gpp.network.org]: Deleting call, no media flowed
Jul  6 12:43:38 ims rtpengine[2201]: INFO: [ab24de99172c4898@ims.mnc070.mcc999.3gpp.network.org]: Final stats: 11620 packets, 0.0% loss, MOS 4.5
Jul  6 12:44:08 ims rtpengine[2201]: INFO: [ccd6af5acf39446e@ims.mnc070.mcc999.3gpp.network.org]: Creating new call, offer received, 2 media ports allocated
Jul  6 12:44:54 ims rtpengine[2201]: INFO: [ccd6af5acf39446e@ims.mnc070.mcc999.3gpp.network.org]: Final stats: 2277 packets, 0.0% loss, MOS 4.5
Jul  6 12:46:16 ims rtpengine[2201]: INFO: [7611494884a14c65@ims.mnc070.mcc999.3gpp.network.org]: Creating new call, offer received, 2 media ports allocated
Jul  6 12:48:30 ims rtpengine[2201]: INFO: [296f777b587c4044@ims.mnc070.mcc999.3gpp.network.org]: Final stats: 16277 packets, 0.0% loss, MOS 4.5
Jul  6 12:49:52 ims rtpengine[2201]: INFO: [9cb5fa8f8042440f@ims.mnc070.mcc999.3gpp.network.org]: Creating new call, offer received, 2 media ports allocated
Jul  6 12:49:58 ims rtpengine[2201]: INFO: [7611494884a14c65@ims.mnc070.mcc999.3gpp.network.org]: Final stats: 11090 packets, 1.5% loss, MOS 4.0
Jul  6 12:50:42 ims rtpengine[2201]: INFO: [8bb4cae994a446a8@ims.mnc070.mcc999.3gpp.network.org]: Creating new call, offer received, 2 media ports allocated
Jul  6 12:51:12 ims rtpengine[2201]: INFO: [8bb4cae994a446a8@ims.mnc070.mcc999.3gpp.network.org]: Final stats: 1523 packets, 0.8% loss, MOS 4.2
Jul  6 12:51:39 ims rtpengine[2201]: INFO: [01e977514f60422d@ims.mnc070.mcc999.3gpp.network.org]: Creating new call, offer received, 2 media ports allocated
Jul  6 12:51:57 ims rtpengine[2201]: INFO: [01e977514f60422d@ims.mnc070.mcc999.3gpp.network.org]: Final stats: 894 packets, 0.5% loss, MOS 4.2
Jul  6 12:52:17 ims rtpengine[2201]: INFO: [4df48dd539054290@ims.mnc070.mcc999.3gpp.network.org]: Creating new call, offer received, 2 media ports allocated
Jul  6 12:52:23 ims rtpengine[2201]: INFO: [9cb5fa8f8042440f@ims.mnc070.mcc999.3gpp.network.org]: Final stats: 7504 packets, 0.0% loss, MOS 4.5
Jul  6 12:52:27 ims rtpengine[2201]: INFO: [4df48dd539054290@ims.mnc070.mcc999.3gpp.network.org]: Final stats: 482 packets, 0.0% loss, MOS 4.3
Jul  6 12:55:47 ims rtpengine[2201]: INFO: [1128c9c2450a4826@ims.mnc070.mcc999.3gpp.network.org]: Creating new call, offer received, 2 media ports allocated
Jul  6 12:57:17 ims rtpengine[2201]: INFO: [81fad1ed6cc4457c@ims.mnc070.mcc999.3gpp.network.org]: Creating new call, offer received, 2 media ports allocated
Jul  6 12:57:17 ims rtpengine[2201]: INFO: [81fad1ed6cc4457c@ims.mnc070.mcc999.3gpp.network.org]: Deleting call, no media flowed
Jul  6 12:58:08 ims rtpengine[2201]: INFO: [1128c9c2450a4826@ims.mnc070.mcc999.3gpp.network.org]: Final stats: 7080 packets, 1.0% loss, MOS 4.3
Jul  6 12:59:02 ims rtpengine[2201]: INFO: [8410fa037c3b48fa@ims.mnc070.mcc999.3gpp.network.org]: Creating new call, offer received, 2 media ports allocated
Jul  6 12:59:02 ims rtpengine[2201]: INFO: [8410fa037c3b48fa@ims.mnc070.mcc999.3gpp.network.org]: Deleting call, no media flowed
Jul  6 12:59:24 ims rtpengine[2201]: INFO: [3885e4f344f34b23@ims.mnc070.mcc999.3gpp.network.org]: Creating new call, offer received, 2 media ports allocated
Jul  6 12:59:24 ims rtpengine[2201]: INFO: [3885e4f344f34b23@ims.mnc070.mcc999.3gpp.network.org]: Deleting call, no media flowed
Jul  6 13:02:46 ims rtpengine[2201]: INFO: [bb59e677a6f649b9@ims.mnc070.mcc999.3gpp.network.org]: Creating new call, offer received, 2 media ports allocated
Jul  6 13:04:01 ims rtpengine[2201]: INFO: [bb59e677a6f649b9@ims.mnc070.mcc999.3gpp.network.org]: Final stats: 3754 packets, 0.5% loss, MOS 4.2
Jul  6 13:04:34 ims rtpengine[2201]: INFO: [f8e24901666c4e07@ims.mnc070.mcc999.3gpp.network.org]: Creating new call, offer received, 2 media ports allocated
Jul  6 13:05:02 ims rtpengine[2201]: INFO: [f8e24901666c4e07@ims.mnc070.mcc999.3gpp.network.org]: Final stats: 1409 packets, 0.0% loss, MOS 4.5
Jul  6 13:06:54 ims rtpengine[2201]: INFO: [8d6bab0a325f4301@ims.mnc070.mcc999.3gpp.network.org]: Creating new call, offer received, 2 media ports allocated
Jul  6 13:07:07 ims rtpengine[2201]: INFO: [24af01cbe8f54db3@ims.mnc070.mcc999.3gpp.network.org]: Creating new call, offer received, 2 media ports allocated
Jul  6 13:09:15 ims rtpengine[2201]: INFO: [c8d12926737a4fd3@ims.mnc070.mcc999.3gpp.network.org]: Creating new call, offer received, 2 media ports allocated
Jul  6 13:09:32 ims rtpengine[2201]: INFO: [97fc3752aa8e4cca@ims.mnc070.mcc999.3gpp.network.org]: Creating new call, offer received, 2 media ports allocated
Jul  6 13:10:36 ims rtpengine[2201]: INFO: [24af01cbe8f54db3@ims.mnc070.mcc999.3gpp.network.org]: Final stats: 10473 packets, 0.0% loss, MOS 4.3
Jul  6 13:10:48 ims rtpengine[2201]: INFO: [c8d12926737a4fd3@ims.mnc070.mcc999.3gpp.network.org]: Final stats: 4687 packets, 1.6% loss, MOS 3.8
Jul  6 13:11:12 ims rtpengine[2201]: INFO: [8d6bab0a325f4301@ims.mnc070.mcc999.3gpp.network.org]: Final stats: 12869 packets, 0.0% loss, MOS 4.3
Jul  6 13:11:47 ims rtpengine[2201]: INFO: [97fc3752aa8e4cca@ims.mnc070.mcc999.3gpp.network.org]: Final stats: 6758 packets, 0.6% loss, MOS 4.1
Jul  6 13:11:50 ims rtpengine[2201]: INFO: [d94eba7c9bc240df@ims.mnc070.mcc999.3gpp.network.org]: Creating new call, offer received, 2 media ports allocated
Jul  6 13:13:01 ims rtpengine[2201]: INFO: [d94eba7c9bc240df@ims.mnc070.mcc999.3gpp.network.org]: Final stats: 3532 packets, 0.0% loss, MOS 4.4
Jul  6 13:13:31 ims rtpengine[2201]: INFO: [23ab0af8e25c4381@ims.mnc070.mcc999.3gpp.network.org]: Creating new call, offer received, 2 media ports allocated
Jul  6 13:14:27 ims rtpengine[2201]: INFO: [23ab0af8e25c4381@ims.mnc070.mcc999.3gpp.network.org]: Final stats: 2809 packets, 0.0% loss, MOS 4.4
Jul  6 13:14:48 ims rtpengine[2201]: INFO: [7ad99f8b9dca43ec@ims.mnc070.mcc999.3gpp.network.org]: Creating new call, offer received, 2 media ports allocated
Jul  6 13:16:12 ims rtpengine[2201]: INFO: [5b69f30f00a54547@ims.mnc070.mcc999.3gpp.network.org]: Creating new call, offer received, 2 media ports allocated
Jul  6 13:16:33 ims rtpengine[2201]: INFO: [7ad99f8b9dca43ec@ims.mnc070.mcc999.3gpp.network.org]: Final stats: 5249 packets, 0.0% loss, MOS 4.4
Jul  6 13:17:37 ims rtpengine[2201]: INFO: [5b69f30f00a54547@ims.mnc070.mcc999.3gpp.network.org]: Final stats: 4213 packets, 0.0% loss, MOS 4.5
Jul  6 13:18:29 ims rtpengine[2201]: INFO: [4426b099636f4994@ims.mnc070.mcc999.3gpp.network.org]: Creating new call, offer received, 2 media ports allocated
Jul  6 13:18:29 ims rtpengine[2201]: INFO: [4426b099636f4994@ims.mnc070.mcc999.3gpp.network.org]: Deleting call, no media flowed
Jul  6 13:20:20 ims rtpengine[2201]: INFO: [c99950f709144a18@ims.mnc070.mcc999.3gpp.network.org]: Creating new call, offer received, 2 media ports allocated
Jul  6 13:20:22 ims rtpengine[2201]: INFO: [dad53e1e6a194a3b@ims.mnc070.mcc999.3gpp.network.org]: Creating new call, offer received, 2 media ports allocated
Jul  6 13:21:16 ims rtpengine[2201]: INFO: [ab03e53078e24e0f@ims.mnc070.mcc999.3gpp.network.org]: Creating new call, offer received, 2 media ports allocated
Jul  6 13:21:26 ims rtpengine[2201]: INFO: [ab03e53078e24e0f@ims.mnc070.mcc999.3gpp.network.org]: Final stats: 485 packets, 1.3% loss, MOS 4.1
Jul  6 13:21:37 ims rtpengine[2201]: INFO: [dad53e1e6a194a3b@ims.mnc070.mcc999.3gpp.network.org]: Final stats: 3756 packets, 1.1% loss, MOS 4.3
Jul  6 13:23:34 ims rtpengine[2201]: INFO: [dbcde2c340d04e01@ims.mnc070.mcc999.3gpp.network.org]: Creating new call, offer received, 2 media ports allocated
Jul  6 13:24:55 ims rtpengine[2201]: INFO: [dbcde2c340d04e01@ims.mnc070.mcc999.3gpp.network.org]: Final stats: 4037 packets, 0.1% loss, MOS 4.2
Jul  6 13:24:56 ims rtpengine[2201]: INFO: [c99950f709144a18@ims.mnc070.mcc999.3gpp.network.org]: Final stats: 13819 packets, 1.2% loss, MOS 4.1
Jul  6 13:25:47 ims rtpengine[2201]: INFO: [9755250f52d34e18@ims.mnc070.mcc999.3gpp.network.org]: Creating new call, offer received, 2 media ports allocated
Jul  6 13:28:06 ims rtpengine[2201]: INFO: [507d5bfec2cb49fb@ims.mnc070.mcc999.3gpp.network.org]: Creating new call, offer received, 2 media ports allocated
Jul  6 13:29:07 ims rtpengine[2201]: INFO: [3a85f2edaf3f4bcf@ims.mnc070.mcc999.3gpp.network.org]: Creating new call, offer received, 2 media ports allocated
Jul  6 13:29:28 ims rtpengine[2201]: INFO: [9755250f52d34e18@ims.mnc070.mcc999.3gpp.network.org]: Final stats: 11029 packets, 0.0% loss, MOS 4.5
Jul  6 13:30:45 ims rtpengine[2201]: WARNING: [core] media timeout on all open calls, no RTP received (upstream GTP-U path down?)
Jul  6 13:31:04 ims rtpengine[2201]: INFO: [d6c27856ba9942b3@ims.mnc070.mcc999.3gpp.network.org]: Creating new call, offer received, 2 media ports allocated
Jul  6 13:31:10 ims rtpengine[2201]: INFO: [cb9461368f454157@ims.mnc070.mcc999.3gpp.network.org]: Creating new call, offer received, 2 media ports allocated
Jul  6 13:31:19 ims rtpengine[2201]: INFO: [cb9461368f454157@ims.mnc070.mcc999.3gpp.network.org]: Final stats: 435 packets, 2.0% loss, MOS 3.6
Jul  6 13:31:55 ims rtpengine[2201]: INFO: [3a85f2edaf3f4bcf@ims.mnc070.mcc999.3gpp.network.org]: Final stats: 8407 packets, 1.7% loss, MOS 3.9
Jul  6 13:34:11 ims rtpengine[2201]: INFO: [d6c27856ba9942b3@ims.mnc070.mcc999.3gpp.network.org]: Final stats: 9362 packets, 1.2% loss, MOS 4.1
Jul  6 13:35:25 ims rtpengine[2201]: INFO: [507d5bfec2cb49fb@ims.mnc070.mcc999.3gpp.network.org]: Final stats: 21959 packets, 0.1% loss, MOS 4.1
Jul  6 13:45:03 ims rtpengine[2201]: WARNING: [core] media timeout on all open calls, no RTP received (upstream GTP-U path down?)
Jul  6 13:54:48 ims rtpengine[2201]: INFO: [c6ba856b55914050@ims.mnc070.mcc999.3gpp.network.org]: Creating new call, offer received, 2 media ports allocated
Jul  6 13:55:11 ims rtpengine[2201]: INFO: [c6ba856b55914050@ims.mnc070.mcc999.3gpp.network.org]: Final stats: 1149 packets, 2.1% loss, MOS 3.6
Jul  6 13:55:43 ims rtpengine[2201]: INFO: [ec86575b8db54ca5@ims.mnc070.mcc999.3gpp.network.org]: Creating new call, offer received, 2 media ports allocated
Jul  6 13:57:38 ims rtpengine[2201]: INFO: [cc50a10914eb4715@ims.mnc070.mcc999.3gpp.network.org]: Creating new call, offer received, 2 media ports allocated
Jul  6 13:58:29 ims rtpengine[2201]: INFO: [cc50a10914eb4715@ims.mnc070.mcc999.3gpp.network.org]: Final stats: 2535 packets, 0.2% loss, MOS 4.2
Jul  6 13:58:52 ims rtpengine[2201]: INFO: [302dee2647184317@ims.mnc070.mcc999.3gpp.network.org]: Creating new call, offer received, 2 media ports allocated
Jul  6 13:58:52 ims rtpengine[2201]: INFO: [302dee2647184317@ims.mnc070.mcc999.3gpp.network.org]: Deleting call, no media flowed
Jul  6 13:59:32 ims rtpengine[2201]: INFO: [ec86575b8db54ca5@ims.mnc070.mcc999.3gpp.network.org]: Final stats: 11432 packets, 1.7% loss, MOS 4.1
Jul  6 14:00:51 ims rtpengine[2201]: INFO: [f41df5878e6146ae@ims.mnc070.mcc999.3gpp.network.org]: Creating new call, offer received, 2 media ports allocated
Jul  6 14:01:13 ims rtpengine[2201]: INFO: [f41df5878e6146ae@ims.mnc070.mcc999.3gpp.network.org]: Final stats: 1135 packets, 0.5% loss, MOS 4.5
Jul  6 14:02:50 ims rtpengine[2201]: INFO: [580b67bdd1b34669@ims.mnc070.mcc999.3gpp.network.org]: Creating new call, offer received, 2 media ports allocated
Jul  6 14:03:00 ims rtpengine[2201]: INFO: [52b48f1e7e8d4b37@ims.mnc070.mcc999.3gpp.network.org]: Creating new call, offer received, 2 media ports allocated
Jul  6 14:04:15 ims rtpengine[2201]: INFO: [37004686cfc94353@ims.mnc070.mcc999.3gpp.network.org]: Creating new call, offer received, 2 media ports allocated
Jul  6 14:04:22 ims rtpengine[2201]: INFO: [580b67bdd1b34669@ims.mnc070.mcc999.3gpp.network.org]: Final stats: 4557 packets, 0.3% loss, MOS 4.4
Jul  6 14:06:12 ims rtpengine[2201]: INFO: [37004686cfc94353@ims.mnc070.mcc999.3gpp.network.org]: Final stats: 5830 packets, 0.0% loss, MOS 4.5
Jul  6 14:06:48 ims rtpengine[2201]: INFO: [52b48f1e7e8d4b37@ims.mnc070.mcc999.3gpp.network.org]: Final stats: 11423 packets, 0.0% loss, MOS 4.5
Jul  6 14:06:50 ims rtpengine[2201]: INFO: [5eb3525b56724b01@ims.mnc070.mcc999.3gpp.network.org]: Creating new call, offer received, 2 media ports allocated
Jul  6 14:07:42 ims rtpengine[2201]: INFO: [fc5bf70c0c514889@ims.mnc070.mcc999.3gpp.network.org]: Creating new call, offer received, 2 media ports allocated
Jul  6 14:07:44 ims rtpengine[2201]: INFO: [fc5bf70c0c514889@ims.mnc070.mcc999.3gpp.network.org]: Final stats: 89 packets, 0.0% loss, MOS 4.5
Jul  6 14:07:47 ims rtpengine[2201]: INFO: [40acf36897f34c84@ims.mnc070.mcc999.3gpp.network.org]: Creating new call, offer received, 2 media ports allocated
Jul  6 14:08:49 ims rtpengine[2201]: INFO: [5eb3525b56724b01@ims.mnc070.mcc999.3gpp.network.org]: Final stats: 5934 packets, 0.1% loss, MOS 4.3
Jul  6 14:09:06 ims rtpengine[2201]: INFO: [40acf36897f34c84@ims.mnc070.mcc999.3gpp.network.org]: Final stats: 3949 packets, 0.0% loss, MOS 4.4
Jul  6 14:09:46 ims rtpengine[2201]: INFO: [f40ef8a44b8843d8@ims.mnc070.mcc999.3gpp.network.org]: Creating new call, offer received, 2 media ports allocated
Jul  6 14:09:46 ims rtpengine[2201]: INFO: [f40ef8a44b8843d8@ims.mnc070.mcc999.3gpp.network.org]: Deleting call, no media flowed
Jul  6 14:10:53 ims rtpengine[2201]: INFO: [fde2ecebf17c4040@ims.mnc070.mcc999.3gpp.network.org]: Creating new call, offer received, 2 media ports allocated
Jul  6 14:10:59 ims rtpengine[2201]: INFO: [54eba0ad393a41fb@ims.mnc070.mcc999.3gpp.network.org]: Creating new call, offer received, 2 media ports allocated
Jul  6 14:11:39 ims rtpengine[2201]: INFO: [fde2ecebf17c4040@ims.mnc070.mcc999.3gpp.network.org]: Final stats: 2334 packets, 0.0% loss, MOS 4.5
Jul  6 14:13:24 ims rtpengine[2201]: INFO: [1ec2850f4f6c4733@ims.mnc070.mcc999.3gpp.network.org]: Creating new call, offer received, 2 media ports allocated
Jul  6 14:13:51 ims rtpengine[2201]: INFO: [54eba0ad393a41fb@ims.mnc070.mcc999.3gpp.network.org]: Final stats: 8550 packets, 0.0% loss, MOS 4.5
Jul  6 14:15:53 ims rtpengine[2201]: INFO: [9876154a04914cab@ims.mnc070.mcc999.3gpp.network.org]: Creating new call, offer received, 2 media ports allocated
Jul  6 14:16:23 ims rtpengine[2201]: INFO: [1ec2850f4f6c4733@ims.mnc070.mcc999.3gpp.network.org]: Final stats: 8933 packets, 0.6% loss, MOS 4.2
Jul  6 14:18:47 ims rtpengine[2201]: INFO: [9876154a04914cab@ims.mnc070.mcc999.3gpp.network.org]: Final stats: 8695 packets, 0.0% loss, MOS 4.5
Jul  6 14:19:38 ims rtpengine[2201]: INFO: [c79d5ff4dac841f8@ims.mnc070.mcc999.3gpp.network.org]: Creating new call, offer received, 2 media ports allocated
Jul  6 14:19:44 ims rtpengine[2201]: INFO: [c79d5ff4dac841f8@ims.mnc070.mcc999.3gpp.network.org]: Final stats: 310 packets, 0.2% loss, MOS 4.3
Jul  6 14:22:21 ims rtpengine[2201]: INFO: [91fe923dd2354d97@ims.mnc070.mcc999.3gpp.network.org]: Creating new call, offer received, 2 media ports allocated
Jul  6 14:22:53 ims rtpengine[2201]: INFO: [575bc4f42ebb4ba8@ims.mnc070.mcc999.3gpp.network.org]: Creating new call, offer received, 2 media ports allocated
Jul  6 14:23:16 ims rtpengine[2201]: INFO: [eb503560adb3448f@ims.mnc070.mcc999.3gpp.network.org]: Creating new call, offer received, 2 media ports allocated
Jul  6 14:23:54 ims rtpengine[2201]: INFO: [eb503560adb3448f@ims.mnc070.mcc999.3gpp.network.org]: Final stats: 1886 packets, 0.0% loss, MOS 4.5
Jul  6 14:24:13 ims rtpengine[2201]: INFO: [0572310cb9a84577@ims.mnc070.mcc999.3gpp.network.org]: Creating new call, offer received, 2 media ports allocated
Jul  6 14:24:17 ims rtpengine[2201]: INFO: [0572310cb9a84577@ims.mnc070.mcc999.3gpp.network.org]: Final stats: 163 packets, 0.0% loss, MOS 4.3
Jul  6 14:24:25 ims rtpengine[2201]: INFO: [91fe923dd2354d97@ims.mnc070.mcc999.3gpp.network.org]: Final stats: 6217 packets, 0.6% loss, MOS 4.4
Jul  6 14:25:14 ims rtpengine[2201]: INFO: [564c9a49b85f4ae5@ims.mnc070.mcc999.3gpp.network.org]: Creating new call, offer received, 2 media ports allocated
Jul  6 14:25:34 ims rtpengine[2201]: INFO: [564c9a49b85f4ae5@ims.mnc070.mcc999.3gpp.network.org]: Final stats: 979 packets, 0.0% loss, MOS 4.3
Jul  6 14:25:49 ims rtpengine[2201]: INFO: [9b79d9945d08418f@ims.mnc070.mcc999.3gpp.network.org]: Creating new call, offer received, 2 media ports allocated
Jul  6 14:26:43 ims rtpengine[2201]: INFO: [284ac2bd797c44bd@ims.mnc070.mcc999.3gpp.network.org]: Creating new call, offer received, 2 media ports allocated
Jul  6 14:26:45 ims rtpengine[2201]: INFO: [284ac2bd797c44bd@ims.mnc070.mcc999.3gpp.network.org]: Final stats: 88 packets, 1.3% loss, MOS 4.2
Jul  6 14:27:00 ims rtpengine[2201]: INFO: [9b79d9945d08418f@ims.mnc070.mcc999.3gpp.network.org]: Final stats: 3558 packets, 0.6% loss, MOS 4.2
Jul  6 14:29:09 ims rtpengine[2201]: INFO: [a622578c8d4c4e0d@ims.mnc070.mcc999.3gpp.network.org]: Creating new call, offer received, 2 media ports allocated
Jul  6 14:29:38 ims rtpengine[2201]: INFO: [3408931232fe4825@ims.mnc070.mcc999.3gpp.network.org]: Creating new call, offer received, 2 media ports allocated
Jul  6 14:29:41 ims rtpengine[2201]: INFO: [6943939695a249aa@ims.mnc070.mcc999.3gpp.network.org]: Creating new call, offer received, 2 media ports allocated
Jul  6 14:30:58 ims rtpengine[2201]: INFO: [a622578c8d4c4e0d@ims.mnc070.mcc999.3gpp.network.org]: Final stats: 5487 packets, 0.0% loss, MOS 4.5
Jul  6 14:31:17 ims rtpengine[2201]: INFO: [b4af97212724439e@ims.mnc070.mcc999.3gpp.network.org]: Creating new call, offer received, 2 media ports allocated
Jul  6 14:31:22 ims rtpengine[2201]: INFO: [3408931232fe4825@ims.mnc070.mcc999.3gpp.network.org]: Final stats: 5179 packets, 0.0% loss, MOS 4.5
Jul  6 14:31:24 ims rtpengine[2201]: INFO: [b4af97212724439e@ims.mnc070.mcc999.3gpp.network.org]: Final stats: 330 packets, 0.0% loss, MOS 4.5
Jul  6 14:31:44 ims rtpengine[2201]: INFO: [6943939695a249aa@ims.mnc070.mcc999.3gpp.network.org]: Final stats: 6179 packets, 0.4% loss, MOS 4.4
Jul  6 14:32:02 ims rtpengine[2201]: INFO: [575bc4f42ebb4ba8@ims.mnc070.mcc999.3gpp.network.org]: Final stats: 27441 packets, 0.0% loss, MOS 4.5
Jul  6 14:34:06 ims rtpengine[2201]: INFO: [f480546fe79b4a6d@ims.mnc070.mcc999.3gpp.network.org]: Creating new call, offer received, 2 media ports allocated
Jul  6 14:34:06 ims rtpengine[2201]: INFO: [f480546fe79b4a6d@ims.mnc070.mcc999.3gpp.network.org]: Deleting call, no media flowed
Jul  6 14:35:10 ims rtpengine[2201]: INFO: [2440c1fef2144446@ims.mnc070.mcc999.3gpp.network.org]: Creating new call, offer received, 2 media ports allocated
Jul  6 14:36:53 ims rtpengine[2201]: INFO: [e997e4696cb542cf@ims.mnc070.mcc999.3gpp.network.org]: Creating new call, offer received, 2 media ports allocated
Jul  6 14:36:53 ims rtpengine[2201]: INFO: [1f0f68d142d64801@ims.mnc070.mcc999.3gpp.network.org]: Creating new call, offer received, 2 media ports allocated
Jul  6 14:37:15 ims rtpengine[2201]: INFO: [e997e4696cb542cf@ims.mnc070.mcc999.3gpp.network.org]: Final stats: 1108 packets, 0.0% loss, MOS 4.5
Jul  6 14:37:38 ims rtpengine[2201]: INFO: [2440c1fef2144446@ims.mnc070.mcc999.3gpp.network.org]: Final stats: 7403 packets, 0.0% loss, MOS 4.4
Jul  6 14:38:46 ims rtpengine[2201]: INFO: [1f0f68d142d64801@ims.mnc070.mcc999.3gpp.network.org]: Final stats: 5619 packets, 1.2% loss, MOS 4.2
Jul  6 14:39:47 ims rtpengine[2201]: INFO: [bbeed344c4bd4a5b@ims.mnc070.mcc999.3gpp.network.org]: Creating new call, offer received, 2 media ports allocated
Jul  6 14:39:56 ims rtpengine[2201]: INFO: [103f32ce182d4dcb@ims.mnc070.mcc999.3gpp.network.org]: Creating new call, offer received, 2 media ports allocated
Jul  6 14:40:02 ims rtpengine[2201]: INFO: [103f32ce182d4dcb@ims.mnc070.mcc999.3gpp.network.org]: Final stats: 303 packets, 1.7% loss, MOS 4.0
Jul  6 14:40:15 ims rtpengine[2201]: INFO: [b15a6d662a9b497f@ims.mnc070.mcc999.3gpp.network.org]: Creating new call, offer received, 2 media ports allocated
Jul  6 14:41:11 ims rtpengine[2201]: INFO: [243fcf8bce35443e@ims.mnc070.mcc999.3gpp.network.org]: Creating new call, offer received, 2 media ports allocated
Jul  6 14:41:11 ims rtpengine[2201]: INFO: [243fcf8bce35443e@ims.mnc070.mcc999.3gpp.network.org]: Deleting call, no media flowed
Jul  6 14:42:24 ims rtpengine[2201]: INFO: [f325fc1b4a5445f3@ims.mnc070.mcc999.3gpp.network.org]: Creating new call, offer received, 2 media ports allocated
Jul  6 14:42:40 ims rtpengine[2201]: INFO: [ca837565aaa443d1@ims.mnc070.mcc999.3gpp.network.org]: Creating new call, offer received, 2 media ports allocated
Jul  6 14:43:19 ims rtpengine[2201]: INFO: [f325fc1b4a5445f3@ims.mnc070.mcc999.3gpp.network.org]: Final stats: 2771 packets, 0.4% loss, MOS 4.2
Jul  6 14:45:02 ims rtpengine[2201]: INFO: [a893a159d06243f5@ims.mnc070.mcc999.3gpp.network.org]: Creating new call, offer received, 2 media ports allocated
Jul  6 14:45:03 ims rtpengine[2201]: INFO: [4d5a3b5c7fcb4289@ims.mnc070.mcc999.3gpp.network.org]: Creating new call, offer received, 2 media ports allocated
Jul  6 14:45:24 ims rtpengine[2201]: INFO: [ca837565aaa443d1@ims.mnc070.mcc999.3gpp.network.org]: Final stats: 8189 packets, 2.1% loss, MOS 4.0
Jul  6 14:45:50 ims rtpengine[2201]: INFO: [bc09bc8b81c642bf@ims.mnc070.mcc999.3gpp.network.org]: Creating new call, offer received, 2 media ports allocated
Jul  6 14:45:52 ims rtpengine[2201]: INFO: [bc09bc8b81c642bf@ims.mnc070.mcc999.3gpp.network.org]: Final stats: 61 packets, 0.3% loss, MOS 4.4
Jul  6 14:46:07 ims rtpengine[2201]: INFO: [a893a159d06243f5@ims.mnc070.mcc999.3gpp.network.org]: Final stats: 3273 packets, 0.0% loss, MOS 4.3
Jul  6 14:46:54 ims rtpengine[2201]: INFO: [28f37eb8e2b64ad1@ims.mnc070.mcc999.3gpp.network.org]: Creating new call, offer received, 2 media ports allocated
Jul  6 14:46:56 ims rtpengine[2201]: INFO: [fc879362163e49be@ims.mnc070.mcc999.3gpp.network.org]: Creating new call, offer received, 2 media ports allocated
Jul  6 14:47:07 ims rtpengine[2201]: INFO: [28f37eb8e2b64ad1@ims.mnc070.mcc999.3gpp.network.org]: Final stats: 645 packets, 0.0% loss, MOS 4.4
Jul  6 14:47:27 ims rtpengine[2201]: INFO: [4d5a3b5c7fcb4289@ims.mnc070.mcc999.3gpp.network.org]: Final stats: 7202 packets, 1.9% loss, MOS 3.6
Jul  6 14:47:29 ims rtpengine[2201]: INFO: [b15a6d662a9b497f@ims.mnc070.mcc999.3gpp.network.org]: Final stats: 21691 packets, 0.9% loss, MOS 4.2
Jul  6 14:47:34 ims rtpengine[2201]: INFO: [bbeed344c4bd4a5b@ims.mnc070.mcc999.3gpp.network.org]: Final stats: 23360 packets, 0.5% loss, MOS 4.3
Jul  6 14:48:01 ims rtpengine[2201]: INFO: [fc879362163e49be@ims.mnc070.mcc999.3gpp.network.org]: Final stats: 3219 packets, 0.0% loss, MOS 4.5
Jul  6 14:50:55 ims rtpengine[2201]: INFO: [01ab2049baf9413c@ims.mnc070.mcc999.3gpp.network.org]: Creating new call, offer received, 2 media ports allocated
Jul  6 14:52:12 ims rtpengine[2201]: INFO: [01ab2049baf9413c@ims.mnc070.mcc999.3gpp.network.org]: Final stats: 3872 packets, 0.0% loss, MOS 4.5
Jul  6 14:52:41 ims rtpengine[2201]: INFO: [e8e485c396ea4cd9@ims.mnc070.mcc999.3gpp.network.org]: Creating new call, offer received, 2 media ports allocated
Jul  6 14:52:41 ims rtpengine[2201]: INFO: [e8e485c396ea4cd9@ims.mnc070.mcc999.3gpp.network.org]: Deleting call, no media flowed
Jul  6 14:54:14 ims rtpengine[2201]: INFO: [bd27b6bedd7041fc@ims.mnc070.mcc999.3gpp.network.org]: Creating new call, offer received, 2 media ports allocated
Jul  6 14:55:06 ims rtpengine[2201]: INFO: [bd27b6bedd7041fc@ims.mnc070.mcc999.3gpp.network.org]: Final stats: 2604 packets, 1.3% loss, MOS 4.1
Jul  6 14:55:50 ims rtpengine[2201]: INFO: [f363ccfeb27e4851@ims.mnc070.mcc999.3gpp.network.org]: Creating new call, offer received, 2 media ports allocated
Jul  6 14:56:47 ims rtpengine[2201]: INFO: [9e8f432e7038413b@ims.mnc070.mcc999.3gpp.network.org]: Creating new call, offer received, 2 media ports allocated
Jul  6 14:57:06 ims rtpengine[2201]: INFO: [07c7334f08114852@ims.mnc070.mcc999.3gpp.network.org]: Creating new call, offer received, 2 media ports allocated
Jul  6 14:57:06 ims rtpengine[2201]: INFO: [07c7334f08114852@ims.mnc070.mcc999.3gpp.network.org]: Deleting call, no media flowed
Jul  6 14:57:21 ims rtpengine[2201]: INFO: [9e8f432e7038413b@ims.mnc070.mcc999.3gpp.network.org]: Final stats: 1693 packets, 0.2% loss, MOS 4.3
Jul  6 14:58:38 ims rtpengine[2201]: INFO: [f363ccfeb27e4851@ims.mnc070.mcc999.3gpp.network.org]: Final stats: 8383 packets, 0.3% loss, MOS 4.5
Jul  6 15:01:31 ims rtpengine[2201]: INFO: [2c3a7ea266f845b8@ims.mnc070.mcc999.3gpp.network.org]: Creating new call, offer received, 2 media ports allocated
Jul  6 15:03:49 ims rtpengine[2201]: INFO: [bc435902a2464bbe@ims.mnc070.mcc999.3gpp.network.org]: Creating new call, offer received, 2 media ports allocated
Jul  6 15:03:51 ims rtpengine[2201]: INFO: [2c3a7ea266f845b8@ims.mnc070.mcc999.3gpp.network.org]: Final stats: 7002 packets, 0.0% loss, MOS 4.5
Jul  6 15:04:27 ims rtpengine[2201]: INFO: [91ede21025454ae4@ims.mnc070.mcc999.3gpp.network.org]: Creating new call, offer received, 2 media ports allocated
Jul  6 15:04:44 ims rtpengine[2201]: INFO: [bc435902a2464bbe@ims.mnc070.mcc999.3gpp.network.org]: Final stats: 2743 packets, 0.0% loss, MOS 4.2
Jul  6 15:05:32 ims rtpengine[2201]: INFO: [c47d18e70d504210@ims.mnc070.mcc999.3gpp.network.org]: Creating new call, offer received, 2 media ports allocated
Jul  6 15:05:32 ims rtpengine[2201]: INFO: [c47d18e70d504210@ims.mnc070.mcc999.3gpp.network.org]: Deleting call, no media flowed
Jul  6 15:05:53 ims rtpengine[2201]: INFO: [f7d8cd4936c24530@ims.mnc070.mcc999.3gpp.network.org]: Creating new call, offer received, 2 media ports allocated
Jul  6 15:05:53 ims rtpengine[2201]: INFO: [f7d8cd4936c24530@ims.mnc070.mcc999.3gpp.network.org]: Deleting call, no media flowed
Jul  6 15:06:05 ims rtpengine[2201]: INFO: [4a355991bc324c79@ims.mnc070.mcc999.3gpp.network.org]: Creating new call, offer received, 2 media ports allocated
Jul  6 15:06:48 ims rtpengine[2201]: INFO: [4a355991bc324c79@ims.mnc070.mcc999.3gpp.network.org]: Final stats: 2155 packets, 0.0% loss, MOS 4.3
Jul  6 15:07:33 ims rtpengine[2201]: INFO: [196069923b014356@ims.mnc070.mcc999.3gpp.network.org]: Creating new call, offer received, 2 media ports allocated
Jul  6 15:07:36 ims rtpengine[2201]: INFO: [91ede21025454ae4@ims.mnc070.mcc999.3gpp.network.org]: Final stats: 9461 packets, 0.5% loss, MOS 4.3
Jul  6 15:08:32 ims rtpengine[2201]: INFO: [7b84dbfdcab245ea@ims.mnc070.mcc999.3gpp.network.org]: Creating new call, offer received, 2 media ports allocated
Jul  6 15:08:40 ims rtpengine[2201]: INFO: [196069923b014356@ims.mnc070.mcc999.3gpp.network.org]: Final stats: 3375 packets, 0.5% loss, MOS 4.2
Jul  6 15:08:54 ims rtpengine[2201]: INFO: [7b84dbfdcab245ea@ims.mnc070.mcc999.3gpp.network.org]: Final stats: 1077 packets, 0.6% loss, MOS 4.3
Jul  6 15:10:26 ims rtpengine[2201]: INFO: [8552a2adbfec4c46@ims.mnc070.mcc999.3gpp.network.org]: Creating new call, offer received, 2 media ports allocated
Jul  6 15:11:51 ims rtpengine[2201]: INFO: [8552a2adbfec4c46@ims.mnc070.mcc999.3gpp.network.org]: Final stats: 4241 packets, 0.9% loss, MOS 4.4
Jul  6 15:12:14 ims rtpengine[2201]: INFO: [eef314d7422c4e81@ims.mnc070.mcc999.3gpp.network.org]: Creating new call, offer received, 2 media ports allocated
Jul  6 15:12:27 ims rtpengine[2201]: INFO: [027f5ae74061488d@ims.mnc070.mcc999.3gpp.network.org]: Creating new call, offer received, 2 media ports allocated
Jul  6 15:14:35 ims rtpengine[2201]: INFO: [eef314d7422c4e81@ims.mnc070.mcc999.3gpp.network.org]: Final stats: 7049 packets, 0.0% loss, MOS 4.5
Jul  6 15:14:45 ims rtpengine[2201]: INFO: [33b2eadd20ba4489@ims.mnc070.mcc999.3gpp.network.org]: Creating new call, offer received, 2 media ports allocated
Jul  6 15:14:45 ims rtpengine[2201]: INFO: [33b2eadd20ba4489@ims.mnc070.mcc999.3gpp.network.org]: Deleting call, no media flowed
Jul  6 15:15:21 ims rtpengine[2201]: INFO: [027f5ae74061488d@ims.mnc070.mcc999.3gpp.network.org]: Final stats: 8689 packets, 0.0% loss, MOS 4.5
Jul  6 15:15:42 ims rtpengine[2201]: INFO: [7f736955b9174a2f@ims.mnc070.mcc999.3gpp.network.org]: Creating new call, offer received, 2 media ports allocated
Jul  6 15:15:42 ims rtpengine[2201]: INFO: [7f736955b9174a2f@ims.mnc070.mcc999.3gpp.network.org]: Deleting call, no media flowed
Jul  6 15:16:05 ims rtpengine[2201]: INFO: [f2b30c6577564280@ims.mnc070.mcc999.3gpp.network.org]: Creating new call, offer received, 2 media ports allocated
Jul  6 15:16:43 ims rtpengine[2201]: INFO: [f2b30c6577564280@ims.mnc070.mcc999.3gpp.network.org]: Final stats: 1936 packets, 1.0% loss, MOS 3.9
Jul  6 15:17:43 ims rtpengine[2201]: INFO: [c3f669d2d5b845ab@ims.mnc070.mcc999.3gpp.network.org]: Creating new call, offer received, 2 media ports allocated
Jul  6 15:17:59 ims rtpengine[2201]: INFO: [f2c68875d8cf406a@ims.mnc070.mcc999.3gpp.network.org]: Creating new call, offer received, 2 media ports allocated
Jul  6 15:18:53 ims rtpengine[2201]: INFO: [c3f669d2d5b845ab@ims.mnc070.mcc999.3gpp.network.org]: Final stats: 3522 packets, 0.0% loss, MOS 4.5
Jul  6 15:18:58 ims rtpengine[2201]: INFO: [f2c68875d8cf406a@ims.mnc070.mcc999.3gpp.network.org]: Final stats: 2980 packets, 0.5% loss, MOS 4.3
Jul  6 15:20:02 ims rtpengine[2201]: INFO: [493614b673524c78@ims.mnc070.mcc999.3gpp.network.org]: Creating new call, offer received, 2 media ports allocated
Jul  6 15:21:02 ims rtpengine[2201]: INFO: [b7995d3fd8ac45a5@ims.mnc070.mcc999.3gpp.network.org]: Creating new call, offer received, 2 media ports allocated
Jul  6 15:22:26 ims rtpengine[2201]: INFO: [21a31bd05ca144ce@ims.mnc070.mcc999.3gpp.network.org]: Creating new call, offer received, 2 media ports allocated
Jul  6 15:22:47 ims rtpengine[2201]: INFO: [21a31bd05ca144ce@ims.mnc070.mcc999.3gpp.network.org]: Final stats: 1036 packets, 0.6% loss, MOS 4.5
Jul  6 15:22:53 ims rtpengine[2201]: INFO: [b7995d3fd8ac45a5@ims.mnc070.mcc999.3gpp.network.org]: Final stats: 5522 packets, 0.0% loss, MOS 4.5
Jul  6 15:23:14 ims rtpengine[2201]: INFO: [493614b673524c78@ims.mnc070.mcc999.3gpp.network.org]: Final stats: 9622 packets, 1.5% loss, MOS 3.8
Jul  6 15:27:51 ims rtpengine[2201]: INFO: [fc5542100d324c05@ims.mnc070.mcc999.3gpp.network.org]: Creating new call, offer received, 2 media ports allocated
Jul  6 15:28:09 ims rtpengine[2201]: INFO: [fe7c5ead67eb4873@ims.mnc070.mcc999.3gpp.network.org]: Creating new call, offer received, 2 media ports allocated
Jul  6 15:28:35 ims rtpengine[2201]: INFO: [1bc76e3eab55494d@ims.mnc070.mcc999.3gpp.network.org]: Creating new call, offer received, 2 media ports allocated
Jul  6 15:28:49 ims rtpengine[2201]: INFO: [fc5542100d324c05@ims.mnc070.mcc999.3gpp.network.org]: Final stats: 2903 packets, 0.0% loss, MOS 4.3
Jul  6 15:29:28 ims rtpengine[2201]: INFO: [36961e7cbde2421b@ims.mnc070.mcc999.3gpp.network.org]: Creating new call, offer received, 2 media ports allocated
Jul  6 15:29:29 ims rtpengine[2201]: INFO: [36961e7cbde2421b@ims.mnc070.mcc999.3gpp.network.org]: Final stats: 36 packets, 0.0% loss, MOS 4.5
Jul  6 15:31:28 ims rtpengine[2201]: INFO: [7d91f66252a5486e@ims.mnc070.mcc999.3gpp.network.org]: Creating new call, offer received, 2 media ports allocated
Jul  6 15:32:03 ims rtpengine[2201]: WARNING: [7d91f66252a5486e@ims.mnc070.mcc999.3gpp.network.org]: media timeout, no RTP for 30s, closing call
Jul  6 15:32:03 ims rtpengine[2201]: INFO: [7d91f66252a5486e@ims.mnc070.mcc999.3gpp.network.org]: Final stats: 1731 packets, 0.0% loss, MOS 4.5
Jul  6 15:32:57 ims rtpengine[2201]: INFO: [1bc76e3eab55494d@ims.mnc070.mcc999.3gpp.network.org]: Final stats: 13134 packets, 0.0% loss, MOS 4.5
Jul  6 15:35:00 ims rtpengine[2201]: INFO: [fe7c5ead67eb4873@ims.mnc070.mcc999.3gpp.network.org]: Final stats: 20562 packets, 1.4% loss, MOS 4.2
Jul  6 15:35:08 ims rtpengine[2201]: INFO: [6262391e7a2c4d83@ims.mnc070.mcc999.3gpp.network.org]: Creating new call, offer received, 2 media ports allocated
Jul  6 15:36:33 ims rtpengine[2201]: INFO: [6262391e7a2c4d83@ims.mnc070.mcc999.3gpp.network.org]: Final stats: 4250 packets, 0.0% loss, MOS 4.5
Jul  6 15:36:39 ims rtpengine[2201]: INFO: [5ecff3013e2e43ae@ims.mnc070.mcc999.3gpp.network.org]: Creating new call, offer received, 2 media ports allocated
Jul  6 15:37:02 ims rtpengine[2201]: INFO: [6e36395f923b4a97@ims.mnc070.mcc999.3gpp.network.org]: Creating new call, offer received, 2 media ports allocated
Jul  6 15:37:03 ims rtpengine[2201]: INFO: [6e36395f923b4a97@ims.mnc070.mcc999.3gpp.network.org]: Deleting call, no media flowed
Jul  6 15:38:21 ims rtpengine[2201]: INFO: [5ecff3013e2e43ae@ims.mnc070.mcc999.3gpp.network.org]: Final stats: 5121 packets, 0.0% loss, MOS 4.5
Jul  6 15:38:53 ims rtpengine[2201]: INFO: [480a135d6b9b403a@ims.mnc070.mcc999.3gpp.network.org]: Creating new call, offer received, 2 media ports allocated
Jul  6 15:39:07 ims rtpengine[2201]: INFO: [feda7c3f9ec74501@ims.mnc070.mcc999.3gpp.network.org]: Creating new call, offer received, 2 media ports allocated
Jul  6 15:39:50 ims rtpengine[2201]: INFO: [89ddcc6672e94c22@ims.mnc070.mcc999.3gpp.network.org]: Creating new call, offer received, 2 media ports allocated
Jul  6 15:40:32 ims rtpengine[2201]: INFO: [60f828ef62284abe@ims.mnc070.mcc999.3gpp.network.org]: Creating new call, offer received, 2 media ports allocated
Jul  6 15:41:02 ims rtpengine[2201]: INFO: [feda7c3f9ec74501@ims.mnc070.mcc999.3gpp.network.org]: Final stats: 5772 packets, 0.3% loss, MOS 4.5
Jul  6 15:41:10 ims rtpengine[2201]: INFO: [89ddcc6672e94c22@ims.mnc070.mcc999.3gpp.network.org]: Final stats: 4002 packets, 0.2% loss, MOS 4.5
Jul  6 15:42:12 ims rtpengine[2201]: INFO: [39eb8a0ab526498e@ims.mnc070.mcc999.3gpp.network.org]: Creating new call, offer received, 2 media ports allocated
Jul  6 15:43:46 ims rtpengine[2201]: INFO: [4616b78608174598@ims.mnc070.mcc999.3gpp.network.org]: Creating new call, offer received, 2 media ports allocated
Jul  6 15:43:57 ims rtpengine[2201]: INFO: [4616b78608174598@ims.mnc070.mcc999.3gpp.network.org]: Final stats: 531 packets, 0.7% loss, MOS 4.2
Jul  6 15:44:15 ims rtpengine[2201]: INFO: [535e2f292ed34a0c@ims.mnc070.mcc999.3gpp.network.org]: Creating new call, offer received, 2 media ports allocated
Jul  6 15:45:40 ims rtpengine[2201]: INFO: [535e2f292ed34a0c@ims.mnc070.mcc999.3gpp.network.org]: Final stats: 4234 packets, 0.1% loss, MOS 4.5
Jul  6 15:45:54 ims rtpengine[2201]: INFO: [480a135d6b9b403a@ims.mnc070.mcc999.3gpp.network.org]: Final stats: 21081 packets, 1.4% loss, MOS 3.7
Jul  6 15:47:43 ims rtpengine[2201]: INFO: [39eb8a0ab526498e@ims.mnc070.mcc999.3gpp.network.org]: Final stats: 16561 packets, 0.0% loss, MOS 4.4
Jul  6 15:48:08 ims rtpengine[2201]: INFO: [f8d36c18d3bb4e56@ims.mnc070.mcc999.3gpp.network.org]: Creating new call, offer received, 2 media ports allocated
Jul  6 15:48:35 ims rtpengine[2201]: INFO: [687620a6f5db4007@ims.mnc070.mcc999.3gpp.network.org]: Creating new call, offer received, 2 media ports allocated
Jul  6 15:48:50 ims rtpengine[2201]: INFO: [aecc1b9493a34085@ims.mnc070.mcc999.3gpp.network.org]: Creating new call, offer received, 2 media ports allocated
Jul  6 15:48:59 ims rtpengine[2201]: INFO: [60f828ef62284abe@ims.mnc070.mcc999.3gpp.network.org]: Final stats: 25366 packets, 0.9% loss, MOS 4.0
Jul  6 15:49:19 ims rtpengine[2201]: INFO: [f8d36c18d3bb4e56@ims.mnc070.mcc999.3gpp.network.org]: Final stats: 3572 packets, 0.6% loss, MOS 4.1
Jul  6 15:50:33 ims rtpengine[2201]: INFO: [687620a6f5db4007@ims.mnc070.mcc999.3gpp.network.org]: Final stats: 5907 packets, 0.4% loss, MOS 4.3
Jul  6 15:50:46 ims rtpengine[2201]: INFO: [aecc1b9493a34085@ims.mnc070.mcc999.3gpp.network.org]: Final stats: 5791 packets, 0.8% loss, MOS 4.2
Jul  6 15:53:46 ims rtpengine[2201]: INFO: [b840338a223b4d30@ims.mnc070.mcc999.3gpp.network.org]: Creating new call, offer received, 2 media ports allocated
Jul  6 15:54:01 ims rtpengine[2201]: INFO: [d56fb41d3b294707@ims.mnc070.mcc999.3gpp.network.org]: Creating new call, offer received, 2 media ports allocated
Jul  6 15:54:09 ims rtpengine[2201]: INFO: [754c321963174a9b@ims.mnc070.mcc999.3gpp.network.org]: Creating new call, offer received, 2 media ports allocated
Jul  6 15:54:09 ims rtpengine[2201]: INFO: [754c321963174a9b@ims.mnc070.mcc999.3gpp.network.org]: Deleting call, no media flowed
Jul  6 15:55:04 ims rtpengine[2201]: INFO: [67d85103e7134a6f@ims.mnc070.mcc999.3gpp.network.org]: Creating new call, offer received, 2 media ports allocated
Jul  6 15:55:18 ims rtpengine[2201]: INFO: [d56fb41d3b294707@ims.mnc070.mcc999.3gpp.network.org]: Final stats: 3890 packets, 1.0% loss, MOS 4.2
Jul  6 15:55:48 ims rtpengine[2201]: INFO: [b840338a223b4d30@ims.mnc070.mcc999.3gpp.network.org]: Final stats: 6093 packets, 1.8% loss, MOS 3.9
Jul  6 15:56:03 ims rtpengine[2201]: INFO: [4ea25d6e04314d71@ims.mnc070.mcc999.3gpp.network.org]: Creating new call, offer received, 2 media ports allocated
Jul  6 15:56:30 ims rtpengine[2201]: INFO: [f1f43e692a0844ee@ims.mnc070.mcc999.3gpp.network.org]: Creating new call, offer received, 2 media ports allocated
Jul  6 15:56:30 ims rtpengine[2201]: INFO: [f1f43e692a0844ee@ims.mnc070.mcc999.3gpp.network.org]: Deleting call, no media flowed
Jul  6 15:57:46 ims rtpengine[2201]: INFO: [9298b7d639a14b4b@ims.mnc070.mcc999.3gpp.network.org]: Creating new call, offer received, 2 media ports allocated
Jul  6 15:57:51 ims rtpengine[2201]: INFO: [67d85103e7134a6f@ims.mnc070.mcc999.3gpp.network.org]: Final stats: 8344 packets, 0.0% loss, MOS 4.5
Jul  6 15:58:09 ims rtpengine[2201]: INFO: [9a07dde9743e45b3@ims.mnc070.mcc999.3gpp.network.org]: Creating new call, offer received, 2 media ports allocated
Jul  6 15:58:44 ims rtpengine[2201]: INFO: [9a07dde9743e45b3@ims.mnc070.mcc999.3gpp.network.org]: Final stats: 1737 packets, 0.0% loss, MOS 4.5
Jul  6 15:58:57 ims rtpengine[2201]: INFO: [9298b7d639a14b4b@ims.mnc070.mcc999.3gpp.network.org]: Final stats: 3540 packets, 0.5% loss, MOS 4.4
Jul  6 15:59:32 ims rtpengine[2201]: INFO: [841bb69730b149e1@ims.mnc070.mcc999.3gpp.network.org]: Creating new call, offer received, 2 media ports allocated
Jul  6 15:59:41 ims rtpengine[2201]: INFO: [4ea25d6e04314d71@ims.mnc070.mcc999.3gpp.network.org]: Final stats: 10921 packets, 0.0% loss, MOS 4.4
Jul  6 16:00:41 ims rtpengine[2201]: INFO: [841bb69730b149e1@ims.mnc070.mcc999.3gpp.network.org]: Final stats: 3422 packets, 0.0% loss, MOS 4.2
Jul  6 16:00:47 ims rtpengine[2201]: INFO: [b04823da188f4f10@ims.mnc070.mcc999.3gpp.network.org]: Creating new call, offer received, 2 media ports allocated
Jul  6 16:01:42 ims rtpengine[2201]: INFO: [b04823da188f4f10@ims.mnc070.mcc999.3gpp.network.org]: Final stats: 2742 packets, 0.7% loss, MOS 4.3
Jul  6 16:01:42 ims rtpengine[2201]: INFO: [514ac8e3e89f4067@ims.mnc070.mcc999.3gpp.network.org]: Creating new call, offer received, 2 media ports allocated
Jul  6 16:02:02 ims rtpengine[2201]: INFO: [489de8d092b2471e@ims.mnc070.mcc999.3gpp.network.org]: Creating new call, offer received, 2 media ports allocated
Jul  6 16:02:07 ims rtpengine[2201]: INFO: [514ac8e3e89f4067@ims.mnc070.mcc999.3gpp.network.org]: Final stats: 1233 packets, 0.0% loss, MOS 4.5
Jul  6 16:02:41 ims rtpengine[2201]: INFO: [489de8d092b2471e@ims.mnc070.mcc999.3gpp.network.org]: Final stats: 1975 packets, 0.0% loss, MOS 4.5
Jul  6 16:04:30 ims rtpengine[2201]: INFO: [57bf982ca1604bbb@ims.mnc070.mcc999.3gpp.network.org]: Creating new call, offer received, 2 media ports allocated
Jul  6 16:05:17 ims rtpengine[2201]: INFO: [57bf982ca1604bbb@ims.mnc070.mcc999.3gpp.network.org]: Final stats: 2338 packets, 0.0% loss, MOS 4.5
Jul  6 16:05:26 ims rtpengine[2201]: INFO: [16346a9339f045a1@ims.mnc070.mcc999.3gpp.network.org]: Creating new call, offer received, 2 media ports allocated
Jul  6 16:06:02 ims rtpengine[2201]: INFO: [2f80bcf21661470b@ims.mnc070.mcc999.3gpp.network.org]: Creating new call, offer received, 2 media ports allocated
Jul  6 16:06:21 ims rtpengine[2201]: INFO: [16346a9339f045a1@ims.mnc070.mcc999.3gpp.network.org]: Final stats: 2780 packets, 0.0% loss, MOS 4.4
Jul  6 16:06:25 ims rtpengine[2201]: INFO: [755a96a3392a4592@ims.mnc070.mcc999.3gpp.network.org]: Creating new call, offer received, 2 media ports allocated
Jul  6 16:08:46 ims rtpengine[2201]: INFO: [2f80bcf21661470b@ims.mnc070.mcc999.3gpp.network.org]: Final stats: 8178 packets, 0.0% loss, MOS 4.3
Jul  6 16:10:07 ims rtpengine[2201]: INFO: [70717b3475444294@ims.mnc070.mcc999.3gpp.network.org]: Creating new call, offer received, 2 media ports allocated
Jul  6 16:10:37 ims rtpengine[2201]: INFO: [70717b3475444294@ims.mnc070.mcc999.3gpp.network.org]: Final stats: 1520 packets, 1.0% loss, MOS 4.2
Jul  6 16:12:10 ims rtpengine[2201]: INFO: [839613ba36354d01@ims.mnc070.mcc999.3gpp.network.org]: Creating new call, offer received, 2 media ports allocated
Jul  6 16:12:11 ims rtpengine[2201]: INFO: [839613ba36354d01@ims.mnc070.mcc999.3gpp.network.org]: Final stats: 61 packets, 1.1% loss, MOS 3.9
Jul  6 16:12:26 ims rtpengine[2201]: INFO: [f88ef2df4e724497@ims.mnc070.mcc999.3gpp.network.org]: Creating new call, offer received, 2 media ports allocated
Jul  6 16:13:03 ims rtpengine[2201]: INFO: [f88ef2df4e724497@ims.mnc070.mcc999.3gpp.network.org]: Final stats: 1853 packets, 0.0% loss, MOS 4.2
Jul  6 16:13:07 ims rtpengine[2201]: INFO: [755a96a3392a4592@ims.mnc070.mcc999.3gpp.network.org]: Final stats: 20096 packets, 0.0% loss, MOS 4.4
Jul  6 16:13:30 ims rtpengine[2201]: INFO: [686b503bbbc54840@ims.mnc070.mcc999.3gpp.network.org]: Creating new call, offer received, 2 media ports allocated
Jul  6 16:13:31 ims rtpengine[2201]: INFO: [686b503bbbc54840@ims.mnc070.mcc999.3gpp.network.org]: Final stats: 55 packets, 0.3% loss, MOS 4.1
Jul  6 16:13:55 ims rtpengine[2201]: INFO: [1a18d9314272455c@ims.mnc070.mcc999.3gpp.network.org]: Creating new call, offer received, 2 media ports allocated
Jul  6 16:15:04 ims rtpengine[2201]: INFO: [1a18d9314272455c@ims.mnc070.mcc999.3gpp.network.org]: Final stats: 3406 packets, 0.0% loss, MOS 4.5
Jul  6 16:15:37 ims rtpengine[2201]: INFO: [f68441e8cce94b87@ims.mnc070.mcc999.3gpp.network.org]: Creating new call, offer received, 2 media ports allocated
Jul  6 16:16:51 ims rtpengine[2201]: INFO: [61a439edd07a46db@ims.mnc070.mcc999.3gpp.network.org]: Creating new call, offer received, 2 media ports allocated
Jul  6 16:16:51 ims rtpengine[2201]: INFO: [61a439edd07a46db@ims.mnc070.mcc999.3gpp.network.org]: Deleting call, no media flowed
Jul  6 16:17:25 ims rtpengine[2201]: INFO: [615daf76fcd14b7d@ims.mnc070.mcc999.3gpp.network.org]: Creating new call, offer received, 2 media ports allocated
Jul  6 16:18:21 ims rtpengine[2201]: INFO: [615daf76fcd14b7d@ims.mnc070.mcc999.3gpp.network.org]: Final stats: 2801 packets, 0.3% loss, MOS 4.5
Jul  6 16:18:55 ims rtpengine[2201]: INFO: [f68441e8cce94b87@ims.mnc070.mcc999.3gpp.network.org]: Final stats: 9907 packets, 0.0% loss, MOS 4.4
Jul  6 16:19:21 ims rtpengine[2201]: INFO: [abefc101ce99401d@ims.mnc070.mcc999.3gpp.network.org]: Creating new call, offer received, 2 media ports allocated
Jul  6 16:19:31 ims rtpengine[2201]: INFO: [abefc101ce99401d@ims.mnc070.mcc999.3gpp.network.org]: Final stats: 520 packets, 0.5% loss, MOS 4.5
Jul  6 16:21:14 ims rtpengine[2201]: INFO: [cb68b73ed5c149fb@ims.mnc070.mcc999.3gpp.network.org]: Creating new call, offer received, 2 media ports allocated
Jul  6 16:21:14 ims rtpengine[2201]: INFO: [cb68b73ed5c149fb@ims.mnc070.mcc999.3gpp.network.org]: Deleting call, no media flowed
Jul  6 16:22:42 ims rtpengine[2201]: INFO: [368a8af9a716448a@ims.mnc070.mcc999.3gpp.network.org]: Creating new call, offer received, 2 media ports allocated
Jul  6 16:24:48 ims rtpengine[2201]: INFO: [a9943de718aa4d00@ims.mnc070.mcc999.3gpp.network.org]: Creating new call, offer received, 2 media ports allocated
Jul  6 16:25:07 ims rtpengine[2201]: INFO: [14e41fbd13594bd2@ims.mnc070.mcc999.3gpp.network.org]: Creating new call, offer received, 2 media ports allocated
Jul  6 16:25:15 ims rtpengine[2201]: INFO: [14e41fbd13594bd2@ims.mnc070.mcc999.3gpp.network.org]: Final stats: 398 packets, 0.3% loss, MOS 4.4
Jul  6 16:25:51 ims rtpengine[2201]: INFO: [0aae22cf50144339@ims.mnc070.mcc999.3gpp.network.org]: Creating new call, offer received, 2 media ports allocated
Jul  6 16:26:15 ims rtpengine[2201]: INFO: [0aae22cf50144339@ims.mnc070.mcc999.3gpp.network.org]: Final stats: 1171 packets, 0.8% loss, MOS 4.1
Jul  6 16:27:37 ims rtpengine[2201]: INFO: [a9943de718aa4d00@ims.mnc070.mcc999.3gpp.network.org]: Final stats: 8451 packets, 0.0% loss, MOS 4.4
Jul  6 16:28:42 ims rtpengine[2201]: INFO: [368a8af9a716448a@ims.mnc070.mcc999.3gpp.network.org]: Final stats: 17986 packets, 0.0% loss, MOS 4.4
Jul  6 16:29:14 ims rtpengine[2201]: INFO: [a86d453f35ef4fff@ims.mnc070.mcc999.3gpp.network.org]: Creating new call, offer received, 2 media ports allocated
Jul  6 16:29:42 ims rtpengine[2201]: INFO: [cdc47968f4614841@ims.mnc070.mcc999.3gpp.network.org]: Creating new call, offer received, 2 media ports allocated
Jul  6 16:29:47 ims rtpengine[2201]: INFO: [350210a95d604345@ims.mnc070.mcc999.3gpp.network.org]: Creating new call, offer received, 2 media ports allocated
Jul  6 16:30:18 ims rtpengine[2201]: INFO: [cdc47968f4614841@ims.mnc070.mcc999.3gpp.network.org]: Final stats: 1800 packets, 0.0% loss, MOS 4.4
Jul  6 16:30:29 ims rtpengine[2201]: INFO: [5f6b81d6486d45a3@ims.mnc070.mcc999.3gpp.network.org]: Creating new call, offer received, 2 media ports allocated
Jul  6 16:30:29 ims rtpengine[2201]: INFO: [5f6b81d6486d45a3@ims.mnc070.mcc999.3gpp.network.org]: Deleting call, no media flowed
Jul  6 16:30:48 ims rtpengine[2201]: INFO: [676e643aa55247d3@ims.mnc070.mcc999.3gpp.network.org]: Creating new call, offer received, 2 media ports allocated
Jul  6 16:32:17 ims rtpengine[2201]: INFO: [81d70737b306479c@ims.mnc070.mcc999.3gpp.network.org]: Creating new call, offer received, 2 media ports allocated
Jul  6 16:32:26 ims rtpengine[2201]: INFO: [a86d453f35ef4fff@ims.mnc070.mcc999.3gpp.network.org]: Final stats: 9624 packets, 0.0% loss, MOS 4.5
Jul  6 16:33:04 ims rtpengine[2201]: INFO: [81d70737b306479c@ims.mnc070.mcc999.3gpp.network.org]: Final stats: 2355 packets, 0.7% loss, MOS 4.4
Jul  6 16:33:06 ims rtpengine[2201]: INFO: [7075a2ce31c943d3@ims.mnc070.mcc999.3gpp.network.org]: Creating new call, offer received, 2 media ports allocated
Jul  6 16:33:39 ims rtpengine[2201]: INFO: [9a5aadeb9af94b54@ims.mnc070.mcc999.3gpp.network.org]: Creating new call, offer received, 2 media ports allocated
Jul  6 16:33:39 ims rtpengine[2201]: INFO: [9a5aadeb9af94b54@ims.mnc070.mcc999.3gpp.network.org]: Deleting call, no media flowed
Jul  6 16:33:39 ims rtpengine[2201]: INFO: [5ece315bac8f434e@ims.mnc070.mcc999.3gpp.network.org]: Creating new call, offer received, 2 media ports allocated
Jul  6 16:33:39 ims rtpengine[2201]: INFO: [5ece315bac8f434e@ims.mnc070.mcc999.3gpp.network.org]: Deleting call, no media flowed
Jul  6 16:33:42 ims rtpengine[2201]: INFO: [7075a2ce31c943d3@ims.mnc070.mcc999.3gpp.network.org]: Final stats: 1785 packets, 1.0% loss, MOS 4.1
Jul  6 16:35:16 ims rtpengine[2201]: INFO: [350210a95d604345@ims.mnc070.mcc999.3gpp.network.org]: Final stats: 16488 packets, 0.0% loss, MOS 4.3
Jul  6 16:35:33 ims rtpengine[2201]: INFO: [676e643aa55247d3@ims.mnc070.mcc999.3gpp.network.org]: Final stats: 14225 packets, 0.0% loss, MOS 4.5
Jul  6 16:36:27 ims rtpengine[2201]: INFO: [733bcaf953a9465c@ims.mnc070.mcc999.3gpp.network.org]: Creating new call, offer received, 2 media ports allocated
Jul  6 16:37:01 ims rtpengine[2201]: INFO: [12a8a60e070e47db@ims.mnc070.mcc999.3gpp.network.org]: Creating new call, offer received, 2 media ports allocated
Jul  6 16:38:25 ims rtpengine[2201]: INFO: [733bcaf953a9465c@ims.mnc070.mcc999.3gpp.network.org]: Final stats: 5872 packets, 0.2% loss, MOS 4.5
Jul  6 16:39:44 ims rtpengine[2201]: INFO: [12a8a60e070e47db@ims.mnc070.mcc999.3gpp.network.org]: Final stats: 8148 packets, 0.0% loss, MOS 4.4
Jul  6 16:41:14 ims rtpengine[2201]: INFO: [f23449cb8f484e80@ims.mnc070.mcc999.3gpp.network.org]: Creating new call, offer received, 2 media ports allocated
Jul  6 16:41:29 ims rtpengine[2201]: INFO: [86ecc5150f654d3a@ims.mnc070.mcc999.3gpp.network.org]: Creating new call, offer received, 2 media ports allocated
Jul  6 16:41:29 ims rtpengine[2201]: INFO: [86ecc5150f654d3a@ims.mnc070.mcc999.3gpp.network.org]: Deleting call, no media flowed
Jul  6 16:43:02 ims rtpengine[2201]: INFO: [f23449cb8f484e80@ims.mnc070.mcc999.3gpp.network.org]: Final stats: 5364 packets, 0.6% loss, MOS 4.3
Jul  6 16:44:07 ims rtpengine[2201]: INFO: [def5b3d545274a96@ims.mnc070.mcc999.3gpp.network.org]: Creating new call, offer received, 2 media ports allocated
Jul  6 16:44:46 ims rtpengine[2201]: INFO: [6280279200c54d11@ims.mnc070.mcc999.3gpp.network.org]: Creating new call, offer received, 2 media ports allocated
Jul  6 16:45:05 ims rtpengine[2201]: INFO: [6280279200c54d11@ims.mnc070.mcc999.3gpp.network.org]: Final stats: 956 packets, 1.0% loss, MOS 4.0
Jul  6 16:45:09 ims rtpengine[2201]: INFO: [9d4aa3b9351e4996@ims.mnc070.mcc999.3gpp.network.org]: Creating new call, offer received, 2 media ports allocated
Jul  6 16:45:09 ims rtpengine[2201]: INFO: [9d4aa3b9351e4996@ims.mnc070.mcc999.3gpp.network.org]: Deleting call, no media flowed
Jul  6 16:45:40 ims rtpengine[2201]: INFO: [41d70ab6554c447f@ims.mnc070.mcc999.3gpp.network.org]: Creating new call, offer received, 2 media ports allocated
Jul  6 16:45:40 ims rtpengine[2201]: INFO: [41d70ab6554c447f@ims.mnc070.mcc999.3gpp.network.org]: Deleting call, no media flowed
Jul  6 16:47:06 ims rtpengine[2201]: INFO: [def5b3d545274a96@ims.mnc070.mcc999.3gpp.network.org]: Final stats: 8950 packets, 1.0% loss, MOS 4.3
Jul  6 16:47:30 ims rtpengine[2201]: INFO: [c63e4e08642e4349@ims.mnc070.mcc999.3gpp.network.org]: Creating new call, offer received, 2 media ports allocated
Jul  6 16:47:30 ims rtpengine[2201]: INFO: [c63e4e08642e4349@ims.mnc070.mcc999.3gpp.network.org]: Deleting call, no media flowed
Jul  6 16:48:13 ims rtpengine[2201]: INFO: [92f699a2c34a44b9@ims.mnc070.mcc999.3gpp.network.org]: Creating new call, offer received, 2 media ports allocated
Jul  6 16:48:22 ims rtpengine[2201]: INFO: [8ca85ccf4c324042@ims.mnc070.mcc999.3gpp.network.org]: Creating new call, offer received, 2 media ports allocated
Jul  6 16:48:38 ims rtpengine[2201]: INFO: [e6cf8ea0e66847e2@ims.mnc070.mcc999.3gpp.network.org]: Creating new call, offer received, 2 media ports allocated
Jul  6 16:49:17 ims rtpengine[2201]: INFO: [8ca85ccf4c324042@ims.mnc070.mcc999.3gpp.network.org]: Final stats: 2739 packets, 2.1% loss, MOS 3.9
Jul  6 16:49:28 ims rtpengine[2201]: INFO: [1c743bd37f2e4237@ims.mnc070.mcc999.3gpp.network.org]: Creating new call, offer received, 2 media ports allocated
Jul  6 16:49:51 ims rtpengine[2201]: INFO: [92f699a2c34a44b9@ims.mnc070.mcc999.3gpp.network.org]: Final stats: 4906 packets, 1.2% loss, MOS 4.2
Jul  6 16:49:53 ims rtpengine[2201]: INFO: [1c743bd37f2e4237@ims.mnc070.mcc999.3gpp.network.org]: Final stats: 1246 packets, 0.7% loss, MOS 4.0
Jul  6 16:50:50 ims rtpengine[2201]: INFO: [895b7936da774ff2@ims.mnc070.mcc999.3gpp.network.org]: Creating new call, offer received, 2 media ports allocated
Jul  6 16:52:06 ims rtpengine[2201]: INFO: [e6cf8ea0e66847e2@ims.mnc070.mcc999.3gpp.network.org]: Final stats: 10405 packets, 0.0% loss, MOS 4.5
Jul  6 16:52:30 ims rtpengine[2201]: INFO: [895b7936da774ff2@ims.mnc070.mcc999.3gpp.network.org]: Final stats: 4979 packets, 0.5% loss, MOS 4.4
Jul  6 16:54:54 ims rtpengine[2201]: INFO: [f18e815a16184215@ims.mnc070.mcc999.3gpp.network.org]: Creating new call, offer received, 2 media ports allocated
Jul  6 16:54:54 ims rtpengine[2201]: INFO: [f18e815a16184215@ims.mnc070.mcc999.3gpp.network.org]: Deleting call, no media flowed
Jul  6 16:55:23 ims rtpengine[2201]: INFO: [74b057f67f304226@ims.mnc070.mcc999.3gpp.network.org]: Creating new call, offer received, 2 media ports allocated
Jul  6 16:55:53 ims rtpengine[2201]: INFO: [74b057f67f304226@ims.mnc070.mcc999.3gpp.network.org]: Final stats: 1508 packets, 0.0% loss, MOS 4.4
Jul  6 16:56:05 ims rtpengine[2201]: INFO: [1a497fb9694a4458@ims.mnc070.mcc999.3gpp.network.org]: Creating new call, offer received, 2 media ports allocated
Jul  6 16:57:39 ims rtpengine[2201]: INFO: [1a497fb9694a4458@ims.mnc070.mcc999.3gpp.network.org]: Final stats: 4675 packets, 0.2% loss, MOS 4.5
Jul  6 16:57:56 ims rtpengine[2201]: INFO: [3f3769637a594fa4@ims.mnc070.mcc999.3gpp.network.org]: Creating new call, offer received, 2 media ports allocated
Jul  6 16:58:31 ims rtpengine[2201]: INFO: [47860d15cf904783@ims.mnc070.mcc999.3gpp.network.org]: Creating new call, offer received, 2 media ports allocated
Jul  6 16:58:33 ims rtpengine[2201]: INFO: [402f58a34dee4b39@ims.mnc070.mcc999.3gpp.network.org]: Creating new call, offer received, 2 media ports allocated
Jul  6 16:59:06 ims rtpengine[2201]: INFO: [47860d15cf904783@ims.mnc070.mcc999.3gpp.network.org]: Final stats: 1789 packets, 0.0% loss, MOS 4.5
Jul  6 17:01:09 ims rtpengine[2201]: INFO: [3f3769637a594fa4@ims.mnc070.mcc999.3gpp.network.org]: Final stats: 9631 packets, 0.0% loss, MOS 4.4
Jul  6 17:01:56 ims rtpengine[2201]: INFO: [402f58a34dee4b39@ims.mnc070.mcc999.3gpp.network.org]: Final stats: 10135 packets, 0.0% loss, MOS 4.4
Jul  6 17:03:23 ims rtpengine[2201]: INFO: [c38ee32186a44a56@ims.mnc070.mcc999.3gpp.network.org]: Creating new call, offer received, 2 media ports allocated
Jul  6 17:03:23 ims rtpengine[2201]: INFO: [c38ee32186a44a56@ims.mnc070.mcc999.3gpp.network.org]: Deleting call, no media flowed
Jul  6 17:06:49 ims rtpengine[2201]: INFO: [62b3c58458a54992@ims.mnc070.mcc999.3gpp.network.org]: Creating new call, offer received, 2 media ports allocated
Jul  6 17:06:52 ims rtpengine[2201]: INFO: [bf4775ef99704d53@ims.mnc070.mcc999.3gpp.network.org]: Creating new call, offer received, 2 media ports allocated
Jul  6 17:07:18 ims rtpengine[2201]: INFO: [437a919cbab0458e@ims.mnc070.mcc999.3gpp.network.org]: Creating new call, offer received, 2 media ports allocated
Jul  6 17:09:32 ims rtpengine[2201]: INFO: [4063f247dd4c404c@ims.mnc070.mcc999.3gpp.network.org]: Creating new call, offer received, 2 media ports allocated
Jul  6 17:09:55 ims rtpengine[2201]: INFO: [4063f247dd4c404c@ims.mnc070.mcc999.3gpp.network.org]: Final stats: 1176 packets, 0.0% loss, MOS 4.4
Jul  6 17:10:00 ims rtpengine[2201]: INFO: [bf4775ef99704d53@ims.mnc070.mcc999.3gpp.network.org]: Final stats: 9367 packets, 0.8% loss, MOS 4.5
Jul  6 17:10:00 ims rtpengine[2201]: INFO: [46c498d9751349a2@ims.mnc070.mcc999.3gpp.network.org]: Creating new call, offer received, 2 media ports allocated
Jul  6 17:10:00 ims rtpengine[2201]: INFO: [62b3c58458a54992@ims.mnc070.mcc999.3gpp.network.org]: Final stats: 9565 packets, 0.0% loss, MOS 4.3
Jul  6 17:11:00 ims rtpengine[2201]: INFO: [46c498d9751349a2@ims.mnc070.mcc999.3gpp.network.org]: Final stats: 2989 packets, 0.0% loss, MOS 4.5
Jul  6 17:11:11 ims rtpengine[2201]: INFO: [63ae10a3d4b64772@ims.mnc070.mcc999.3gpp.network.org]: Creating new call, offer received, 2 media ports allocated
Jul  6 17:11:22 ims rtpengine[2201]: INFO: [437a919cbab0458e@ims.mnc070.mcc999.3gpp.network.org]: Final stats: 12217 packets, 0.0% loss, MOS 4.5
Jul  6 17:11:26 ims rtpengine[2201]: INFO: [d53b9ffcb6424cc4@ims.mnc070.mcc999.3gpp.network.org]: Creating new call, offer received, 2 media ports allocated
Jul  6 17:12:12 ims rtpengine[2201]: INFO: [6dc4dd3e160349e1@ims.mnc070.mcc999.3gpp.network.org]: Creating new call, offer received, 2 media ports allocated
Jul  6 17:13:23 ims rtpengine[2201]: INFO: [6dc4dd3e160349e1@ims.mnc070.mcc999.3gpp.network.org]: Final stats: 3570 packets, 0.7% loss, MOS 4.3
Jul  6 17:13:56 ims rtpengine[2201]: INFO: [0f5bafc4f87b40f6@ims.mnc070.mcc999.3gpp.network.org]: Creating new call, offer received, 2 media ports allocated
Jul  6 17:13:57 ims rtpengine[2201]: INFO: [63ae10a3d4b64772@ims.mnc070.mcc999.3gpp.network.org]: Final stats: 8299 packets, 0.0% loss, MOS 4.5
Jul  6 17:14:03 ims rtpengine[2201]: INFO: [ef6f9134ab8c4cab@ims.mnc070.mcc999.3gpp.network.org]: Creating new call, offer received, 2 media ports allocated
Jul  6 17:14:10 ims rtpengine[2201]: INFO: [d53b9ffcb6424cc4@ims.mnc070.mcc999.3gpp.network.org]: Final stats: 8210 packets, 0.0% loss, MOS 4.4
Jul  6 17:15:11 ims rtpengine[2201]: INFO: [fddbed22a0ec4f61@ims.mnc070.mcc999.3gpp.network.org]: Creating new call, offer received, 2 media ports allocated
Jul  6 17:15:38 ims rtpengine[2201]: INFO: [6339140ac37941f0@ims.mnc070.mcc999.3gpp.network.org]: Creating new call, offer received, 2 media ports allocated
Jul  6 17:15:50 ims rtpengine[2201]: INFO: [ef6f9134ab8c4cab@ims.mnc070.mcc999.3gpp.network.org]: Final stats: 5344 packets, 0.2% loss, MOS 4.3
Jul  6 17:15:56 ims rtpengine[2201]: INFO: [1a60aee4fe91436a@ims.mnc070.mcc999.3gpp.network.org]: Creating new call, offer received, 2 media ports allocated
Jul  6 17:16:04 ims rtpengine[2201]: INFO: [fddbed22a0ec4f61@ims.mnc070.mcc999.3gpp.network.org]: Final stats: 2655 packets, 0.0% loss, MOS 4.5
Jul  6 17:16:07 ims rtpengine[2201]: INFO: [1a60aee4fe91436a@ims.mnc070.mcc999.3gpp.network.org]: Final stats: 564 packets, 1.0% loss, MOS 4.0
Jul  6 17:16:12 ims rtpengine[2201]: INFO: [81b4b2528e5644c4@ims.mnc070.mcc999.3gpp.network.org]: Creating new call, offer received, 2 media ports allocated
Jul  6 17:16:34 ims rtpengine[2201]: INFO: [6339140ac37941f0@ims.mnc070.mcc999.3gpp.network.org]: Final stats: 2817 packets, 0.0% loss, MOS 4.5
Jul  6 17:17:49 ims rtpengine[2201]: INFO: [0f5bafc4f87b40f6@ims.mnc070.mcc999.3gpp.network.org]: Final stats: 11667 packets, 0.0% loss, MOS 4.5
Jul  6 17:18:19 ims rtpengine[2201]: INFO: [81b4b2528e5644c4@ims.mnc070.mcc999.3gpp.network.org]: Final stats: 6358 packets, 0.0% loss, MOS 4.5
Jul  6 17:18:30 ims rtpengine[2201]: INFO: [9b148125a9ed4945@ims.mnc070.mcc999.3gpp.network.org]: Creating new call, offer received, 2 media ports allocated
Jul  6 17:18:30 ims rtpengine[2201]: INFO: [9b148125a9ed4945@ims.mnc070.mcc999.3gpp.network.org]: Deleting call, no media flowed
Jul  6 17:23:42 ims rtpengine[2201]: INFO: [561833a41cf24ac3@ims.mnc070.mcc999.3gpp.network.org]: Creating new call, offer received, 2 media ports allocated
Jul  6 17:25:27 ims rtpengine[2201]: INFO: [d673cae8c8da4b61@ims.mnc070.mcc999.3gpp.network.org]: Creating new call, offer received, 2 media ports allocated
Jul  6 17:26:21 ims rtpengine[2201]: INFO: [5fec1cbd68724fc1@ims.mnc070.mcc999.3gpp.network.org]: Creating new call, offer received, 2 media ports allocated
Jul  6 17:26:37 ims rtpengine[2201]: INFO: [5fec1cbd68724fc1@ims.mnc070.mcc999.3gpp.network.org]: Final stats: 794 packets, 1.5% loss, MOS 4.0
Jul  6 17:27:47 ims rtpengine[2201]: INFO: [d673cae8c8da4b61@ims.mnc070.mcc999.3gpp.network.org]: Final stats: 7018 packets, 0.0% loss, MOS 4.3
Jul  6 17:28:32 ims rtpengine[2201]: INFO: [c892329709024342@ims.mnc070.mcc999.3gpp.network.org]: Creating new call, offer received, 2 media ports allocated
Jul  6 17:28:32 ims rtpengine[2201]: INFO: [c892329709024342@ims.mnc070.mcc999.3gpp.network.org]: Deleting call, no media flowed
Jul  6 17:29:33 ims rtpengine[2201]: INFO: [561833a41cf24ac3@ims.mnc070.mcc999.3gpp.network.org]: Final stats: 17549 packets, 0.6% loss, MOS 4.2
Jul  6 17:29:48 ims rtpengine[2201]: INFO: [ffe51144c4e04edf@ims.mnc070.mcc999.3gpp.network.org]: Creating new call, offer received, 2 media ports allocated
Jul  6 17:29:54 ims rtpengine[2201]: INFO: [25fd3ad87f724e1e@ims.mnc070.mcc999.3gpp.network.org]: Creating new call, offer received, 2 media ports allocated
Jul  6 17:31:52 ims rtpengine[2201]: INFO: [da043481c18e4667@ims.mnc070.mcc999.3gpp.network.org]: Creating new call, offer received, 2 media ports allocated
Jul  6 17:32:19 ims rtpengine[2201]: INFO: [ffe51144c4e04edf@ims.mnc070.mcc999.3gpp.network.org]: Final stats: 7513 packets, 0.0% loss, MOS 4.5
Jul  6 17:32:40 ims rtpengine[2201]: INFO: [071ea90bea344a02@ims.mnc070.mcc999.3gpp.network.org]: Creating new call, offer received, 2 media ports allocated
Jul  6 17:32:48 ims rtpengine[2201]: INFO: [d30a409750a04a76@ims.mnc070.mcc999.3gpp.network.org]: Creating new call, offer received, 2 media ports allocated
Jul  6 17:33:42 ims rtpengine[2201]: INFO: [25fd3ad87f724e1e@ims.mnc070.mcc999.3gpp.network.org]: Final stats: 11377 packets, 1.7% loss, MOS 4.1
Jul  6 17:34:26 ims rtpengine[2201]: INFO: [071ea90bea344a02@ims.mnc070.mcc999.3gpp.network.org]: Final stats: 5302 packets, 0.8% loss, MOS 4.2
Jul  6 17:34:28 ims rtpengine[2201]: INFO: [17da294b5d5940a5@ims.mnc070.mcc999.3gpp.network.org]: Creating new call, offer received, 2 media ports allocated
Jul  6 17:34:28 ims rtpengine[2201]: INFO: [17da294b5d5940a5@ims.mnc070.mcc999.3gpp.network.org]: Deleting call, no media flowed
Jul  6 17:34:51 ims rtpengine[2201]: INFO: [da043481c18e4667@ims.mnc070.mcc999.3gpp.network.org]: Final stats: 8941 packets, 0.3% loss, MOS 4.4
Jul  6 17:34:59 ims rtpengine[2201]: INFO: [75b730576ea744f8@ims.mnc070.mcc999.3gpp.network.org]: Creating new call, offer received, 2 media ports allocated
Jul  6 17:37:01 ims rtpengine[2201]: INFO: [d30a409750a04a76@ims.mnc070.mcc999.3gpp.network.org]: Final stats: 12641 packets, 0.8% loss, MOS 4.3
Jul  6 17:37:17 ims rtpengine[2201]: INFO: [6e9ee73bb42e413e@ims.mnc070.mcc999.3gpp.network.org]: Creating new call, offer received, 2 media ports allocated
Jul  6 17:38:50 ims rtpengine[2201]: INFO: [75b730576ea744f8@ims.mnc070.mcc999.3gpp.network.org]: Final stats: 11569 packets, 1.4% loss, MOS 3.9
Jul  6 17:39:43 ims rtpengine[2201]: INFO: [f9c2a1aedbce4894@ims.mnc070.mcc999.3gpp.network.org]: Creating new call, offer received, 2 media ports allocated
Jul  6 17:39:43 ims rtpengine[2201]: INFO: [f9c2a1aedbce4894@ims.mnc070.mcc999.3gpp.network.org]: Deleting call, no media flowed
Jul  6 17:41:26 ims rtpengine[2201]: INFO: [6e9ee73bb42e413e@ims.mnc070.mcc999.3gpp.network.org]: Final stats: 12426 packets, 0.4% loss, MOS 4.4
Jul  6 17:42:00 ims rtpengine[2201]: INFO: [ad1e0cf449c54497@ims.mnc070.mcc999.3gpp.network.org]: Creating new call, offer received, 2 media ports allocated
Jul  6 17:42:02 ims rtpengine[2201]: INFO: [ad1e0cf449c54497@ims.mnc070.mcc999.3gpp.network.org]: Final stats: 103 packets, 2.5% loss, MOS 3.8
Jul  6 17:44:20 ims rtpengine[2201]: INFO: [c1792e8aa3a34616@ims.mnc070.mcc999.3gpp.network.org]: Creating new call, offer received, 2 media ports allocated
Jul  6 17:44:47 ims rtpengine[2201]: INFO: [f6aaf7b830704e80@ims.mnc070.mcc999.3gpp.network.org]: Creating new call, offer received, 2 media ports allocated
Jul  6 17:44:56 ims rtpengine[2201]: INFO: [c1792e8aa3a34616@ims.mnc070.mcc999.3gpp.network.org]: Final stats: 1798 packets, 0.6% loss, MOS 4.1
Jul  6 17:45:12 ims rtpengine[2201]: INFO: [18884ca421984663@ims.mnc070.mcc999.3gpp.network.org]: Creating new call, offer received, 2 media ports allocated
Jul  6 17:45:38 ims rtpengine[2201]: INFO: [f6aaf7b830704e80@ims.mnc070.mcc999.3gpp.network.org]: Final stats: 2568 packets, 0.0% loss, MOS 4.5
Jul  6 17:46:20 ims rtpengine[2201]: INFO: [25a5a68a02f74596@ims.mnc070.mcc999.3gpp.network.org]: Creating new call, offer received, 2 media ports allocated
Jul  6 17:46:32 ims rtpengine[2201]: INFO: [75c7bbb665b942d1@ims.mnc070.mcc999.3gpp.network.org]: Creating new call, offer received, 2 media ports allocated
Jul  6 17:47:47 ims rtpengine[2201]: INFO: [25a5a68a02f74596@ims.mnc070.mcc999.3gpp.network.org]: Final stats: 4344 packets, 2.3% loss, MOS 3.7
Jul  6 17:50:24 ims rtpengine[2201]: INFO: [75c7bbb665b942d1@ims.mnc070.mcc999.3gpp.network.org]: Final stats: 11620 packets, 0.9% loss, MOS 4.3
Jul  6 17:50:28 ims rtpengine[2201]: INFO: [1be51662f87a4c9e@ims.mnc070.mcc999.3gpp.network.org]: Creating new call, offer received, 2 media ports allocated
Jul  6 17:52:45 ims rtpengine[2201]: INFO: [1be51662f87a4c9e@ims.mnc070.mcc999.3gpp.network.org]: Final stats: 6819 packets, 0.0% loss, MOS 4.5
Jul  6 17:52:55 ims rtpengine[2201]: INFO: [0ed7d1a74ab84616@ims.mnc070.mcc999.3gpp.network.org]: Creating new call, offer received, 2 media ports allocated
Jul  6 17:52:55 ims rtpengine[2201]: INFO: [0ed7d1a74ab84616@ims.mnc070.mcc999.3gpp.network.org]: Deleting call, no media flowed
Jul  6 17:53:14 ims rtpengine[2201]: INFO: [9622020017154d2b@ims.mnc070.mcc999.3gpp.network.org]: Creating new call, offer received, 2 media ports allocated
Jul  6 17:54:22 ims rtpengine[2201]: INFO: [9622020017154d2b@ims.mnc070.mcc999.3gpp.network.org]: Final stats: 3382 packets, 0.0% loss, MOS 4.5
Jul  6 17:55:35 ims rtpengine[2201]: INFO: [925b6174114f439f@ims.mnc070.mcc999.3gpp.network.org]: Creating new call, offer received, 2 media ports allocated
Jul  6 17:55:40 ims rtpengine[2201]: INFO: [925b6174114f439f@ims.mnc070.mcc999.3gpp.network.org]: Final stats: 222 packets, 0.3% loss, MOS 4.5
Jul  6 17:55:53 ims rtpengine[2201]: INFO: [85ccc4c895de4156@ims.mnc070.mcc999.3gpp.network.org]: Creating new call, offer received, 2 media ports allocated
Jul  6 17:57:14 ims rtpengine[2201]: INFO: [85ccc4c895de4156@ims.mnc070.mcc999.3gpp.network.org]: Final stats: 4061 packets, 0.5% loss, MOS 4.3
Jul  6 17:59:29 ims rtpengine[2201]: INFO: [94462aca02d341bc@ims.mnc070.mcc999.3gpp.network.org]: Creating new call, offer received, 2 media ports allocated
Jul  6 17:59:29 ims rtpengine[2201]: INFO: [94462aca02d341bc@ims.mnc070.mcc999.3gpp.network.org]: Deleting call, no media flowed
Jul  6 18:01:26 ims rtpengine[2201]: INFO: [0d56e56ff17a47c4@ims.mnc070.mcc999.3gpp.network.org]: Creating new call, offer received, 2 media ports allocated
Jul  6 18:02:08 ims rtpengine[2201]: INFO: [18884ca421984663@ims.mnc070.mcc999.3gpp.network.org]: Final stats: 50778 packets, 0.0% loss, MOS 4.1
Jul  6 18:02:29 ims rtpengine[2201]: INFO: [0d56e56ff17a47c4@ims.mnc070.mcc999.3gpp.network.org]: Final stats: 3132 packets, 0.9% loss, MOS 4.3
Jul  6 18:02:39 ims rtpengine[2201]: INFO: [ce276042be4942b9@ims.mnc070.mcc999.3gpp.network.org]: Creating new call, offer received, 2 media ports allocated
Jul  6 18:03:13 ims rtpengine[2201]: INFO: [252a0f5b4edf46c1@ims.mnc070.mcc999.3gpp.network.org]: Creating new call, offer received, 2 media ports allocated
Jul  6 18:04:27 ims rtpengine[2201]: INFO: [252a0f5b4edf46c1@ims.mnc070.mcc999.3gpp.network.org]: Final stats: 3669 packets, 1.9% loss, MOS 4.1
Jul  6 18:06:00 ims rtpengine[2201]: INFO: [82a0a791ded5401d@ims.mnc070.mcc999.3gpp.network.org]: Creating new call, offer received, 2 media ports allocated
Jul  6 18:06:01 ims rtpengine[2201]: INFO: [82a0a791ded5401d@ims.mnc070.mcc999.3gpp.network.org]: Final stats: 21 packets, 0.0% loss, MOS 4.5
Jul  6 18:06:33 ims rtpengine[2201]: INFO: [ce276042be4942b9@ims.mnc070.mcc999.3gpp.network.org]: Final stats: 11709 packets, 0.3% loss, MOS 4.5
Jul  6 18:06:35 ims rtpengine[2201]: INFO: [a032aecdc7a646fb@ims.mnc070.mcc999.3gpp.network.org]: Creating new call, offer received, 2 media ports allocated
Jul  6 18:07:45 ims rtpengine[2201]: INFO: [a032aecdc7a646fb@ims.mnc070.mcc999.3gpp.network.org]: Final stats: 3502 packets, 0.7% loss, MOS 4.0
Jul  6 18:08:14 ims rtpengine[2201]: INFO: [5bbf56e712c047f3@ims.mnc070.mcc999.3gpp.network.org]: Creating new call, offer received, 2 media ports allocated
Jul  6 18:09:11 ims rtpengine[2201]: INFO: [58ac3a50bedd4b30@ims.mnc070.mcc999.3gpp.network.org]: Creating new call, offer received, 2 media ports allocated
Jul  6 18:09:11 ims rtpengine[2201]: INFO: [58ac3a50bedd4b30@ims.mnc070.mcc999.3gpp.network.org]: Deleting call, no media flowed
Jul  6 18:09:58 ims rtpengine[2201]: INFO: [42aa2409636747b6@ims.mnc070.mcc999.3gpp.network.org]: Creating new call, offer received, 2 media ports allocated
Jul  6 18:10:00 ims rtpengine[2201]: INFO: [5bbf56e712c047f3@ims.mnc070.mcc999.3gpp.network.org]: Final stats: 5299 packets, 0.0% loss, MOS 4.3
Jul  6 18:10:06 ims rtpengine[2201]: INFO: [42aa2409636747b6@ims.mnc070.mcc999.3gpp.network.org]: Final stats: 410 packets, 1.5% loss, MOS 3.9
Jul  6 18:11:45 ims rtpengine[2201]: INFO: [98d59218e8644d46@ims.mnc070.mcc999.3gpp.network.org]: Creating new call, offer received, 2 media ports allocated
Jul  6 18:11:45 ims rtpengine[2201]: INFO: [98d59218e8644d46@ims.mnc070.mcc999.3gpp.network.org]: Deleting call, no media flowed
Jul  6 18:14:13 ims rtpengine[2201]: INFO: [bcedd52163a14d2f@ims.mnc070.mcc999.3gpp.network.org]: Creating new call, offer received, 2 media ports allocated
Jul  6 18:14:55 ims rtpengine[2201]: INFO: [bcedd52163a14d2f@ims.mnc070.mcc999.3gpp.network.org]: Final stats: 2091 packets, 0.0% loss, MOS 4.5
Jul  6 18:17:02 ims rtpengine[2201]: INFO: [8b020843cf2447f1@ims.mnc070.mcc999.3gpp.network.org]: Creating new call, offer received, 2 media ports allocated
Jul  6 18:17:52 ims rtpengine[2201]: INFO: [8b020843cf2447f1@ims.mnc070.mcc999.3gpp.network.org]: Final stats: 2514 packets, 0.1% loss, MOS 4.3
Jul  6 18:19:35 ims rtpengine[2201]: INFO: [e3b9cd6d0e72437e@ims.mnc070.mcc999.3gpp.network.org]: Creating new call, offer received, 2 media ports allocated
Jul  6 18:21:47 ims rtpengine[2201]: INFO: [e3b9cd6d0e72437e@ims.mnc070.mcc999.3gpp.network.org]: Final stats: 6596 packets, 0.3% loss, MOS 4.3
Jul  6 18:21:49 ims rtpengine[2201]: INFO: [b47a538ca0024baa@ims.mnc070.mcc999.3gpp.network.org]: Creating new call, offer received, 2 media ports allocated
Jul  6 18:22:35 ims rtpengine[2201]: INFO: [da721a89704d4672@ims.mnc070.mcc999.3gpp.network.org]: Creating new call, offer received, 2 media ports allocated
Jul  6 18:22:35 ims rtpengine[2201]: INFO: [da721a89704d4672@ims.mnc070.mcc999.3gpp.network.org]: Deleting call, no media flowed
Jul  6 18:23:32 ims rtpengine[2201]: INFO: [33a33805352b4f7a@ims.mnc070.mcc999.3gpp.network.org]: Creating new call, offer received, 2 media ports allocated
Jul  6 18:24:02 ims rtpengine[2201]: INFO: [932eefde61ba4dbb@ims.mnc070.mcc999.3gpp.network.org]: Creating new call, offer received, 2 media ports allocated
Jul  6 18:24:39 ims rtpengine[2201]: INFO: [6035975946474c17@ims.mnc070.mcc999.3gpp.network.org]: Creating new call, offer received, 2 media ports allocated
Jul  6 18:24:54 ims rtpengine[2201]: INFO: [6035975946474c17@ims.mnc070.mcc999.3gpp.network.org]: Final stats: 730 packets, 0.3% loss, MOS 4.2
Jul  6 18:24:58 ims rtpengine[2201]: INFO: [932eefde61ba4dbb@ims.mnc070.mcc999.3gpp.network.org]: Final stats: 2800 packets, 0.5% loss, MOS 4.5
Jul  6 18:26:24 ims rtpengine[2201]: INFO: [d6f561ba4ac848a6@ims.mnc070.mcc999.3gpp.network.org]: Creating new call, offer received, 2 media ports allocated
Jul  6 18:27:14 ims rtpengine[2201]: INFO: [b47a538ca0024baa@ims.mnc070.mcc999.3gpp.network.org]: Final stats: 16217 packets, 0.5% loss, MOS 4.5
Jul  6 18:27:30 ims rtpengine[2201]: INFO: [0492f1b5f5554085@ims.mnc070.mcc999.3gpp.network.org]: Creating new call, offer received, 2 media ports allocated
Jul  6 18:28:06 ims rtpengine[2201]: INFO: [d6f561ba4ac848a6@ims.mnc070.mcc999.3gpp.network.org]: Final stats: 5094 packets, 0.2% loss, MOS 4.5
Jul  6 18:28:08 ims rtpengine[2201]: INFO: [0492f1b5f5554085@ims.mnc070.mcc999.3gpp.network.org]: Final stats: 1897 packets, 0.3% loss, MOS 4.5
Jul  6 18:28:26 ims rtpengine[2201]: INFO: [33a33805352b4f7a@ims.mnc070.mcc999.3gpp.network.org]: Final stats: 14680 packets, 0.0% loss, MOS 4.5
Jul  6 18:29:23 ims rtpengine[2201]: INFO: [e54d22b111394097@ims.mnc070.mcc999.3gpp.network.org]: Creating new call, offer received, 2 media ports allocated
Jul  6 18:29:51 ims rtpengine[2201]: INFO: [71e58a4008164c8c@ims.mnc070.mcc999.3gpp.network.org]: Creating new call, offer received, 2 media ports allocated
Jul  6 18:29:51 ims rtpengine[2201]: INFO: [71e58a4008164c8c@ims.mnc070.mcc999.3gpp.network.org]: Deleting call, no media flowed
Jul  6 18:31:02 ims rtpengine[2201]: INFO: [6cf50d33a3aa4188@ims.mnc070.mcc999.3gpp.network.org]: Creating new call, offer received, 2 media ports allocated
Jul  6 18:31:05 ims rtpengine[2201]: INFO: [e54d22b111394097@ims.mnc070.mcc999.3gpp.network.org]: Final stats: 5096 packets, 1.1% loss, MOS 4.1
Jul  6 18:32:04 ims rtpengine[2201]: INFO: [6cf50d33a3aa4188@ims.mnc070.mcc999.3gpp.network.org]: Final stats: 3099 packets, 1.0% loss, MOS 4.2
Jul  6 18:34:15 ims rtpengine[2201]: INFO: [15acf405f8a54a1d@ims.mnc070.mcc999.3gpp.network.org]: Creating new call, offer received, 2 media ports allocated
Jul  6 18:35:58 ims rtpengine[2201]: INFO: [ee101c3269a5465f@ims.mnc070.mcc999.3gpp.network.org]: Creating new call, offer received, 2 media ports allocated
Jul  6 18:36:11 ims rtpengine[2201]: INFO: [3942c6431b70498d@ims.mnc070.mcc999.3gpp.network.org]: Creating new call, offer received, 2 media ports allocated
Jul  6 18:36:22 ims rtpengine[2201]: INFO: [3942c6431b70498d@ims.mnc070.mcc999.3gpp.network.org]: Final stats: 532 packets, 0.0% loss, MOS 4.3
Jul  6 18:37:12 ims rtpengine[2201]: INFO: [6ed943cb20c94ef0@ims.mnc070.mcc999.3gpp.network.org]: Creating new call, offer received, 2 media ports allocated
Jul  6 18:39:29 ims rtpengine[2201]: INFO: [15acf405f8a54a1d@ims.mnc070.mcc999.3gpp.network.org]: Final stats: 15700 packets, 0.5% loss, MOS 4.5
Jul  6 18:41:27 ims rtpengine[2201]: INFO: [21ccbda3afae4dcf@ims.mnc070.mcc999.3gpp.network.org]: Creating new call, offer received, 2 media ports allocated
Jul  6 18:41:27 ims rtpengine[2201]: INFO: [21ccbda3afae4dcf@ims.mnc070.mcc999.3gpp.network.org]: Deleting call, no media flowed
Jul  6 18:41:32 ims rtpengine[2201]: INFO: [a3f3044ec1624bba@ims.mnc070.mcc999.3gpp.network.org]: Creating new call, offer received, 2 media ports allocated
Jul  6 18:43:30 ims rtpengine[2201]: INFO: [6ed943cb20c94ef0@ims.mnc070.mcc999.3gpp.network.org]: Final stats: 18929 packets, 0.0% loss, MOS 4.4
Jul  6 18:44:10 ims rtpengine[2201]: INFO: [ee101c3269a5465f@ims.mnc070.mcc999.3gpp.network.org]: Final stats: 24603 packets, 0.1% loss, MOS 4.2
Jul  6 18:45:20 ims rtpengine[2201]: INFO: [d7a391eeab594b5b@ims.mnc070.mcc999.3gpp.network.org]: Creating new call, offer received, 2 media ports allocated
Jul  6 18:45:45 ims rtpengine[2201]: INFO: [a3f3044ec1624bba@ims.mnc070.mcc999.3gpp.network.org]: Final stats: 12659 packets, 0.0% loss, MOS 4.5
Jul  6 18:48:02 ims rtpengine[2201]: INFO: [d7a391eeab594b5b@ims.mnc070.mcc999.3gpp.network.org]: Final stats: 8085 packets, 0.2% loss, MOS 4.2
Jul  6 18:48:18 ims rtpengine[2201]: INFO: [dae0e3bd01534a24@ims.mnc070.mcc999.3gpp.network.org]: Creating new call, offer received, 2 media ports allocated
Jul  6 18:48:54 ims rtpengine[2201]: INFO: [ce090b255cc34944@ims.mnc070.mcc999.3gpp.network.org]: Creating new call, offer received, 2 media ports allocated
Jul  6 18:49:32 ims rtpengine[2201]: INFO: [dae0e3bd01534a24@ims.mnc070.mcc999.3gpp.network.org]: Final stats: 3733 packets, 0.2% loss, MOS 4.3
Jul  6 18:54:03 ims rtpengine[2201]: INFO: [ce090b255cc34944@ims.mnc070.mcc999.3gpp.network.org]: Final stats: 15448 packets, 0.1% loss, MOS 4.3
Jul  6 18:54:10 ims rtpengine[2201]: INFO: [c99459da8358453a@ims.mnc070.mcc999.3gpp.network.org]: Creating new call, offer received, 2 media ports allocated
Jul  6 18:54:10 ims rtpengine[2201]: INFO: [c99459da8358453a@ims.mnc070.mcc999.3gpp.network.org]: Deleting call, no media flowed
Jul  6 18:55:41 ims rtpengine[2201]: INFO: [bb0736df774d4dbf@ims.mnc070.mcc999.3gpp.network.org]: Creating new call, offer received, 2 media ports allocated
Jul  6 18:55:41 ims rtpengine[2201]: INFO: [bb0736df774d4dbf@ims.mnc070.mcc999.3gpp.network.org]: Deleting call, no media flowed
Jul  6 18:56:25 ims rtpengine[2201]: INFO: [f3b7f00e9d464e63@ims.mnc070.mcc999.3gpp.network.org]: Creating new call, offer received, 2 media ports allocated
Jul  6 18:57:37 ims rtpengine[2201]: INFO: [f3b7f00e9d464e63@ims.mnc070.mcc999.3gpp.network.org]: Final stats: 3608 packets, 0.1% loss, MOS 4.4
Jul  6 18:58:53 ims rtpengine[2201]: INFO: [4e69be146523401a@ims.mnc070.mcc999.3gpp.network.org]: Creating new call, offer received, 2 media ports allocated
Jul  6 19:00:46 ims rtpengine[2201]: INFO: [e9b1e3f12a3b44f8@ims.mnc070.mcc999.3gpp.network.org]: Creating new call, offer received, 2 media ports allocated
Jul  6 19:01:31 ims rtpengine[2201]: INFO: [7bdbcccef93347f8@ims.mnc070.mcc999.3gpp.network.org]: Creating new call, offer received, 2 media ports allocated
Jul  6 19:02:56 ims rtpengine[2201]: INFO: [7bdbcccef93347f8@ims.mnc070.mcc999.3gpp.network.org]: Final stats: 4261 packets, 1.2% loss, MOS 4.1
Jul  6 19:05:00 ims rtpengine[2201]: INFO: [e9b1e3f12a3b44f8@ims.mnc070.mcc999.3gpp.network.org]: Final stats: 12700 packets, 0.9% loss, MOS 4.0
Jul  6 19:05:02 ims rtpengine[2201]: INFO: [329447894fdd425d@ims.mnc070.mcc999.3gpp.network.org]: Creating new call, offer received, 2 media ports allocated
Jul  6 19:06:41 ims rtpengine[2201]: INFO: [4e69be146523401a@ims.mnc070.mcc999.3gpp.network.org]: Final stats: 23374 packets, 0.7% loss, MOS 4.0
Jul  6 19:06:59 ims rtpengine[2201]: INFO: [329447894fdd425d@ims.mnc070.mcc999.3gpp.network.org]: Final stats: 5877 packets, 1.1% loss, MOS 4.0
Jul  6 19:07:08 ims rtpengine[2201]: INFO: [5141d26245a94e7d@ims.mnc070.mcc999.3gpp.network.org]: Creating new call, offer received, 2 media ports allocated
Jul  6 19:07:09 ims rtpengine[2201]: INFO: [89a20663fb9d43c6@ims.mnc070.mcc999.3gpp.network.org]: Creating new call, offer received, 2 media ports allocated
Jul  6 19:07:29 ims rtpengine[2201]: INFO: [d5b386936bb0452f@ims.mnc070.mcc999.3gpp.network.org]: Creating new call, offer received, 2 media ports allocated
Jul  6 19:07:29 ims rtpengine[2201]: INFO: [d5b386936bb0452f@ims.mnc070.mcc999.3gpp.network.org]: Deleting call, no media flowed
Jul  6 19:08:50 ims rtpengine[2201]: INFO: [5141d26245a94e7d@ims.mnc070.mcc999.3gpp.network.org]: Final stats: 5099 packets, 0.5% loss, MOS 3.9
Jul  6 19:09:06 ims rtpengine[2201]: INFO: [89a20663fb9d43c6@ims.mnc070.mcc999.3gpp.network.org]: Final stats: 5826 packets, 1.4% loss, MOS 4.2
Jul  6 19:09:29 ims rtpengine[2201]: INFO: [915a42b6480748f1@ims.mnc070.mcc999.3gpp.network.org]: Creating new call, offer received, 2 media ports allocated
Jul  6 19:09:29 ims rtpengine[2201]: INFO: [915a42b6480748f1@ims.mnc070.mcc999.3gpp.network.org]: Deleting call, no media flowed
Jul  6 19:09:53 ims rtpengine[2201]: INFO: [864e780e240a4e18@ims.mnc070.mcc999.3gpp.network.org]: Creating new call, offer received, 2 media ports allocated
Jul  6 19:10:11 ims rtpengine[2201]: INFO: [f94f66d212b84dd3@ims.mnc070.mcc999.3gpp.network.org]: Creating new call, offer received, 2 media ports allocated
Jul  6 19:11:15 ims rtpengine[2201]: INFO: [f94f66d212b84dd3@ims.mnc070.mcc999.3gpp.network.org]: Final stats: 3192 packets, 0.1% loss, MOS 4.5
Jul  6 19:12:11 ims rtpengine[2201]: INFO: [5ef0479e8d324694@ims.mnc070.mcc999.3gpp.network.org]: Creating new call, offer received, 2 media ports allocated
Jul  6 19:13:34 ims rtpengine[2201]: INFO: [864e780e240a4e18@ims.mnc070.mcc999.3gpp.network.org]: Final stats: 11056 packets, 0.0% loss, MOS 4.5
Jul  6 19:13:59 ims rtpengine[2201]: INFO: [740f8f6cf4074d03@ims.mnc070.mcc999.3gpp.network.org]: Creating new call, offer received, 2 media ports allocated
Jul  6 19:14:18 ims rtpengine[2201]: INFO: [d086835265cc4bb4@ims.mnc070.mcc999.3gpp.network.org]: Creating new call, offer received, 2 media ports allocated
Jul  6 19:14:24 ims rtpengine[2201]: INFO: [5ef0479e8d324694@ims.mnc070.mcc999.3gpp.network.org]: Final stats: 6658 packets, 1.1% loss, MOS 4.0
Jul  6 19:14:40 ims rtpengine[2201]: INFO: [740f8f6cf4074d03@ims.mnc070.mcc999.3gpp.network.org]: Final stats: 2028 packets, 0.2% loss, MOS 4.4
Jul  6 19:15:11 ims rtpengine[2201]: INFO: [d5e821923286401b@ims.mnc070.mcc999.3gpp.network.org]: Creating new call, offer received, 2 media ports allocated
Jul  6 19:15:12 ims rtpengine[2201]: INFO: [d5e821923286401b@ims.mnc070.mcc999.3gpp.network.org]: Final stats: 50 packets, 0.8% loss, MOS 4.2
Jul  6 19:15:53 ims rtpengine[2201]: INFO: [d086835265cc4bb4@ims.mnc070.mcc999.3gpp.network.org]: Final stats: 4710 packets, 1.4% loss, MOS 4.1
Jul  6 19:16:18 ims rtpengine[2201]: INFO: [da4ca796a88c4c7b@ims.mnc070.mcc999.3gpp.network.org]: Creating new call, offer received, 2 media ports allocated
Jul  6 19:19:03 ims rtpengine[2201]: INFO: [d4a0c6a6945d4325@ims.mnc070.mcc999.3gpp.network.org]: Creating new call, offer received, 2 media ports allocated
Jul  6 19:20:08 ims rtpengine[2201]: INFO: [8a58f9fbc02f4ff0@ims.mnc070.mcc999.3gpp.network.org]: Creating new call, offer received, 2 media ports allocated
Jul  6 19:20:47 ims rtpengine[2201]: INFO: [8a58f9fbc02f4ff0@ims.mnc070.mcc999.3gpp.network.org]: Final stats: 1945 packets, 0.0% loss, MOS 4.5
Jul  6 19:20:52 ims rtpengine[2201]: INFO: [a1e337a900544b31@ims.mnc070.mcc999.3gpp.network.org]: Creating new call, offer received, 2 media ports allocated
Jul  6 19:21:19 ims rtpengine[2201]: INFO: [a1e337a900544b31@ims.mnc070.mcc999.3gpp.network.org]: Final stats: 1335 packets, 0.0% loss, MOS 4.5
Jul  6 19:21:25 ims rtpengine[2201]: INFO: [ffe665ef02454bf5@ims.mnc070.mcc999.3gpp.network.org]: Creating new call, offer received, 2 media ports allocated
Jul  6 19:21:52 ims rtpengine[2201]: INFO: [d4a0c6a6945d4325@ims.mnc070.mcc999.3gpp.network.org]: Final stats: 8450 packets, 0.5% loss, MOS 4.2
Jul  6 19:22:23 ims rtpengine[2201]: INFO: [f6c993b71d904516@ims.mnc070.mcc999.3gpp.network.org]: Creating new call, offer received, 2 media ports allocated
Jul  6 19:22:30 ims rtpengine[2201]: INFO: [f6c993b71d904516@ims.mnc070.mcc999.3gpp.network.org]: Final stats: 319 packets, 0.0% loss, MOS 4.5
Jul  6 19:23:00 ims rtpengine[2201]: INFO: [da4ca796a88c4c7b@ims.mnc070.mcc999.3gpp.network.org]: Final stats: 20100 packets, 0.6% loss, MOS 4.4
Jul  6 19:25:34 ims rtpengine[2201]: INFO: [ffe665ef02454bf5@ims.mnc070.mcc999.3gpp.network.org]: Final stats: 12431 packets, 0.0% loss, MOS 4.2
Jul  6 19:33:02 ims rtpengine[2201]: INFO: [32bbdad81f644c08@ims.mnc070.mcc999.3gpp.network.org]: Creating new call, offer received, 2 media ports allocated
Jul  6 19:36:06 ims rtpengine[2201]: INFO: [db36f66c3aa34fcc@ims.mnc070.mcc999.3gpp.network.org]: Creating new call, offer received, 2 media ports allocated
Jul  6 19:36:12 ims rtpengine[2201]: INFO: [db36f66c3aa34fcc@ims.mnc070.mcc999.3gpp.network.org]: Final stats: 292 packets, 0.0% loss, MOS 4.5
Jul  6 19:36:20 ims rtpengine[2201]: INFO: [32bbdad81f644c08@ims.mnc070.mcc999.3gpp.network.org]: Final stats: 9929 packets, 0.0% loss, MOS 4.5
Jul  6 19:37:20 ims rtpengine[2201]: INFO: [a1aea76cbfed4c87@ims.mnc070.mcc999.3gpp.network.org]: Creating new call, offer received, 2 media ports allocated
Jul  6 19:39:05 ims rtpengine[2201]: INFO: [a1aea76cbfed4c87@ims.mnc070.mcc999.3gpp.network.org]: Final stats: 5245 packets, 0.5% loss, MOS 4.2
Jul  6 19:40:08 ims rtpengine[2201]: INFO: [113e12745adf4790@ims.mnc070.mcc999.3gpp.network.org]: Creating new call, offer received, 2 media ports allocated
Jul  6 19:42:15 ims rtpengine[2201]: INFO: [0bdebbcbc3d54d45@ims.mnc070.mcc999.3gpp.network.org]: Creating new call, offer received, 2 media ports allocated
Jul  6 19:43:28 ims rtpengine[2201]: INFO: [5f8d2f9df5654794@ims.mnc070.mcc999.3gpp.network.org]: Creating new call, offer received, 2 media ports allocated
Jul  6 19:43:53 ims rtpengine[2201]: INFO: [113e12745adf4790@ims.mnc070.mcc999.3gpp.network.org]: Final stats: 11277 packets, 0.2% loss, MOS 4.3
Jul  6 19:43:54 ims rtpengine[2201]: INFO: [5f8d2f9df5654794@ims.mnc070.mcc999.3gpp.network.org]: Final stats: 1267 packets, 0.0% loss, MOS 4.5
Jul  6 19:43:56 ims rtpengine[2201]: INFO: [0bdebbcbc3d54d45@ims.mnc070.mcc999.3gpp.network.org]: Final stats: 5026 packets, 0.4% loss, MOS 4.1
Jul  6 19:44:01 ims rtpengine[2201]: INFO: [c35a8d2a9d8841b1@ims.mnc070.mcc999.3gpp.network.org]: Creating new call, offer received, 2 media ports allocated
Jul  6 19:44:19 ims rtpengine[2201]: INFO: [b04ea98320724e05@ims.mnc070.mcc999.3gpp.network.org]: Creating new call, offer received, 2 media ports allocated
Jul  6 19:45:04 ims rtpengine[2201]: INFO: [0b3e1c7baaa04220@ims.mnc070.mcc999.3gpp.network.org]: Creating new call, offer received, 2 media ports allocated
Jul  6 19:45:26 ims rtpengine[2201]: INFO: [b04ea98320724e05@ims.mnc070.mcc999.3gpp.network.org]: Final stats: 3359 packets, 0.0% loss, MOS 4.3
Jul  6 19:45:52 ims rtpengine[2201]: INFO: [c35a8d2a9d8841b1@ims.mnc070.mcc999.3gpp.network.org]: Final stats: 5513 packets, 1.5% loss, MOS 4.0
Jul  6 19:46:25 ims rtpengine[2201]: INFO: [0b3e1c7baaa04220@ims.mnc070.mcc999.3gpp.network.org]: Final stats: 4056 packets, 0.5% loss, MOS 4.0
Jul  6 19:48:13 ims rtpengine[2201]: INFO: [0a3ab934f24e4756@ims.mnc070.mcc999.3gpp.network.org]: Creating new call, offer received, 2 media ports allocated
Jul  6 19:48:32 ims rtpengine[2201]: INFO: [53ad993327864a51@ims.mnc070.mcc999.3gpp.network.org]: Creating new call, offer received, 2 media ports allocated
Jul  6 19:48:47 ims rtpengine[2201]: INFO: [0a3ab934f24e4756@ims.mnc070.mcc999.3gpp.network.org]: Final stats: 1675 packets, 0.0% loss, MOS 4.4
Jul  6 19:49:05 ims rtpengine[2201]: INFO: [53ad993327864a51@ims.mnc070.mcc999.3gpp.network.org]: Final stats: 1658 packets, 0.0% loss, MOS 4.5
Jul  6 19:50:19 ims rtpengine[2201]: INFO: [e57f4cdd2b094a1a@ims.mnc070.mcc999.3gpp.network.org]: Creating new call, offer received, 2 media ports allocated
Jul  6 19:52:42 ims rtpengine[2201]: INFO: [c3ccd7f530ea4cf4@ims.mnc070.mcc999.3gpp.network.org]: Creating new call, offer received, 2 media ports allocated
Jul  6 19:54:29 ims rtpengine[2201]: INFO: [0a3ff8f94bd644be@ims.mnc070.mcc999.3gpp.network.org]: Creating new call, offer received, 2 media ports allocated
Jul  6 19:57:35 ims rtpengine[2201]: INFO: [2d277f3cac774e01@ims.mnc070.mcc999.3gpp.network.org]: Creating new call, offer received, 2 media ports allocated
Jul  6 19:57:35 ims rtpengine[2201]: INFO: [ef20f60e01944c76@ims.mnc070.mcc999.3gpp.network.org]: Creating new call, offer received, 2 media ports allocated
Jul  6 19:58:42 ims rtpengine[2201]: INFO: [e57f4cdd2b094a1a@ims.mnc070.mcc999.3gpp.network.org]: Final stats: 25126 packets, 0.0% loss, MOS 4.4
Jul  6 19:58:54 ims rtpengine[2201]: INFO: [0a3ff8f94bd644be@ims.mnc070.mcc999.3gpp.network.org]: Final stats: 13252 packets, 0.0% loss, MOS 4.5
Jul  6 19:59:05 ims rtpengine[2201]: INFO: [c3ccd7f530ea4cf4@ims.mnc070.mcc999.3gpp.network.org]: Final stats: 19153 packets, 0.5% loss, MOS 4.2
Jul  6 20:01:41 ims rtpengine[2201]: INFO: [2d277f3cac774e01@ims.mnc070.mcc999.3gpp.network.org]: Final stats: 12305 packets, 0.0% loss, MOS 4.5
Jul  6 20:02:14 ims rtpengine[2201]: INFO: [84fa637d68f2464e@ims.mnc070.mcc999.3gpp.network.org]: Creating new call, offer received, 2 media ports allocated
Jul  6 20:03:04 ims rtpengine[2201]: INFO: [ef20f60e01944c76@ims.mnc070.mcc999.3gpp.network.org]: Final stats: 16470 packets, 0.0% loss, MOS 4.4
Jul  6 20:06:04 ims rtpengine[2201]: INFO: [26c0db89ae4d4d44@ims.mnc070.mcc999.3gpp.network.org]: Creating new call, offer received, 2 media ports allocated
Jul  6 20:06:15 ims rtpengine[2201]: INFO: [26c0db89ae4d4d44@ims.mnc070.mcc999.3gpp.network.org]: Final stats: 538 packets, 0.1% loss, MOS 4.4
Jul  6 20:06:21 ims rtpengine[2201]: INFO: [8a0c86e1dcfd4707@ims.mnc070.mcc999.3gpp.network.org]: Creating new call, offer received, 2 media ports allocated
Jul  6 20:09:33 ims rtpengine[2201]: INFO: [84fa637d68f2464e@ims.mnc070.mcc999.3gpp.network.org]: Final stats: 21944 packets, 0.2% loss, MOS 4.4
Jul  6 20:10:26 ims rtpengine[2201]: INFO: [d4dae02f1a684d76@ims.mnc070.mcc999.3gpp.network.org]: Creating new call, offer received, 2 media ports allocated
Jul  6 20:11:00 ims rtpengine[2201]: INFO: [fe5e057bffc74a3a@ims.mnc070.mcc999.3gpp.network.org]: Creating new call, offer received, 2 media ports allocated
Jul  6 20:12:20 ims rtpengine[2201]: INFO: [4b66db1ec3624e0b@ims.mnc070.mcc999.3gpp.network.org]: Creating new call, offer received, 2 media ports allocated
Jul  6 20:13:33 ims rtpengine[2201]: INFO: [8a0c86e1dcfd4707@ims.mnc070.mcc999.3gpp.network.org]: Final stats: 21572 packets, 0.0% loss, MOS 4.4
Jul  6 20:14:37 ims rtpengine[2201]: INFO: [fe5e057bffc74a3a@ims.mnc070.mcc999.3gpp.network.org]: Final stats: 10831 packets, 0.5% loss, MOS 4.0
Jul  6 20:14:53 ims rtpengine[2201]: INFO: [4b66db1ec3624e0b@ims.mnc070.mcc999.3gpp.network.org]: Final stats: 7634 packets, 0.0% loss, MOS 4.3
Jul  6 20:17:05 ims rtpengine[2201]: INFO: [8e63b297e3744ab9@ims.mnc070.mcc999.3gpp.network.org]: Creating new call, offer received, 2 media ports allocated
Jul  6 20:17:41 ims rtpengine[2201]: INFO: [75edfc1f362749b4@ims.mnc070.mcc999.3gpp.network.org]: Creating new call, offer received, 2 media ports allocated
Jul  6 20:17:46 ims rtpengine[2201]: INFO: [75edfc1f362749b4@ims.mnc070.mcc999.3gpp.network.org]: Final stats: 230 packets, 1.2% loss, MOS 4.1
Jul  6 20:17:47 ims rtpengine[2201]: INFO: [dde7d656d2a44cd7@ims.mnc070.mcc999.3gpp.network.org]: Creating new call, offer received, 2 media ports allocated
Jul  6 20:17:47 ims rtpengine[2201]: INFO: [dde7d656d2a44cd7@ims.mnc070.mcc999.3gpp.network.org]: Deleting call, no media flowed
Jul  6 20:18:02 ims rtpengine[2201]: INFO: [d4dae02f1a684d76@ims.mnc070.mcc999.3gpp.network.org]: Final stats: 22842 packets, 0.7% loss, MOS 4.5
Jul  6 20:18:51 ims rtpengine[2201]: INFO: [ef91c6ea69004c40@ims.mnc070.mcc999.3gpp.network.org]: Creating new call, offer received, 2 media ports allocated
Jul  6 20:18:51 ims rtpengine[2201]: INFO: [ef91c6ea69004c40@ims.mnc070.mcc999.3gpp.network.org]: Deleting call, no media flowed
Jul  6 20:19:37 ims rtpengine[2201]: INFO: [8e63b297e3744ab9@ims.mnc070.mcc999.3gpp.network.org]: Final stats: 7626 packets, 0.0% loss, MOS 4.5
Jul  6 20:21:05 ims rtpengine[2201]: INFO: [b11406c8a102485c@ims.mnc070.mcc999.3gpp.network.org]: Creating new call, offer received, 2 media ports allocated
Jul  6 20:23:12 ims rtpengine[2201]: INFO: [87a0c41074ba4520@ims.mnc070.mcc999.3gpp.network.org]: Creating new call, offer received, 2 media ports allocated
Jul  6 20:23:57 ims rtpengine[2201]: INFO: [87a0c41074ba4520@ims.mnc070.mcc999.3gpp.network.org]: Final stats: 2232 packets, 0.6% loss, MOS 4.2
Jul  6 20:26:54 ims rtpengine[2201]: INFO: [b11406c8a102485c@ims.mnc070.mcc999.3gpp.network.org]: Final stats: 17472 packets, 0.2% loss, MOS 4.3
Jul  6 20:26:56 ims rtpengine[2201]: INFO: [8f444d6a45504159@ims.mnc070.mcc999.3gpp.network.org]: Creating new call, offer received, 2 media ports allocated
Jul  6 20:27:25 ims rtpengine[2201]: INFO: [8f444d6a45504159@ims.mnc070.mcc999.3gpp.network.org]: Final stats: 1459 packets, 0.0% loss, MOS 4.3
Jul  6 20:27:32 ims rtpengine[2201]: INFO: [8f9a0c335d744f53@ims.mnc070.mcc999.3gpp.network.org]: Creating new call, offer received, 2 media ports allocated
Jul  6 20:29:18 ims rtpengine[2201]: INFO: [8f9a0c335d744f53@ims.mnc070.mcc999.3gpp.network.org]: Final stats: 5300 packets, 0.0% loss, MOS 4.5
Jul  6 20:29:28 ims rtpengine[2201]: INFO: [d0e067a80e834b65@ims.mnc070.mcc999.3gpp.network.org]: Creating new call, offer received, 2 media ports allocated
Jul  6 20:30:23 ims rtpengine[2201]: INFO: [02ceffe1cc6c45cf@ims.mnc070.mcc999.3gpp.network.org]: Creating new call, offer received, 2 media ports allocated
Jul  6 20:30:38 ims rtpengine[2201]: INFO: [02ceffe1cc6c45cf@ims.mnc070.mcc999.3gpp.network.org]: Final stats: 774 packets, 0.0% loss, MOS 4.5
Jul  6 20:31:56 ims rtpengine[2201]: INFO: [d0e067a80e834b65@ims.mnc070.mcc999.3gpp.network.org]: Final stats: 7403 packets, 0.2% loss, MOS 4.3
Jul  6 20:32:11 ims rtpengine[2201]: INFO: [6c1c8386db1a4605@ims.mnc070.mcc999.3gpp.network.org]: Creating new call, offer received, 2 media ports allocated
Jul  6 20:33:00 ims rtpengine[2201]: INFO: [6c1c8386db1a4605@ims.mnc070.mcc999.3gpp.network.org]: Final stats: 2477 packets, 0.0% loss, MOS 4.3
Jul  6 20:33:47 ims rtpengine[2201]: INFO: [f70fe95c51cb4626@ims.mnc070.mcc999.3gpp.network.org]: Creating new call, offer received, 2 media ports allocated
Jul  6 20:34:19 ims rtpengine[2201]: INFO: [5ee3b43efbfd415c@ims.mnc070.mcc999.3gpp.network.org]: Creating new call, offer received, 2 media ports allocated
Jul  6 20:34:21 ims rtpengine[2201]: INFO: [5ee3b43efbfd415c@ims.mnc070.mcc999.3gpp.network.org]: Final stats: 65 packets, 0.0% loss, MOS 4.5
Jul  6 20:34:40 ims rtpengine[2201]: INFO: [f70fe95c51cb4626@ims.mnc070.mcc999.3gpp.network.org]: Final stats: 2666 packets, 0.2% loss, MOS 4.4
Jul  6 20:38:32 ims rtpengine[2201]: INFO: [175a2a8d39dd4314@ims.mnc070.mcc999.3gpp.network.org]: Creating new call, offer received, 2 media ports allocated
Jul  6 20:38:44 ims rtpengine[2201]: WARNING: [175a2a8d39dd4314@ims.mnc070.mcc999.3gpp.network.org]: media timeout, no RTP for 30s, closing call
Jul  6 20:38:44 ims rtpengine[2201]: INFO: [175a2a8d39dd4314@ims.mnc070.mcc999.3gpp.network.org]: Final stats: 607 packets, 0.0% loss, MOS 4.5
Jul  6 20:40:03 ims rtpengine[2201]: INFO: [423f230e276a427c@ims.mnc070.mcc999.3gpp.network.org]: Creating new call, offer received, 2 media ports allocated
Jul  6 20:41:00 ims rtpengine[2201]: INFO: [423f230e276a427c@ims.mnc070.mcc999.3gpp.network.org]: Final stats: 2872 packets, 0.8% loss, MOS 4.1
Jul  6 20:42:42 ims rtpengine[2201]: INFO: [da7e411d86214f3d@ims.mnc070.mcc999.3gpp.network.org]: Creating new call, offer received, 2 media ports allocated
Jul  6 20:43:15 ims rtpengine[2201]: INFO: [f38c7519a4ea41ee@ims.mnc070.mcc999.3gpp.network.org]: Creating new call, offer received, 2 media ports allocated
Jul  6 20:44:39 ims rtpengine[2201]: INFO: [da7e411d86214f3d@ims.mnc070.mcc999.3gpp.network.org]: Final stats: 5799 packets, 0.2% loss, MOS 4.5
Jul  6 20:45:10 ims rtpengine[2201]: INFO: [f38c7519a4ea41ee@ims.mnc070.mcc999.3gpp.network.org]: Final stats: 5759 packets, 0.8% loss, MOS 4.2
Jul  6 20:51:47 ims rtpengine[2201]: INFO: [559e93fda9264dc2@ims.mnc070.mcc999.3gpp.network.org]: Creating new call, offer received, 2 media ports allocated
Jul  6 20:51:47 ims rtpengine[2201]: INFO: [559e93fda9264dc2@ims.mnc070.mcc999.3gpp.network.org]: Deleting call, no media flowed
Jul  6 20:52:46 ims rtpengine[2201]: INFO: [85b7200d292f4b38@ims.mnc070.mcc999.3gpp.network.org]: Creating new call, offer received, 2 media ports allocated
Jul  6 20:52:54 ims rtpengine[2201]: INFO: [85b7200d292f4b38@ims.mnc070.mcc999.3gpp.network.org]: Final stats: 374 packets, 0.0% loss, MOS 4.5
Jul  6 20:55:08 ims rtpengine[2201]: INFO: [7ebbad90beec4ea0@ims.mnc070.mcc999.3gpp.network.org]: Creating new call, offer received, 2 media ports allocated
Jul  6 20:55:35 ims rtpengine[2201]: INFO: [7ebbad90beec4ea0@ims.mnc070.mcc999.3gpp.network.org]: Final stats: 1354 packets, 0.3% loss, MOS 4.3
Jul  6 20:57:26 ims rtpengine[2201]: INFO: [473b9eb138c44bbf@ims.mnc070.mcc999.3gpp.network.org]: Creating new call, offer received, 2 media ports allocated
Jul  6 20:57:26 ims rtpengine[2201]: INFO: [473b9eb138c44bbf@ims.mnc070.mcc999.3gpp.network.org]: Deleting call, no media flowed
Jul  6 20:57:31 ims rtpengine[2201]: INFO: [fc23f71010f944b7@ims.mnc070.mcc999.3gpp.network.org]: Creating new call, offer received, 2 media ports allocated
Jul  6 20:57:37 ims rtpengine[2201]: INFO: [fc23f71010f944b7@ims.mnc070.mcc999.3gpp.network.org]: Final stats: 298 packets, 0.0% loss, MOS 4.5
Jul  6 20:58:44 ims rtpengine[2201]: INFO: [9e08f99fd1444a8a@ims.mnc070.mcc999.3gpp.network.org]: Creating new call, offer received, 2 media ports allocated
Jul  6 21:02:58 ims rtpengine[2201]: INFO: [ca7ceeafd61e41f5@ims.mnc070.mcc999.3gpp.network.org]: Creating new call, offer received, 2 media ports allocated
Jul  6 21:03:00 ims rtpengine[2201]: INFO: [ca7ceeafd61e41f5@ims.mnc070.mcc999.3gpp.network.org]: Final stats: 105 packets, 0.0% loss, MOS 4.5
Jul  6 21:03:36 ims rtpengine[2201]: INFO: [7a83f847780a4303@ims.mnc070.mcc999.3gpp.network.org]: Creating new call, offer received, 2 media ports allocated
Jul  6 21:05:23 ims rtpengine[2201]: INFO: [9e08f99fd1444a8a@ims.mnc070.mcc999.3gpp.network.org]: Final stats: 19963 packets, 0.0% loss, MOS 4.3
Jul  6 21:07:00 ims rtpengine[2201]: INFO: [2db88f8ef6ea4889@ims.mnc070.mcc999.3gpp.network.org]: Creating new call, offer received, 2 media ports allocated
Jul  6 21:07:13 ims rtpengine[2201]: INFO: [2db88f8ef6ea4889@ims.mnc070.mcc999.3gpp.network.org]: Final stats: 646 packets, 0.6% loss, MOS 4.3
Jul  6 21:07:44 ims rtpengine[2201]: INFO: [183e9d00c75849e1@ims.mnc070.mcc999.3gpp.network.org]: Creating new call, offer received, 2 media ports allocated
Jul  6 21:08:45 ims rtpengine[2201]: INFO: [183e9d00c75849e1@ims.mnc070.mcc999.3gpp.network.org]: Final stats: 3038 packets, 0.0% loss, MOS 4.5
Jul  6 21:09:18 ims rtpengine[2201]: INFO: [6861c05d789143ae@ims.mnc070.mcc999.3gpp.network.org]: Creating new call, offer received, 2 media ports allocated
Jul  6 21:09:18 ims rtpengine[2201]: INFO: [6861c05d789143ae@ims.mnc070.mcc999.3gpp.network.org]: Deleting call, no media flowed
Jul  6 21:10:28 ims rtpengine[2201]: INFO: [7a79fc5b3e534d88@ims.mnc070.mcc999.3gpp.network.org]: Creating new call, offer received, 2 media ports allocated
Jul  6 21:10:45 ims rtpengine[2201]: INFO: [7a83f847780a4303@ims.mnc070.mcc999.3gpp.network.org]: Final stats: 21448 packets, 0.3% loss, MOS 4.3
Jul  6 21:11:25 ims rtpengine[2201]: INFO: [7a79fc5b3e534d88@ims.mnc070.mcc999.3gpp.network.org]: Final stats: 2831 packets, 0.5% loss, MOS 4.2
Jul  6 21:12:49 ims rtpengine[2201]: INFO: [75a50fb8d65b4106@ims.mnc070.mcc999.3gpp.network.org]: Creating new call, offer received, 2 media ports allocated
Jul  6 21:12:58 ims rtpengine[2201]: INFO: [75a50fb8d65b4106@ims.mnc070.mcc999.3gpp.network.org]: Final stats: 474 packets, 0.0% loss, MOS 4.5
Jul  6 21:14:18 ims rtpengine[2201]: INFO: [4d1bf0b3cdcb4613@ims.mnc070.mcc999.3gpp.network.org]: Creating new call, offer received, 2 media ports allocated
Jul  6 21:15:39 ims rtpengine[2201]: INFO: [3ba0d99cdfb44c71@ims.mnc070.mcc999.3gpp.network.org]: Creating new call, offer received, 2 media ports allocated
Jul  6 21:15:39 ims rtpengine[2201]: INFO: [3ba0d99cdfb44c71@ims.mnc070.mcc999.3gpp.network.org]: Deleting call, no media flowed
Jul  6 21:15:57 ims rtpengine[2201]: INFO: [4d1bf0b3cdcb4613@ims.mnc070.mcc999.3gpp.network.org]: Final stats: 4943 packets, 0.0% loss, MOS 4.5
Jul  6 21:17:55 ims rtpengine[2201]: INFO: [3c947f8e1d08480f@ims.mnc070.mcc999.3gpp.network.org]: Creating new call, offer received, 2 media ports allocated
Jul  6 21:21:09 ims rtpengine[2201]: INFO: [3c947f8e1d08480f@ims.mnc070.mcc999.3gpp.network.org]: Final stats: 9702 packets, 0.0% loss, MOS 4.5
Jul  6 21:22:12 ims rtpengine[2201]: INFO: [59fe82c016354ee3@ims.mnc070.mcc999.3gpp.network.org]: Creating new call, offer received, 2 media ports allocated
Jul  6 21:22:12 ims rtpengine[2201]: INFO: [59fe82c016354ee3@ims.mnc070.mcc999.3gpp.network.org]: Deleting call, no media flowed
Jul  6 21:25:36 ims rtpengine[2201]: INFO: [95af3db30f714379@ims.mnc070.mcc999.3gpp.network.org]: Creating new call, offer received, 2 media ports allocated
Jul  6 21:25:57 ims rtpengine[2201]: INFO: [991f9c64febe47fe@ims.mnc070.mcc999.3gpp.network.org]: Creating new call, offer received, 2 media ports allocated
Jul  6 21:26:46 ims rtpengine[2201]: INFO: [991f9c64febe47fe@ims.mnc070.mcc999.3gpp.network.org]: Final stats: 2437 packets, 0.6% loss, MOS 4.0
Jul  6 21:27:18 ims rtpengine[2201]: INFO: [07d62e408c7247d0@ims.mnc070.mcc999.3gpp.network.org]: Creating new call, offer received, 2 media ports allocated
Jul  6 21:27:18 ims rtpengine[2201]: INFO: [07d62e408c7247d0@ims.mnc070.mcc999.3gpp.network.org]: Deleting call, no media flowed
Jul  6 21:28:17 ims rtpengine[2201]: INFO: [95af3db30f714379@ims.mnc070.mcc999.3gpp.network.org]: Final stats: 8013 packets, 0.0% loss, MOS 4.5
Jul  6 21:35:40 ims rtpengine[2201]: INFO: [b05f669723de48d1@ims.mnc070.mcc999.3gpp.network.org]: Creating new call, offer received, 2 media ports allocated
Jul  6 21:35:52 ims rtpengine[2201]: INFO: [e6b0c4b5c7d34bf6@ims.mnc070.mcc999.3gpp.network.org]: Creating new call, offer received, 2 media ports allocated
Jul  6 21:36:39 ims rtpengine[2201]: INFO: [b05f669723de48d1@ims.mnc070.mcc999.3gpp.network.org]: Final stats: 2905 packets, 0.1% loss, MOS 4.3
Jul  6 21:37:52 ims rtpengine[2201]: INFO: [e6b0c4b5c7d34bf6@ims.mnc070.mcc999.3gpp.network.org]: Final stats: 6010 packets, 0.5% loss, MOS 4.3
Jul  6 21:39:26 ims rtpengine[2201]: INFO: [3dcf13bd73894038@ims.mnc070.mcc999.3gpp.network.org]: Creating new call, offer received, 2 media ports allocated
Jul  6 21:39:27 ims rtpengine[2201]: INFO: [3dcf13bd73894038@ims.mnc070.mcc999.3gpp.network.org]: Final stats: 25 packets, 0.9% loss, MOS 4.4
Jul  6 21:43:01 ims rtpengine[2201]: INFO: [e85ae3fef3294c05@ims.mnc070.mcc999.3gpp.network.org]: Creating new call, offer received, 2 media ports allocated
Jul  6 21:43:25 ims rtpengine[2201]: INFO: [ad451171c73041e8@ims.mnc070.mcc999.3gpp.network.org]: Creating new call, offer received, 2 media ports allocated
Jul  6 21:44:18 ims rtpengine[2201]: INFO: [ad451171c73041e8@ims.mnc070.mcc999.3gpp.network.org]: Final stats: 2663 packets, 0.0% loss, MOS 4.4
Jul  6 21:44:20 ims rtpengine[2201]: INFO: [0fe6acec05c84159@ims.mnc070.mcc999.3gpp.network.org]: Creating new call, offer received, 2 media ports allocated
Jul  6 21:44:45 ims rtpengine[2201]: INFO: [0fe6acec05c84159@ims.mnc070.mcc999.3gpp.network.org]: Final stats: 1295 packets, 0.0% loss, MOS 4.4
Jul  6 21:47:41 ims rtpengine[2201]: INFO: [ef7856230d6e45bc@ims.mnc070.mcc999.3gpp.network.org]: Creating new call, offer received, 2 media ports allocated
Jul  6 21:47:50 ims rtpengine[2201]: INFO: [59d4b53c7a8f4c6a@ims.mnc070.mcc999.3gpp.network.org]: Creating new call, offer received, 2 media ports allocated
Jul  6 21:47:59 ims rtpengine[2201]: INFO: [59d4b53c7a8f4c6a@ims.mnc070.mcc999.3gpp.network.org]: Final stats: 425 packets, 0.0% loss, MOS 4.1
Jul  6 21:49:07 ims rtpengine[2201]: INFO: [9e61f8255f424146@ims.mnc070.mcc999.3gpp.network.org]: Creating new call, offer received, 2 media ports allocated
Jul  6 21:49:20 ims rtpengine[2201]: INFO: [f6896a626ccf42cb@ims.mnc070.mcc999.3gpp.network.org]: Creating new call, offer received, 2 media ports allocated
Jul  6 21:49:24 ims rtpengine[2201]: INFO: [9e61f8255f424146@ims.mnc070.mcc999.3gpp.network.org]: Final stats: 850 packets, 1.1% loss, MOS 4.2
Jul  6 21:49:32 ims rtpengine[2201]: INFO: [e85ae3fef3294c05@ims.mnc070.mcc999.3gpp.network.org]: Final stats: 19574 packets, 0.7% loss, MOS 4.2
Jul  6 21:49:55 ims rtpengine[2201]: INFO: [ef7856230d6e45bc@ims.mnc070.mcc999.3gpp.network.org]: Final stats: 6719 packets, 0.3% loss, MOS 4.2
Jul  6 21:50:10 ims rtpengine[2201]: INFO: [f6896a626ccf42cb@ims.mnc070.mcc999.3gpp.network.org]: Final stats: 2495 packets, 0.1% loss, MOS 4.3
Jul  6 21:51:34 ims rtpengine[2201]: INFO: [233e48c5cf8d4d6c@ims.mnc070.mcc999.3gpp.network.org]: Creating new call, offer received, 2 media ports allocated
Jul  6 21:55:55 ims rtpengine[2201]: INFO: [233e48c5cf8d4d6c@ims.mnc070.mcc999.3gpp.network.org]: Final stats: 13052 packets, 0.5% loss, MOS 4.3
Jul  6 22:00:31 ims rtpengine[2201]: INFO: [60d121f811fa48a4@ims.mnc070.mcc999.3gpp.network.org]: Creating new call, offer received, 2 media ports allocated
Jul  6 22:02:28 ims rtpengine[2201]: INFO: [897d6920a06b4c45@ims.mnc070.mcc999.3gpp.network.org]: Creating new call, offer received, 2 media ports allocated
Jul  6 22:04:58 ims rtpengine[2201]: INFO: [60d121f811fa48a4@ims.mnc070.mcc999.3gpp.network.org]: Final stats: 13347 packets, 1.2% loss, MOS 4.0
Jul  6 22:05:31 ims rtpengine[2201]: INFO: [897d6920a06b4c45@ims.mnc070.mcc999.3gpp.network.org]: Final stats: 9190 packets, 0.4% loss, MOS 4.1
Jul  6 22:06:02 ims rtpengine[2201]: INFO: [e237ddc4583b4a97@ims.mnc070.mcc999.3gpp.network.org]: Creating new call, offer received, 2 media ports allocated
Jul  6 22:06:27 ims rtpengine[2201]: INFO: [e237ddc4583b4a97@ims.mnc070.mcc999.3gpp.network.org]: Final stats: 1245 packets, 1.2% loss, MOS 4.2
Jul  6 22:10:32 ims rtpengine[2201]: INFO: [798aaf9c5676490a@ims.mnc070.mcc999.3gpp.network.org]: Creating new call, offer received, 2 media ports allocated
Jul  6 22:11:22 ims rtpengine[2201]: INFO: [3eb1c486a577406a@ims.mnc070.mcc999.3gpp.network.org]: Creating new call, offer received, 2 media ports allocated
Jul  6 22:11:25 ims rtpengine[2201]: WARNING: [3eb1c486a577406a@ims.mnc070.mcc999.3gpp.network.org]: media timeout, no RTP for 30s, closing call
Jul  6 22:11:25 ims rtpengine[2201]: INFO: [3eb1c486a577406a@ims.mnc070.mcc999.3gpp.network.org]: Final stats: 123 packets, 0.3% loss, MOS 4.1
Jul  6 22:12:18 ims rtpengine[2201]: INFO: [798aaf9c5676490a@ims.mnc070.mcc999.3gpp.network.org]: Final stats: 5345 packets, 0.3% loss, MOS 4.5
Jul  6 22:15:28 ims rtpengine[2201]: INFO: [1a5bad1f00cb43ca@ims.mnc070.mcc999.3gpp.network.org]: Creating new call, offer received, 2 media ports allocated
Jul  6 22:16:50 ims rtpengine[2201]: INFO: [a2711af0662b41ec@ims.mnc070.mcc999.3gpp.network.org]: Creating new call, offer received, 2 media ports allocated
Jul  6 22:16:50 ims rtpengine[2201]: INFO: [a2711af0662b41ec@ims.mnc070.mcc999.3gpp.network.org]: Deleting call, no media flowed
Jul  6 22:16:55 ims rtpengine[2201]: INFO: [1a5bad1f00cb43ca@ims.mnc070.mcc999.3gpp.network.org]: Final stats: 4349 packets, 0.1% loss, MOS 4.3
Jul  6 22:23:27 ims rtpengine[2201]: INFO: [1986710f2cff4ab6@ims.mnc070.mcc999.3gpp.network.org]: Creating new call, offer received, 2 media ports allocated
Jul  6 22:25:05 ims rtpengine[2201]: INFO: [8e86bc62ac304b0f@ims.mnc070.mcc999.3gpp.network.org]: Creating new call, offer received, 2 media ports allocated
Jul  6 22:25:10 ims rtpengine[2201]: INFO: [8e86bc62ac304b0f@ims.mnc070.mcc999.3gpp.network.org]: Final stats: 214 packets, 0.9% loss, MOS 4.1
Jul  6 22:25:25 ims rtpengine[2201]: INFO: [1986710f2cff4ab6@ims.mnc070.mcc999.3gpp.network.org]: Final stats: 5870 packets, 1.2% loss, MOS 4.2
Jul  6 22:25:49 ims rtpengine[2201]: INFO: [bc7bd3d2668443a6@ims.mnc070.mcc999.3gpp.network.org]: Creating new call, offer received, 2 media ports allocated
Jul  6 22:26:43 ims rtpengine[2201]: INFO: [823f4abc851e4aa3@ims.mnc070.mcc999.3gpp.network.org]: Creating new call, offer received, 2 media ports allocated
Jul  6 22:26:55 ims rtpengine[2201]: INFO: [823f4abc851e4aa3@ims.mnc070.mcc999.3gpp.network.org]: Final stats: 627 packets, 0.0% loss, MOS 4.5
Jul  6 22:28:44 ims rtpengine[2201]: INFO: [bc7bd3d2668443a6@ims.mnc070.mcc999.3gpp.network.org]: Final stats: 8758 packets, 0.0% loss, MOS 4.4
Jul  6 22:36:29 ims rtpengine[2201]: INFO: [2e0b1d9a21774c76@ims.mnc070.mcc999.3gpp.network.org]: Creating new call, offer received, 2 media ports allocated
Jul  6 22:38:13 ims rtpengine[2201]: INFO: [2e0b1d9a21774c76@ims.mnc070.mcc999.3gpp.network.org]: Final stats: 5173 packets, 0.4% loss, MOS 4.5
Jul  6 22:40:38 ims rtpengine[2201]: INFO: [ba95db142fca4ed1@ims.mnc070.mcc999.3gpp.network.org]: Creating new call, offer received, 2 media ports allocated
Jul  6 22:42:07 ims rtpengine[2201]: INFO: [3b65508389aa4bff@ims.mnc070.mcc999.3gpp.network.org]: Creating new call, offer received, 2 media ports allocated
Jul  6 22:43:10 ims rtpengine[2201]: INFO: [ba95db142fca4ed1@ims.mnc070.mcc999.3gpp.network.org]: Final stats: 7597 packets, 0.0% loss, MOS 4.4
Jul  6 22:44:26 ims rtpengine[2201]: INFO: [3b65508389aa4bff@ims.mnc070.mcc999.3gpp.network.org]: Final stats: 6954 packets, 0.1% loss, MOS 4.4
Jul  6 22:47:37 ims rtpengine[2201]: INFO: [a6e1a5d753b64f84@ims.mnc070.mcc999.3gpp.network.org]: Creating new call, offer received, 2 media ports allocated
Jul  6 22:48:00 ims rtpengine[2201]: INFO: [deb184bc13bb460e@ims.mnc070.mcc999.3gpp.network.org]: Creating new call, offer received, 2 media ports allocated
Jul  6 22:49:43 ims rtpengine[2201]: INFO: [deb184bc13bb460e@ims.mnc070.mcc999.3gpp.network.org]: Final stats: 5133 packets, 1.0% loss, MOS 4.0
Jul  6 22:50:44 ims rtpengine[2201]: INFO: [a6e1a5d753b64f84@ims.mnc070.mcc999.3gpp.network.org]: Final stats: 9351 packets, 0.0% loss, MOS 4.5
Jul  6 22:53:33 ims rtpengine[2201]: INFO: [b74a81d949da4357@ims.mnc070.mcc999.3gpp.network.org]: Creating new call, offer received, 2 media ports allocated
Jul  6 22:55:38 ims rtpengine[2201]: INFO: [b74a81d949da4357@ims.mnc070.mcc999.3gpp.network.org]: Final stats: 6239 packets, 0.8% loss, MOS 4.2
Jul  6 22:57:37 ims rtpengine[2201]: INFO: [b8fdf41a4a6b4d4b@ims.mnc070.mcc999.3gpp.network.org]: Creating new call, offer received, 2 media ports allocated
Jul  6 22:57:37 ims rtpengine[2201]: INFO: [b8fdf41a4a6b4d4b@ims.mnc070.mcc999.3gpp.network.org]: Deleting call, no media flowed
Jul  6 23:03:00 ims rtpengine[2201]: INFO: [eca59a9bd7134ad6@ims.mnc070.mcc999.3gpp.network.org]: Creating new call, offer received, 2 media ports allocated
Jul  6 23:06:10 ims rtpengine[2201]: INFO: [eca59a9bd7134ad6@ims.mnc070.mcc999.3gpp.network.org]: Final stats: 9472 packets, 0.2% loss, MOS 4.5
Jul  6 23:11:48 ims rtpengine[2201]: INFO: [0f501f02fdac4276@ims.mnc070.mcc999.3gpp.network.org]: Creating new call, offer received, 2 media ports allocated
Jul  6 23:12:20 ims rtpengine[2201]: INFO: [0f501f02fdac4276@ims.mnc070.mcc999.3gpp.network.org]: Final stats: 1595 packets, 0.0% loss, MOS 4.5
Jul  6 23:13:00 ims rtpengine[2201]: INFO: [753c8a6796fe4b08@ims.mnc070.mcc999.3gpp.network.org]: Creating new call, offer received, 2 media ports allocated
Jul  6 23:13:12 ims rtpengine[2201]: INFO: [3076b3a93b434ca6@ims.mnc070.mcc999.3gpp.network.org]: Creating new call, offer received, 2 media ports allocated
Jul  6 23:14:08 ims rtpengine[2201]: INFO: [753c8a6796fe4b08@ims.mnc070.mcc999.3gpp.network.org]: Final stats: 3363 packets, 0.9% loss, MOS 4.2
Jul  6 23:15:34 ims rtpengine[2201]: INFO: [3076b3a93b434ca6@ims.mnc070.mcc999.3gpp.network.org]: Final stats: 7136 packets, 0.0% loss, MOS 4.4
Jul  6 23:16:29 ims rtpengine[2201]: INFO: [00afc28ca52d4909@ims.mnc070.mcc999.3gpp.network.org]: Creating new call, offer received, 2 media ports allocated
Jul  6 23:16:33 ims rtpengine[2201]: INFO: [e1b480cda21e442f@ims.mnc070.mcc999.3gpp.network.org]: Creating new call, offer received, 2 media ports allocated
Jul  6 23:17:33 ims rtpengine[2201]: INFO: [e1b480cda21e442f@ims.mnc070.mcc999.3gpp.network.org]: Final stats: 2966 packets, 0.0% loss, MOS 4.3
Jul  6 23:18:22 ims rtpengine[2201]: INFO: [8288bb7ac2b3489f@ims.mnc070.mcc999.3gpp.network.org]: Creating new call, offer received, 2 media ports allocated
Jul  6 23:18:41 ims rtpengine[2201]: INFO: [8288bb7ac2b3489f@ims.mnc070.mcc999.3gpp.network.org]: Final stats: 913 packets, 1.3% loss, MOS 4.3
Jul  6 23:18:48 ims rtpengine[2201]: INFO: [f7caceacdc5a4a3c@ims.mnc070.mcc999.3gpp.network.org]: Creating new call, offer received, 2 media ports allocated
Jul  6 23:20:29 ims rtpengine[2201]: INFO: [f7caceacdc5a4a3c@ims.mnc070.mcc999.3gpp.network.org]: Final stats: 5035 packets, 0.1% loss, MOS 4.2
Jul  6 23:22:07 ims rtpengine[2201]: INFO: [00afc28ca52d4909@ims.mnc070.mcc999.3gpp.network.org]: Final stats: 16911 packets, 0.9% loss, MOS 4.2
Jul  6 23:29:47 ims rtpengine[2201]: INFO: [350a98a14876489b@ims.mnc070.mcc999.3gpp.network.org]: Creating new call, offer received, 2 media ports allocated
Jul  6 23:31:15 ims rtpengine[2201]: INFO: [7439186cee694e92@ims.mnc070.mcc999.3gpp.network.org]: Creating new call, offer received, 2 media ports allocated
Jul  6 23:32:02 ims rtpengine[2201]: INFO: [7439186cee694e92@ims.mnc070.mcc999.3gpp.network.org]: Final stats: 2323 packets, 0.0% loss, MOS 4.4
Jul  6 23:33:21 ims rtpengine[2201]: INFO: [db5a9613026945d6@ims.mnc070.mcc999.3gpp.network.org]: Creating new call, offer received, 2 media ports allocated
Jul  6 23:33:42 ims rtpengine[2201]: INFO: [db5a9613026945d6@ims.mnc070.mcc999.3gpp.network.org]: Final stats: 1033 packets, 0.0% loss, MOS 4.5
Jul  6 23:35:26 ims rtpengine[2201]: INFO: [350a98a14876489b@ims.mnc070.mcc999.3gpp.network.org]: Final stats: 16952 packets, 0.4% loss, MOS 4.5
Jul  6 23:37:52 ims rtpengine[2201]: INFO: [1f18d2a3f86d4c97@ims.mnc070.mcc999.3gpp.network.org]: Creating new call, offer received, 2 media ports allocated
Jul  6 23:37:54 ims rtpengine[2201]: INFO: [1f18d2a3f86d4c97@ims.mnc070.mcc999.3gpp.network.org]: Final stats: 84 packets, 1.6% loss, MOS 4.2
Jul  6 23:47:52 ims rtpengine[2201]: INFO: [06efd2f4d8ac4bb7@ims.mnc070.mcc999.3gpp.network.org]: Creating new call, offer received, 2 media ports allocated
Jul  6 23:47:52 ims rtpengine[2201]: INFO: [06efd2f4d8ac4bb7@ims.mnc070.mcc999.3gpp.network.org]: Deleting call, no media flowed
Jul  6 23:50:13 ims rtpengine[2201]: INFO: [872d06b827f740c3@ims.mnc070.mcc999.3gpp.network.org]: Creating new call, offer received, 2 media ports allocated
Jul  6 23:50:27 ims rtpengine[2201]: INFO: [872d06b827f740c3@ims.mnc070.mcc999.3gpp.network.org]: Final stats: 697 packets, 0.2% loss, MOS 4.2
Jul  6 23:50:43 ims rtpengine[2201]: INFO: [a34bc07254ba40a4@ims.mnc070.mcc999.3gpp.network.org]: Creating new call, offer received, 2 media ports allocated
Jul  6 23:50:43 ims rtpengine[2201]: INFO: [a34bc07254ba40a4@ims.mnc070.mcc999.3gpp.network.org]: Deleting call, no media flowed
Jul  7 00:00:01 ims rtpengine[2201]: INFO: [bb344190cc3c473a@ims.mnc070.mcc999.3gpp.network.org]: Creating new call, offer received, 2 media ports allocated
Jul  7 00:02:25 ims rtpengine[2201]: INFO: [bb344190cc3c473a@ims.mnc070.mcc999.3gpp.network.org]: Final stats: 7174 packets, 0.7% loss, MOS 4.1
Jul  7 00:06:29 ims rtpengine[2201]: INFO: [33b47d9000ec4659@ims.mnc070.mcc999.3gpp.network.org]: Creating new call, offer received, 2 media ports allocated
Jul  7 00:06:36 ims rtpengine[2201]: INFO: [33b47d9000ec4659@ims.mnc070.mcc999.3gpp.network.org]: Final stats: 347 packets, 0.0% loss, MOS 4.4
Jul  7 00:25:38 ims rtpengine[2201]: INFO: [23fbfc7684f4436f@ims.mnc070.mcc999.3gpp.network.org]: Creating new call, offer received, 2 media ports allocated
Jul  7 00:26:05 ims rtpengine[2201]: INFO: [23fbfc7684f4436f@ims.mnc070.mcc999.3gpp.network.org]: Final stats: 1371 packets, 0.2% loss, MOS 4.4
Jul  7 00:26:31 ims rtpengine[2201]: INFO: [b111ae8c89f5437c@ims.mnc070.mcc999.3gpp.network.org]: Creating new call, offer received, 2 media ports allocated
Jul  7 00:26:31 ims rtpengine[2201]: INFO: [b111ae8c89f5437c@ims.mnc070.mcc999.3gpp.network.org]: Deleting call, no media flowed
Jul  7 00:37:16 ims rtpengine[2201]: INFO: [3736ba0490884e3b@ims.mnc070.mcc999.3gpp.network.org]: Creating new call, offer received, 2 media ports allocated
Jul  7 00:38:17 ims rtpengine[2201]: INFO: [46cdbfa328e34547@ims.mnc070.mcc999.3gpp.network.org]: Creating new call, offer received, 2 media ports allocated
Jul  7 00:38:17 ims rtpengine[2201]: INFO: [46cdbfa328e34547@ims.mnc070.mcc999.3gpp.network.org]: Deleting call, no media flowed
Jul  7 00:41:04 ims rtpengine[2201]: INFO: [09f0b770462f4f7d@ims.mnc070.mcc999.3gpp.network.org]: Creating new call, offer received, 2 media ports allocated
Jul  7 00:41:17 ims rtpengine[2201]: INFO: [09f0b770462f4f7d@ims.mnc070.mcc999.3gpp.network.org]: Final stats: 646 packets, 0.0% loss, MOS 4.2
Jul  7 00:41:29 ims rtpengine[2201]: INFO: [3736ba0490884e3b@ims.mnc070.mcc999.3gpp.network.org]: Final stats: 12638 packets, 0.3% loss, MOS 4.5
Jul  7 00:53:19 ims rtpengine[2201]: INFO: [fa2f7fba36d24039@ims.mnc070.mcc999.3gpp.network.org]: Creating new call, offer received, 2 media ports allocated
Jul  7 00:53:33 ims rtpengine[2201]: INFO: [fa2f7fba36d24039@ims.mnc070.mcc999.3gpp.network.org]: Final stats: 709 packets, 0.0% loss, MOS 4.5
Jul  7 00:55:25 ims rtpengine[2201]: INFO: [9b8cb83b3bc84d21@ims.mnc070.mcc999.3gpp.network.org]: Creating new call, offer received, 2 media ports allocated
Jul  7 00:59:37 ims rtpengine[2201]: INFO: [9b8cb83b3bc84d21@ims.mnc070.mcc999.3gpp.network.org]: Final stats: 12589 packets, 0.0% loss, MOS 4.4
Jul  7 01:01:35 ims rtpengine[2201]: INFO: [0602ddd5d8b2490a@ims.mnc070.mcc999.3gpp.network.org]: Creating new call, offer received, 2 media ports allocated
Jul  7 01:05:20 ims rtpengine[2201]: INFO: [0602ddd5d8b2490a@ims.mnc070.mcc999.3gpp.network.org]: Final stats: 11253 packets, 0.0% loss, MOS 4.5
Jul  7 01:14:16 ims rtpengine[2201]: INFO: [c50bc4c8c79f4441@ims.mnc070.mcc999.3gpp.network.org]: Creating new call, offer received, 2 media ports allocated
Jul  7 01:16:11 ims rtpengine[2201]: INFO: [c50bc4c8c79f4441@ims.mnc070.mcc999.3gpp.network.org]: Final stats: 5780 packets, 0.0% loss, MOS 4.5
Jul  7 01:19:00 ims rtpengine[2201]: INFO: [6809004f9a62499e@ims.mnc070.mcc999.3gpp.network.org]: Creating new call, offer received, 2 media ports allocated
Jul  7 01:19:25 ims rtpengine[2201]: INFO: [6809004f9a62499e@ims.mnc070.mcc999.3gpp.network.org]: Final stats: 1213 packets, 0.6% loss, MOS 4.4
Jul  7 01:27:25 ims rtpengine[2201]: INFO: [a7df5fb00cba43b4@ims.mnc070.mcc999.3gpp.network.org]: Creating new call, offer received, 2 media ports allocated
Jul  7 01:29:01 ims rtpengine[2201]: INFO: [a7df5fb00cba43b4@ims.mnc070.mcc999.3gpp.network.org]: Final stats: 4764 packets, 0.0% loss, MOS 4.5
Jul  7 01:33:04 ims rtpengine[2201]: INFO: [4e37dbab134344fd@ims.mnc070.mcc999.3gpp.network.org]: Creating new call, offer received, 2 media ports allocated
Jul  7 01:33:07 ims rtpengine[2201]: INFO: [4e37dbab134344fd@ims.mnc070.mcc999.3gpp.network.org]: Final stats: 151 packets, 0.0% loss, MOS 4.5
Jul  7 01:34:39 ims rtpengine[2201]: INFO: [8c1f77de92e446ce@ims.mnc070.mcc999.3gpp.network.org]: Creating new call, offer received, 2 media ports allocated
Jul  7 01:39:04 ims rtpengine[2201]: INFO: [8c1f77de92e446ce@ims.mnc070.mcc999.3gpp.network.org]: Final stats: 13217 packets, 0.4% loss, MOS 4.2
Jul  7 01:47:47 ims rtpengine[2201]: INFO: [1d142bbca34c41c0@ims.mnc070.mcc999.3gpp.network.org]: Creating new call, offer received, 2 media ports allocated
Jul  7 01:47:47 ims rtpengine[2201]: INFO: [1d142bbca34c41c0@ims.mnc070.mcc999.3gpp.network.org]: Deleting call, no media flowed
Jul  7 01:49:07 ims rtpengine[2201]: INFO: [cc00fcfeb347473d@ims.mnc070.mcc999.3gpp.network.org]: Creating new call, offer received, 2 media ports allocated
Jul  7 01:58:56 ims rtpengine[2201]: INFO: [cc00fcfeb347473d@ims.mnc070.mcc999.3gpp.network.org]: Final stats: 29466 packets, 1.0% loss, MOS 4.1
Jul  7 02:04:00 ims rtpengine[2201]: INFO: [d044fe8538f647de@ims.mnc070.mcc999.3gpp.network.org]: Creating new call, offer received, 2 media ports allocated
Jul  7 02:04:36 ims rtpengine[2201]: INFO: [d044fe8538f647de@ims.mnc070.mcc999.3gpp.network.org]: Final stats: 1770 packets, 0.0% loss, MOS 4.4
Jul  7 02:21:15 ims rtpengine[2201]: INFO: [1fb64107f49e408b@ims.mnc070.mcc999.3gpp.network.org]: Creating new call, offer received, 2 media ports allocated
Jul  7 02:28:42 ims rtpengine[2201]: INFO: [428cb2bbb04e40f3@ims.mnc070.mcc999.3gpp.network.org]: Creating new call, offer received, 2 media ports allocated
Jul  7 02:30:00 ims rtpengine[2201]: INFO: [6f5b4f1d8f8047ab@ims.mnc070.mcc999.3gpp.network.org]: Creating new call, offer received, 2 media ports allocated
Jul  7 02:30:54 ims rtpengine[2201]: INFO: [428cb2bbb04e40f3@ims.mnc070.mcc999.3gpp.network.org]: Final stats: 6576 packets, 0.0% loss, MOS 4.5
Jul  7 02:31:20 ims rtpengine[2201]: INFO: [1fb64107f49e408b@ims.mnc070.mcc999.3gpp.network.org]: Final stats: 30240 packets, 1.1% loss, MOS 3.9
Jul  7 02:34:00 ims rtpengine[2201]: INFO: [6f5b4f1d8f8047ab@ims.mnc070.mcc999.3gpp.network.org]: Final stats: 12043 packets, 0.0% loss, MOS 4.5
Jul  7 02:46:14 ims rtpengine[2201]: INFO: [7c46b03d15f747aa@ims.mnc070.mcc999.3gpp.network.org]: Creating new call, offer received, 2 media ports allocated
Jul  7 02:46:22 ims rtpengine[2201]: INFO: [7c46b03d15f747aa@ims.mnc070.mcc999.3gpp.network.org]: Final stats: 395 packets, 1.1% loss, MOS 4.2
Jul  7 02:58:57 ims rtpengine[2201]: INFO: [ed3b70c76c2a4ea8@ims.mnc070.mcc999.3gpp.network.org]: Creating new call, offer received, 2 media ports allocated
Jul  7 03:02:40 ims rtpengine[2201]: INFO: [ed3b70c76c2a4ea8@ims.mnc070.mcc999.3gpp.network.org]: Final stats: 11165 packets, 0.3% loss, MOS 4.2
Jul  7 03:06:34 ims rtpengine[2201]: INFO: [aaac9674dc614d9e@ims.mnc070.mcc999.3gpp.network.org]: Creating new call, offer received, 2 media ports allocated
Jul  7 03:06:48 ims rtpengine[2201]: INFO: [aaac9674dc614d9e@ims.mnc070.mcc999.3gpp.network.org]: Final stats: 683 packets, 1.7% loss, MOS 3.9
Jul  7 03:08:56 ims rtpengine[2201]: INFO: [8ff6356bb48e4ee6@ims.mnc070.mcc999.3gpp.network.org]: Creating new call, offer received, 2 media ports allocated
Jul  7 03:08:56 ims rtpengine[2201]: INFO: [8ff6356bb48e4ee6@ims.mnc070.mcc999.3gpp.network.org]: Deleting call, no media flowed
Jul  7 03:15:16 ims rtpengine[2201]: INFO: [a26a762a4b314d0c@ims.mnc070.mcc999.3gpp.network.org]: Creating new call, offer received, 2 media ports allocated
Jul  7 03:15:34 ims rtpengine[2201]: INFO: [a26a762a4b314d0c@ims.mnc070.mcc999.3gpp.network.org]: Final stats: 871 packets, 0.3% loss, MOS 4.1
Jul  7 03:31:24 ims rtpengine[2201]: INFO: [f2189387d22a4dfa@ims.mnc070.mcc999.3gpp.network.org]: Creating new call, offer received, 2 media ports allocated
Jul  7 03:31:56 ims rtpengine[2201]: INFO: [f2189387d22a4dfa@ims.mnc070.mcc999.3gpp.network.org]: Final stats: 1592 packets, 0.2% loss, MOS 4.5
Jul  7 03:33:06 ims rtpengine[2201]: INFO: [28b26c4e4e614d86@ims.mnc070.mcc999.3gpp.network.org]: Creating new call, offer received, 2 media ports allocated
Jul  7 03:34:00 ims rtpengine[2201]: INFO: [28b26c4e4e614d86@ims.mnc070.mcc999.3gpp.network.org]: Final stats: 2707 packets, 0.0% loss, MOS 4.5
Jul  7 03:51:03 ims rtpengine[2201]: INFO: [635e64ee061847e2@ims.mnc070.mcc999.3gpp.network.org]: Creating new call, offer received, 2 media ports allocated
Jul  7 03:53:40 ims rtpengine[2201]: INFO: [635e64ee061847e2@ims.mnc070.mcc999.3gpp.network.org]: Final stats: 7840 packets, 0.0% loss, MOS 4.5
Jul  7 04:14:21 ims rtpengine[2201]: INFO: [c373ad78f1534b91@ims.mnc070.mcc999.3gpp.network.org]: Creating new call, offer received, 2 media ports allocated
Jul  7 04:14:31 ims rtpengine[2201]: INFO: [c373ad78f1534b91@ims.mnc070.mcc999.3gpp.network.org]: Final stats: 530 packets, 0.0% loss, MOS 4.4
Jul  7 04:25:06 ims rtpengine[2201]: INFO: [b8a772a66bdd4a2a@ims.mnc070.mcc999.3gpp.network.org]: Creating new call, offer received, 2 media ports allocated
Jul  7 04:29:48 ims rtpengine[2201]: INFO: [b8a772a66bdd4a2a@ims.mnc070.mcc999.3gpp.network.org]: Final stats: 14105 packets, 0.7% loss, MOS 4.1
Jul  7 04:30:22 ims rtpengine[2201]: INFO: [6ad89455d9684977@ims.mnc070.mcc999.3gpp.network.org]: Creating new call, offer received, 2 media ports allocated
Jul  7 04:32:36 ims rtpengine[2201]: INFO: [6ad89455d9684977@ims.mnc070.mcc999.3gpp.network.org]: Final stats: 6659 packets, 0.0% loss, MOS 4.5
Jul  7 04:52:15 ims rtpengine[2201]: INFO: [45e67b05709a4196@ims.mnc070.mcc999.3gpp.network.org]: Creating new call, offer received, 2 media ports allocated
Jul  7 04:52:46 ims rtpengine[2201]: INFO: [45e67b05709a4196@ims.mnc070.mcc999.3gpp.network.org]: Final stats: 1570 packets, 1.7% loss, MOS 4.1
Jul  7 04:59:22 ims rtpengine[2201]: INFO: [0b2f67a3c01d4e73@ims.mnc070.mcc999.3gpp.network.org]: Creating new call, offer received, 2 media ports allocated
Jul  7 05:10:09 ims rtpengine[2201]: INFO: [0b2f67a3c01d4e73@ims.mnc070.mcc999.3gpp.network.org]: Final stats: 32304 packets, 0.2% loss, MOS 4.2
Jul  7 05:14:14 ims rtpengine[2201]: INFO: [5b8aadf5c4134d7f@ims.mnc070.mcc999.3gpp.network.org]: Creating new call, offer received, 2 media ports allocated
Jul  7 05:17:42 ims rtpengine[2201]: INFO: [5b8aadf5c4134d7f@ims.mnc070.mcc999.3gpp.network.org]: Final stats: 10411 packets, 0.6% loss, MOS 4.3
Jul  7 05:23:18 ims rtpengine[2201]: INFO: [68e5a3a7cb464793@ims.mnc070.mcc999.3gpp.network.org]: Creating new call, offer received, 2 media ports allocated
Jul  7 05:24:01 ims rtpengine[2201]: INFO: [68e5a3a7cb464793@ims.mnc070.mcc999.3gpp.network.org]: Final stats: 2141 packets, 0.0% loss, MOS 4.5
Jul  7 05:26:29 ims rtpengine[2201]: INFO: [1d5ea11f8d904b07@ims.mnc070.mcc999.3gpp.network.org]: Creating new call, offer received, 2 media ports allocated
Jul  7 05:27:01 ims rtpengine[2201]: INFO: [1d5ea11f8d904b07@ims.mnc070.mcc999.3gpp.network.org]: Final stats: 1584 packets, 0.9% loss, MOS 4.1
Jul  7 05:38:55 ims rtpengine[2201]: INFO: [f4fd9f9d480a4aad@ims.mnc070.mcc999.3gpp.network.org]: Creating new call, offer received, 2 media ports allocated
Jul  7 05:39:01 ims rtpengine[2201]: INFO: [f4fd9f9d480a4aad@ims.mnc070.mcc999.3gpp.network.org]: Final stats: 271 packets, 0.1% loss, MOS 4.5
Jul  7 05:45:36 ims rtpengine[2201]: INFO: [3d7486480e0a4bf3@ims.mnc070.mcc999.3gpp.network.org]: Creating new call, offer received, 2 media ports allocated
Jul  7 05:48:14 ims rtpengine[2201]: INFO: [4c0925fc85354819@ims.mnc070.mcc999.3gpp.network.org]: Creating new call, offer received, 2 media ports allocated
Jul  7 05:48:14 ims rtpengine[2201]: INFO: [4c0925fc85354819@ims.mnc070.mcc999.3gpp.network.org]: Deleting call, no media flowed
Jul  7 05:49:18 ims rtpengine[2201]: INFO: [3d7486480e0a4bf3@ims.mnc070.mcc999.3gpp.network.org]: Final stats: 11106 packets, 1.9% loss, MOS 3.9
Jul  7 06:02:05 ims rtpengine[2201]: INFO: [ea7ee4470ddf4429@ims.mnc070.mcc999.3gpp.network.org]: Creating new call, offer received, 2 media ports allocated
Jul  7 06:03:45 ims rtpengine[2201]: INFO: [ea7ee4470ddf4429@ims.mnc070.mcc999.3gpp.network.org]: Final stats: 5002 packets, 0.0% loss, MOS 4.5
Jul  7 06:37:32 ims rtpengine[2201]: INFO: [63dd71333d6c4bad@ims.mnc070.mcc999.3gpp.network.org]: Creating new call, offer received, 2 media ports allocated
Jul  7 06:37:33 ims rtpengine[2201]: INFO: [63dd71333d6c4bad@ims.mnc070.mcc999.3gpp.network.org]: Deleting call, no media flowed
Jul  7 06:38:37 ims rtpengine[2201]: INFO: [891f782779924297@ims.mnc070.mcc999.3gpp.network.org]: Creating new call, offer received, 2 media ports allocated
Jul  7 06:39:07 ims rtpengine[2201]: INFO: [891f782779924297@ims.mnc070.mcc999.3gpp.network.org]: Final stats: 1531 packets, 0.0% loss, MOS 4.5
Jul  7 06:49:47 ims rtpengine[2201]: INFO: [89a4832552b14212@ims.mnc070.mcc999.3gpp.network.org]: Creating new call, offer received, 2 media ports allocated
Jul  7 06:50:49 ims rtpengine[2201]: INFO: [89a4832552b14212@ims.mnc070.mcc999.3gpp.network.org]: Final stats: 3112 packets, 0.8% loss, MOS 4.2
Jul  7 06:58:33 ims rtpengine[2201]: INFO: [423cb75a99844c6c@ims.mnc070.mcc999.3gpp.network.org]: Creating new call, offer received, 2 media ports allocated
Jul  7 07:00:12 ims rtpengine[2201]: INFO: [423cb75a99844c6c@ims.mnc070.mcc999.3gpp.network.org]: Final stats: 4907 packets, 0.0% loss, MOS 4.5
Jul  7 07:10:27 ims rtpengine[2201]: INFO: [14c7b8af603a405f@ims.mnc070.mcc999.3gpp.network.org]: Creating new call, offer received, 2 media ports allocated
Jul  7 07:20:06 ims rtpengine[2201]: INFO: [14c7b8af603a405f@ims.mnc070.mcc999.3gpp.network.org]: Final stats: 28982 packets, 0.0% loss, MOS 4.5
Jul  7 07:27:38 ims rtpengine[2201]: INFO: [e9ae9ed2f13a4d44@ims.mnc070.mcc999.3gpp.network.org]: Creating new call, offer received, 2 media ports allocated
Jul  7 07:29:03 ims rtpengine[2201]: INFO: [e9ae9ed2f13a4d44@ims.mnc070.mcc999.3gpp.network.org]: Final stats: 4219 packets, 0.9% loss, MOS 4.1
Jul  7 07:38:00 ims rtpengine[2201]: INFO: [67475a044fdc4b08@ims.mnc070.mcc999.3gpp.network.org]: Creating new call, offer received, 2 media ports allocated
Jul  7 07:39:24 ims rtpengine[2201]: INFO: [67475a044fdc4b08@ims.mnc070.mcc999.3gpp.network.org]: Final stats: 4200 packets, 0.2% loss, MOS 4.4
Jul  7 07:44:18 ims rtpengine[2201]: INFO: [a34e8958ad524486@ims.mnc070.mcc999.3gpp.network.org]: Creating new call, offer received, 2 media ports allocated
Jul  7 07:44:24 ims rtpengine[2201]: INFO: [a34e8958ad524486@ims.mnc070.mcc999.3gpp.network.org]: Final stats: 285 packets, 0.9% loss, MOS 4.1
Jul  7 07:49:53 ims rtpengine[2201]: INFO: [65a7b4cc0da445e0@ims.mnc070.mcc999.3gpp.network.org]: Creating new call, offer received, 2 media ports allocated
Jul  7 07:54:08 ims rtpengine[2201]: INFO: [65a7b4cc0da445e0@ims.mnc070.mcc999.3gpp.network.org]: Final stats: 12738 packets, 1.0% loss, MOS 4.2
Jul  7 07:58:25 ims rtpengine[2201]: INFO: [eb0012e179714fa1@ims.mnc070.mcc999.3gpp.network.org]: Creating new call, offer received, 2 media ports allocated
Jul  7 07:59:01 ims rtpengine[2201]: INFO: [eb0012e179714fa1@ims.mnc070.mcc999.3gpp.network.org]: Final stats: 1790 packets, 0.0% loss, MOS 4.5
Jul  7 08:00:36 ims rtpengine[2201]: INFO: [a1053051bbc34eba@ims.mnc070.mcc999.3gpp.network.org]: Creating new call, offer received, 2 media ports allocated
Jul  7 08:02:43 ims rtpengine[2201]: INFO: [a1053051bbc34eba@ims.mnc070.mcc999.3gpp.network.org]: Final stats: 6342 packets, 0.5% loss, MOS 4.3
Jul  7 08:10:11 ims rtpengine[2201]: INFO: [d50c769d00c0446e@ims.mnc070.mcc999.3gpp.network.org]: Creating new call, offer received, 2 media ports allocated
Jul  7 08:11:28 ims rtpengine[2201]: INFO: [d50c769d00c0446e@ims.mnc070.mcc999.3gpp.network.org]: Final stats: 3849 packets, 0.2% loss, MOS 4.5
Jul  7 08:13:56 ims rtpengine[2201]: INFO: [bf6bc6e5c8de414f@ims.mnc070.mcc999.3gpp.network.org]: Creating new call, offer received, 2 media ports allocated
Jul  7 08:16:05 ims rtpengine[2201]: INFO: [32fbb1fd60024a73@ims.mnc070.mcc999.3gpp.network.org]: Creating new call, offer received, 2 media ports allocated
Jul  7 08:16:05 ims rtpengine[2201]: INFO: [32fbb1fd60024a73@ims.mnc070.mcc999.3gpp.network.org]: Deleting call, no media flowed
Jul  7 08:17:55 ims rtpengine[2201]: INFO: [bf6bc6e5c8de414f@ims.mnc070.mcc999.3gpp.network.org]: Final stats: 11978 packets, 0.4% loss, MOS 4.5
Jul  7 08:19:23 ims rtpengine[2201]: INFO: [c00442f937384053@ims.mnc070.mcc999.3gpp.network.org]: Creating new call, offer received, 2 media ports allocated
Jul  7 08:20:37 ims rtpengine[2201]: INFO: [c00442f937384053@ims.mnc070.mcc999.3gpp.network.org]: Final stats: 3706 packets, 0.0% loss, MOS 4.3
Jul  7 08:28:06 ims rtpengine[2201]: INFO: [7f99561a8539436b@ims.mnc070.mcc999.3gpp.network.org]: Creating new call, offer received, 2 media ports allocated
Jul  7 08:29:13 ims rtpengine[2201]: INFO: [7f99561a8539436b@ims.mnc070.mcc999.3gpp.network.org]: Final stats: 3366 packets, 0.9% loss, MOS 4.2
Jul  7 08:30:32 ims rtpengine[2201]: INFO: [3aa7ba7ed23e4104@ims.mnc070.mcc999.3gpp.network.org]: Creating new call, offer received, 2 media ports allocated
Jul  7 08:30:42 ims rtpengine[2201]: INFO: [3aa7ba7ed23e4104@ims.mnc070.mcc999.3gpp.network.org]: Final stats: 461 packets, 0.0% loss, MOS 4.4
Jul  7 08:42:05 ims rtpengine[2201]: INFO: [8da243baf58d44b3@ims.mnc070.mcc999.3gpp.network.org]: Creating new call, offer received, 2 media ports allocated
Jul  7 08:43:14 ims rtpengine[2201]: INFO: [eb697e7c3a7a4ebe@ims.mnc070.mcc999.3gpp.network.org]: Creating new call, offer received, 2 media ports allocated
Jul  7 08:43:15 ims rtpengine[2201]: INFO: [8da243baf58d44b3@ims.mnc070.mcc999.3gpp.network.org]: Final stats: 3469 packets, 1.1% loss, MOS 4.0
Jul  7 08:44:15 ims rtpengine[2201]: INFO: [eb697e7c3a7a4ebe@ims.mnc070.mcc999.3gpp.network.org]: Final stats: 3008 packets, 0.0% loss, MOS 4.4
Jul  7 08:51:38 ims rtpengine[2201]: INFO: [12db0f9eb55f4a37@ims.mnc070.mcc999.3gpp.network.org]: Creating new call, offer received, 2 media ports allocated
Jul  7 08:51:38 ims rtpengine[2201]: INFO: [12db0f9eb55f4a37@ims.mnc070.mcc999.3gpp.network.org]: Deleting call, no media flowed
Jul  7 08:55:26 ims rtpengine[2201]: INFO: [a875c03fc7c8437a@ims.mnc070.mcc999.3gpp.network.org]: Creating new call, offer received, 2 media ports allocated
Jul  7 08:56:09 ims rtpengine[2201]: INFO: [a875c03fc7c8437a@ims.mnc070.mcc999.3gpp.network.org]: Final stats: 2110 packets, 0.0% loss, MOS 4.5
Jul  7 08:56:56 ims rtpengine[2201]: INFO: [14781c27cd0d40a5@ims.mnc070.mcc999.3gpp.network.org]: Creating new call, offer received, 2 media ports allocated
Jul  7 08:56:56 ims rtpengine[2201]: INFO: [14781c27cd0d40a5@ims.mnc070.mcc999.3gpp.network.org]: Deleting call, no media flowed
Jul  7 09:04:04 ims rtpengine[2201]: INFO: [0118c646ccc34432@ims.mnc070.mcc999.3gpp.network.org]: Creating new call, offer received, 2 media ports allocated
Jul  7 09:08:59 ims rtpengine[2201]: INFO: [8de64adaaf7c4f34@ims.mnc070.mcc999.3gpp.network.org]: Creating new call, offer received, 2 media ports allocated
Jul  7 09:08:59 ims rtpengine[2201]: INFO: [8de64adaaf7c4f34@ims.mnc070.mcc999.3gpp.network.org]: Deleting call, no media flowed
Jul  7 09:09:23 ims rtpengine[2201]: INFO: [0118c646ccc34432@ims.mnc070.mcc999.3gpp.network.org]: Final stats: 15925 packets, 0.4% loss, MOS 4.1
Jul  7 09:13:24 ims rtpengine[2201]: INFO: [e5bda77d2caa4011@ims.mnc070.mcc999.3gpp.network.org]: Creating new call, offer received, 2 media ports allocated
Jul  7 09:13:37 ims rtpengine[2201]: INFO: [a2a2fc610ad6487a@ims.mnc070.mcc999.3gpp.network.org]: Creating new call, offer received, 2 media ports allocated
Jul  7 09:13:37 ims rtpengine[2201]: INFO: [a2a2fc610ad6487a@ims.mnc070.mcc999.3gpp.network.org]: Deleting call, no media flowed
Jul  7 09:15:40 ims rtpengine[2201]: INFO: [e5bda77d2caa4011@ims.mnc070.mcc999.3gpp.network.org]: Final stats: 6807 packets, 0.0% loss, MOS 4.4
Jul  7 09:27:59 ims rtpengine[2201]: INFO: [82cebb53c89849f9@ims.mnc070.mcc999.3gpp.network.org]: Creating new call, offer received, 2 media ports allocated
Jul  7 09:28:05 ims rtpengine[2201]: INFO: [0b334bafd7e042b6@ims.mnc070.mcc999.3gpp.network.org]: Creating new call, offer received, 2 media ports allocated
Jul  7 09:28:24 ims rtpengine[2201]: INFO: [0b334bafd7e042b6@ims.mnc070.mcc999.3gpp.network.org]: Final stats: 935 packets, 0.0% loss, MOS 4.5
Jul  7 09:28:54 ims rtpengine[2201]: INFO: [bf224259ab2d4e68@ims.mnc070.mcc999.3gpp.network.org]: Creating new call, offer received, 2 media ports allocated
Jul  7 09:29:51 ims rtpengine[2201]: INFO: [35116e06c2204b2f@ims.mnc070.mcc999.3gpp.network.org]: Creating new call, offer received, 2 media ports allocated
Jul  7 09:29:51 ims rtpengine[2201]: INFO: [35116e06c2204b2f@ims.mnc070.mcc999.3gpp.network.org]: Deleting call, no media flowed
Jul  7 09:30:09 ims rtpengine[2201]: INFO: [82cebb53c89849f9@ims.mnc070.mcc999.3gpp.network.org]: Final stats: 6480 packets, 0.0% loss, MOS 4.5
Jul  7 09:30:11 ims rtpengine[2201]: INFO: [bf224259ab2d4e68@ims.mnc070.mcc999.3gpp.network.org]: Final stats: 3813 packets, 0.2% loss, MOS 4.4
Jul  7 09:36:08 ims rtpengine[2201]: INFO: [82930c557dde4b75@ims.mnc070.mcc999.3gpp.network.org]: Creating new call, offer received, 2 media ports allocated
Jul  7 09:36:23 ims rtpengine[2201]: INFO: [82930c557dde4b75@ims.mnc070.mcc999.3gpp.network.org]: Final stats: 722 packets, 2.2% loss, MOS 3.9
Jul  7 09:42:20 ims rtpengine[2201]: INFO: [5c337a4ca54a49bd@ims.mnc070.mcc999.3gpp.network.org]: Creating new call, offer received, 2 media ports allocated
Jul  7 09:42:50 ims rtpengine[2201]: INFO: [4acac59c8c884a0e@ims.mnc070.mcc999.3gpp.network.org]: Creating new call, offer received, 2 media ports allocated
Jul  7 09:44:20 ims rtpengine[2201]: INFO: [5c337a4ca54a49bd@ims.mnc070.mcc999.3gpp.network.org]: Final stats: 6005 packets, 0.2% loss, MOS 4.5
Jul  7 09:44:54 ims rtpengine[2201]: INFO: [8f11d8c684d7439a@ims.mnc070.mcc999.3gpp.network.org]: Creating new call, offer received, 2 media ports allocated
Jul  7 09:45:34 ims rtpengine[2201]: INFO: [4acac59c8c884a0e@ims.mnc070.mcc999.3gpp.network.org]: Final stats: 8227 packets, 0.8% loss, MOS 4.2
Jul  7 09:46:54 ims rtpengine[2201]: INFO: [8f11d8c684d7439a@ims.mnc070.mcc999.3gpp.network.org]: Final stats: 5970 packets, 0.0% loss, MOS 4.5
Jul  7 09:48:31 ims rtpengine[2201]: INFO: [e0d1494b5ae54b8c@ims.mnc070.mcc999.3gpp.network.org]: Creating new call, offer received, 2 media ports allocated
Jul  7 09:50:02 ims rtpengine[2201]: INFO: [a56bb3d7b8224755@ims.mnc070.mcc999.3gpp.network.org]: Creating new call, offer received, 2 media ports allocated
Jul  7 09:50:31 ims rtpengine[2201]: INFO: [e0d1494b5ae54b8c@ims.mnc070.mcc999.3gpp.network.org]: Final stats: 5994 packets, 0.8% loss, MOS 3.9
Jul  7 09:52:12 ims rtpengine[2201]: INFO: [a56bb3d7b8224755@ims.mnc070.mcc999.3gpp.network.org]: Final stats: 6485 packets, 0.6% loss, MOS 4.1
Jul  7 09:56:17 ims rtpengine[2201]: INFO: [5b42b3a2afc24300@ims.mnc070.mcc999.3gpp.network.org]: Creating new call, offer received, 2 media ports allocated
Jul  7 09:57:14 ims rtpengine[2201]: INFO: [8972be826d8448cf@ims.mnc070.mcc999.3gpp.network.org]: Creating new call, offer received, 2 media ports allocated
Jul  7 09:57:55 ims rtpengine[2201]: INFO: [8972be826d8448cf@ims.mnc070.mcc999.3gpp.network.org]: Final stats: 2052 packets, 0.6% loss, MOS 4.5
Jul  7 09:58:03 ims rtpengine[2201]: INFO: [5b42b3a2afc24300@ims.mnc070.mcc999.3gpp.network.org]: Final stats: 5294 packets, 0.0% loss, MOS 4.5
Jul  7 09:59:11 ims rtpengine[2201]: INFO: [4c4e2ae769ec4a92@ims.mnc070.mcc999.3gpp.network.org]: Creating new call, offer received, 2 media ports allocated
Jul  7 10:03:05 ims rtpengine[2201]: INFO: [4c4e2ae769ec4a92@ims.mnc070.mcc999.3gpp.network.org]: Final stats: 11696 packets, 0.0% loss, MOS 4.5
Jul  7 10:04:26 ims rtpengine[2201]: INFO: [c6cbc7797f444d32@ims.mnc070.mcc999.3gpp.network.org]: Creating new call, offer received, 2 media ports allocated
Jul  7 10:04:27 ims rtpengine[2201]: INFO: [c6cbc7797f444d32@ims.mnc070.mcc999.3gpp.network.org]: Final stats: 29 packets, 1.2% loss, MOS 3.8
Jul  7 10:10:51 ims rtpengine[2201]: INFO: [3e22ce2ae6e54d53@ims.mnc070.mcc999.3gpp.network.org]: Creating new call, offer received, 2 media ports allocated
Jul  7 10:11:03 ims rtpengine[2201]: INFO: [3e22ce2ae6e54d53@ims.mnc070.mcc999.3gpp.network.org]: Final stats: 597 packets, 2.3% loss, MOS 4.1
Jul  7 10:11:23 ims rtpengine[2201]: INFO: [58e72fa7cc9d4ad0@ims.mnc070.mcc999.3gpp.network.org]: Creating new call, offer received, 2 media ports allocated
Jul  7 10:14:34 ims rtpengine[2201]: INFO: [7a201922d4c64257@ims.mnc070.mcc999.3gpp.network.org]: Creating new call, offer received, 2 media ports allocated
Jul  7 10:14:34 ims rtpengine[2201]: INFO: [7a201922d4c64257@ims.mnc070.mcc999.3gpp.network.org]: Deleting call, no media flowed
Jul  7 10:15:24 ims rtpengine[2201]: INFO: [cbf7726958ff432c@ims.mnc070.mcc999.3gpp.network.org]: Creating new call, offer received, 2 media ports allocated
Jul  7 10:17:00 ims rtpengine[2201]: INFO: [cbf7726958ff432c@ims.mnc070.mcc999.3gpp.network.org]: Final stats: 4796 packets, 0.7% loss, MOS 4.3
Jul  7 10:17:07 ims rtpengine[2201]: INFO: [d7d69a3545474ca9@ims.mnc070.mcc999.3gpp.network.org]: Creating new call, offer received, 2 media ports allocated
Jul  7 10:17:07 ims rtpengine[2201]: INFO: [d7d69a3545474ca9@ims.mnc070.mcc999.3gpp.network.org]: Deleting call, no media flowed
Jul  7 10:18:28 ims rtpengine[2201]: INFO: [e1d9fba18514417c@ims.mnc070.mcc999.3gpp.network.org]: Creating new call, offer received, 2 media ports allocated
Jul  7 10:18:28 ims rtpengine[2201]: INFO: [e1d9fba18514417c@ims.mnc070.mcc999.3gpp.network.org]: Deleting call, no media flowed
Jul  7 10:18:53 ims rtpengine[2201]: INFO: [58e72fa7cc9d4ad0@ims.mnc070.mcc999.3gpp.network.org]: Final stats: 22479 packets, 0.0% loss, MOS 4.5
Jul  7 10:24:21 ims rtpengine[2201]: INFO: [c9771a498d73446d@ims.mnc070.mcc999.3gpp.network.org]: Creating new call, offer received, 2 media ports allocated
Jul  7 10:27:18 ims rtpengine[2201]: INFO: [45c667dc12b5465c@ims.mnc070.mcc999.3gpp.network.org]: Creating new call, offer received, 2 media ports allocated
Jul  7 10:27:18 ims rtpengine[2201]: INFO: [45c667dc12b5465c@ims.mnc070.mcc999.3gpp.network.org]: Deleting call, no media flowed
Jul  7 10:27:56 ims rtpengine[2201]: INFO: [c9771a498d73446d@ims.mnc070.mcc999.3gpp.network.org]: Final stats: 10731 packets, 0.1% loss, MOS 4.4
Jul  7 10:29:18 ims rtpengine[2201]: INFO: [9bb0b53f44d247c3@ims.mnc070.mcc999.3gpp.network.org]: Creating new call, offer received, 2 media ports allocated
Jul  7 10:29:43 ims rtpengine[2201]: INFO: [9bb0b53f44d247c3@ims.mnc070.mcc999.3gpp.network.org]: Final stats: 1217 packets, 0.6% loss, MOS 4.3
Jul  7 10:31:59 ims rtpengine[2201]: INFO: [c1b1dc2427824bc9@ims.mnc070.mcc999.3gpp.network.org]: Creating new call, offer received, 2 media ports allocated
Jul  7 10:35:00 ims rtpengine[2201]: INFO: [c1b1dc2427824bc9@ims.mnc070.mcc999.3gpp.network.org]: Final stats: 9084 packets, 0.2% loss, MOS 4.2
Jul  7 10:36:25 ims rtpengine[2201]: INFO: [d482d01b845b49ee@ims.mnc070.mcc999.3gpp.network.org]: Creating new call, offer received, 2 media ports allocated
Jul  7 10:37:13 ims rtpengine[2201]: INFO: [d482d01b845b49ee@ims.mnc070.mcc999.3gpp.network.org]: Final stats: 2387 packets, 0.1% loss, MOS 4.5
Jul  7 10:37:40 ims rtpengine[2201]: INFO: [373ad78ed8fe4e17@ims.mnc070.mcc999.3gpp.network.org]: Creating new call, offer received, 2 media ports allocated
Jul  7 10:39:39 ims rtpengine[2201]: INFO: [373ad78ed8fe4e17@ims.mnc070.mcc999.3gpp.network.org]: Final stats: 5952 packets, 0.5% loss, MOS 4.3
Jul  7 10:40:43 ims rtpengine[2201]: INFO: [d42cf1d3c6cf487d@ims.mnc070.mcc999.3gpp.network.org]: Creating new call, offer received, 2 media ports allocated
Jul  7 10:41:02 ims rtpengine[2201]: INFO: [d42cf1d3c6cf487d@ims.mnc070.mcc999.3gpp.network.org]: Final stats: 945 packets, 0.0% loss, MOS 4.4
Jul  7 10:43:16 ims rtpengine[2201]: INFO: [8299df18073e496c@ims.mnc070.mcc999.3gpp.network.org]: Creating new call, offer received, 2 media ports allocated
Jul  7 10:44:50 ims rtpengine[2201]: INFO: [8299df18073e496c@ims.mnc070.mcc999.3gpp.network.org]: Final stats: 4665 packets, 0.1% loss, MOS 4.1
Jul  7 10:45:18 ims rtpengine[2201]: INFO: [e2b025e4c450401c@ims.mnc070.mcc999.3gpp.network.org]: Creating new call, offer received, 2 media ports allocated
Jul  7 10:50:38 ims rtpengine[2201]: INFO: [d3ba1bfc05084f71@ims.mnc070.mcc999.3gpp.network.org]: Creating new call, offer received, 2 media ports allocated
Jul  7 10:51:08 ims rtpengine[2201]: INFO: [d3ba1bfc05084f71@ims.mnc070.mcc999.3gpp.network.org]: Final stats: 1503 packets, 0.0% loss, MOS 4.5
Jul  7 10:51:23 ims rtpengine[2201]: INFO: [e2b025e4c450401c@ims.mnc070.mcc999.3gpp.network.org]: Final stats: 18254 packets, 0.0% loss, MOS 4.5
Jul  7 10:51:35 ims rtpengine[2201]: INFO: [2bf76edbe2ce4a1f@ims.mnc070.mcc999.3gpp.network.org]: Creating new call, offer received, 2 media ports allocated
Jul  7 10:52:25 ims rtpengine[2201]: INFO: [2bf76edbe2ce4a1f@ims.mnc070.mcc999.3gpp.network.org]: Final stats: 2496 packets, 0.0% loss, MOS 4.5
Jul  7 10:53:08 ims rtpengine[2201]: INFO: [a36583fd369348ad@ims.mnc070.mcc999.3gpp.network.org]: Creating new call, offer received, 2 media ports allocated
Jul  7 10:53:22 ims rtpengine[2201]: INFO: [a36583fd369348ad@ims.mnc070.mcc999.3gpp.network.org]: Final stats: 675 packets, 1.9% loss, MOS 3.8
Jul  7 10:56:58 ims rtpengine[2201]: INFO: [628f9d54465d4cf8@ims.mnc070.mcc999.3gpp.network.org]: Creating new call, offer received, 2 media ports allocated
Jul  7 10:58:32 ims rtpengine[2201]: INFO: [628f9d54465d4cf8@ims.mnc070.mcc999.3gpp.network.org]: Final stats: 4671 packets, 0.0% loss, MOS 4.5
Jul  7 10:59:50 ims rtpengine[2201]: INFO: [f99a40c4a29e4edf@ims.mnc070.mcc999.3gpp.network.org]: Creating new call, offer received, 2 media ports allocated
Jul  7 10:59:50 ims rtpengine[2201]: INFO: [f99a40c4a29e4edf@ims.mnc070.mcc999.3gpp.network.org]: Deleting call, no media flowed
Jul  7 11:05:18 ims rtpengine[2201]: INFO: [c0af8fe543f2436e@ims.mnc070.mcc999.3gpp.network.org]: Creating new call, offer received, 2 media ports allocated
Jul  7 11:05:24 ims rtpengine[2201]: INFO: [c0af8fe543f2436e@ims.mnc070.mcc999.3gpp.network.org]: Final stats: 299 packets, 0.0% loss, MOS 4.5
Jul  7 11:06:47 ims rtpengine[2201]: INFO: [8c7fc7d9d92e42d4@ims.mnc070.mcc999.3gpp.network.org]: Creating new call, offer received, 2 media ports allocated
Jul  7 11:07:38 ims rtpengine[2201]: INFO: [8c7fc7d9d92e42d4@ims.mnc070.mcc999.3gpp.network.org]: Final stats: 2547 packets, 0.1% loss, MOS 4.3
Jul  7 11:09:16 ims rtpengine[2201]: INFO: [ab8d1cf84b1a4b8c@ims.mnc070.mcc999.3gpp.network.org]: Creating new call, offer received, 2 media ports allocated
Jul  7 11:10:13 ims rtpengine[2201]: INFO: [754c2713b09c48e5@ims.mnc070.mcc999.3gpp.network.org]: Creating new call, offer received, 2 media ports allocated
Jul  7 11:10:13 ims rtpengine[2201]: INFO: [754c2713b09c48e5@ims.mnc070.mcc999.3gpp.network.org]: Deleting call, no media flowed
Jul  7 11:11:57 ims rtpengine[2201]: INFO: [61abab19867c416c@ims.mnc070.mcc999.3gpp.network.org]: Creating new call, offer received, 2 media ports allocated
Jul  7 11:12:44 ims rtpengine[2201]: INFO: [61abab19867c416c@ims.mnc070.mcc999.3gpp.network.org]: Final stats: 2318 packets, 0.0% loss, MOS 4.5
Jul  7 11:13:05 ims rtpengine[2201]: INFO: [ab8d1cf84b1a4b8c@ims.mnc070.mcc999.3gpp.network.org]: Final stats: 11471 packets, 0.0% loss, MOS 4.5
Jul  7 11:13:45 ims rtpengine[2201]: INFO: [c82eee78016047f9@ims.mnc070.mcc999.3gpp.network.org]: Creating new call, offer received, 2 media ports allocated
Jul  7 11:16:06 ims rtpengine[2201]: INFO: [51c54d8dc7ba4b58@ims.mnc070.mcc999.3gpp.network.org]: Creating new call, offer received, 2 media ports allocated
Jul  7 11:18:11 ims rtpengine[2201]: INFO: [d5ba71864e064252@ims.mnc070.mcc999.3gpp.network.org]: Creating new call, offer received, 2 media ports allocated
Jul  7 11:18:25 ims rtpengine[2201]: INFO: [d5ba71864e064252@ims.mnc070.mcc999.3gpp.network.org]: Final stats: 703 packets, 0.0% loss, MOS 4.4
Jul  7 11:18:49 ims rtpengine[2201]: INFO: [51c54d8dc7ba4b58@ims.mnc070.mcc999.3gpp.network.org]: Final stats: 8169 packets, 0.0% loss, MOS 4.5
Jul  7 11:19:59 ims rtpengine[2201]: INFO: [c82eee78016047f9@ims.mnc070.mcc999.3gpp.network.org]: Final stats: 18722 packets, 0.2% loss, MOS 4.2
Jul  7 11:20:35 ims rtpengine[2201]: INFO: [883da9ffe8e24407@ims.mnc070.mcc999.3gpp.network.org]: Creating new call, offer received, 2 media ports allocated
Jul  7 11:21:10 ims rtpengine[2201]: INFO: [999fa71749d949b6@ims.mnc070.mcc999.3gpp.network.org]: Creating new call, offer received, 2 media ports allocated
Jul  7 11:23:18 ims rtpengine[2201]: INFO: [883da9ffe8e24407@ims.mnc070.mcc999.3gpp.network.org]: Final stats: 8149 packets, 0.0% loss, MOS 4.5
Jul  7 11:24:02 ims rtpengine[2201]: INFO: [13644678bd9142e2@ims.mnc070.mcc999.3gpp.network.org]: Creating new call, offer received, 2 media ports allocated
Jul  7 11:26:19 ims rtpengine[2201]: INFO: [13644678bd9142e2@ims.mnc070.mcc999.3gpp.network.org]: Final stats: 6837 packets, 0.5% loss, MOS 4.4
Jul  7 11:26:34 ims rtpengine[2201]: INFO: [999fa71749d949b6@ims.mnc070.mcc999.3gpp.network.org]: Final stats: 16226 packets, 0.0% loss, MOS 4.3
Jul  7 11:28:45 ims rtpengine[2201]: INFO: [89944148f11d42e7@ims.mnc070.mcc999.3gpp.network.org]: Creating new call, offer received, 2 media ports allocated
Jul  7 11:29:11 ims rtpengine[2201]: INFO: [89944148f11d42e7@ims.mnc070.mcc999.3gpp.network.org]: Final stats: 1293 packets, 0.0% loss, MOS 4.4
Jul  7 11:31:56 ims rtpengine[2201]: INFO: [680fee915f824345@ims.mnc070.mcc999.3gpp.network.org]: Creating new call, offer received, 2 media ports allocated
Jul  7 11:32:04 ims rtpengine[2201]: INFO: [680fee915f824345@ims.mnc070.mcc999.3gpp.network.org]: Final stats: 375 packets, 0.0% loss, MOS 4.4
Jul  7 11:32:51 ims rtpengine[2201]: INFO: [25fb75b04cdf4a48@ims.mnc070.mcc999.3gpp.network.org]: Creating new call, offer received, 2 media ports allocated
Jul  7 11:34:20 ims rtpengine[2201]: INFO: [15ea6cfcd4f14cfd@ims.mnc070.mcc999.3gpp.network.org]: Creating new call, offer received, 2 media ports allocated
Jul  7 11:34:26 ims rtpengine[2201]: INFO: [c79bd739608c4ce5@ims.mnc070.mcc999.3gpp.network.org]: Creating new call, offer received, 2 media ports allocated
Jul  7 11:34:31 ims rtpengine[2201]: INFO: [15ea6cfcd4f14cfd@ims.mnc070.mcc999.3gpp.network.org]: Final stats: 559 packets, 0.3% loss, MOS 4.5
Jul  7 11:35:40 ims rtpengine[2201]: INFO: [25fb75b04cdf4a48@ims.mnc070.mcc999.3gpp.network.org]: Final stats: 8447 packets, 0.0% loss, MOS 4.2
Jul  7 11:36:56 ims rtpengine[2201]: INFO: [c79bd739608c4ce5@ims.mnc070.mcc999.3gpp.network.org]: Final stats: 7512 packets, 1.0% loss, MOS 4.3
Jul  7 11:38:20 ims rtpengine[2201]: INFO: [af507b30754648dc@ims.mnc070.mcc999.3gpp.network.org]: Creating new call, offer received, 2 media ports allocated
Jul  7 11:41:50 ims rtpengine[2201]: INFO: [af507b30754648dc@ims.mnc070.mcc999.3gpp.network.org]: Final stats: 10517 packets, 0.0% loss, MOS 4.5
Jul  7 11:43:24 ims rtpengine[2201]: INFO: [e45a938ceefb4bfd@ims.mnc070.mcc999.3gpp.network.org]: Creating new call, offer received, 2 media ports allocated
Jul  7 11:43:35 ims rtpengine[2201]: INFO: [ba65418a5f064349@ims.mnc070.mcc999.3gpp.network.org]: Creating new call, offer received, 2 media ports allocated
Jul  7 11:44:22 ims rtpengine[2201]: INFO: [ba65418a5f064349@ims.mnc070.mcc999.3gpp.network.org]: Final stats: 2347 packets, 0.7% loss, MOS 4.2
Jul  7 11:44:39 ims rtpengine[2201]: INFO: [06a100b57f1f421d@ims.mnc070.mcc999.3gpp.network.org]: Creating new call, offer received, 2 media ports allocated
Jul  7 11:44:39 ims rtpengine[2201]: INFO: [06a100b57f1f421d@ims.mnc070.mcc999.3gpp.network.org]: Deleting call, no media flowed
Jul  7 11:45:45 ims rtpengine[2201]: INFO: [e45a938ceefb4bfd@ims.mnc070.mcc999.3gpp.network.org]: Final stats: 7032 packets, 0.9% loss, MOS 4.3
Jul  7 11:48:36 ims rtpengine[2201]: INFO: [c972dfccca45421a@ims.mnc070.mcc999.3gpp.network.org]: Creating new call, offer received, 2 media ports allocated
Jul  7 11:49:07 ims rtpengine[2201]: INFO: [c972dfccca45421a@ims.mnc070.mcc999.3gpp.network.org]: Final stats: 1527 packets, 0.1% loss, MOS 4.3
Jul  7 11:52:41 ims rtpengine[2201]: INFO: [e30eb5d15e4c4dc9@ims.mnc070.mcc999.3gpp.network.org]: Creating new call, offer received, 2 media ports allocated
Jul  7 11:53:21 ims rtpengine[2201]: INFO: [fc61438c67f24625@ims.mnc070.mcc999.3gpp.network.org]: Creating new call, offer received, 2 media ports allocated
Jul  7 11:53:25 ims rtpengine[2201]: INFO: [e30eb5d15e4c4dc9@ims.mnc070.mcc999.3gpp.network.org]: Final stats: 2219 packets, 0.3% loss, MOS 4.2
Jul  7 11:53:49 ims rtpengine[2201]: INFO: [fc61438c67f24625@ims.mnc070.mcc999.3gpp.network.org]: Final stats: 1380 packets, 0.3% loss, MOS 4.4
Jul  7 11:53:52 ims rtpengine[2201]: INFO: [8cad1b0a45134cf2@ims.mnc070.mcc999.3gpp.network.org]: Creating new call, offer received, 2 media ports allocated
Jul  7 11:54:37 ims rtpengine[2201]: INFO: [8cad1b0a45134cf2@ims.mnc070.mcc999.3gpp.network.org]: Final stats: 2268 packets, 0.0% loss, MOS 4.2
Jul  7 11:54:58 ims rtpengine[2201]: INFO: [428f3c94921b407e@ims.mnc070.mcc999.3gpp.network.org]: Creating new call, offer received, 2 media ports allocated
Jul  7 11:57:18 ims rtpengine[2201]: INFO: [e8c12fc021034321@ims.mnc070.mcc999.3gpp.network.org]: Creating new call, offer received, 2 media ports allocated
Jul  7 11:58:36 ims rtpengine[2201]: INFO: [428f3c94921b407e@ims.mnc070.mcc999.3gpp.network.org]: Final stats: 10924 packets, 0.5% loss, MOS 4.3
Jul  7 11:59:23 ims rtpengine[2201]: INFO: [22c98a9cfbf84af2@ims.mnc070.mcc999.3gpp.network.org]: Creating new call, offer received, 2 media ports allocated
Jul  7 12:00:23 ims rtpengine[2201]: INFO: [e8c12fc021034321@ims.mnc070.mcc999.3gpp.network.org]: Final stats: 9241 packets, 0.0% loss, MOS 4.5
Jul  7 12:00:37 ims rtpengine[2201]: INFO: [fb86d61d682b41a3@ims.mnc070.mcc999.3gpp.network.org]: Creating new call, offer received, 2 media ports allocated
Jul  7 12:01:40 ims rtpengine[2201]: INFO: [6a8412ee96494f8b@ims.mnc070.mcc999.3gpp.network.org]: Creating new call, offer received, 2 media ports allocated
Jul  7 12:01:50 ims rtpengine[2201]: INFO: [6a8412ee96494f8b@ims.mnc070.mcc999.3gpp.network.org]: Final stats: 465 packets, 0.0% loss, MOS 4.5
Jul  7 12:02:54 ims rtpengine[2201]: INFO: [6bac97ae47034f18@ims.mnc070.mcc999.3gpp.network.org]: Creating new call, offer received, 2 media ports allocated
Jul  7 12:03:03 ims rtpengine[2201]: INFO: [fb86d61d682b41a3@ims.mnc070.mcc999.3gpp.network.org]: Final stats: 7282 packets, 0.6% loss, MOS 4.3
Jul  7 12:05:05 ims rtpengine[2201]: INFO: [6270ac80c2e34fa4@ims.mnc070.mcc999.3gpp.network.org]: Creating new call, offer received, 2 media ports allocated
Jul  7 12:05:15 ims rtpengine[2201]: INFO: [6270ac80c2e34fa4@ims.mnc070.mcc999.3gpp.network.org]: Final stats: 521 packets, 0.2% loss, MOS 4.5
Jul  7 12:05:33 ims rtpengine[2201]: INFO: [6bac97ae47034f18@ims.mnc070.mcc999.3gpp.network.org]: Final stats: 7934 packets, 0.3% loss, MOS 4.2
Jul  7 12:06:22 ims rtpengine[2201]: INFO: [af1ce5bf87e34377@ims.mnc070.mcc999.3gpp.network.org]: Creating new call, offer received, 2 media ports allocated
Jul  7 12:06:25 ims rtpengine[2201]: INFO: [22c98a9cfbf84af2@ims.mnc070.mcc999.3gpp.network.org]: Final stats: 21135 packets, 1.2% loss, MOS 4.0
Jul  7 12:08:01 ims rtpengine[2201]: INFO: [af1ce5bf87e34377@ims.mnc070.mcc999.3gpp.network.org]: Final stats: 4915 packets, 1.8% loss, MOS 4.2
Jul  7 12:10:58 ims rtpengine[2201]: INFO: [8069249df1c44678@ims.mnc070.mcc999.3gpp.network.org]: Creating new call, offer received, 2 media ports allocated
Jul  7 12:11:17 ims rtpengine[2201]: INFO: [8069249df1c44678@ims.mnc070.mcc999.3gpp.network.org]: Final stats: 927 packets, 0.0% loss, MOS 4.5
Jul  7 12:14:31 ims rtpengine[2201]: INFO: [b9d4e6e69ba74c97@ims.mnc070.mcc999.3gpp.network.org]: Creating new call, offer received, 2 media ports allocated
Jul  7 12:14:34 ims rtpengine[2201]: INFO: [80ab9b649bac4649@ims.mnc070.mcc999.3gpp.network.org]: Creating new call, offer received, 2 media ports allocated
Jul  7 12:15:40 ims rtpengine[2201]: INFO: [b9d4e6e69ba74c97@ims.mnc070.mcc999.3gpp.network.org]: Final stats: 3431 packets, 0.6% loss, MOS 4.3
Jul  7 12:15:42 ims rtpengine[2201]: INFO: [330ef384e14a4bb6@ims.mnc070.mcc999.3gpp.network.org]: Creating new call, offer received, 2 media ports allocated
Jul  7 12:16:02 ims rtpengine[2201]: INFO: [65524c7804cb4f4b@ims.mnc070.mcc999.3gpp.network.org]: Creating new call, offer received, 2 media ports allocated
Jul  7 12:16:33 ims rtpengine[2201]: INFO: [80ab9b649bac4649@ims.mnc070.mcc999.3gpp.network.org]: Final stats: 5966 packets, 0.5% loss, MOS 4.5
Jul  7 12:18:08 ims rtpengine[2201]: INFO: [65524c7804cb4f4b@ims.mnc070.mcc999.3gpp.network.org]: Final stats: 6271 packets, 4.4% loss, MOS 2.9
Jul  7 12:18:24 ims rtpengine[2201]: WARNING: [core] high packet loss detected on media ports, avg loss > 8%
Jul  7 12:19:32 ims rtpengine[2201]: INFO: [330ef384e14a4bb6@ims.mnc070.mcc999.3gpp.network.org]: Final stats: 11497 packets, 3.2% loss, MOS 3.1
Jul  7 12:23:42 ims rtpengine[2201]: INFO: [2d64957d25a141e3@ims.mnc070.mcc999.3gpp.network.org]: Creating new call, offer received, 2 media ports allocated
Jul  7 12:24:04 ims rtpengine[2201]: INFO: [2d64957d25a141e3@ims.mnc070.mcc999.3gpp.network.org]: Final stats: 1086 packets, 5.6% loss, MOS 2.6
Jul  7 12:24:18 ims rtpengine[2201]: INFO: [fb49671549414d50@ims.mnc070.mcc999.3gpp.network.org]: Creating new call, offer received, 2 media ports allocated
Jul  7 12:24:48 ims rtpengine[2201]: INFO: [fb49671549414d50@ims.mnc070.mcc999.3gpp.network.org]: Final stats: 1471 packets, 4.8% loss, MOS 2.8
Jul  7 12:27:16 ims rtpengine[2201]: INFO: [1dea3a64ea784142@ims.mnc070.mcc999.3gpp.network.org]: Creating new call, offer received, 2 media ports allocated
Jul  7 12:27:23 ims rtpengine[2201]: INFO: [54b4ba23603241ae@ims.mnc070.mcc999.3gpp.network.org]: Creating new call, offer received, 2 media ports allocated
Jul  7 12:27:59 ims rtpengine[2201]: INFO: [5510da0e0b0b4710@ims.mnc070.mcc999.3gpp.network.org]: Creating new call, offer received, 2 media ports allocated
Jul  7 12:27:59 ims rtpengine[2201]: INFO: [5510da0e0b0b4710@ims.mnc070.mcc999.3gpp.network.org]: Deleting call, no media flowed
Jul  7 12:28:15 ims rtpengine[2201]: INFO: [41e33b6486d24530@ims.mnc070.mcc999.3gpp.network.org]: Creating new call, offer received, 2 media ports allocated
Jul  7 12:29:08 ims rtpengine[2201]: INFO: [54b4ba23603241ae@ims.mnc070.mcc999.3gpp.network.org]: Final stats: 5213 packets, 3.9% loss, MOS 3.0
Jul  7 12:30:49 ims rtpengine[2201]: INFO: [cff930e694334248@ims.mnc070.mcc999.3gpp.network.org]: Creating new call, offer received, 2 media ports allocated
Jul  7 12:30:53 ims rtpengine[2201]: INFO: [1dea3a64ea784142@ims.mnc070.mcc999.3gpp.network.org]: Final stats: 10816 packets, 4.7% loss, MOS 3.2
Jul  7 12:32:05 ims rtpengine[2201]: INFO: [cff930e694334248@ims.mnc070.mcc999.3gpp.network.org]: Final stats: 3787 packets, 4.0% loss, MOS 3.0
Jul  7 12:32:32 ims rtpengine[2201]: WARNING: [core] high packet loss detected on media ports, avg loss > 8%
Jul  7 12:33:32 ims rtpengine[2201]: INFO: [41e33b6486d24530@ims.mnc070.mcc999.3gpp.network.org]: Final stats: 15853 packets, 5.6% loss, MOS 2.5
Jul  7 12:34:40 ims rtpengine[2201]: INFO: [2ee8c8c3ef8949df@ims.mnc070.mcc999.3gpp.network.org]: Creating new call, offer received, 2 media ports allocated
Jul  7 12:34:57 ims rtpengine[2201]: INFO: [4b31c0418eb24724@ims.mnc070.mcc999.3gpp.network.org]: Creating new call, offer received, 2 media ports allocated
Jul  7 12:34:57 ims rtpengine[2201]: INFO: [4b31c0418eb24724@ims.mnc070.mcc999.3gpp.network.org]: Deleting call, no media flowed
Jul  7 12:35:00 ims rtpengine[2201]: INFO: [2ee8c8c3ef8949df@ims.mnc070.mcc999.3gpp.network.org]: Final stats: 1014 packets, 4.2% loss, MOS 2.9
Jul  7 12:36:15 ims rtpengine[2201]: INFO: [6461c4042193489b@ims.mnc070.mcc999.3gpp.network.org]: Creating new call, offer received, 2 media ports allocated
Jul  7 12:36:17 ims rtpengine[2201]: INFO: [b4ca150a9e70409d@ims.mnc070.mcc999.3gpp.network.org]: Creating new call, offer received, 2 media ports allocated
Jul  7 12:36:30 ims rtpengine[2201]: INFO: [b4ca150a9e70409d@ims.mnc070.mcc999.3gpp.network.org]: Final stats: 659 packets, 4.4% loss, MOS 2.9
Jul  7 12:37:03 ims rtpengine[2201]: INFO: [e8fb6f5a29464a33@ims.mnc070.mcc999.3gpp.network.org]: Creating new call, offer received, 2 media ports allocated
Jul  7 12:37:40 ims rtpengine[2201]: INFO: [6461c4042193489b@ims.mnc070.mcc999.3gpp.network.org]: Final stats: 4259 packets, 4.3% loss, MOS 3.1
Jul  7 12:37:45 ims rtpengine[2201]: INFO: [920c3205c42646ef@ims.mnc070.mcc999.3gpp.network.org]: Creating new call, offer received, 2 media ports allocated
Jul  7 12:41:01 ims rtpengine[2201]: INFO: [e8fb6f5a29464a33@ims.mnc070.mcc999.3gpp.network.org]: Final stats: 11889 packets, 3.9% loss, MOS 3.4
Jul  7 12:41:09 ims rtpengine[2201]: INFO: [9ee6dedd26534520@ims.mnc070.mcc999.3gpp.network.org]: Creating new call, offer received, 2 media ports allocated
Jul  7 12:42:23 ims rtpengine[2201]: INFO: [920c3205c42646ef@ims.mnc070.mcc999.3gpp.network.org]: Final stats: 13879 packets, 1.8% loss, MOS 3.6
Jul  7 12:42:30 ims rtpengine[2201]: INFO: [75f4b10f46b547de@ims.mnc070.mcc999.3gpp.network.org]: Creating new call, offer received, 2 media ports allocated
Jul  7 12:42:59 ims rtpengine[2201]: INFO: [9ee6dedd26534520@ims.mnc070.mcc999.3gpp.network.org]: Final stats: 5495 packets, 2.4% loss, MOS 3.2
Jul  7 12:43:45 ims rtpengine[2201]: INFO: [c667b761a3ad4c99@ims.mnc070.mcc999.3gpp.network.org]: Creating new call, offer received, 2 media ports allocated
Jul  7 12:46:02 ims rtpengine[2201]: INFO: [75f4b10f46b547de@ims.mnc070.mcc999.3gpp.network.org]: Final stats: 10606 packets, 4.1% loss, MOS 3.1
Jul  7 12:46:38 ims rtpengine[2201]: INFO: [c667b761a3ad4c99@ims.mnc070.mcc999.3gpp.network.org]: Final stats: 8648 packets, 4.2% loss, MOS 3.0
Jul  7 12:48:54 ims rtpengine[2201]: INFO: [85250680a7af44a8@ims.mnc070.mcc999.3gpp.network.org]: Creating new call, offer received, 2 media ports allocated
Jul  7 12:49:28 ims rtpengine[2201]: INFO: [85250680a7af44a8@ims.mnc070.mcc999.3gpp.network.org]: Final stats: 1691 packets, 4.3% loss, MOS 2.9
Jul  7 12:50:35 ims rtpengine[2201]: INFO: [849edc35511848a0@ims.mnc070.mcc999.3gpp.network.org]: Creating new call, offer received, 2 media ports allocated
Jul  7 12:50:35 ims rtpengine[2201]: INFO: [849edc35511848a0@ims.mnc070.mcc999.3gpp.network.org]: Final stats: 4 packets, 3.8% loss, MOS 3.1
Jul  7 12:52:45 ims rtpengine[2201]: INFO: [a6f903a5aa5146dd@ims.mnc070.mcc999.3gpp.network.org]: Creating new call, offer received, 2 media ports allocated
Jul  7 12:53:34 ims rtpengine[2201]: INFO: [a6f903a5aa5146dd@ims.mnc070.mcc999.3gpp.network.org]: Final stats: 2452 packets, 3.8% loss, MOS 2.9
Jul  7 12:55:30 ims rtpengine[2201]: INFO: [c2da0a2146464e09@ims.mnc070.mcc999.3gpp.network.org]: Creating new call, offer received, 2 media ports allocated
Jul  7 12:55:54 ims rtpengine[2201]: INFO: [e9a1dcb7a0584892@ims.mnc070.mcc999.3gpp.network.org]: Creating new call, offer received, 2 media ports allocated
Jul  7 12:55:54 ims rtpengine[2201]: INFO: [e9a1dcb7a0584892@ims.mnc070.mcc999.3gpp.network.org]: Deleting call, no media flowed
Jul  7 12:56:10 ims rtpengine[2201]: INFO: [a19ed85a81db46e3@ims.mnc070.mcc999.3gpp.network.org]: Creating new call, offer received, 2 media ports allocated
Jul  7 12:56:14 ims rtpengine[2201]: WARNING: [core] high packet loss detected on media ports, avg loss > 8%
Jul  7 12:57:35 ims rtpengine[2201]: INFO: [18311b5eb1d24adf@ims.mnc070.mcc999.3gpp.network.org]: Creating new call, offer received, 2 media ports allocated
Jul  7 12:57:38 ims rtpengine[2201]: INFO: [18311b5eb1d24adf@ims.mnc070.mcc999.3gpp.network.org]: Final stats: 158 packets, 4.2% loss, MOS 2.8
Jul  7 12:57:42 ims rtpengine[2201]: INFO: [94b828d00d054280@ims.mnc070.mcc999.3gpp.network.org]: Creating new call, offer received, 2 media ports allocated
Jul  7 12:59:05 ims rtpengine[2201]: INFO: [a19ed85a81db46e3@ims.mnc070.mcc999.3gpp.network.org]: Final stats: 8744 packets, 4.6% loss, MOS 2.8
Jul  7 12:59:20 ims rtpengine[2201]: INFO: [94b828d00d054280@ims.mnc070.mcc999.3gpp.network.org]: Final stats: 4857 packets, 4.2% loss, MOS 3.2
Jul  7 12:59:47 ims rtpengine[2201]: INFO: [9d13ce596f2c413c@ims.mnc070.mcc999.3gpp.network.org]: Creating new call, offer received, 2 media ports allocated
Jul  7 12:59:50 ims rtpengine[2201]: INFO: [9d13ce596f2c413c@ims.mnc070.mcc999.3gpp.network.org]: Final stats: 144 packets, 6.7% loss, MOS 2.4
Jul  7 13:00:30 ims rtpengine[2201]: INFO: [c2da0a2146464e09@ims.mnc070.mcc999.3gpp.network.org]: Final stats: 15019 packets, 5.3% loss, MOS 2.5
Jul  7 13:01:21 ims rtpengine[2201]: WARNING: [core] high packet loss detected on media ports, avg loss > 8%
Jul  7 13:01:53 ims rtpengine[2201]: INFO: [f199af0fa5194795@ims.mnc070.mcc999.3gpp.network.org]: Creating new call, offer received, 2 media ports allocated
Jul  7 13:02:28 ims rtpengine[2201]: INFO: [f199af0fa5194795@ims.mnc070.mcc999.3gpp.network.org]: Final stats: 1761 packets, 4.8% loss, MOS 2.8
Jul  7 13:03:09 ims rtpengine[2201]: INFO: [7c849852858e46b3@ims.mnc070.mcc999.3gpp.network.org]: Creating new call, offer received, 2 media ports allocated
Jul  7 13:03:09 ims rtpengine[2201]: INFO: [7c849852858e46b3@ims.mnc070.mcc999.3gpp.network.org]: Deleting call, no media flowed
Jul  7 13:08:16 ims rtpengine[2201]: INFO: [d81b5c38e54d4537@ims.mnc070.mcc999.3gpp.network.org]: Creating new call, offer received, 2 media ports allocated
Jul  7 13:08:31 ims rtpengine[2201]: INFO: [ff1c4f43ae3b4b9a@ims.mnc070.mcc999.3gpp.network.org]: Creating new call, offer received, 2 media ports allocated
Jul  7 13:08:53 ims rtpengine[2201]: INFO: [19b83f7b9b5e420b@ims.mnc070.mcc999.3gpp.network.org]: Creating new call, offer received, 2 media ports allocated
Jul  7 13:09:14 ims rtpengine[2201]: INFO: [d81b5c38e54d4537@ims.mnc070.mcc999.3gpp.network.org]: Final stats: 2916 packets, 5.0% loss, MOS 2.8
Jul  7 13:09:58 ims rtpengine[2201]: INFO: [19b83f7b9b5e420b@ims.mnc070.mcc999.3gpp.network.org]: Final stats: 3283 packets, 4.6% loss, MOS 2.6
Jul  7 13:10:23 ims rtpengine[2201]: INFO: [ff1c4f43ae3b4b9a@ims.mnc070.mcc999.3gpp.network.org]: Final stats: 5603 packets, 5.2% loss, MOS 2.6
Jul  7 13:11:32 ims rtpengine[2201]: INFO: [d870ec7a2c9346e2@ims.mnc070.mcc999.3gpp.network.org]: Creating new call, offer received, 2 media ports allocated
Jul  7 13:11:33 ims rtpengine[2201]: INFO: [d870ec7a2c9346e2@ims.mnc070.mcc999.3gpp.network.org]: Final stats: 55 packets, 4.0% loss, MOS 2.8
Jul  7 13:13:40 ims rtpengine[2201]: INFO: [212dfb432ceb459f@ims.mnc070.mcc999.3gpp.network.org]: Creating new call, offer received, 2 media ports allocated
Jul  7 13:14:04 ims rtpengine[2201]: INFO: [13095b030a084a08@ims.mnc070.mcc999.3gpp.network.org]: Creating new call, offer received, 2 media ports allocated
Jul  7 13:15:05 ims rtpengine[2201]: INFO: [5a1f656ac5604304@ims.mnc070.mcc999.3gpp.network.org]: Creating new call, offer received, 2 media ports allocated
Jul  7 13:15:14 ims rtpengine[2201]: INFO: [5a1f656ac5604304@ims.mnc070.mcc999.3gpp.network.org]: Final stats: 435 packets, 4.9% loss, MOS 2.7
Jul  7 13:15:25 ims rtpengine[2201]: INFO: [212dfb432ceb459f@ims.mnc070.mcc999.3gpp.network.org]: Final stats: 5276 packets, 4.0% loss, MOS 3.3
Jul  7 13:16:14 ims rtpengine[2201]: WARNING: [core] high packet loss detected on media ports, avg loss > 8%
Jul  7 13:16:30 ims rtpengine[2201]: INFO: [13095b030a084a08@ims.mnc070.mcc999.3gpp.network.org]: Final stats: 7272 packets, 3.8% loss, MOS 2.7
Jul  7 13:16:30 ims rtpengine[2201]: INFO: [bdbbb712e3e840ef@ims.mnc070.mcc999.3gpp.network.org]: Creating new call, offer received, 2 media ports allocated
Jul  7 13:16:32 ims rtpengine[2201]: INFO: [bdbbb712e3e840ef@ims.mnc070.mcc999.3gpp.network.org]: Final stats: 96 packets, 6.1% loss, MOS 2.4
Jul  7 13:16:52 ims rtpengine[2201]: INFO: [2b7ad9c29d1a48f1@ims.mnc070.mcc999.3gpp.network.org]: Creating new call, offer received, 2 media ports allocated
Jul  7 13:18:02 ims rtpengine[2201]: INFO: [89abaf6d736347a1@ims.mnc070.mcc999.3gpp.network.org]: Creating new call, offer received, 2 media ports allocated
Jul  7 13:18:02 ims rtpengine[2201]: INFO: [89abaf6d736347a1@ims.mnc070.mcc999.3gpp.network.org]: Deleting call, no media flowed
Jul  7 13:18:26 ims rtpengine[2201]: INFO: [02d0f701fdf8444a@ims.mnc070.mcc999.3gpp.network.org]: Creating new call, offer received, 2 media ports allocated
Jul  7 13:18:26 ims rtpengine[2201]: INFO: [02d0f701fdf8444a@ims.mnc070.mcc999.3gpp.network.org]: Deleting call, no media flowed
Jul  7 13:21:12 ims rtpengine[2201]: INFO: [02cac3f0b1fc4f25@ims.mnc070.mcc999.3gpp.network.org]: Creating new call, offer received, 2 media ports allocated
Jul  7 13:21:31 ims rtpengine[2201]: INFO: [2b7ad9c29d1a48f1@ims.mnc070.mcc999.3gpp.network.org]: Final stats: 13955 packets, 4.3% loss, MOS 2.9
Jul  7 13:23:34 ims rtpengine[2201]: INFO: [02cac3f0b1fc4f25@ims.mnc070.mcc999.3gpp.network.org]: Final stats: 7094 packets, 4.5% loss, MOS 2.6
Jul  7 13:24:00 ims rtpengine[2201]: INFO: [9d84ba8693b749fc@ims.mnc070.mcc999.3gpp.network.org]: Creating new call, offer received, 2 media ports allocated
Jul  7 13:24:39 ims rtpengine[2201]: INFO: [eb6e556d957f4706@ims.mnc070.mcc999.3gpp.network.org]: Creating new call, offer received, 2 media ports allocated
Jul  7 13:24:39 ims rtpengine[2201]: INFO: [eb6e556d957f4706@ims.mnc070.mcc999.3gpp.network.org]: Deleting call, no media flowed
Jul  7 13:25:52 ims rtpengine[2201]: INFO: [9d84ba8693b749fc@ims.mnc070.mcc999.3gpp.network.org]: Final stats: 5600 packets, 5.1% loss, MOS 2.9
Jul  7 13:28:04 ims rtpengine[2201]: INFO: [18d21baaf330449c@ims.mnc070.mcc999.3gpp.network.org]: Creating new call, offer received, 2 media ports allocated
Jul  7 13:28:04 ims rtpengine[2201]: INFO: [18d21baaf330449c@ims.mnc070.mcc999.3gpp.network.org]: Deleting call, no media flowed
Jul  7 13:29:22 ims rtpengine[2201]: INFO: [1c109a7e556a4e22@ims.mnc070.mcc999.3gpp.network.org]: Creating new call, offer received, 2 media ports allocated
Jul  7 13:29:22 ims rtpengine[2201]: INFO: [1c109a7e556a4e22@ims.mnc070.mcc999.3gpp.network.org]: Deleting call, no media flowed
Jul  7 13:30:36 ims rtpengine[2201]: INFO: [7e0496eda39c4b4e@ims.mnc070.mcc999.3gpp.network.org]: Creating new call, offer received, 2 media ports allocated
Jul  7 13:30:45 ims rtpengine[2201]: INFO: [7e0496eda39c4b4e@ims.mnc070.mcc999.3gpp.network.org]: Final stats: 446 packets, 2.8% loss, MOS 3.5
Jul  7 13:32:38 ims rtpengine[2201]: WARNING: [core] high packet loss detected on media ports, avg loss > 8%
Jul  7 13:33:47 ims rtpengine[2201]: INFO: [cd57455a64b84262@ims.mnc070.mcc999.3gpp.network.org]: Creating new call, offer received, 2 media ports allocated
Jul  7 13:34:26 ims rtpengine[2201]: INFO: [413110d80a9f4723@ims.mnc070.mcc999.3gpp.network.org]: Creating new call, offer received, 2 media ports allocated
Jul  7 13:34:38 ims rtpengine[2201]: INFO: [413110d80a9f4723@ims.mnc070.mcc999.3gpp.network.org]: Final stats: 594 packets, 4.9% loss, MOS 2.7
Jul  7 13:35:43 ims rtpengine[2201]: INFO: [c56d25baad044500@ims.mnc070.mcc999.3gpp.network.org]: Creating new call, offer received, 2 media ports allocated
Jul  7 13:35:43 ims rtpengine[2201]: INFO: [c56d25baad044500@ims.mnc070.mcc999.3gpp.network.org]: Deleting call, no media flowed
Jul  7 13:35:55 ims rtpengine[2201]: INFO: [4bf6ec1a4ec34916@ims.mnc070.mcc999.3gpp.network.org]: Creating new call, offer received, 2 media ports allocated
Jul  7 13:35:57 ims rtpengine[2201]: INFO: [4bf6ec1a4ec34916@ims.mnc070.mcc999.3gpp.network.org]: Final stats: 70 packets, 2.2% loss, MOS 3.4
Jul  7 13:36:30 ims rtpengine[2201]: INFO: [9b9be8b3d5fc442a@ims.mnc070.mcc999.3gpp.network.org]: Creating new call, offer received, 2 media ports allocated
Jul  7 13:36:54 ims rtpengine[2201]: INFO: [cd57455a64b84262@ims.mnc070.mcc999.3gpp.network.org]: Final stats: 9349 packets, 4.7% loss, MOS 3.1
Jul  7 13:37:31 ims rtpengine[2201]: INFO: [6b55054dc8be439b@ims.mnc070.mcc999.3gpp.network.org]: Creating new call, offer received, 2 media ports allocated
Jul  7 13:38:05 ims rtpengine[2201]: INFO: [9b9be8b3d5fc442a@ims.mnc070.mcc999.3gpp.network.org]: Final stats: 4749 packets, 4.3% loss, MOS 2.9
Jul  7 13:38:19 ims rtpengine[2201]: INFO: [6b55054dc8be439b@ims.mnc070.mcc999.3gpp.network.org]: Final stats: 2378 packets, 4.4% loss, MOS 2.7
Jul  7 13:41:27 ims rtpengine[2201]: INFO: [cb08ab30056443d3@ims.mnc070.mcc999.3gpp.network.org]: Creating new call, offer received, 2 media ports allocated
Jul  7 13:41:49 ims rtpengine[2201]: INFO: [cb08ab30056443d3@ims.mnc070.mcc999.3gpp.network.org]: Final stats: 1132 packets, 4.2% loss, MOS 2.8
Jul  7 13:43:42 ims rtpengine[2201]: INFO: [0351307d34cd47e3@ims.mnc070.mcc999.3gpp.network.org]: Creating new call, offer received, 2 media ports allocated
Jul  7 13:44:22 ims rtpengine[2201]: INFO: [fe7f5984c11d47a1@ims.mnc070.mcc999.3gpp.network.org]: Creating new call, offer received, 2 media ports allocated
Jul  7 13:44:26 ims rtpengine[2201]: INFO: [932a536d90164b4f@ims.mnc070.mcc999.3gpp.network.org]: Creating new call, offer received, 2 media ports allocated
Jul  7 13:44:31 ims rtpengine[2201]: INFO: [932a536d90164b4f@ims.mnc070.mcc999.3gpp.network.org]: Final stats: 267 packets, 4.6% loss, MOS 2.7
Jul  7 13:45:26 ims rtpengine[2201]: INFO: [0351307d34cd47e3@ims.mnc070.mcc999.3gpp.network.org]: Final stats: 5237 packets, 3.9% loss, MOS 3.4
Jul  7 13:45:53 ims rtpengine[2201]: INFO: [6dbb59c5f2aa4a33@ims.mnc070.mcc999.3gpp.network.org]: Creating new call, offer received, 2 media ports allocated
Jul  7 13:45:53 ims rtpengine[2201]: INFO: [6dbb59c5f2aa4a33@ims.mnc070.mcc999.3gpp.network.org]: Deleting call, no media flowed
Jul  7 13:46:48 ims rtpengine[2201]: INFO: [e66f3410ff8d4fe2@ims.mnc070.mcc999.3gpp.network.org]: Creating new call, offer received, 2 media ports allocated
Jul  7 13:47:45 ims rtpengine[2201]: INFO: [fe7f5984c11d47a1@ims.mnc070.mcc999.3gpp.network.org]: Final stats: 10142 packets, 5.3% loss, MOS 2.9
Jul  7 13:49:54 ims rtpengine[2201]: INFO: [e66f3410ff8d4fe2@ims.mnc070.mcc999.3gpp.network.org]: Final stats: 9325 packets, 4.5% loss, MOS 3.0
Jul  7 13:50:36 ims rtpengine[2201]: INFO: [7cc99365c6e94a89@ims.mnc070.mcc999.3gpp.network.org]: Creating new call, offer received, 2 media ports allocated
Jul  7 13:51:18 ims rtpengine[2201]: WARNING: [core] high packet loss detected on media ports, avg loss > 8%
Jul  7 13:54:28 ims rtpengine[2201]: INFO: [7cc99365c6e94a89@ims.mnc070.mcc999.3gpp.network.org]: Final stats: 11579 packets, 5.6% loss, MOS 2.7
Jul  7 13:57:11 ims rtpengine[2201]: INFO: [f1861cdc32dc4e56@ims.mnc070.mcc999.3gpp.network.org]: Creating new call, offer received, 2 media ports allocated
Jul  7 13:57:12 ims rtpengine[2201]: INFO: [2f0fde22f1b74048@ims.mnc070.mcc999.3gpp.network.org]: Creating new call, offer received, 2 media ports allocated
Jul  7 13:57:25 ims rtpengine[2201]: INFO: [f1861cdc32dc4e56@ims.mnc070.mcc999.3gpp.network.org]: Final stats: 704 packets, 3.9% loss, MOS 3.1
Jul  7 13:57:49 ims rtpengine[2201]: INFO: [572683050e1a40b6@ims.mnc070.mcc999.3gpp.network.org]: Creating new call, offer received, 2 media ports allocated
Jul  7 13:57:58 ims rtpengine[2201]: INFO: [525031b4c9c44b32@ims.mnc070.mcc999.3gpp.network.org]: Creating new call, offer received, 2 media ports allocated
Jul  7 13:58:05 ims rtpengine[2201]: INFO: [3038ae2ad0684b01@ims.mnc070.mcc999.3gpp.network.org]: Creating new call, offer received, 2 media ports allocated
Jul  7 13:58:11 ims rtpengine[2201]: INFO: [a7ad71336fb649e5@ims.mnc070.mcc999.3gpp.network.org]: Creating new call, offer received, 2 media ports allocated
Jul  7 13:59:23 ims rtpengine[2201]: INFO: [572683050e1a40b6@ims.mnc070.mcc999.3gpp.network.org]: Final stats: 4724 packets, 6.1% loss, MOS 2.4
Jul  7 13:59:24 ims rtpengine[2201]: INFO: [3038ae2ad0684b01@ims.mnc070.mcc999.3gpp.network.org]: Final stats: 3941 packets, 4.6% loss, MOS 2.7
Jul  7 13:59:33 ims rtpengine[2201]: INFO: [2f0fde22f1b74048@ims.mnc070.mcc999.3gpp.network.org]: Final stats: 7041 packets, 5.2% loss, MOS 2.9
Jul  7 13:59:44 ims rtpengine[2201]: INFO: [525031b4c9c44b32@ims.mnc070.mcc999.3gpp.network.org]: Final stats: 5298 packets, 2.6% loss, MOS 3.4
Jul  7 13:59:59 ims rtpengine[2201]: INFO: [21b6a657a71c4464@ims.mnc070.mcc999.3gpp.network.org]: Creating new call, offer received, 2 media ports allocated
Jul  7 14:00:44 ims rtpengine[2201]: INFO: [a7ad71336fb649e5@ims.mnc070.mcc999.3gpp.network.org]: Final stats: 7683 packets, 2.6% loss, MOS 3.4
Jul  7 14:02:04 ims rtpengine[2201]: INFO: [e30e91a1aa974ac0@ims.mnc070.mcc999.3gpp.network.org]: Creating new call, offer received, 2 media ports allocated
Jul  7 14:02:06 ims rtpengine[2201]: INFO: [c349b6e42ece4577@ims.mnc070.mcc999.3gpp.network.org]: Creating new call, offer received, 2 media ports allocated
Jul  7 14:02:06 ims rtpengine[2201]: INFO: [c349b6e42ece4577@ims.mnc070.mcc999.3gpp.network.org]: Deleting call, no media flowed
Jul  7 14:02:58 ims rtpengine[2201]: INFO: [21b6a657a71c4464@ims.mnc070.mcc999.3gpp.network.org]: Final stats: 8955 packets, 5.2% loss, MOS 2.7
Jul  7 14:03:17 ims rtpengine[2201]: INFO: [e30e91a1aa974ac0@ims.mnc070.mcc999.3gpp.network.org]: Final stats: 3628 packets, 4.0% loss, MOS 3.0
Jul  7 14:04:48 ims rtpengine[2201]: INFO: [08a8643a47164d81@ims.mnc070.mcc999.3gpp.network.org]: Creating new call, offer received, 2 media ports allocated
Jul  7 14:04:52 ims rtpengine[2201]: INFO: [3df98147d4a04e0c@ims.mnc070.mcc999.3gpp.network.org]: Creating new call, offer received, 2 media ports allocated
Jul  7 14:04:57 ims rtpengine[2201]: WARNING: [core] high packet loss detected on media ports, avg loss > 8%
Jul  7 14:04:58 ims rtpengine[2201]: INFO: [08a8643a47164d81@ims.mnc070.mcc999.3gpp.network.org]: Final stats: 497 packets, 3.5% loss, MOS 2.9
Jul  7 14:05:43 ims rtpengine[2201]: INFO: [96e2619643db475c@ims.mnc070.mcc999.3gpp.network.org]: Creating new call, offer received, 2 media ports allocated
Jul  7 14:06:10 ims rtpengine[2201]: INFO: [96e2619643db475c@ims.mnc070.mcc999.3gpp.network.org]: Final stats: 1352 packets, 4.3% loss, MOS 2.9
Jul  7 14:08:29 ims rtpengine[2201]: INFO: [9475c62ea3ad469f@ims.mnc070.mcc999.3gpp.network.org]: Creating new call, offer received, 2 media ports allocated
Jul  7 14:08:47 ims rtpengine[2201]: INFO: [9475c62ea3ad469f@ims.mnc070.mcc999.3gpp.network.org]: Final stats: 933 packets, 5.0% loss, MOS 2.8
Jul  7 14:09:25 ims rtpengine[2201]: INFO: [d27a93cf41864c70@ims.mnc070.mcc999.3gpp.network.org]: Creating new call, offer received, 2 media ports allocated
Jul  7 14:09:25 ims rtpengine[2201]: INFO: [d27a93cf41864c70@ims.mnc070.mcc999.3gpp.network.org]: Deleting call, no media flowed
Jul  7 14:09:38 ims rtpengine[2201]: INFO: [b563ad2a9a3643d6@ims.mnc070.mcc999.3gpp.network.org]: Creating new call, offer received, 2 media ports allocated
Jul  7 14:09:40 ims rtpengine[2201]: INFO: [5a662a3a9f3049f8@ims.mnc070.mcc999.3gpp.network.org]: Creating new call, offer received, 2 media ports allocated
Jul  7 14:10:17 ims rtpengine[2201]: INFO: [3df98147d4a04e0c@ims.mnc070.mcc999.3gpp.network.org]: Final stats: 16229 packets, 4.7% loss, MOS 2.9
Jul  7 14:10:50 ims rtpengine[2201]: INFO: [b563ad2a9a3643d6@ims.mnc070.mcc999.3gpp.network.org]: Final stats: 3615 packets, 5.8% loss, MOS 2.5
Jul  7 14:11:46 ims rtpengine[2201]: INFO: [5a662a3a9f3049f8@ims.mnc070.mcc999.3gpp.network.org]: Final stats: 6318 packets, 5.9% loss, MOS 2.5
Jul  7 14:14:24 ims rtpengine[2201]: INFO: [3b0a456047104e49@ims.mnc070.mcc999.3gpp.network.org]: Creating new call, offer received, 2 media ports allocated
Jul  7 14:15:18 ims rtpengine[2201]: INFO: [6875498779a1404b@ims.mnc070.mcc999.3gpp.network.org]: Creating new call, offer received, 2 media ports allocated
Jul  7 14:15:36 ims rtpengine[2201]: INFO: [3b0a456047104e49@ims.mnc070.mcc999.3gpp.network.org]: Final stats: 3616 packets, 4.9% loss, MOS 2.9
Jul  7 14:16:11 ims rtpengine[2201]: INFO: [6875498779a1404b@ims.mnc070.mcc999.3gpp.network.org]: Final stats: 2639 packets, 4.6% loss, MOS 3.1
Jul  7 14:16:34 ims rtpengine[2201]: INFO: [4c042f490817456f@ims.mnc070.mcc999.3gpp.network.org]: Creating new call, offer received, 2 media ports allocated
Jul  7 14:16:34 ims rtpengine[2201]: INFO: [4c042f490817456f@ims.mnc070.mcc999.3gpp.network.org]: Deleting call, no media flowed
Jul  7 14:17:01 ims rtpengine[2201]: INFO: [7732974bb9514e65@ims.mnc070.mcc999.3gpp.network.org]: Creating new call, offer received, 2 media ports allocated
Jul  7 14:18:40 ims rtpengine[2201]: INFO: [7732974bb9514e65@ims.mnc070.mcc999.3gpp.network.org]: Final stats: 4943 packets, 4.5% loss, MOS 3.1
Jul  7 14:18:49 ims rtpengine[2201]: INFO: [5c498b24bc82403e@ims.mnc070.mcc999.3gpp.network.org]: Creating new call, offer received, 2 media ports allocated
Jul  7 14:19:31 ims rtpengine[2201]: INFO: [77961f02e79e4765@ims.mnc070.mcc999.3gpp.network.org]: Creating new call, offer received, 2 media ports allocated
Jul  7 14:20:28 ims rtpengine[2201]: INFO: [77961f02e79e4765@ims.mnc070.mcc999.3gpp.network.org]: Final stats: 2858 packets, 4.9% loss, MOS 2.8
Jul  7 14:21:32 ims rtpengine[2201]: INFO: [5c498b24bc82403e@ims.mnc070.mcc999.3gpp.network.org]: Final stats: 8144 packets, 2.9% loss, MOS 3.0
Jul  7 14:22:01 ims rtpengine[2201]: INFO: [d0831dfb75ee49da@ims.mnc070.mcc999.3gpp.network.org]: Creating new call, offer received, 2 media ports allocated
Jul  7 14:22:33 ims rtpengine[2201]: WARNING: [core] high packet loss detected on media ports, avg loss > 8%
Jul  7 14:22:50 ims rtpengine[2201]: INFO: [d0831dfb75ee49da@ims.mnc070.mcc999.3gpp.network.org]: Final stats: 2456 packets, 3.4% loss, MOS 2.9
Jul  7 14:25:33 ims rtpengine[2201]: INFO: [229b314a70d045d3@ims.mnc070.mcc999.3gpp.network.org]: Creating new call, offer received, 2 media ports allocated
Jul  7 14:27:06 ims rtpengine[2201]: INFO: [229b314a70d045d3@ims.mnc070.mcc999.3gpp.network.org]: Final stats: 4652 packets, 3.6% loss, MOS 3.2
Jul  7 14:28:27 ims rtpengine[2201]: INFO: [0017a222c12d4215@ims.mnc070.mcc999.3gpp.network.org]: Creating new call, offer received, 2 media ports allocated
Jul  7 14:29:12 ims rtpengine[2201]: INFO: [d4786e3618f84dd3@ims.mnc070.mcc999.3gpp.network.org]: Creating new call, offer received, 2 media ports allocated
Jul  7 14:30:14 ims rtpengine[2201]: INFO: [e26dd04662364435@ims.mnc070.mcc999.3gpp.network.org]: Creating new call, offer received, 2 media ports allocated
Jul  7 14:31:51 ims rtpengine[2201]: INFO: [d4786e3618f84dd3@ims.mnc070.mcc999.3gpp.network.org]: Final stats: 7949 packets, 3.4% loss, MOS 3.0
Jul  7 14:31:58 ims rtpengine[2201]: INFO: [e26dd04662364435@ims.mnc070.mcc999.3gpp.network.org]: Final stats: 5155 packets, 4.9% loss, MOS 2.7
Jul  7 14:34:33 ims rtpengine[2201]: WARNING: [core] high packet loss detected on media ports, avg loss > 8%
Jul  7 14:34:38 ims rtpengine[2201]: INFO: [929ee0dff3b3414b@ims.mnc070.mcc999.3gpp.network.org]: Creating new call, offer received, 2 media ports allocated
Jul  7 14:34:45 ims rtpengine[2201]: INFO: [c03f0108715f4f20@ims.mnc070.mcc999.3gpp.network.org]: Creating new call, offer received, 2 media ports allocated
Jul  7 14:34:49 ims rtpengine[2201]: INFO: [c03f0108715f4f20@ims.mnc070.mcc999.3gpp.network.org]: Final stats: 214 packets, 4.0% loss, MOS 3.1
Jul  7 14:35:38 ims rtpengine[2201]: INFO: [0017a222c12d4215@ims.mnc070.mcc999.3gpp.network.org]: Final stats: 21547 packets, 4.6% loss, MOS 3.0
Jul  7 14:36:41 ims rtpengine[2201]: INFO: [0dee90e62be1416a@ims.mnc070.mcc999.3gpp.network.org]: Creating new call, offer received, 2 media ports allocated
Jul  7 14:36:41 ims rtpengine[2201]: INFO: [0dee90e62be1416a@ims.mnc070.mcc999.3gpp.network.org]: Deleting call, no media flowed
Jul  7 14:36:52 ims rtpengine[2201]: INFO: [929ee0dff3b3414b@ims.mnc070.mcc999.3gpp.network.org]: Final stats: 6699 packets, 6.6% loss, MOS 2.4
Jul  7 14:37:06 ims rtpengine[2201]: INFO: [a8d113a566074b75@ims.mnc070.mcc999.3gpp.network.org]: Creating new call, offer received, 2 media ports allocated
Jul  7 14:37:06 ims rtpengine[2201]: INFO: [a8d113a566074b75@ims.mnc070.mcc999.3gpp.network.org]: Deleting call, no media flowed
Jul  7 14:39:51 ims rtpengine[2201]: INFO: [ecb5e0ea65de48b1@ims.mnc070.mcc999.3gpp.network.org]: Creating new call, offer received, 2 media ports allocated
Jul  7 14:39:51 ims rtpengine[2201]: INFO: [ecb5e0ea65de48b1@ims.mnc070.mcc999.3gpp.network.org]: Deleting call, no media flowed
Jul  7 14:40:23 ims rtpengine[2201]: INFO: [7d0dc461a74c4908@ims.mnc070.mcc999.3gpp.network.org]: Creating new call, offer received, 2 media ports allocated
Jul  7 14:41:10 ims rtpengine[2201]: INFO: [29328cab3ad040fb@ims.mnc070.mcc999.3gpp.network.org]: Creating new call, offer received, 2 media ports allocated
Jul  7 14:42:04 ims rtpengine[2201]: INFO: [7d0dc461a74c4908@ims.mnc070.mcc999.3gpp.network.org]: Final stats: 5048 packets, 4.2% loss, MOS 3.0
Jul  7 14:42:33 ims rtpengine[2201]: INFO: [b432c9471877473c@ims.mnc070.mcc999.3gpp.network.org]: Creating new call, offer received, 2 media ports allocated
Jul  7 14:42:41 ims rtpengine[2201]: INFO: [b432c9471877473c@ims.mnc070.mcc999.3gpp.network.org]: Final stats: 387 packets, 4.3% loss, MOS 2.7
Jul  7 14:44:21 ims rtpengine[2201]: INFO: [29328cab3ad040fb@ims.mnc070.mcc999.3gpp.network.org]: Final stats: 9546 packets, 3.6% loss, MOS 3.1
Jul  7 14:44:57 ims rtpengine[2201]: INFO: [dbdddfacdcdf4b84@ims.mnc070.mcc999.3gpp.network.org]: Creating new call, offer received, 2 media ports allocated
Jul  7 14:45:28 ims rtpengine[2201]: INFO: [dbdddfacdcdf4b84@ims.mnc070.mcc999.3gpp.network.org]: Final stats: 1560 packets, 4.3% loss, MOS 3.0
Jul  7 14:48:23 ims rtpengine[2201]: INFO: [813967b1f20f419c@ims.mnc070.mcc999.3gpp.network.org]: Creating new call, offer received, 2 media ports allocated
Jul  7 14:48:23 ims rtpengine[2201]: INFO: [813967b1f20f419c@ims.mnc070.mcc999.3gpp.network.org]: Deleting call, no media flowed
Jul  7 14:49:00 ims rtpengine[2201]: INFO: [75a3325c952f4f8d@ims.mnc070.mcc999.3gpp.network.org]: Creating new call, offer received, 2 media ports allocated
Jul  7 14:49:51 ims rtpengine[2201]: INFO: [ed8945145878412c@ims.mnc070.mcc999.3gpp.network.org]: Creating new call, offer received, 2 media ports allocated
Jul  7 14:50:02 ims rtpengine[2201]: INFO: [ed8945145878412c@ims.mnc070.mcc999.3gpp.network.org]: Final stats: 541 packets, 5.0% loss, MOS 2.7
Jul  7 14:50:45 ims rtpengine[2201]: INFO: [75a3325c952f4f8d@ims.mnc070.mcc999.3gpp.network.org]: Final stats: 5205 packets, 3.1% loss, MOS 3.3
Jul  7 14:52:41 ims rtpengine[2201]: INFO: [d4a9c3e1771f436a@ims.mnc070.mcc999.3gpp.network.org]: Creating new call, offer received, 2 media ports allocated
Jul  7 14:52:47 ims rtpengine[2201]: INFO: [29c37654c547499a@ims.mnc070.mcc999.3gpp.network.org]: Creating new call, offer received, 2 media ports allocated
Jul  7 14:53:42 ims rtpengine[2201]: WARNING: [core] high packet loss detected on media ports, avg loss > 8%
Jul  7 14:54:02 ims rtpengine[2201]: INFO: [d37c5ee485554725@ims.mnc070.mcc999.3gpp.network.org]: Creating new call, offer received, 2 media ports allocated
Jul  7 14:55:01 ims rtpengine[2201]: INFO: [098ded1aed5d4fe8@ims.mnc070.mcc999.3gpp.network.org]: Creating new call, offer received, 2 media ports allocated
Jul  7 14:55:41 ims rtpengine[2201]: INFO: [8080dbd5b248433d@ims.mnc070.mcc999.3gpp.network.org]: Creating new call, offer received, 2 media ports allocated
Jul  7 14:55:48 ims rtpengine[2201]: INFO: [d4a9c3e1771f436a@ims.mnc070.mcc999.3gpp.network.org]: Final stats: 9347 packets, 3.5% loss, MOS 3.1
Jul  7 14:55:50 ims rtpengine[2201]: INFO: [8080dbd5b248433d@ims.mnc070.mcc999.3gpp.network.org]: Final stats: 431 packets, 5.4% loss, MOS 2.7
Jul  7 14:56:09 ims rtpengine[2201]: INFO: [d37c5ee485554725@ims.mnc070.mcc999.3gpp.network.org]: Final stats: 6373 packets, 4.5% loss, MOS 2.8
Jul  7 14:56:56 ims rtpengine[2201]: WARNING: [098ded1aed5d4fe8@ims.mnc070.mcc999.3gpp.network.org]: media timeout, no RTP for 30s, closing call
Jul  7 14:56:56 ims rtpengine[2201]: INFO: [098ded1aed5d4fe8@ims.mnc070.mcc999.3gpp.network.org]: Final stats: 5746 packets, 4.8% loss, MOS 3.0
Jul  7 14:57:29 ims rtpengine[2201]: INFO: [29c37654c547499a@ims.mnc070.mcc999.3gpp.network.org]: Final stats: 14090 packets, 3.0% loss, MOS 3.6
Jul  7 14:59:26 ims rtpengine[2201]: INFO: [f480db37d69a43c3@ims.mnc070.mcc999.3gpp.network.org]: Creating new call, offer received, 2 media ports allocated
Jul  7 14:59:35 ims rtpengine[2201]: INFO: [f480db37d69a43c3@ims.mnc070.mcc999.3gpp.network.org]: Final stats: 472 packets, 4.9% loss, MOS 3.0
Jul  7 14:59:43 ims rtpengine[2201]: INFO: [17907d95798e4a31@ims.mnc070.mcc999.3gpp.network.org]: Creating new call, offer received, 2 media ports allocated
Jul  7 15:00:30 ims rtpengine[2201]: INFO: [da52685348424ab6@ims.mnc070.mcc999.3gpp.network.org]: Creating new call, offer received, 2 media ports allocated
Jul  7 15:00:40 ims rtpengine[2201]: INFO: [17907d95798e4a31@ims.mnc070.mcc999.3gpp.network.org]: Final stats: 2870 packets, 5.3% loss, MOS 2.6
Jul  7 15:01:10 ims rtpengine[2201]: INFO: [da52685348424ab6@ims.mnc070.mcc999.3gpp.network.org]: Final stats: 1984 packets, 4.6% loss, MOS 2.9
Jul  7 15:01:45 ims rtpengine[2201]: INFO: [37945fadfcbc47f1@ims.mnc070.mcc999.3gpp.network.org]: Creating new call, offer received, 2 media ports allocated
Jul  7 15:02:07 ims rtpengine[2201]: INFO: [6450a1c658ae40d9@ims.mnc070.mcc999.3gpp.network.org]: Creating new call, offer received, 2 media ports allocated
Jul  7 15:02:29 ims rtpengine[2201]: INFO: [6450a1c658ae40d9@ims.mnc070.mcc999.3gpp.network.org]: Final stats: 1118 packets, 2.8% loss, MOS 3.4
Jul  7 15:03:32 ims rtpengine[2201]: INFO: [eaf055794d224147@ims.mnc070.mcc999.3gpp.network.org]: Creating new call, offer received, 2 media ports allocated
Jul  7 15:03:55 ims rtpengine[2201]: INFO: [a5a2a55fc352478b@ims.mnc070.mcc999.3gpp.network.org]: Creating new call, offer received, 2 media ports allocated
Jul  7 15:06:28 ims rtpengine[2201]: INFO: [a5a2a55fc352478b@ims.mnc070.mcc999.3gpp.network.org]: Final stats: 7649 packets, 6.1% loss, MOS 2.4
Jul  7 15:06:29 ims rtpengine[2201]: INFO: [37945fadfcbc47f1@ims.mnc070.mcc999.3gpp.network.org]: Final stats: 14211 packets, 5.4% loss, MOS 2.6
Jul  7 15:07:03 ims rtpengine[2201]: INFO: [16c2ec8bf83e47b0@ims.mnc070.mcc999.3gpp.network.org]: Creating new call, offer received, 2 media ports allocated
Jul  7 15:07:07 ims rtpengine[2201]: INFO: [cb8b69023b3b4ae2@ims.mnc070.mcc999.3gpp.network.org]: Creating new call, offer received, 2 media ports allocated
Jul  7 15:07:51 ims rtpengine[2201]: INFO: [16c2ec8bf83e47b0@ims.mnc070.mcc999.3gpp.network.org]: Final stats: 2381 packets, 4.7% loss, MOS 3.0
Jul  7 15:08:42 ims rtpengine[2201]: INFO: [b4c1b7b76bb543d8@ims.mnc070.mcc999.3gpp.network.org]: Creating new call, offer received, 2 media ports allocated
Jul  7 15:08:56 ims rtpengine[2201]: INFO: [5e9dec27ab4d46b9@ims.mnc070.mcc999.3gpp.network.org]: Creating new call, offer received, 2 media ports allocated
Jul  7 15:09:04 ims rtpengine[2201]: INFO: [eaf055794d224147@ims.mnc070.mcc999.3gpp.network.org]: Final stats: 16586 packets, 3.6% loss, MOS 3.2
Jul  7 15:09:20 ims rtpengine[2201]: INFO: [b4c1b7b76bb543d8@ims.mnc070.mcc999.3gpp.network.org]: Final stats: 1868 packets, 6.1% loss, MOS 2.4
Jul  7 15:09:22 ims rtpengine[2201]: INFO: [5e9dec27ab4d46b9@ims.mnc070.mcc999.3gpp.network.org]: Final stats: 1284 packets, 5.9% loss, MOS 2.7
Jul  7 15:09:58 ims rtpengine[2201]: WARNING: [core] high packet loss detected on media ports, avg loss > 8%
Jul  7 15:10:37 ims rtpengine[2201]: INFO: [19806ec2d2414a5f@ims.mnc070.mcc999.3gpp.network.org]: Creating new call, offer received, 2 media ports allocated
Jul  7 15:10:50 ims rtpengine[2201]: INFO: [92fe452653a34b33@ims.mnc070.mcc999.3gpp.network.org]: Creating new call, offer received, 2 media ports allocated
Jul  7 15:11:34 ims rtpengine[2201]: INFO: [cb8b69023b3b4ae2@ims.mnc070.mcc999.3gpp.network.org]: Final stats: 13348 packets, 4.3% loss, MOS 2.9
Jul  7 15:12:05 ims rtpengine[2201]: INFO: [19806ec2d2414a5f@ims.mnc070.mcc999.3gpp.network.org]: Final stats: 4435 packets, 3.7% loss, MOS 3.4
Jul  7 15:16:06 ims rtpengine[2201]: INFO: [92fe452653a34b33@ims.mnc070.mcc999.3gpp.network.org]: Final stats: 15777 packets, 4.1% loss, MOS 3.1
Jul  7 15:17:52 ims rtpengine[2201]: INFO: [9f2fa451690a4217@ims.mnc070.mcc999.3gpp.network.org]: Creating new call, offer received, 2 media ports allocated
Jul  7 15:19:08 ims rtpengine[2201]: INFO: [8ba984441e524601@ims.mnc070.mcc999.3gpp.network.org]: Creating new call, offer received, 2 media ports allocated
Jul  7 15:19:34 ims rtpengine[2201]: INFO: [357ce768f6ce4f47@ims.mnc070.mcc999.3gpp.network.org]: Creating new call, offer received, 2 media ports allocated
Jul  7 15:19:34 ims rtpengine[2201]: INFO: [357ce768f6ce4f47@ims.mnc070.mcc999.3gpp.network.org]: Deleting call, no media flowed
Jul  7 15:19:35 ims rtpengine[2201]: INFO: [f459b4afd61643b2@ims.mnc070.mcc999.3gpp.network.org]: Creating new call, offer received, 2 media ports allocated
Jul  7 15:19:35 ims rtpengine[2201]: INFO: [f459b4afd61643b2@ims.mnc070.mcc999.3gpp.network.org]: Deleting call, no media flowed
Jul  7 15:19:46 ims rtpengine[2201]: INFO: [5fdfe138352c4a48@ims.mnc070.mcc999.3gpp.network.org]: Creating new call, offer received, 2 media ports allocated
Jul  7 15:20:34 ims rtpengine[2201]: INFO: [5fdfe138352c4a48@ims.mnc070.mcc999.3gpp.network.org]: Final stats: 2414 packets, 3.8% loss, MOS 3.3
Jul  7 15:20:58 ims rtpengine[2201]: WARNING: [core] high packet loss detected on media ports, avg loss > 8%
Jul  7 15:21:07 ims rtpengine[2201]: INFO: [9f2fa451690a4217@ims.mnc070.mcc999.3gpp.network.org]: Final stats: 9756 packets, 4.6% loss, MOS 3.1
Jul  7 15:21:37 ims rtpengine[2201]: INFO: [8ba984441e524601@ims.mnc070.mcc999.3gpp.network.org]: Final stats: 7449 packets, 3.7% loss, MOS 2.9
Jul  7 15:22:36 ims rtpengine[2201]: INFO: [a1f807be7b504529@ims.mnc070.mcc999.3gpp.network.org]: Creating new call, offer received, 2 media ports allocated
Jul  7 15:22:55 ims rtpengine[2201]: INFO: [7c851fb7aeec4ab3@ims.mnc070.mcc999.3gpp.network.org]: Creating new call, offer received, 2 media ports allocated
Jul  7 15:22:55 ims rtpengine[2201]: INFO: [7c851fb7aeec4ab3@ims.mnc070.mcc999.3gpp.network.org]: Deleting call, no media flowed
Jul  7 15:23:17 ims rtpengine[2201]: INFO: [a1f807be7b504529@ims.mnc070.mcc999.3gpp.network.org]: Final stats: 2064 packets, 3.0% loss, MOS 3.1
Jul  7 15:23:35 ims rtpengine[2201]: INFO: [cf1f4ac2d35040db@ims.mnc070.mcc999.3gpp.network.org]: Creating new call, offer received, 2 media ports allocated
Jul  7 15:23:55 ims rtpengine[2201]: INFO: [cf1f4ac2d35040db@ims.mnc070.mcc999.3gpp.network.org]: Final stats: 971 packets, 4.3% loss, MOS 3.0
Jul  7 15:26:19 ims rtpengine[2201]: INFO: [81d5dc6d5d1445b4@ims.mnc070.mcc999.3gpp.network.org]: Creating new call, offer received, 2 media ports allocated
Jul  7 15:27:12 ims rtpengine[2201]: INFO: [9341ca303a204de1@ims.mnc070.mcc999.3gpp.network.org]: Creating new call, offer received, 2 media ports allocated
Jul  7 15:27:54 ims rtpengine[2201]: INFO: [bfb677d8245b4e98@ims.mnc070.mcc999.3gpp.network.org]: Creating new call, offer received, 2 media ports allocated
Jul  7 15:29:17 ims rtpengine[2201]: INFO: [bfb677d8245b4e98@ims.mnc070.mcc999.3gpp.network.org]: Final stats: 4144 packets, 3.9% loss, MOS 3.1
Jul  7 15:29:22 ims rtpengine[2201]: WARNING: [81d5dc6d5d1445b4@ims.mnc070.mcc999.3gpp.network.org]: media timeout, no RTP for 30s, closing call
Jul  7 15:29:22 ims rtpengine[2201]: INFO: [81d5dc6d5d1445b4@ims.mnc070.mcc999.3gpp.network.org]: Final stats: 9150 packets, 2.7% loss, MOS 3.1
Jul  7 15:29:51 ims rtpengine[2201]: INFO: [7c709b599e664fdc@ims.mnc070.mcc999.3gpp.network.org]: Creating new call, offer received, 2 media ports allocated
Jul  7 15:30:01 ims rtpengine[2201]: INFO: [9341ca303a204de1@ims.mnc070.mcc999.3gpp.network.org]: Final stats: 8445 packets, 2.6% loss, MOS 3.4
Jul  7 15:30:53 ims rtpengine[2201]: INFO: [24ef91034f2443fa@ims.mnc070.mcc999.3gpp.network.org]: Creating new call, offer received, 2 media ports allocated
Jul  7 15:30:53 ims rtpengine[2201]: INFO: [24ef91034f2443fa@ims.mnc070.mcc999.3gpp.network.org]: Deleting call, no media flowed
Jul  7 15:31:15 ims rtpengine[2201]: INFO: [7c709b599e664fdc@ims.mnc070.mcc999.3gpp.network.org]: Final stats: 4216 packets, 4.4% loss, MOS 2.8
Jul  7 15:31:16 ims rtpengine[2201]: INFO: [5ef29f7c3aef4786@ims.mnc070.mcc999.3gpp.network.org]: Creating new call, offer received, 2 media ports allocated
Jul  7 15:31:30 ims rtpengine[2201]: INFO: [e9b405f1228f4372@ims.mnc070.mcc999.3gpp.network.org]: Creating new call, offer received, 2 media ports allocated
Jul  7 15:32:08 ims rtpengine[2201]: INFO: [33f902a8c95540aa@ims.mnc070.mcc999.3gpp.network.org]: Creating new call, offer received, 2 media ports allocated
Jul  7 15:32:20 ims rtpengine[2201]: INFO: [5ef29f7c3aef4786@ims.mnc070.mcc999.3gpp.network.org]: Final stats: 3216 packets, 4.6% loss, MOS 3.0
Jul  7 15:32:26 ims rtpengine[2201]: INFO: [33f902a8c95540aa@ims.mnc070.mcc999.3gpp.network.org]: Final stats: 923 packets, 3.2% loss, MOS 3.1
Jul  7 15:32:28 ims rtpengine[2201]: INFO: [c8acf53561634e42@ims.mnc070.mcc999.3gpp.network.org]: Creating new call, offer received, 2 media ports allocated
Jul  7 15:32:30 ims rtpengine[2201]: INFO: [e43feb56220c4b90@ims.mnc070.mcc999.3gpp.network.org]: Creating new call, offer received, 2 media ports allocated
Jul  7 15:32:36 ims rtpengine[2201]: INFO: [e9b405f1228f4372@ims.mnc070.mcc999.3gpp.network.org]: Final stats: 3292 packets, 4.3% loss, MOS 2.7
Jul  7 15:33:07 ims rtpengine[2201]: INFO: [e43feb56220c4b90@ims.mnc070.mcc999.3gpp.network.org]: Final stats: 1834 packets, 3.8% loss, MOS 3.1
Jul  7 15:34:24 ims rtpengine[2201]: INFO: [0d0f9c52a38443ce@ims.mnc070.mcc999.3gpp.network.org]: Creating new call, offer received, 2 media ports allocated
Jul  7 15:34:43 ims rtpengine[2201]: INFO: [964fe277ee344326@ims.mnc070.mcc999.3gpp.network.org]: Creating new call, offer received, 2 media ports allocated
Jul  7 15:35:00 ims rtpengine[2201]: INFO: [964fe277ee344326@ims.mnc070.mcc999.3gpp.network.org]: Final stats: 855 packets, 5.6% loss, MOS 2.9
Jul  7 15:36:06 ims rtpengine[2201]: INFO: [0d0f9c52a38443ce@ims.mnc070.mcc999.3gpp.network.org]: Final stats: 5117 packets, 3.6% loss, MOS 3.2
Jul  7 15:36:07 ims rtpengine[2201]: INFO: [c8acf53561634e42@ims.mnc070.mcc999.3gpp.network.org]: Final stats: 10904 packets, 3.4% loss, MOS 3.0
Jul  7 15:36:12 ims rtpengine[2201]: WARNING: [core] high packet loss detected on media ports, avg loss > 8%
Jul  7 15:37:39 ims rtpengine[2201]: INFO: [d93d9b06f24d430a@ims.mnc070.mcc999.3gpp.network.org]: Creating new call, offer received, 2 media ports allocated
Jul  7 15:38:33 ims rtpengine[2201]: INFO: [e82b2e11c0b24c34@ims.mnc070.mcc999.3gpp.network.org]: Creating new call, offer received, 2 media ports allocated
Jul  7 15:39:06 ims rtpengine[2201]: INFO: [d6fd7b40fa1f4d32@ims.mnc070.mcc999.3gpp.network.org]: Creating new call, offer received, 2 media ports allocated
Jul  7 15:39:33 ims rtpengine[2201]: INFO: [d6fd7b40fa1f4d32@ims.mnc070.mcc999.3gpp.network.org]: Final stats: 1352 packets, 3.9% loss, MOS 3.2
Jul  7 15:40:46 ims rtpengine[2201]: INFO: [d93d9b06f24d430a@ims.mnc070.mcc999.3gpp.network.org]: Final stats: 9369 packets, 5.6% loss, MOS 2.6
Jul  7 15:40:53 ims rtpengine[2201]: WARNING: [e82b2e11c0b24c34@ims.mnc070.mcc999.3gpp.network.org]: media timeout, no RTP for 30s, closing call
Jul  7 15:40:53 ims rtpengine[2201]: INFO: [e82b2e11c0b24c34@ims.mnc070.mcc999.3gpp.network.org]: Final stats: 7001 packets, 2.5% loss, MOS 3.3
Jul  7 15:45:16 ims rtpengine[2201]: INFO: [298e92967ae74089@ims.mnc070.mcc999.3gpp.network.org]: Creating new call, offer received, 2 media ports allocated
Jul  7 15:45:23 ims rtpengine[2201]: INFO: [f0c0703b8e9f4d8d@ims.mnc070.mcc999.3gpp.network.org]: Creating new call, offer received, 2 media ports allocated
Jul  7 15:45:23 ims rtpengine[2201]: INFO: [f0c0703b8e9f4d8d@ims.mnc070.mcc999.3gpp.network.org]: Deleting call, no media flowed
Jul  7 15:46:09 ims rtpengine[2201]: INFO: [298e92967ae74089@ims.mnc070.mcc999.3gpp.network.org]: Final stats: 2672 packets, 2.8% loss, MOS 3.4
Jul  7 15:46:40 ims rtpengine[2201]: INFO: [815dcc9f94874943@ims.mnc070.mcc999.3gpp.network.org]: Creating new call, offer received, 2 media ports allocated
Jul  7 15:47:16 ims rtpengine[2201]: INFO: [815dcc9f94874943@ims.mnc070.mcc999.3gpp.network.org]: Final stats: 1807 packets, 1.7% loss, MOS 3.5
Jul  7 15:48:31 ims rtpengine[2201]: INFO: [23f31a821401447e@ims.mnc070.mcc999.3gpp.network.org]: Creating new call, offer received, 2 media ports allocated
Jul  7 15:49:00 ims rtpengine[2201]: INFO: [23f31a821401447e@ims.mnc070.mcc999.3gpp.network.org]: Final stats: 1431 packets, 4.9% loss, MOS 2.7
Jul  7 15:49:30 ims rtpengine[2201]: INFO: [3e835e6d9fec4398@ims.mnc070.mcc999.3gpp.network.org]: Creating new call, offer received, 2 media ports allocated
Jul  7 15:49:32 ims rtpengine[2201]: INFO: [3e835e6d9fec4398@ims.mnc070.mcc999.3gpp.network.org]: Final stats: 79 packets, 3.7% loss, MOS 2.8
Jul  7 15:51:56 ims rtpengine[2201]: INFO: [4cdf55d662784c1d@ims.mnc070.mcc999.3gpp.network.org]: Creating new call, offer received, 2 media ports allocated
Jul  7 15:53:31 ims rtpengine[2201]: WARNING: [core] high packet loss detected on media ports, avg loss > 8%
Jul  7 15:54:17 ims rtpengine[2201]: INFO: [c4aade44841d4117@ims.mnc070.mcc999.3gpp.network.org]: Creating new call, offer received, 2 media ports allocated
Jul  7 15:54:33 ims rtpengine[2201]: INFO: [c4aade44841d4117@ims.mnc070.mcc999.3gpp.network.org]: Final stats: 804 packets, 4.4% loss, MOS 2.8
Jul  7 15:55:16 ims rtpengine[2201]: INFO: [7a09574980ac4f99@ims.mnc070.mcc999.3gpp.network.org]: Creating new call, offer received, 2 media ports allocated
Jul  7 15:55:16 ims rtpengine[2201]: INFO: [7a09574980ac4f99@ims.mnc070.mcc999.3gpp.network.org]: Deleting call, no media flowed
Jul  7 15:55:49 ims rtpengine[2201]: INFO: [27da438897564e08@ims.mnc070.mcc999.3gpp.network.org]: Creating new call, offer received, 2 media ports allocated
Jul  7 15:55:58 ims rtpengine[2201]: WARNING: [4cdf55d662784c1d@ims.mnc070.mcc999.3gpp.network.org]: media timeout, no RTP for 30s, closing call
Jul  7 15:55:58 ims rtpengine[2201]: INFO: [4cdf55d662784c1d@ims.mnc070.mcc999.3gpp.network.org]: Final stats: 12079 packets, 2.9% loss, MOS 3.4
Jul  7 15:56:03 ims rtpengine[2201]: INFO: [27da438897564e08@ims.mnc070.mcc999.3gpp.network.org]: Final stats: 735 packets, 5.0% loss, MOS 2.8
Jul  7 15:57:54 ims rtpengine[2201]: INFO: [1ac7621695164228@ims.mnc070.mcc999.3gpp.network.org]: Creating new call, offer received, 2 media ports allocated
Jul  7 15:58:59 ims rtpengine[2201]: INFO: [1ac7621695164228@ims.mnc070.mcc999.3gpp.network.org]: Final stats: 3272 packets, 4.1% loss, MOS 3.0
Jul  7 15:59:30 ims rtpengine[2201]: INFO: [f7d351c2bfde48cc@ims.mnc070.mcc999.3gpp.network.org]: Creating new call, offer received, 2 media ports allocated
Jul  7 15:59:55 ims rtpengine[2201]: INFO: [f7d351c2bfde48cc@ims.mnc070.mcc999.3gpp.network.org]: Final stats: 1261 packets, 6.2% loss, MOS 2.6
Jul  7 16:02:12 ims rtpengine[2201]: INFO: [4cc035b7e6d4458a@ims.mnc070.mcc999.3gpp.network.org]: Creating new call, offer received, 2 media ports allocated
Jul  7 16:02:35 ims rtpengine[2201]: WARNING: [4cc035b7e6d4458a@ims.mnc070.mcc999.3gpp.network.org]: media timeout, no RTP for 30s, closing call
Jul  7 16:02:35 ims rtpengine[2201]: INFO: [4cc035b7e6d4458a@ims.mnc070.mcc999.3gpp.network.org]: Final stats: 1112 packets, 5.2% loss, MOS 2.7
Jul  7 16:02:44 ims rtpengine[2201]: INFO: [37c52068af2f4e0d@ims.mnc070.mcc999.3gpp.network.org]: Creating new call, offer received, 2 media ports allocated
Jul  7 16:03:30 ims rtpengine[2201]: INFO: [37c52068af2f4e0d@ims.mnc070.mcc999.3gpp.network.org]: Final stats: 2344 packets, 5.6% loss, MOS 2.7
Jul  7 16:04:28 ims rtpengine[2201]: INFO: [ddc6f88962cc4add@ims.mnc070.mcc999.3gpp.network.org]: Creating new call, offer received, 2 media ports allocated
Jul  7 16:04:28 ims rtpengine[2201]: INFO: [ddc6f88962cc4add@ims.mnc070.mcc999.3gpp.network.org]: Deleting call, no media flowed
Jul  7 16:04:49 ims rtpengine[2201]: INFO: [0c8cfadfdb754b54@ims.mnc070.mcc999.3gpp.network.org]: Creating new call, offer received, 2 media ports allocated
Jul  7 16:05:41 ims rtpengine[2201]: INFO: [0c8cfadfdb754b54@ims.mnc070.mcc999.3gpp.network.org]: Final stats: 2622 packets, 5.1% loss, MOS 2.9
Jul  7 16:06:27 ims rtpengine[2201]: INFO: [3ca8d9e7d0a94534@ims.mnc070.mcc999.3gpp.network.org]: Creating new call, offer received, 2 media ports allocated
Jul  7 16:07:07 ims rtpengine[2201]: INFO: [3ca8d9e7d0a94534@ims.mnc070.mcc999.3gpp.network.org]: Final stats: 1992 packets, 4.6% loss, MOS 3.1
Jul  7 16:07:57 ims rtpengine[2201]: INFO: [e5dc122737d04f00@ims.mnc070.mcc999.3gpp.network.org]: Creating new call, offer received, 2 media ports allocated
Jul  7 16:08:01 ims rtpengine[2201]: INFO: [e5dc122737d04f00@ims.mnc070.mcc999.3gpp.network.org]: Final stats: 198 packets, 4.7% loss, MOS 2.9
Jul  7 16:08:06 ims rtpengine[2201]: INFO: [0925c6c30e6949c2@ims.mnc070.mcc999.3gpp.network.org]: Creating new call, offer received, 2 media ports allocated
Jul  7 16:08:08 ims rtpengine[2201]: INFO: [0925c6c30e6949c2@ims.mnc070.mcc999.3gpp.network.org]: Final stats: 102 packets, 4.3% loss, MOS 3.0
Jul  7 16:09:06 ims rtpengine[2201]: WARNING: [core] high packet loss detected on media ports, avg loss > 8%
Jul  7 16:09:28 ims rtpengine[2201]: INFO: [0eb5e36ee2654c0b@ims.mnc070.mcc999.3gpp.network.org]: Creating new call, offer received, 2 media ports allocated
Jul  7 16:09:30 ims rtpengine[2201]: INFO: [ed05298d799340b1@ims.mnc070.mcc999.3gpp.network.org]: Creating new call, offer received, 2 media ports allocated
Jul  7 16:09:48 ims rtpengine[2201]: INFO: [0eb5e36ee2654c0b@ims.mnc070.mcc999.3gpp.network.org]: Final stats: 963 packets, 4.1% loss, MOS 3.0
Jul  7 16:11:07 ims rtpengine[2201]: INFO: [65b38c7f8d1c49b0@ims.mnc070.mcc999.3gpp.network.org]: Creating new call, offer received, 2 media ports allocated
Jul  7 16:11:07 ims rtpengine[2201]: INFO: [65b38c7f8d1c49b0@ims.mnc070.mcc999.3gpp.network.org]: Deleting call, no media flowed
Jul  7 16:12:44 ims rtpengine[2201]: INFO: [ed05298d799340b1@ims.mnc070.mcc999.3gpp.network.org]: Final stats: 9699 packets, 4.5% loss, MOS 3.0
Jul  7 16:16:32 ims rtpengine[2201]: INFO: [2d61ad3c5b2f40a2@ims.mnc070.mcc999.3gpp.network.org]: Creating new call, offer received, 2 media ports allocated
Jul  7 16:16:50 ims rtpengine[2201]: INFO: [cb3017e3d07a40e7@ims.mnc070.mcc999.3gpp.network.org]: Creating new call, offer received, 2 media ports allocated
Jul  7 16:16:52 ims rtpengine[2201]: INFO: [4c2e59113f7b421c@ims.mnc070.mcc999.3gpp.network.org]: Creating new call, offer received, 2 media ports allocated
Jul  7 16:16:54 ims rtpengine[2201]: INFO: [e5c26b73eeb543d6@ims.mnc070.mcc999.3gpp.network.org]: Creating new call, offer received, 2 media ports allocated
Jul  7 16:17:05 ims rtpengine[2201]: INFO: [e5c26b73eeb543d6@ims.mnc070.mcc999.3gpp.network.org]: Final stats: 566 packets, 0.0% loss, MOS 4.5
Jul  7 16:17:25 ims rtpengine[2201]: INFO: [cb3017e3d07a40e7@ims.mnc070.mcc999.3gpp.network.org]: Final stats: 1751 packets, 0.0% loss, MOS 4.5
Jul  7 16:18:30 ims rtpengine[2201]: INFO: [4c2e59113f7b421c@ims.mnc070.mcc999.3gpp.network.org]: Final stats: 4871 packets, 0.7% loss, MOS 4.4
Jul  7 16:19:16 ims rtpengine[2201]: INFO: [e423e3b9a73f48bc@ims.mnc070.mcc999.3gpp.network.org]: Creating new call, offer received, 2 media ports allocated
Jul  7 16:19:20 ims rtpengine[2201]: INFO: [589e3762d0784d92@ims.mnc070.mcc999.3gpp.network.org]: Creating new call, offer received, 2 media ports allocated
Jul  7 16:19:21 ims rtpengine[2201]: INFO: [589e3762d0784d92@ims.mnc070.mcc999.3gpp.network.org]: Deleting call, no media flowed
Jul  7 16:19:23 ims rtpengine[2201]: INFO: [2d61ad3c5b2f40a2@ims.mnc070.mcc999.3gpp.network.org]: Final stats: 8519 packets, 1.0% loss, MOS 4.3
Jul  7 16:20:39 ims rtpengine[2201]: INFO: [e423e3b9a73f48bc@ims.mnc070.mcc999.3gpp.network.org]: Final stats: 4160 packets, 0.2% loss, MOS 4.5
Jul  7 16:21:20 ims rtpengine[2201]: INFO: [5d3561daf22f4741@ims.mnc070.mcc999.3gpp.network.org]: Creating new call, offer received, 2 media ports allocated
Jul  7 16:21:39 ims rtpengine[2201]: INFO: [a8b6ed3b6df947e9@ims.mnc070.mcc999.3gpp.network.org]: Creating new call, offer received, 2 media ports allocated
Jul  7 16:21:54 ims rtpengine[2201]: INFO: [a8b6ed3b6df947e9@ims.mnc070.mcc999.3gpp.network.org]: Final stats: 771 packets, 1.2% loss, MOS 4.5
Jul  7 16:22:11 ims rtpengine[2201]: INFO: [5d3561daf22f4741@ims.mnc070.mcc999.3gpp.network.org]: Final stats: 2504 packets, 0.8% loss, MOS 4.4
Jul  7 16:22:50 ims rtpengine[2201]: INFO: [8a6016aa72954618@ims.mnc070.mcc999.3gpp.network.org]: Creating new call, offer received, 2 media ports allocated
Jul  7 16:22:50 ims rtpengine[2201]: INFO: [8a6016aa72954618@ims.mnc070.mcc999.3gpp.network.org]: Deleting call, no media flowed
Jul  7 16:27:59 ims rtpengine[2201]: INFO: [4d2303a38c0d452b@ims.mnc070.mcc999.3gpp.network.org]: Creating new call, offer received, 2 media ports allocated
Jul  7 16:30:37 ims rtpengine[2201]: INFO: [4d2303a38c0d452b@ims.mnc070.mcc999.3gpp.network.org]: Final stats: 7890 packets, 0.0% loss, MOS 4.5
Jul  7 16:32:34 ims rtpengine[2201]: INFO: [01324a3e3369463d@ims.mnc070.mcc999.3gpp.network.org]: Creating new call, offer received, 2 media ports allocated
Jul  7 16:32:34 ims rtpengine[2201]: INFO: [01324a3e3369463d@ims.mnc070.mcc999.3gpp.network.org]: Deleting call, no media flowed
Jul  7 16:32:39 ims rtpengine[2201]: INFO: [57bd04c9d2e64c2d@ims.mnc070.mcc999.3gpp.network.org]: Creating new call, offer received, 2 media ports allocated
Jul  7 16:32:51 ims rtpengine[2201]: INFO: [d6e3029c648d4da5@ims.mnc070.mcc999.3gpp.network.org]: Creating new call, offer received, 2 media ports allocated
Jul  7 16:33:58 ims rtpengine[2201]: INFO: [d6e3029c648d4da5@ims.mnc070.mcc999.3gpp.network.org]: Final stats: 3348 packets, 0.4% loss, MOS 4.3
Jul  7 16:34:04 ims rtpengine[2201]: INFO: [fc19ac1832244d82@ims.mnc070.mcc999.3gpp.network.org]: Creating new call, offer received, 2 media ports allocated
Jul  7 16:34:45 ims rtpengine[2201]: INFO: [57bd04c9d2e64c2d@ims.mnc070.mcc999.3gpp.network.org]: Final stats: 6313 packets, 0.2% loss, MOS 4.3
Jul  7 16:35:55 ims rtpengine[2201]: INFO: [fa11b24889b84c4f@ims.mnc070.mcc999.3gpp.network.org]: Creating new call, offer received, 2 media ports allocated
Jul  7 16:36:23 ims rtpengine[2201]: INFO: [fa11b24889b84c4f@ims.mnc070.mcc999.3gpp.network.org]: Final stats: 1371 packets, 0.6% loss, MOS 4.5
Jul  7 16:36:50 ims rtpengine[2201]: INFO: [fc19ac1832244d82@ims.mnc070.mcc999.3gpp.network.org]: Final stats: 8290 packets, 0.4% loss, MOS 4.2
Jul  7 16:37:13 ims rtpengine[2201]: INFO: [3aa0764ee1274280@ims.mnc070.mcc999.3gpp.network.org]: Creating new call, offer received, 2 media ports allocated
Jul  7 16:37:17 ims rtpengine[2201]: INFO: [0c88747f813b470f@ims.mnc070.mcc999.3gpp.network.org]: Creating new call, offer received, 2 media ports allocated
Jul  7 16:37:39 ims rtpengine[2201]: INFO: [3aa0764ee1274280@ims.mnc070.mcc999.3gpp.network.org]: Final stats: 1288 packets, 1.0% loss, MOS 4.1
Jul  7 16:37:45 ims rtpengine[2201]: INFO: [f03cdc20e059453c@ims.mnc070.mcc999.3gpp.network.org]: Creating new call, offer received, 2 media ports allocated
Jul  7 16:38:11 ims rtpengine[2201]: INFO: [a1f2720a4d8e4b9f@ims.mnc070.mcc999.3gpp.network.org]: Creating new call, offer received, 2 media ports allocated
Jul  7 16:38:48 ims rtpengine[2201]: INFO: [0c88747f813b470f@ims.mnc070.mcc999.3gpp.network.org]: Final stats: 4522 packets, 0.0% loss, MOS 4.5
Jul  7 16:38:53 ims rtpengine[2201]: INFO: [a1f2720a4d8e4b9f@ims.mnc070.mcc999.3gpp.network.org]: Final stats: 2097 packets, 0.0% loss, MOS 4.4
Jul  7 16:39:19 ims rtpengine[2201]: INFO: [080b948172d640c8@ims.mnc070.mcc999.3gpp.network.org]: Creating new call, offer received, 2 media ports allocated
Jul  7 16:39:19 ims rtpengine[2201]: INFO: [080b948172d640c8@ims.mnc070.mcc999.3gpp.network.org]: Deleting call, no media flowed
Jul  7 16:42:16 ims rtpengine[2201]: INFO: [e6195eee643e489b@ims.mnc070.mcc999.3gpp.network.org]: Creating new call, offer received, 2 media ports allocated
Jul  7 16:42:57 ims rtpengine[2201]: INFO: [f03cdc20e059453c@ims.mnc070.mcc999.3gpp.network.org]: Final stats: 15629 packets, 1.8% loss, MOS 4.2
Jul  7 16:43:51 ims rtpengine[2201]: INFO: [651b8081d8e7406a@ims.mnc070.mcc999.3gpp.network.org]: Creating new call, offer received, 2 media ports allocated
Jul  7 16:44:00 ims rtpengine[2201]: INFO: [e6195eee643e489b@ims.mnc070.mcc999.3gpp.network.org]: Final stats: 5218 packets, 0.0% loss, MOS 4.5
Jul  7 16:44:53 ims rtpengine[2201]: INFO: [651b8081d8e7406a@ims.mnc070.mcc999.3gpp.network.org]: Final stats: 3124 packets, 0.0% loss, MOS 4.5
Jul  7 16:45:46 ims rtpengine[2201]: INFO: [159976b415e942ff@ims.mnc070.mcc999.3gpp.network.org]: Creating new call, offer received, 2 media ports allocated
Jul  7 16:46:12 ims rtpengine[2201]: INFO: [159976b415e942ff@ims.mnc070.mcc999.3gpp.network.org]: Final stats: 1306 packets, 0.3% loss, MOS 4.3
Jul  7 16:47:54 ims rtpengine[2201]: INFO: [e2ec2f6975e245c1@ims.mnc070.mcc999.3gpp.network.org]: Creating new call, offer received, 2 media ports allocated
Jul  7 16:50:12 ims rtpengine[2201]: INFO: [e2ec2f6975e245c1@ims.mnc070.mcc999.3gpp.network.org]: Final stats: 6892 packets, 0.7% loss, MOS 4.2
Jul  7 16:51:51 ims rtpengine[2201]: INFO: [8b396c0dc00140b1@ims.mnc070.mcc999.3gpp.network.org]: Creating new call, offer received, 2 media ports allocated
Jul  7 16:52:46 ims rtpengine[2201]: INFO: [449d7778e8334e20@ims.mnc070.mcc999.3gpp.network.org]: Creating new call, offer received, 2 media ports allocated
Jul  7 16:52:52 ims rtpengine[2201]: INFO: [c1f64eb5260a4ac6@ims.mnc070.mcc999.3gpp.network.org]: Creating new call, offer received, 2 media ports allocated
Jul  7 16:52:52 ims rtpengine[2201]: INFO: [c1f64eb5260a4ac6@ims.mnc070.mcc999.3gpp.network.org]: Deleting call, no media flowed
Jul  7 16:53:14 ims rtpengine[2201]: INFO: [8b396c0dc00140b1@ims.mnc070.mcc999.3gpp.network.org]: Final stats: 4150 packets, 0.0% loss, MOS 4.5
Jul  7 16:54:21 ims rtpengine[2201]: INFO: [d43cf314a6954b5a@ims.mnc070.mcc999.3gpp.network.org]: Creating new call, offer received, 2 media ports allocated
Jul  7 16:55:20 ims rtpengine[2201]: INFO: [d92bcd60dab346d6@ims.mnc070.mcc999.3gpp.network.org]: Creating new call, offer received, 2 media ports allocated
Jul  7 16:55:29 ims rtpengine[2201]: INFO: [c4fab723a3de4687@ims.mnc070.mcc999.3gpp.network.org]: Creating new call, offer received, 2 media ports allocated
Jul  7 16:55:36 ims rtpengine[2201]: INFO: [c4fab723a3de4687@ims.mnc070.mcc999.3gpp.network.org]: Final stats: 354 packets, 0.9% loss, MOS 4.2
Jul  7 16:56:47 ims rtpengine[2201]: INFO: [d43cf314a6954b5a@ims.mnc070.mcc999.3gpp.network.org]: Final stats: 7290 packets, 0.0% loss, MOS 4.5
Jul  7 16:58:05 ims rtpengine[2201]: INFO: [d92bcd60dab346d6@ims.mnc070.mcc999.3gpp.network.org]: Final stats: 8214 packets, 0.0% loss, MOS 4.5
Jul  7 17:00:46 ims rtpengine[2201]: INFO: [449d7778e8334e20@ims.mnc070.mcc999.3gpp.network.org]: Final stats: 23980 packets, 0.3% loss, MOS 4.4
Jul  7 17:03:21 ims rtpengine[2201]: INFO: [19e852da813f499f@ims.mnc070.mcc999.3gpp.network.org]: Creating new call, offer received, 2 media ports allocated
Jul  7 17:04:12 ims rtpengine[2201]: INFO: [9a3d9b0213cb4b49@ims.mnc070.mcc999.3gpp.network.org]: Creating new call, offer received, 2 media ports allocated
Jul  7 17:05:01 ims rtpengine[2201]: INFO: [e48d2135a07140b4@ims.mnc070.mcc999.3gpp.network.org]: Creating new call, offer received, 2 media ports allocated
Jul  7 17:05:01 ims rtpengine[2201]: INFO: [e48d2135a07140b4@ims.mnc070.mcc999.3gpp.network.org]: Deleting call, no media flowed
Jul  7 17:06:11 ims rtpengine[2201]: INFO: [4f2246cd136c407d@ims.mnc070.mcc999.3gpp.network.org]: Creating new call, offer received, 2 media ports allocated
Jul  7 17:07:12 ims rtpengine[2201]: INFO: [19e852da813f499f@ims.mnc070.mcc999.3gpp.network.org]: Final stats: 11545 packets, 0.0% loss, MOS 4.5
Jul  7 17:08:00 ims rtpengine[2201]: INFO: [59e046e06e304bab@ims.mnc070.mcc999.3gpp.network.org]: Creating new call, offer received, 2 media ports allocated
Jul  7 17:08:26 ims rtpengine[2201]: INFO: [59e046e06e304bab@ims.mnc070.mcc999.3gpp.network.org]: Final stats: 1306 packets, 0.4% loss, MOS 4.4
Jul  7 17:08:48 ims rtpengine[2201]: INFO: [5a9bdb6c056746e4@ims.mnc070.mcc999.3gpp.network.org]: Creating new call, offer received, 2 media ports allocated
Jul  7 17:09:01 ims rtpengine[2201]: INFO: [6654d6c49a7049d6@ims.mnc070.mcc999.3gpp.network.org]: Creating new call, offer received, 2 media ports allocated
Jul  7 17:09:04 ims rtpengine[2201]: INFO: [4f2246cd136c407d@ims.mnc070.mcc999.3gpp.network.org]: Final stats: 8613 packets, 1.6% loss, MOS 3.9
Jul  7 17:09:29 ims rtpengine[2201]: INFO: [9a3d9b0213cb4b49@ims.mnc070.mcc999.3gpp.network.org]: Final stats: 15853 packets, 1.0% loss, MOS 4.2
Jul  7 17:10:15 ims rtpengine[2201]: INFO: [6654d6c49a7049d6@ims.mnc070.mcc999.3gpp.network.org]: Final stats: 3733 packets, 1.2% loss, MOS 4.3
Jul  7 17:12:06 ims rtpengine[2201]: INFO: [5cdbe11dba3a496a@ims.mnc070.mcc999.3gpp.network.org]: Creating new call, offer received, 2 media ports allocated
Jul  7 17:12:26 ims rtpengine[2201]: INFO: [5a9bdb6c056746e4@ims.mnc070.mcc999.3gpp.network.org]: Final stats: 10902 packets, 0.4% loss, MOS 4.4
Jul  7 17:12:40 ims rtpengine[2201]: INFO: [19eecd6e2ab24bef@ims.mnc070.mcc999.3gpp.network.org]: Creating new call, offer received, 2 media ports allocated
Jul  7 17:13:14 ims rtpengine[2201]: INFO: [19eecd6e2ab24bef@ims.mnc070.mcc999.3gpp.network.org]: Final stats: 1679 packets, 0.0% loss, MOS 4.4
Jul  7 17:13:28 ims rtpengine[2201]: INFO: [b65d63339fc342fa@ims.mnc070.mcc999.3gpp.network.org]: Creating new call, offer received, 2 media ports allocated
Jul  7 17:13:52 ims rtpengine[2201]: INFO: [b65d63339fc342fa@ims.mnc070.mcc999.3gpp.network.org]: Final stats: 1230 packets, 0.0% loss, MOS 4.5
Jul  7 17:14:13 ims rtpengine[2201]: INFO: [2f2a9b1e48f14ee2@ims.mnc070.mcc999.3gpp.network.org]: Creating new call, offer received, 2 media ports allocated
Jul  7 17:14:13 ims rtpengine[2201]: INFO: [2f2a9b1e48f14ee2@ims.mnc070.mcc999.3gpp.network.org]: Deleting call, no media flowed
Jul  7 17:15:24 ims rtpengine[2201]: INFO: [5cdbe11dba3a496a@ims.mnc070.mcc999.3gpp.network.org]: Final stats: 9933 packets, 0.1% loss, MOS 4.4
Jul  7 17:15:36 ims rtpengine[2201]: INFO: [cc6c8573a2f54211@ims.mnc070.mcc999.3gpp.network.org]: Creating new call, offer received, 2 media ports allocated
Jul  7 17:15:53 ims rtpengine[2201]: INFO: [cc6c8573a2f54211@ims.mnc070.mcc999.3gpp.network.org]: Final stats: 863 packets, 0.0% loss, MOS 4.5
Jul  7 17:17:30 ims rtpengine[2201]: INFO: [7826e77f0b994cf0@ims.mnc070.mcc999.3gpp.network.org]: Creating new call, offer received, 2 media ports allocated
Jul  7 17:17:30 ims rtpengine[2201]: INFO: [906b34c7285c4bf8@ims.mnc070.mcc999.3gpp.network.org]: Creating new call, offer received, 2 media ports allocated
Jul  7 17:17:33 ims rtpengine[2201]: INFO: [906b34c7285c4bf8@ims.mnc070.mcc999.3gpp.network.org]: Final stats: 164 packets, 0.0% loss, MOS 4.5
Jul  7 17:17:44 ims rtpengine[2201]: INFO: [7826e77f0b994cf0@ims.mnc070.mcc999.3gpp.network.org]: Final stats: 704 packets, 0.8% loss, MOS 4.2
Jul  7 17:17:55 ims rtpengine[2201]: INFO: [b0adc6010303488d@ims.mnc070.mcc999.3gpp.network.org]: Creating new call, offer received, 2 media ports allocated
Jul  7 17:19:05 ims rtpengine[2201]: INFO: [e5a9e16335a843b7@ims.mnc070.mcc999.3gpp.network.org]: Creating new call, offer received, 2 media ports allocated
Jul  7 17:19:55 ims rtpengine[2201]: INFO: [9c04e23f5c3c495e@ims.mnc070.mcc999.3gpp.network.org]: Creating new call, offer received, 2 media ports allocated
Jul  7 17:20:33 ims rtpengine[2201]: INFO: [718a7efe740f46be@ims.mnc070.mcc999.3gpp.network.org]: Creating new call, offer received, 2 media ports allocated
Jul  7 17:20:33 ims rtpengine[2201]: INFO: [718a7efe740f46be@ims.mnc070.mcc999.3gpp.network.org]: Deleting call, no media flowed
Jul  7 17:20:55 ims rtpengine[2201]: INFO: [9c04e23f5c3c495e@ims.mnc070.mcc999.3gpp.network.org]: Final stats: 2974 packets, 1.4% loss, MOS 4.1
Jul  7 17:21:04 ims rtpengine[2201]: INFO: [5aac5e024af3437a@ims.mnc070.mcc999.3gpp.network.org]: Creating new call, offer received, 2 media ports allocated
Jul  7 17:21:58 ims rtpengine[2201]: INFO: [b0adc6010303488d@ims.mnc070.mcc999.3gpp.network.org]: Final stats: 12149 packets, 0.0% loss, MOS 4.5
Jul  7 17:23:46 ims rtpengine[2201]: INFO: [e5a9e16335a843b7@ims.mnc070.mcc999.3gpp.network.org]: Final stats: 14049 packets, 0.0% loss, MOS 4.2
Jul  7 17:24:03 ims rtpengine[2201]: INFO: [23d66a4fcc1843db@ims.mnc070.mcc999.3gpp.network.org]: Creating new call, offer received, 2 media ports allocated
Jul  7 17:24:17 ims rtpengine[2201]: INFO: [5aac5e024af3437a@ims.mnc070.mcc999.3gpp.network.org]: Final stats: 9661 packets, 0.3% loss, MOS 4.2
Jul  7 17:25:25 ims rtpengine[2201]: INFO: [3e160aa582334eae@ims.mnc070.mcc999.3gpp.network.org]: Creating new call, offer received, 2 media ports allocated
Jul  7 17:26:34 ims rtpengine[2201]: INFO: [3e160aa582334eae@ims.mnc070.mcc999.3gpp.network.org]: Final stats: 3425 packets, 0.0% loss, MOS 4.5
Jul  7 17:28:41 ims rtpengine[2201]: INFO: [1199ce7059724b69@ims.mnc070.mcc999.3gpp.network.org]: Creating new call, offer received, 2 media ports allocated
Jul  7 17:29:05 ims rtpengine[2201]: INFO: [1199ce7059724b69@ims.mnc070.mcc999.3gpp.network.org]: Final stats: 1215 packets, 0.0% loss, MOS 4.5
Jul  7 17:30:16 ims rtpengine[2201]: INFO: [0edbe92cb7eb4ebf@ims.mnc070.mcc999.3gpp.network.org]: Creating new call, offer received, 2 media ports allocated
Jul  7 17:30:58 ims rtpengine[2201]: INFO: [23d66a4fcc1843db@ims.mnc070.mcc999.3gpp.network.org]: Final stats: 20754 packets, 0.0% loss, MOS 4.3
Jul  7 17:30:59 ims rtpengine[2201]: INFO: [693bde0ac1c64c6c@ims.mnc070.mcc999.3gpp.network.org]: Creating new call, offer received, 2 media ports allocated
Jul  7 17:32:15 ims rtpengine[2201]: INFO: [76f35e1ab17d4622@ims.mnc070.mcc999.3gpp.network.org]: Creating new call, offer received, 2 media ports allocated
Jul  7 17:32:29 ims rtpengine[2201]: INFO: [0edbe92cb7eb4ebf@ims.mnc070.mcc999.3gpp.network.org]: Final stats: 6676 packets, 0.0% loss, MOS 4.5
Jul  7 17:32:40 ims rtpengine[2201]: INFO: [693bde0ac1c64c6c@ims.mnc070.mcc999.3gpp.network.org]: Final stats: 5049 packets, 0.7% loss, MOS 4.2
Jul  7 17:35:57 ims rtpengine[2201]: INFO: [2b7a357b0793444e@ims.mnc070.mcc999.3gpp.network.org]: Creating new call, offer received, 2 media ports allocated
Jul  7 17:36:23 ims rtpengine[2201]: INFO: [76f35e1ab17d4622@ims.mnc070.mcc999.3gpp.network.org]: Final stats: 12396 packets, 0.0% loss, MOS 4.5
Jul  7 17:37:59 ims rtpengine[2201]: INFO: [e3e559067856477b@ims.mnc070.mcc999.3gpp.network.org]: Creating new call, offer received, 2 media ports allocated
Jul  7 17:38:06 ims rtpengine[2201]: INFO: [68efa8e37bee4ba9@ims.mnc070.mcc999.3gpp.network.org]: Creating new call, offer received, 2 media ports allocated
Jul  7 17:38:57 ims rtpengine[2201]: INFO: [2b7a357b0793444e@ims.mnc070.mcc999.3gpp.network.org]: Final stats: 8998 packets, 0.3% loss, MOS 4.4
Jul  7 17:39:23 ims rtpengine[2201]: INFO: [f5969364aff040b7@ims.mnc070.mcc999.3gpp.network.org]: Creating new call, offer received, 2 media ports allocated
Jul  7 17:39:59 ims rtpengine[2201]: INFO: [fd9ab98dab4d446b@ims.mnc070.mcc999.3gpp.network.org]: Creating new call, offer received, 2 media ports allocated
Jul  7 17:40:10 ims rtpengine[2201]: INFO: [68efa8e37bee4ba9@ims.mnc070.mcc999.3gpp.network.org]: Final stats: 6166 packets, 2.3% loss, MOS 3.9
Jul  7 17:40:35 ims rtpengine[2201]: INFO: [e3e559067856477b@ims.mnc070.mcc999.3gpp.network.org]: Final stats: 7796 packets, 0.9% loss, MOS 4.3
Jul  7 17:41:55 ims rtpengine[2201]: INFO: [89b5cfb08a564655@ims.mnc070.mcc999.3gpp.network.org]: Creating new call, offer received, 2 media ports allocated
Jul  7 17:42:00 ims rtpengine[2201]: INFO: [fd9ab98dab4d446b@ims.mnc070.mcc999.3gpp.network.org]: Final stats: 6082 packets, 0.0% loss, MOS 4.5
Jul  7 17:42:54 ims rtpengine[2201]: INFO: [f5969364aff040b7@ims.mnc070.mcc999.3gpp.network.org]: Final stats: 10574 packets, 0.0% loss, MOS 4.3
Jul  7 17:45:23 ims rtpengine[2201]: INFO: [89b5cfb08a564655@ims.mnc070.mcc999.3gpp.network.org]: Final stats: 10402 packets, 0.0% loss, MOS 4.5
Jul  7 17:46:28 ims rtpengine[2201]: INFO: [56515ca6d649409e@ims.mnc070.mcc999.3gpp.network.org]: Creating new call, offer received, 2 media ports allocated
Jul  7 17:46:28 ims rtpengine[2201]: INFO: [56515ca6d649409e@ims.mnc070.mcc999.3gpp.network.org]: Deleting call, no media flowed
Jul  7 17:46:50 ims rtpengine[2201]: INFO: [38722729618d4012@ims.mnc070.mcc999.3gpp.network.org]: Creating new call, offer received, 2 media ports allocated
Jul  7 17:47:30 ims rtpengine[2201]: INFO: [efd5cdc321824bb1@ims.mnc070.mcc999.3gpp.network.org]: Creating new call, offer received, 2 media ports allocated
Jul  7 17:47:39 ims rtpengine[2201]: INFO: [efd5cdc321824bb1@ims.mnc070.mcc999.3gpp.network.org]: Final stats: 430 packets, 0.0% loss, MOS 4.4
Jul  7 17:48:09 ims rtpengine[2201]: INFO: [38722729618d4012@ims.mnc070.mcc999.3gpp.network.org]: Final stats: 3948 packets, 0.9% loss, MOS 4.2
Jul  7 17:48:48 ims rtpengine[2201]: INFO: [f346fc4544f64829@ims.mnc070.mcc999.3gpp.network.org]: Creating new call, offer received, 2 media ports allocated
Jul  7 17:49:11 ims rtpengine[2201]: INFO: [b9803b931c524bc0@ims.mnc070.mcc999.3gpp.network.org]: Creating new call, offer received, 2 media ports allocated
Jul  7 17:51:00 ims rtpengine[2201]: INFO: [f346fc4544f64829@ims.mnc070.mcc999.3gpp.network.org]: Final stats: 6571 packets, 3.0% loss, MOS 3.7
Jul  7 17:53:42 ims rtpengine[2201]: INFO: [59a773ae23ac4956@ims.mnc070.mcc999.3gpp.network.org]: Creating new call, offer received, 2 media ports allocated
Jul  7 17:57:03 ims rtpengine[2201]: INFO: [59a773ae23ac4956@ims.mnc070.mcc999.3gpp.network.org]: Final stats: 10054 packets, 0.0% loss, MOS 4.5
Jul  7 17:57:17 ims rtpengine[2201]: INFO: [e0084f8893604b71@ims.mnc070.mcc999.3gpp.network.org]: Creating new call, offer received, 2 media ports allocated
Jul  7 17:57:21 ims rtpengine[2201]: INFO: [5d19539fe17a4f6e@ims.mnc070.mcc999.3gpp.network.org]: Creating new call, offer received, 2 media ports allocated
Jul  7 17:57:38 ims rtpengine[2201]: INFO: [84881aee5478453a@ims.mnc070.mcc999.3gpp.network.org]: Creating new call, offer received, 2 media ports allocated
Jul  7 17:57:51 ims rtpengine[2201]: INFO: [b2a65cfe4adf4ad5@ims.mnc070.mcc999.3gpp.network.org]: Creating new call, offer received, 2 media ports allocated
Jul  7 17:57:56 ims rtpengine[2201]: INFO: [b2a65cfe4adf4ad5@ims.mnc070.mcc999.3gpp.network.org]: Final stats: 258 packets, 0.5% loss, MOS 4.4
Jul  7 17:57:56 ims rtpengine[2201]: INFO: [5d19539fe17a4f6e@ims.mnc070.mcc999.3gpp.network.org]: Final stats: 1743 packets, 0.1% loss, MOS 4.5
Jul  7 17:58:13 ims rtpengine[2201]: INFO: [b9803b931c524bc0@ims.mnc070.mcc999.3gpp.network.org]: Final stats: 27089 packets, 1.0% loss, MOS 4.0
Jul  7 17:58:22 ims rtpengine[2201]: INFO: [3b0746ae97ca4c3f@ims.mnc070.mcc999.3gpp.network.org]: Creating new call, offer received, 2 media ports allocated
Jul  7 17:59:31 ims rtpengine[2201]: INFO: [84881aee5478453a@ims.mnc070.mcc999.3gpp.network.org]: Final stats: 5618 packets, 0.5% loss, MOS 4.1
Jul  7 17:59:43 ims rtpengine[2201]: INFO: [3b0746ae97ca4c3f@ims.mnc070.mcc999.3gpp.network.org]: Final stats: 4064 packets, 0.2% loss, MOS 4.5
Jul  7 18:04:37 ims rtpengine[2201]: INFO: [e0084f8893604b71@ims.mnc070.mcc999.3gpp.network.org]: Final stats: 22036 packets, 0.0% loss, MOS 4.5
Jul  7 18:06:25 ims rtpengine[2201]: INFO: [596aa99d73a846c1@ims.mnc070.mcc999.3gpp.network.org]: Creating new call, offer received, 2 media ports allocated
Jul  7 18:06:38 ims rtpengine[2201]: INFO: [cd32e1edaf5a4afc@ims.mnc070.mcc999.3gpp.network.org]: Creating new call, offer received, 2 media ports allocated
Jul  7 18:07:05 ims rtpengine[2201]: INFO: [cd32e1edaf5a4afc@ims.mnc070.mcc999.3gpp.network.org]: Final stats: 1362 packets, 0.0% loss, MOS 4.5
Jul  7 18:07:51 ims rtpengine[2201]: INFO: [c905d80b3237420d@ims.mnc070.mcc999.3gpp.network.org]: Creating new call, offer received, 2 media ports allocated
Jul  7 18:08:38 ims rtpengine[2201]: INFO: [1e1785bde10f4c45@ims.mnc070.mcc999.3gpp.network.org]: Creating new call, offer received, 2 media ports allocated
Jul  7 18:08:58 ims rtpengine[2201]: INFO: [1e1785bde10f4c45@ims.mnc070.mcc999.3gpp.network.org]: Final stats: 970 packets, 0.1% loss, MOS 4.4
Jul  7 18:11:05 ims rtpengine[2201]: INFO: [b328e52075a74608@ims.mnc070.mcc999.3gpp.network.org]: Creating new call, offer received, 2 media ports allocated
Jul  7 18:11:23 ims rtpengine[2201]: INFO: [569d27103cb24763@ims.mnc070.mcc999.3gpp.network.org]: Creating new call, offer received, 2 media ports allocated
Jul  7 18:11:46 ims rtpengine[2201]: INFO: [596aa99d73a846c1@ims.mnc070.mcc999.3gpp.network.org]: Final stats: 16043 packets, 1.0% loss, MOS 4.1
Jul  7 18:12:03 ims rtpengine[2201]: INFO: [76e2854db1614e84@ims.mnc070.mcc999.3gpp.network.org]: Creating new call, offer received, 2 media ports allocated
Jul  7 18:12:31 ims rtpengine[2201]: INFO: [b328e52075a74608@ims.mnc070.mcc999.3gpp.network.org]: Final stats: 4296 packets, 0.0% loss, MOS 4.5
Jul  7 18:14:08 ims rtpengine[2201]: INFO: [569d27103cb24763@ims.mnc070.mcc999.3gpp.network.org]: Final stats: 8225 packets, 0.2% loss, MOS 4.2
Jul  7 18:14:40 ims rtpengine[2201]: INFO: [a080f4442c1f4967@ims.mnc070.mcc999.3gpp.network.org]: Creating new call, offer received, 2 media ports allocated
Jul  7 18:14:55 ims rtpengine[2201]: INFO: [09e180e6c5a0403c@ims.mnc070.mcc999.3gpp.network.org]: Creating new call, offer received, 2 media ports allocated
Jul  7 18:15:12 ims rtpengine[2201]: INFO: [09e180e6c5a0403c@ims.mnc070.mcc999.3gpp.network.org]: Final stats: 856 packets, 0.6% loss, MOS 4.2
Jul  7 18:15:41 ims rtpengine[2201]: INFO: [c905d80b3237420d@ims.mnc070.mcc999.3gpp.network.org]: Final stats: 23463 packets, 0.0% loss, MOS 4.5
Jul  7 18:15:52 ims rtpengine[2201]: INFO: [6fac3b7b4a5e4c93@ims.mnc070.mcc999.3gpp.network.org]: Creating new call, offer received, 2 media ports allocated
Jul  7 18:15:59 ims rtpengine[2201]: INFO: [a080f4442c1f4967@ims.mnc070.mcc999.3gpp.network.org]: Final stats: 3909 packets, 0.0% loss, MOS 4.5
Jul  7 18:16:01 ims rtpengine[2201]: INFO: [8ed1386783334f09@ims.mnc070.mcc999.3gpp.network.org]: Creating new call, offer received, 2 media ports allocated
Jul  7 18:16:01 ims rtpengine[2201]: INFO: [8ed1386783334f09@ims.mnc070.mcc999.3gpp.network.org]: Deleting call, no media flowed
Jul  7 18:17:15 ims rtpengine[2201]: INFO: [6fac3b7b4a5e4c93@ims.mnc070.mcc999.3gpp.network.org]: Final stats: 4149 packets, 0.0% loss, MOS 4.5
Jul  7 18:17:47 ims rtpengine[2201]: INFO: [76e2854db1614e84@ims.mnc070.mcc999.3gpp.network.org]: Final stats: 17196 packets, 0.1% loss, MOS 4.4
Jul  7 18:19:04 ims rtpengine[2201]: INFO: [87bca84909d54f3c@ims.mnc070.mcc999.3gpp.network.org]: Creating new call, offer received, 2 media ports allocated
Jul  7 18:19:04 ims rtpengine[2201]: INFO: [87bca84909d54f3c@ims.mnc070.mcc999.3gpp.network.org]: Deleting call, no media flowed
Jul  7 18:19:29 ims rtpengine[2201]: INFO: [5f104d30857a4c7f@ims.mnc070.mcc999.3gpp.network.org]: Creating new call, offer received, 2 media ports allocated
Jul  7 18:20:57 ims rtpengine[2201]: INFO: [0a00db3c556e47d2@ims.mnc070.mcc999.3gpp.network.org]: Creating new call, offer received, 2 media ports allocated
Jul  7 18:21:16 ims rtpengine[2201]: INFO: [e45cc29f1e90483f@ims.mnc070.mcc999.3gpp.network.org]: Creating new call, offer received, 2 media ports allocated
Jul  7 18:21:16 ims rtpengine[2201]: INFO: [e45cc29f1e90483f@ims.mnc070.mcc999.3gpp.network.org]: Deleting call, no media flowed
Jul  7 18:23:35 ims rtpengine[2201]: INFO: [77998cc04baf43a0@ims.mnc070.mcc999.3gpp.network.org]: Creating new call, offer received, 2 media ports allocated
Jul  7 18:23:50 ims rtpengine[2201]: INFO: [f24fe6f6cf834f34@ims.mnc070.mcc999.3gpp.network.org]: Creating new call, offer received, 2 media ports allocated
Jul  7 18:23:50 ims rtpengine[2201]: INFO: [f24fe6f6cf834f34@ims.mnc070.mcc999.3gpp.network.org]: Deleting call, no media flowed
Jul  7 18:23:56 ims rtpengine[2201]: INFO: [77998cc04baf43a0@ims.mnc070.mcc999.3gpp.network.org]: Final stats: 1024 packets, 0.8% loss, MOS 4.2
Jul  7 18:24:07 ims rtpengine[2201]: INFO: [ef56a49bd9634203@ims.mnc070.mcc999.3gpp.network.org]: Creating new call, offer received, 2 media ports allocated
Jul  7 18:25:23 ims rtpengine[2201]: INFO: [32fc8078460f4092@ims.mnc070.mcc999.3gpp.network.org]: Creating new call, offer received, 2 media ports allocated
Jul  7 18:25:59 ims rtpengine[2201]: INFO: [0a00db3c556e47d2@ims.mnc070.mcc999.3gpp.network.org]: Final stats: 15100 packets, 0.0% loss, MOS 4.5
Jul  7 18:26:08 ims rtpengine[2201]: INFO: [f5b894afdd934d3a@ims.mnc070.mcc999.3gpp.network.org]: Creating new call, offer received, 2 media ports allocated
Jul  7 18:26:14 ims rtpengine[2201]: INFO: [5f104d30857a4c7f@ims.mnc070.mcc999.3gpp.network.org]: Final stats: 20256 packets, 2.7% loss, MOS 3.7
Jul  7 18:26:22 ims rtpengine[2201]: INFO: [32fc8078460f4092@ims.mnc070.mcc999.3gpp.network.org]: Final stats: 2934 packets, 0.5% loss, MOS 4.5
Jul  7 18:26:24 ims rtpengine[2201]: INFO: [f5b894afdd934d3a@ims.mnc070.mcc999.3gpp.network.org]: Final stats: 804 packets, 0.1% loss, MOS 4.5
Jul  7 18:30:02 ims rtpengine[2201]: INFO: [29eabbc0a6ff4ff0@ims.mnc070.mcc999.3gpp.network.org]: Creating new call, offer received, 2 media ports allocated
Jul  7 18:30:23 ims rtpengine[2201]: INFO: [29eabbc0a6ff4ff0@ims.mnc070.mcc999.3gpp.network.org]: Final stats: 1054 packets, 0.0% loss, MOS 4.5
Jul  7 18:30:31 ims rtpengine[2201]: INFO: [7a1f480ef7524659@ims.mnc070.mcc999.3gpp.network.org]: Creating new call, offer received, 2 media ports allocated
Jul  7 18:31:04 ims rtpengine[2201]: INFO: [7a1f480ef7524659@ims.mnc070.mcc999.3gpp.network.org]: Final stats: 1664 packets, 0.0% loss, MOS 4.3
Jul  7 18:32:41 ims rtpengine[2201]: INFO: [394aa625ffff4295@ims.mnc070.mcc999.3gpp.network.org]: Creating new call, offer received, 2 media ports allocated
Jul  7 18:32:51 ims rtpengine[2201]: INFO: [7cc15d0705bd4487@ims.mnc070.mcc999.3gpp.network.org]: Creating new call, offer received, 2 media ports allocated
Jul  7 18:32:51 ims rtpengine[2201]: INFO: [7cc15d0705bd4487@ims.mnc070.mcc999.3gpp.network.org]: Deleting call, no media flowed
Jul  7 18:33:48 ims rtpengine[2201]: INFO: [16fe0e0f884d4058@ims.mnc070.mcc999.3gpp.network.org]: Creating new call, offer received, 2 media ports allocated
Jul  7 18:34:10 ims rtpengine[2201]: INFO: [16fe0e0f884d4058@ims.mnc070.mcc999.3gpp.network.org]: Final stats: 1076 packets, 0.0% loss, MOS 4.5
Jul  7 18:34:30 ims rtpengine[2201]: INFO: [a0c086c3863d49d8@ims.mnc070.mcc999.3gpp.network.org]: Creating new call, offer received, 2 media ports allocated
Jul  7 18:34:58 ims rtpengine[2201]: INFO: [ef56a49bd9634203@ims.mnc070.mcc999.3gpp.network.org]: Final stats: 32547 packets, 1.0% loss, MOS 4.0
Jul  7 18:35:24 ims rtpengine[2201]: INFO: [598c969457a841bb@ims.mnc070.mcc999.3gpp.network.org]: Creating new call, offer received, 2 media ports allocated
Jul  7 18:35:40 ims rtpengine[2201]: INFO: [a0c086c3863d49d8@ims.mnc070.mcc999.3gpp.network.org]: Final stats: 3506 packets, 0.8% loss, MOS 4.2
Jul  7 18:38:01 ims rtpengine[2201]: INFO: [598c969457a841bb@ims.mnc070.mcc999.3gpp.network.org]: Final stats: 7872 packets, 1.9% loss, MOS 4.0
Jul  7 18:38:49 ims rtpengine[2201]: INFO: [394aa625ffff4295@ims.mnc070.mcc999.3gpp.network.org]: Final stats: 18403 packets, 0.0% loss, MOS 4.3
Jul  7 18:38:55 ims rtpengine[2201]: INFO: [db6de5632b894ac5@ims.mnc070.mcc999.3gpp.network.org]: Creating new call, offer received, 2 media ports allocated
Jul  7 18:39:18 ims rtpengine[2201]: INFO: [33472151ecc04758@ims.mnc070.mcc999.3gpp.network.org]: Creating new call, offer received, 2 media ports allocated
Jul  7 18:39:46 ims rtpengine[2201]: INFO: [db6de5632b894ac5@ims.mnc070.mcc999.3gpp.network.org]: Final stats: 2555 packets, 1.5% loss, MOS 4.1
Jul  7 18:40:44 ims rtpengine[2201]: INFO: [33472151ecc04758@ims.mnc070.mcc999.3gpp.network.org]: Final stats: 4313 packets, 0.7% loss, MOS 4.3
Jul  7 18:51:23 ims rtpengine[2201]: INFO: [5cd1d64933ec4a4e@ims.mnc070.mcc999.3gpp.network.org]: Creating new call, offer received, 2 media ports allocated
Jul  7 18:52:05 ims rtpengine[2201]: INFO: [5cd1d64933ec4a4e@ims.mnc070.mcc999.3gpp.network.org]: Final stats: 2094 packets, 0.0% loss, MOS 4.4
Jul  7 18:52:55 ims rtpengine[2201]: INFO: [d16d31901b894aa5@ims.mnc070.mcc999.3gpp.network.org]: Creating new call, offer received, 2 media ports allocated
Jul  7 18:53:15 ims rtpengine[2201]: INFO: [d16d31901b894aa5@ims.mnc070.mcc999.3gpp.network.org]: Final stats: 1006 packets, 2.5% loss, MOS 3.9
Jul  7 18:55:08 ims rtpengine[2201]: INFO: [5adda12b865c410e@ims.mnc070.mcc999.3gpp.network.org]: Creating new call, offer received, 2 media ports allocated
Jul  7 18:55:29 ims rtpengine[2201]: INFO: [3a54d62603184e9c@ims.mnc070.mcc999.3gpp.network.org]: Creating new call, offer received, 2 media ports allocated
Jul  7 18:55:29 ims rtpengine[2201]: INFO: [3a54d62603184e9c@ims.mnc070.mcc999.3gpp.network.org]: Deleting call, no media flowed
Jul  7 18:55:30 ims rtpengine[2201]: INFO: [171e8e9f47cf407d@ims.mnc070.mcc999.3gpp.network.org]: Creating new call, offer received, 2 media ports allocated
Jul  7 18:56:06 ims rtpengine[2201]: INFO: [1a78a7cf5cae46a7@ims.mnc070.mcc999.3gpp.network.org]: Creating new call, offer received, 2 media ports allocated
Jul  7 18:56:26 ims rtpengine[2201]: WARNING: [5adda12b865c410e@ims.mnc070.mcc999.3gpp.network.org]: media timeout, no RTP for 30s, closing call
Jul  7 18:56:26 ims rtpengine[2201]: INFO: [5adda12b865c410e@ims.mnc070.mcc999.3gpp.network.org]: Final stats: 3894 packets, 0.2% loss, MOS 4.5
Jul  7 18:56:41 ims rtpengine[2201]: INFO: [171e8e9f47cf407d@ims.mnc070.mcc999.3gpp.network.org]: Final stats: 3539 packets, 0.2% loss, MOS 4.5
Jul  7 18:58:49 ims rtpengine[2201]: INFO: [b335ed7b13444d81@ims.mnc070.mcc999.3gpp.network.org]: Creating new call, offer received, 2 media ports allocated
Jul  7 18:59:25 ims rtpengine[2201]: INFO: [2890c04ec3ea4191@ims.mnc070.mcc999.3gpp.network.org]: Creating new call, offer received, 2 media ports allocated
Jul  7 18:59:25 ims rtpengine[2201]: INFO: [2890c04ec3ea4191@ims.mnc070.mcc999.3gpp.network.org]: Deleting call, no media flowed
Jul  7 18:59:42 ims rtpengine[2201]: INFO: [1a78a7cf5cae46a7@ims.mnc070.mcc999.3gpp.network.org]: Final stats: 10795 packets, 0.0% loss, MOS 4.4
Jul  7 19:00:02 ims rtpengine[2201]: INFO: [0e1ba691bdbf4a8b@ims.mnc070.mcc999.3gpp.network.org]: Creating new call, offer received, 2 media ports allocated
Jul  7 19:00:21 ims rtpengine[2201]: INFO: [b335ed7b13444d81@ims.mnc070.mcc999.3gpp.network.org]: Final stats: 4584 packets, 0.0% loss, MOS 4.5
Jul  7 19:00:30 ims rtpengine[2201]: INFO: [0e1ba691bdbf4a8b@ims.mnc070.mcc999.3gpp.network.org]: Final stats: 1414 packets, 0.1% loss, MOS 4.5
Jul  7 19:00:33 ims rtpengine[2201]: INFO: [891d5550dc2f4793@ims.mnc070.mcc999.3gpp.network.org]: Creating new call, offer received, 2 media ports allocated
Jul  7 19:01:06 ims rtpengine[2201]: INFO: [2535d3ba8ce745ff@ims.mnc070.mcc999.3gpp.network.org]: Creating new call, offer received, 2 media ports allocated
Jul  7 19:01:24 ims rtpengine[2201]: INFO: [2535d3ba8ce745ff@ims.mnc070.mcc999.3gpp.network.org]: Final stats: 899 packets, 0.1% loss, MOS 4.3
Jul  7 19:02:07 ims rtpengine[2201]: INFO: [ab9e844da4a74d1d@ims.mnc070.mcc999.3gpp.network.org]: Creating new call, offer received, 2 media ports allocated
Jul  7 19:02:07 ims rtpengine[2201]: INFO: [ab9e844da4a74d1d@ims.mnc070.mcc999.3gpp.network.org]: Deleting call, no media flowed
Jul  7 19:03:58 ims rtpengine[2201]: INFO: [7657603b72ff4920@ims.mnc070.mcc999.3gpp.network.org]: Creating new call, offer received, 2 media ports allocated
Jul  7 19:04:22 ims rtpengine[2201]: INFO: [7657603b72ff4920@ims.mnc070.mcc999.3gpp.network.org]: Final stats: 1193 packets, 1.0% loss, MOS 4.0
Jul  7 19:04:45 ims rtpengine[2201]: INFO: [cc6626e662664be8@ims.mnc070.mcc999.3gpp.network.org]: Creating new call, offer received, 2 media ports allocated
Jul  7 19:05:45 ims rtpengine[2201]: INFO: [891d5550dc2f4793@ims.mnc070.mcc999.3gpp.network.org]: Final stats: 15611 packets, 0.0% loss, MOS 4.4
Jul  7 19:09:02 ims rtpengine[2201]: INFO: [cc6626e662664be8@ims.mnc070.mcc999.3gpp.network.org]: Final stats: 12819 packets, 0.0% loss, MOS 4.4
Jul  7 19:09:59 ims rtpengine[2201]: INFO: [619ad2f499064a90@ims.mnc070.mcc999.3gpp.network.org]: Creating new call, offer received, 2 media ports allocated
Jul  7 19:09:59 ims rtpengine[2201]: INFO: [619ad2f499064a90@ims.mnc070.mcc999.3gpp.network.org]: Deleting call, no media flowed
Jul  7 19:11:19 ims rtpengine[2201]: INFO: [388948c393014586@ims.mnc070.mcc999.3gpp.network.org]: Creating new call, offer received, 2 media ports allocated
Jul  7 19:12:04 ims rtpengine[2201]: INFO: [388948c393014586@ims.mnc070.mcc999.3gpp.network.org]: Final stats: 2256 packets, 1.6% loss, MOS 3.9
Jul  7 19:12:27 ims rtpengine[2201]: INFO: [fa3d04f406294e04@ims.mnc070.mcc999.3gpp.network.org]: Creating new call, offer received, 2 media ports allocated
Jul  7 19:14:35 ims rtpengine[2201]: INFO: [fa3d04f406294e04@ims.mnc070.mcc999.3gpp.network.org]: Final stats: 6386 packets, 0.1% loss, MOS 4.4
Jul  7 19:15:37 ims rtpengine[2201]: INFO: [96de161809bc4189@ims.mnc070.mcc999.3gpp.network.org]: Creating new call, offer received, 2 media ports allocated
Jul  7 19:15:45 ims rtpengine[2201]: INFO: [96de161809bc4189@ims.mnc070.mcc999.3gpp.network.org]: Final stats: 424 packets, 0.8% loss, MOS 4.1
Jul  7 19:15:53 ims rtpengine[2201]: INFO: [bb4b04c7408248bd@ims.mnc070.mcc999.3gpp.network.org]: Creating new call, offer received, 2 media ports allocated
Jul  7 19:18:06 ims rtpengine[2201]: INFO: [bb4b04c7408248bd@ims.mnc070.mcc999.3gpp.network.org]: Final stats: 6643 packets, 0.2% loss, MOS 4.4
Jul  7 19:18:55 ims rtpengine[2201]: INFO: [ce5937a79b8f4a2c@ims.mnc070.mcc999.3gpp.network.org]: Creating new call, offer received, 2 media ports allocated
Jul  7 19:19:00 ims rtpengine[2201]: INFO: [ce5937a79b8f4a2c@ims.mnc070.mcc999.3gpp.network.org]: Final stats: 284 packets, 0.0% loss, MOS 4.4
Jul  7 19:19:33 ims rtpengine[2201]: INFO: [3796394d9cfb4c87@ims.mnc070.mcc999.3gpp.network.org]: Creating new call, offer received, 2 media ports allocated
Jul  7 19:19:35 ims rtpengine[2201]: INFO: [3796394d9cfb4c87@ims.mnc070.mcc999.3gpp.network.org]: Final stats: 82 packets, 0.0% loss, MOS 4.5
Jul  7 19:20:39 ims rtpengine[2201]: INFO: [544e11d2fed54f6d@ims.mnc070.mcc999.3gpp.network.org]: Creating new call, offer received, 2 media ports allocated
Jul  7 19:24:54 ims rtpengine[2201]: INFO: [6ce9d7d058e04024@ims.mnc070.mcc999.3gpp.network.org]: Creating new call, offer received, 2 media ports allocated
Jul  7 19:25:14 ims rtpengine[2201]: INFO: [df01f1835c94438f@ims.mnc070.mcc999.3gpp.network.org]: Creating new call, offer received, 2 media ports allocated
Jul  7 19:25:14 ims rtpengine[2201]: INFO: [df01f1835c94438f@ims.mnc070.mcc999.3gpp.network.org]: Deleting call, no media flowed
Jul  7 19:25:34 ims rtpengine[2201]: INFO: [544e11d2fed54f6d@ims.mnc070.mcc999.3gpp.network.org]: Final stats: 14747 packets, 1.4% loss, MOS 4.1
Jul  7 19:25:57 ims rtpengine[2201]: INFO: [6ce9d7d058e04024@ims.mnc070.mcc999.3gpp.network.org]: Final stats: 3150 packets, 0.8% loss, MOS 4.1
Jul  7 19:26:41 ims rtpengine[2201]: INFO: [41c77a2a9dec4495@ims.mnc070.mcc999.3gpp.network.org]: Creating new call, offer received, 2 media ports allocated
Jul  7 19:28:03 ims rtpengine[2201]: INFO: [4c3e80a83fe3443f@ims.mnc070.mcc999.3gpp.network.org]: Creating new call, offer received, 2 media ports allocated
Jul  7 19:29:03 ims rtpengine[2201]: INFO: [41c77a2a9dec4495@ims.mnc070.mcc999.3gpp.network.org]: Final stats: 7107 packets, 0.4% loss, MOS 4.3
Jul  7 19:29:49 ims rtpengine[2201]: INFO: [596aaafb61914346@ims.mnc070.mcc999.3gpp.network.org]: Creating new call, offer received, 2 media ports allocated
Jul  7 19:30:32 ims rtpengine[2201]: INFO: [5d7ee9965f9f4168@ims.mnc070.mcc999.3gpp.network.org]: Creating new call, offer received, 2 media ports allocated
Jul  7 19:30:32 ims rtpengine[2201]: INFO: [5d7ee9965f9f4168@ims.mnc070.mcc999.3gpp.network.org]: Final stats: 26 packets, 0.0% loss, MOS 4.5
Jul  7 19:31:58 ims rtpengine[2201]: INFO: [4c3e80a83fe3443f@ims.mnc070.mcc999.3gpp.network.org]: Final stats: 11768 packets, 0.7% loss, MOS 4.3
Jul  7 19:33:45 ims rtpengine[2201]: INFO: [ff187fde645a4b60@ims.mnc070.mcc999.3gpp.network.org]: Creating new call, offer received, 2 media ports allocated
Jul  7 19:33:45 ims rtpengine[2201]: INFO: [ff187fde645a4b60@ims.mnc070.mcc999.3gpp.network.org]: Deleting call, no media flowed
Jul  7 19:36:05 ims rtpengine[2201]: INFO: [596aaafb61914346@ims.mnc070.mcc999.3gpp.network.org]: Final stats: 18807 packets, 0.0% loss, MOS 4.5
Jul  7 19:36:22 ims rtpengine[2201]: INFO: [c822c0687d0e42eb@ims.mnc070.mcc999.3gpp.network.org]: Creating new call, offer received, 2 media ports allocated
Jul  7 19:37:38 ims rtpengine[2201]: INFO: [ec218256123b4734@ims.mnc070.mcc999.3gpp.network.org]: Creating new call, offer received, 2 media ports allocated
Jul  7 19:38:17 ims rtpengine[2201]: INFO: [ec218256123b4734@ims.mnc070.mcc999.3gpp.network.org]: Final stats: 1948 packets, 0.0% loss, MOS 4.3
Jul  7 19:39:00 ims rtpengine[2201]: INFO: [5601900e344a45e8@ims.mnc070.mcc999.3gpp.network.org]: Creating new call, offer received, 2 media ports allocated
Jul  7 19:39:24 ims rtpengine[2201]: INFO: [5601900e344a45e8@ims.mnc070.mcc999.3gpp.network.org]: Final stats: 1184 packets, 1.0% loss, MOS 4.5
Jul  7 19:40:19 ims rtpengine[2201]: INFO: [c822c0687d0e42eb@ims.mnc070.mcc999.3gpp.network.org]: Final stats: 11860 packets, 1.1% loss, MOS 4.3
Jul  7 19:41:21 ims rtpengine[2201]: INFO: [85beaab42cd044bf@ims.mnc070.mcc999.3gpp.network.org]: Creating new call, offer received, 2 media ports allocated
Jul  7 19:43:59 ims rtpengine[2201]: INFO: [0c1b7f3a9b5d4c53@ims.mnc070.mcc999.3gpp.network.org]: Creating new call, offer received, 2 media ports allocated
Jul  7 19:43:59 ims rtpengine[2201]: INFO: [0c1b7f3a9b5d4c53@ims.mnc070.mcc999.3gpp.network.org]: Deleting call, no media flowed
Jul  7 19:44:22 ims rtpengine[2201]: INFO: [bb244a01069c489a@ims.mnc070.mcc999.3gpp.network.org]: Creating new call, offer received, 2 media ports allocated
Jul  7 19:45:13 ims rtpengine[2201]: INFO: [9cb535bd3e564d2d@ims.mnc070.mcc999.3gpp.network.org]: Creating new call, offer received, 2 media ports allocated
Jul  7 19:45:28 ims rtpengine[2201]: INFO: [85beaab42cd044bf@ims.mnc070.mcc999.3gpp.network.org]: Final stats: 12318 packets, 0.5% loss, MOS 4.4
Jul  7 19:45:52 ims rtpengine[2201]: INFO: [6876893bba4240e7@ims.mnc070.mcc999.3gpp.network.org]: Creating new call, offer received, 2 media ports allocated
Jul  7 19:46:13 ims rtpengine[2201]: INFO: [9cb535bd3e564d2d@ims.mnc070.mcc999.3gpp.network.org]: Final stats: 3022 packets, 0.0% loss, MOS 4.5
Jul  7 19:46:44 ims rtpengine[2201]: INFO: [6876893bba4240e7@ims.mnc070.mcc999.3gpp.network.org]: Final stats: 2563 packets, 0.0% loss, MOS 4.5
Jul  7 19:49:58 ims rtpengine[2201]: INFO: [bb244a01069c489a@ims.mnc070.mcc999.3gpp.network.org]: Final stats: 16817 packets, 0.7% loss, MOS 4.1
Jul  7 19:51:43 ims rtpengine[2201]: INFO: [92233e8ca57648e4@ims.mnc070.mcc999.3gpp.network.org]: Creating new call, offer received, 2 media ports allocated
Jul  7 19:54:04 ims rtpengine[2201]: INFO: [433e8d68f13c4242@ims.mnc070.mcc999.3gpp.network.org]: Creating new call, offer received, 2 media ports allocated
Jul  7 19:54:39 ims rtpengine[2201]: INFO: [433e8d68f13c4242@ims.mnc070.mcc999.3gpp.network.org]: Final stats: 1751 packets, 1.3% loss, MOS 3.9
Jul  7 19:55:01 ims rtpengine[2201]: INFO: [92233e8ca57648e4@ims.mnc070.mcc999.3gpp.network.org]: Final stats: 9900 packets, 1.4% loss, MOS 3.9
Jul  7 19:56:05 ims rtpengine[2201]: INFO: [319377b837ce47da@ims.mnc070.mcc999.3gpp.network.org]: Creating new call, offer received, 2 media ports allocated
Jul  7 19:56:13 ims rtpengine[2201]: INFO: [d75cb1e3a63f4596@ims.mnc070.mcc999.3gpp.network.org]: Creating new call, offer received, 2 media ports allocated
Jul  7 19:56:22 ims rtpengine[2201]: INFO: [e10bf231437c430f@ims.mnc070.mcc999.3gpp.network.org]: Creating new call, offer received, 2 media ports allocated
Jul  7 19:56:33 ims rtpengine[2201]: INFO: [319377b837ce47da@ims.mnc070.mcc999.3gpp.network.org]: Final stats: 1398 packets, 0.3% loss, MOS 4.1
Jul  7 19:58:09 ims rtpengine[2201]: INFO: [e10bf231437c430f@ims.mnc070.mcc999.3gpp.network.org]: Final stats: 5345 packets, 0.0% loss, MOS 4.3
Jul  7 19:58:19 ims rtpengine[2201]: INFO: [d75cb1e3a63f4596@ims.mnc070.mcc999.3gpp.network.org]: Final stats: 6286 packets, 0.0% loss, MOS 4.3
Jul  7 20:00:53 ims rtpengine[2201]: INFO: [ec9c75a08fa84742@ims.mnc070.mcc999.3gpp.network.org]: Creating new call, offer received, 2 media ports allocated
Jul  7 20:01:59 ims rtpengine[2201]: INFO: [aa7f681384124040@ims.mnc070.mcc999.3gpp.network.org]: Creating new call, offer received, 2 media ports allocated
Jul  7 20:04:15 ims rtpengine[2201]: INFO: [aa7f681384124040@ims.mnc070.mcc999.3gpp.network.org]: Final stats: 6811 packets, 0.9% loss, MOS 4.2
Jul  7 20:05:14 ims rtpengine[2201]: INFO: [ba02cd681072490f@ims.mnc070.mcc999.3gpp.network.org]: Creating new call, offer received, 2 media ports allocated
Jul  7 20:05:14 ims rtpengine[2201]: INFO: [ba02cd681072490f@ims.mnc070.mcc999.3gpp.network.org]: Deleting call, no media flowed
Jul  7 20:05:18 ims rtpengine[2201]: INFO: [ec9c75a08fa84742@ims.mnc070.mcc999.3gpp.network.org]: Final stats: 13288 packets, 0.4% loss, MOS 4.3
Jul  7 20:08:08 ims rtpengine[2201]: INFO: [07bf7ec579fe4883@ims.mnc070.mcc999.3gpp.network.org]: Creating new call, offer received, 2 media ports allocated
Jul  7 20:08:37 ims rtpengine[2201]: INFO: [6ef032c2fbb044b0@ims.mnc070.mcc999.3gpp.network.org]: Creating new call, offer received, 2 media ports allocated
Jul  7 20:09:27 ims rtpengine[2201]: INFO: [07bf7ec579fe4883@ims.mnc070.mcc999.3gpp.network.org]: Final stats: 3937 packets, 0.0% loss, MOS 4.4
Jul  7 20:09:27 ims rtpengine[2201]: INFO: [6ef032c2fbb044b0@ims.mnc070.mcc999.3gpp.network.org]: Final stats: 2522 packets, 0.0% loss, MOS 4.5
Jul  7 20:10:55 ims rtpengine[2201]: INFO: [a6e1b7d82a664c5c@ims.mnc070.mcc999.3gpp.network.org]: Creating new call, offer received, 2 media ports allocated
Jul  7 20:11:07 ims rtpengine[2201]: INFO: [a6e1b7d82a664c5c@ims.mnc070.mcc999.3gpp.network.org]: Final stats: 555 packets, 0.0% loss, MOS 4.4
Jul  7 20:13:38 ims rtpengine[2201]: INFO: [36d0c70573f34078@ims.mnc070.mcc999.3gpp.network.org]: Creating new call, offer received, 2 media ports allocated
Jul  7 20:14:45 ims rtpengine[2201]: INFO: [36d0c70573f34078@ims.mnc070.mcc999.3gpp.network.org]: Final stats: 3373 packets, 0.8% loss, MOS 4.1
Jul  7 20:14:53 ims rtpengine[2201]: INFO: [f77331cd7dca410c@ims.mnc070.mcc999.3gpp.network.org]: Creating new call, offer received, 2 media ports allocated
Jul  7 20:14:53 ims rtpengine[2201]: INFO: [f77331cd7dca410c@ims.mnc070.mcc999.3gpp.network.org]: Deleting call, no media flowed
Jul  7 20:16:13 ims rtpengine[2201]: INFO: [68b3f02b0b7e4704@ims.mnc070.mcc999.3gpp.network.org]: Creating new call, offer received, 2 media ports allocated
Jul  7 20:17:13 ims rtpengine[2201]: INFO: [1587198f85a447de@ims.mnc070.mcc999.3gpp.network.org]: Creating new call, offer received, 2 media ports allocated
Jul  7 20:18:06 ims rtpengine[2201]: INFO: [1587198f85a447de@ims.mnc070.mcc999.3gpp.network.org]: Final stats: 2627 packets, 0.0% loss, MOS 4.5
Jul  7 20:18:08 ims rtpengine[2201]: INFO: [71f706f2d5604c45@ims.mnc070.mcc999.3gpp.network.org]: Creating new call, offer received, 2 media ports allocated
Jul  7 20:19:03 ims rtpengine[2201]: INFO: [71f706f2d5604c45@ims.mnc070.mcc999.3gpp.network.org]: Final stats: 2719 packets, 0.0% loss, MOS 4.3
Jul  7 20:19:17 ims rtpengine[2201]: INFO: [68b3f02b0b7e4704@ims.mnc070.mcc999.3gpp.network.org]: Final stats: 9218 packets, 0.0% loss, MOS 4.3
Jul  7 20:21:35 ims rtpengine[2201]: INFO: [fecb1c4c6a9643fb@ims.mnc070.mcc999.3gpp.network.org]: Creating new call, offer received, 2 media ports allocated
Jul  7 20:22:16 ims rtpengine[2201]: INFO: [fecb1c4c6a9643fb@ims.mnc070.mcc999.3gpp.network.org]: Final stats: 2066 packets, 1.1% loss, MOS 4.3
Jul  7 20:24:04 ims rtpengine[2201]: INFO: [67c8996bfe8f4a64@ims.mnc070.mcc999.3gpp.network.org]: Creating new call, offer received, 2 media ports allocated
Jul  7 20:24:27 ims rtpengine[2201]: INFO: [67c8996bfe8f4a64@ims.mnc070.mcc999.3gpp.network.org]: Final stats: 1169 packets, 0.0% loss, MOS 4.2
Jul  7 20:28:53 ims rtpengine[2201]: INFO: [e78d88f22ff34286@ims.mnc070.mcc999.3gpp.network.org]: Creating new call, offer received, 2 media ports allocated
Jul  7 20:29:10 ims rtpengine[2201]: INFO: [8db5da2453f04949@ims.mnc070.mcc999.3gpp.network.org]: Creating new call, offer received, 2 media ports allocated
Jul  7 20:30:16 ims rtpengine[2201]: INFO: [e78d88f22ff34286@ims.mnc070.mcc999.3gpp.network.org]: Final stats: 4164 packets, 0.5% loss, MOS 4.1
Jul  7 20:30:36 ims rtpengine[2201]: INFO: [b68120d1a7404470@ims.mnc070.mcc999.3gpp.network.org]: Creating new call, offer received, 2 media ports allocated
Jul  7 20:31:06 ims rtpengine[2201]: INFO: [7327b5db999343f6@ims.mnc070.mcc999.3gpp.network.org]: Creating new call, offer received, 2 media ports allocated
Jul  7 20:31:06 ims rtpengine[2201]: INFO: [7327b5db999343f6@ims.mnc070.mcc999.3gpp.network.org]: Deleting call, no media flowed
Jul  7 20:31:15 ims rtpengine[2201]: INFO: [3d17f8f5c2d64f65@ims.mnc070.mcc999.3gpp.network.org]: Creating new call, offer received, 2 media ports allocated
Jul  7 20:31:47 ims rtpengine[2201]: INFO: [3d17f8f5c2d64f65@ims.mnc070.mcc999.3gpp.network.org]: Final stats: 1607 packets, 0.4% loss, MOS 4.4
Jul  7 20:32:03 ims rtpengine[2201]: INFO: [89aeb0f468d34824@ims.mnc070.mcc999.3gpp.network.org]: Creating new call, offer received, 2 media ports allocated
Jul  7 20:32:18 ims rtpengine[2201]: INFO: [b68120d1a7404470@ims.mnc070.mcc999.3gpp.network.org]: Final stats: 5114 packets, 0.9% loss, MOS 4.0
Jul  7 20:32:54 ims rtpengine[2201]: INFO: [8db5da2453f04949@ims.mnc070.mcc999.3gpp.network.org]: Final stats: 11203 packets, 0.7% loss, MOS 4.0
Jul  7 20:34:20 ims rtpengine[2201]: INFO: [93656b5e79064511@ims.mnc070.mcc999.3gpp.network.org]: Creating new call, offer received, 2 media ports allocated
Jul  7 20:34:35 ims rtpengine[2201]: INFO: [89aeb0f468d34824@ims.mnc070.mcc999.3gpp.network.org]: Final stats: 7643 packets, 0.0% loss, MOS 4.5
Jul  7 20:34:42 ims rtpengine[2201]: INFO: [d7b81bcd02084995@ims.mnc070.mcc999.3gpp.network.org]: Creating new call, offer received, 2 media ports allocated
Jul  7 20:35:08 ims rtpengine[2201]: INFO: [d7b81bcd02084995@ims.mnc070.mcc999.3gpp.network.org]: Final stats: 1283 packets, 0.0% loss, MOS 4.4
Jul  7 20:38:15 ims rtpengine[2201]: INFO: [d8c537ece97f483c@ims.mnc070.mcc999.3gpp.network.org]: Creating new call, offer received, 2 media ports allocated
Jul  7 20:38:43 ims rtpengine[2201]: INFO: [d8c537ece97f483c@ims.mnc070.mcc999.3gpp.network.org]: Final stats: 1373 packets, 0.0% loss, MOS 4.5
Jul  7 20:39:35 ims rtpengine[2201]: INFO: [93656b5e79064511@ims.mnc070.mcc999.3gpp.network.org]: Final stats: 15761 packets, 0.0% loss, MOS 4.2
Jul  7 20:46:25 ims rtpengine[2201]: INFO: [3421c97c65134d12@ims.mnc070.mcc999.3gpp.network.org]: Creating new call, offer received, 2 media ports allocated
Jul  7 20:47:39 ims rtpengine[2201]: INFO: [b85c2dc742714420@ims.mnc070.mcc999.3gpp.network.org]: Creating new call, offer received, 2 media ports allocated
Jul  7 20:47:39 ims rtpengine[2201]: INFO: [b85c2dc742714420@ims.mnc070.mcc999.3gpp.network.org]: Deleting call, no media flowed
Jul  7 20:47:47 ims rtpengine[2201]: INFO: [3421c97c65134d12@ims.mnc070.mcc999.3gpp.network.org]: Final stats: 4078 packets, 0.9% loss, MOS 4.1
Jul  7 20:49:46 ims rtpengine[2201]: INFO: [8616c336e19a4cfd@ims.mnc070.mcc999.3gpp.network.org]: Creating new call, offer received, 2 media ports allocated
Jul  7 20:50:00 ims rtpengine[2201]: INFO: [8616c336e19a4cfd@ims.mnc070.mcc999.3gpp.network.org]: Final stats: 661 packets, 1.3% loss, MOS 4.2
Jul  7 20:51:31 ims rtpengine[2201]: INFO: [2804ebbe22e3499c@ims.mnc070.mcc999.3gpp.network.org]: Creating new call, offer received, 2 media ports allocated
Jul  7 20:52:13 ims rtpengine[2201]: INFO: [2804ebbe22e3499c@ims.mnc070.mcc999.3gpp.network.org]: Final stats: 2109 packets, 0.0% loss, MOS 4.5
Jul  7 20:52:21 ims rtpengine[2201]: INFO: [08bb21a204174157@ims.mnc070.mcc999.3gpp.network.org]: Creating new call, offer received, 2 media ports allocated
Jul  7 20:52:44 ims rtpengine[2201]: INFO: [08bb21a204174157@ims.mnc070.mcc999.3gpp.network.org]: Final stats: 1133 packets, 1.4% loss, MOS 4.1
Jul  7 20:52:56 ims rtpengine[2201]: INFO: [0c7a576dbef44a9a@ims.mnc070.mcc999.3gpp.network.org]: Creating new call, offer received, 2 media ports allocated
Jul  7 20:53:58 ims rtpengine[2201]: INFO: [0c7a576dbef44a9a@ims.mnc070.mcc999.3gpp.network.org]: Final stats: 3100 packets, 1.7% loss, MOS 3.9
Jul  7 20:55:22 ims rtpengine[2201]: INFO: [6330ee100ad340b9@ims.mnc070.mcc999.3gpp.network.org]: Creating new call, offer received, 2 media ports allocated
Jul  7 20:56:11 ims rtpengine[2201]: INFO: [6330ee100ad340b9@ims.mnc070.mcc999.3gpp.network.org]: Final stats: 2452 packets, 0.0% loss, MOS 4.4
Jul  7 21:02:24 ims rtpengine[2201]: INFO: [560dae9c59254052@ims.mnc070.mcc999.3gpp.network.org]: Creating new call, offer received, 2 media ports allocated
Jul  7 21:02:58 ims rtpengine[2201]: INFO: [560dae9c59254052@ims.mnc070.mcc999.3gpp.network.org]: Final stats: 1689 packets, 0.0% loss, MOS 4.5
Jul  7 21:07:07 ims rtpengine[2201]: INFO: [e4e7a3a24d574817@ims.mnc070.mcc999.3gpp.network.org]: Creating new call, offer received, 2 media ports allocated
Jul  7 21:08:23 ims rtpengine[2201]: INFO: [e4e7a3a24d574817@ims.mnc070.mcc999.3gpp.network.org]: Final stats: 3820 packets, 1.1% loss, MOS 4.1
Jul  7 21:08:50 ims rtpengine[2201]: INFO: [3393773e6d3b4f33@ims.mnc070.mcc999.3gpp.network.org]: Creating new call, offer received, 2 media ports allocated
Jul  7 21:08:54 ims rtpengine[2201]: INFO: [3393773e6d3b4f33@ims.mnc070.mcc999.3gpp.network.org]: Final stats: 188 packets, 0.0% loss, MOS 4.5
Jul  7 21:09:24 ims rtpengine[2201]: INFO: [eae71de5c4cd49db@ims.mnc070.mcc999.3gpp.network.org]: Creating new call, offer received, 2 media ports allocated
Jul  7 21:11:38 ims rtpengine[2201]: INFO: [2e980b61827b4045@ims.mnc070.mcc999.3gpp.network.org]: Creating new call, offer received, 2 media ports allocated
Jul  7 21:11:44 ims rtpengine[2201]: INFO: [2e980b61827b4045@ims.mnc070.mcc999.3gpp.network.org]: Final stats: 302 packets, 0.7% loss, MOS 4.3
Jul  7 21:12:34 ims rtpengine[2201]: INFO: [323d3bb132d64461@ims.mnc070.mcc999.3gpp.network.org]: Creating new call, offer received, 2 media ports allocated
Jul  7 21:12:42 ims rtpengine[2201]: INFO: [323d3bb132d64461@ims.mnc070.mcc999.3gpp.network.org]: Final stats: 384 packets, 0.0% loss, MOS 4.5
Jul  7 21:14:17 ims rtpengine[2201]: INFO: [c74c549100d548cf@ims.mnc070.mcc999.3gpp.network.org]: Creating new call, offer received, 2 media ports allocated
Jul  7 21:14:40 ims rtpengine[2201]: INFO: [c74c549100d548cf@ims.mnc070.mcc999.3gpp.network.org]: Final stats: 1173 packets, 0.1% loss, MOS 4.4
Jul  7 21:15:38 ims rtpengine[2201]: INFO: [6332520339834686@ims.mnc070.mcc999.3gpp.network.org]: Creating new call, offer received, 2 media ports allocated
Jul  7 21:15:38 ims rtpengine[2201]: INFO: [6332520339834686@ims.mnc070.mcc999.3gpp.network.org]: Deleting call, no media flowed
Jul  7 21:17:28 ims rtpengine[2201]: WARNING: [eae71de5c4cd49db@ims.mnc070.mcc999.3gpp.network.org]: media timeout, no RTP for 30s, closing call
Jul  7 21:17:28 ims rtpengine[2201]: INFO: [eae71de5c4cd49db@ims.mnc070.mcc999.3gpp.network.org]: Final stats: 24211 packets, 0.2% loss, MOS 4.5
Jul  7 21:17:58 ims rtpengine[2201]: INFO: [229c3c8a69b24550@ims.mnc070.mcc999.3gpp.network.org]: Creating new call, offer received, 2 media ports allocated
Jul  7 21:18:42 ims rtpengine[2201]: INFO: [229c3c8a69b24550@ims.mnc070.mcc999.3gpp.network.org]: Final stats: 2216 packets, 1.2% loss, MOS 4.1
Jul  7 21:22:12 ims rtpengine[2201]: INFO: [ac02415aa990449c@ims.mnc070.mcc999.3gpp.network.org]: Creating new call, offer received, 2 media ports allocated
Jul  7 21:24:48 ims rtpengine[2201]: INFO: [ac02415aa990449c@ims.mnc070.mcc999.3gpp.network.org]: Final stats: 7806 packets, 1.7% loss, MOS 4.0
Jul  7 21:25:45 ims rtpengine[2201]: INFO: [200b209614de467d@ims.mnc070.mcc999.3gpp.network.org]: Creating new call, offer received, 2 media ports allocated
Jul  7 21:26:01 ims rtpengine[2201]: INFO: [200b209614de467d@ims.mnc070.mcc999.3gpp.network.org]: Final stats: 781 packets, 0.0% loss, MOS 4.5
Jul  7 21:26:48 ims rtpengine[2201]: INFO: [a8c772b7137440f1@ims.mnc070.mcc999.3gpp.network.org]: Creating new call, offer received, 2 media ports allocated
Jul  7 21:28:10 ims rtpengine[2201]: INFO: [a8c772b7137440f1@ims.mnc070.mcc999.3gpp.network.org]: Final stats: 4109 packets, 1.3% loss, MOS 4.0
Jul  7 21:33:28 ims rtpengine[2201]: INFO: [a34b65bca81249b6@ims.mnc070.mcc999.3gpp.network.org]: Creating new call, offer received, 2 media ports allocated
Jul  7 21:35:08 ims rtpengine[2201]: INFO: [a34b65bca81249b6@ims.mnc070.mcc999.3gpp.network.org]: Final stats: 4996 packets, 0.1% loss, MOS 4.2
Jul  7 21:38:11 ims rtpengine[2201]: INFO: [c22cfff1650d40dd@ims.mnc070.mcc999.3gpp.network.org]: Creating new call, offer received, 2 media ports allocated
Jul  7 21:38:11 ims rtpengine[2201]: INFO: [c22cfff1650d40dd@ims.mnc070.mcc999.3gpp.network.org]: Deleting call, no media flowed
Jul  7 21:38:13 ims rtpengine[2201]: INFO: [5d8774ea31b244f2@ims.mnc070.mcc999.3gpp.network.org]: Creating new call, offer received, 2 media ports allocated
Jul  7 21:38:40 ims rtpengine[2201]: INFO: [5d8774ea31b244f2@ims.mnc070.mcc999.3gpp.network.org]: Final stats: 1359 packets, 1.9% loss, MOS 4.0
Jul  7 21:39:31 ims rtpengine[2201]: INFO: [e08394c5d7b34b9b@ims.mnc070.mcc999.3gpp.network.org]: Creating new call, offer received, 2 media ports allocated
Jul  7 21:39:31 ims rtpengine[2201]: INFO: [e08394c5d7b34b9b@ims.mnc070.mcc999.3gpp.network.org]: Deleting call, no media flowed
Jul  7 21:40:38 ims rtpengine[2201]: INFO: [7373e1a469c84b6a@ims.mnc070.mcc999.3gpp.network.org]: Creating new call, offer received, 2 media ports allocated
Jul  7 21:41:23 ims rtpengine[2201]: INFO: [6ea8d5b82d554479@ims.mnc070.mcc999.3gpp.network.org]: Creating new call, offer received, 2 media ports allocated
Jul  7 21:42:33 ims rtpengine[2201]: INFO: [7373e1a469c84b6a@ims.mnc070.mcc999.3gpp.network.org]: Final stats: 5749 packets, 0.0% loss, MOS 4.5
Jul  7 21:45:41 ims rtpengine[2201]: INFO: [86adb1f3b6e0473e@ims.mnc070.mcc999.3gpp.network.org]: Creating new call, offer received, 2 media ports allocated
Jul  7 21:45:57 ims rtpengine[2201]: INFO: [6ea8d5b82d554479@ims.mnc070.mcc999.3gpp.network.org]: Final stats: 13706 packets, 0.1% loss, MOS 4.5
Jul  7 21:49:33 ims rtpengine[2201]: INFO: [414a5a1f8dd24a50@ims.mnc070.mcc999.3gpp.network.org]: Creating new call, offer received, 2 media ports allocated
Jul  7 21:52:19 ims rtpengine[2201]: INFO: [8e0e37f5ccdb44ae@ims.mnc070.mcc999.3gpp.network.org]: Creating new call, offer received, 2 media ports allocated
Jul  7 21:52:28 ims rtpengine[2201]: INFO: [8e0e37f5ccdb44ae@ims.mnc070.mcc999.3gpp.network.org]: Final stats: 487 packets, 0.0% loss, MOS 4.5
Jul  7 21:53:35 ims rtpengine[2201]: INFO: [414a5a1f8dd24a50@ims.mnc070.mcc999.3gpp.network.org]: Final stats: 12076 packets, 1.5% loss, MOS 3.9
Jul  7 21:54:45 ims rtpengine[2201]: INFO: [6d96375bc63a4570@ims.mnc070.mcc999.3gpp.network.org]: Creating new call, offer received, 2 media ports allocated
Jul  7 21:55:31 ims rtpengine[2201]: INFO: [86adb1f3b6e0473e@ims.mnc070.mcc999.3gpp.network.org]: Final stats: 29494 packets, 0.0% loss, MOS 4.5
Jul  7 21:58:37 ims rtpengine[2201]: INFO: [bb1833e7bb6e4096@ims.mnc070.mcc999.3gpp.network.org]: Creating new call, offer received, 2 media ports allocated
Jul  7 21:59:49 ims rtpengine[2201]: INFO: [0a3a8807d21943cf@ims.mnc070.mcc999.3gpp.network.org]: Creating new call, offer received, 2 media ports allocated
Jul  7 22:00:56 ims rtpengine[2201]: INFO: [6d96375bc63a4570@ims.mnc070.mcc999.3gpp.network.org]: Final stats: 18520 packets, 0.0% loss, MOS 4.5
Jul  7 22:01:06 ims rtpengine[2201]: INFO: [bb1833e7bb6e4096@ims.mnc070.mcc999.3gpp.network.org]: Final stats: 7466 packets, 0.1% loss, MOS 4.5
Jul  7 22:01:22 ims rtpengine[2201]: INFO: [0a3a8807d21943cf@ims.mnc070.mcc999.3gpp.network.org]: Final stats: 4630 packets, 0.0% loss, MOS 4.5
Jul  7 22:02:52 ims rtpengine[2201]: INFO: [ee94aee3e1754c5a@ims.mnc070.mcc999.3gpp.network.org]: Creating new call, offer received, 2 media ports allocated
Jul  7 22:04:10 ims rtpengine[2201]: INFO: [ee94aee3e1754c5a@ims.mnc070.mcc999.3gpp.network.org]: Final stats: 3892 packets, 0.0% loss, MOS 4.5
Jul  7 22:07:56 ims rtpengine[2201]: INFO: [b3b41e8178e241f9@ims.mnc070.mcc999.3gpp.network.org]: Creating new call, offer received, 2 media ports allocated
Jul  7 22:08:04 ims rtpengine[2201]: INFO: [c5d4b2a873e74358@ims.mnc070.mcc999.3gpp.network.org]: Creating new call, offer received, 2 media ports allocated
Jul  7 22:08:37 ims rtpengine[2201]: INFO: [b3b41e8178e241f9@ims.mnc070.mcc999.3gpp.network.org]: Final stats: 2025 packets, 1.1% loss, MOS 4.3
Jul  7 22:09:15 ims rtpengine[2201]: INFO: [c5d4b2a873e74358@ims.mnc070.mcc999.3gpp.network.org]: Final stats: 3518 packets, 0.9% loss, MOS 4.1
Jul  7 22:11:06 ims rtpengine[2201]: INFO: [99d755739ff64b12@ims.mnc070.mcc999.3gpp.network.org]: Creating new call, offer received, 2 media ports allocated
Jul  7 22:13:12 ims rtpengine[2201]: INFO: [99d755739ff64b12@ims.mnc070.mcc999.3gpp.network.org]: Final stats: 6250 packets, 0.7% loss, MOS 4.1
Jul  7 22:15:24 ims rtpengine[2201]: INFO: [cb940fce5f074fa7@ims.mnc070.mcc999.3gpp.network.org]: Creating new call, offer received, 2 media ports allocated
Jul  7 22:15:27 ims rtpengine[2201]: INFO: [cb940fce5f074fa7@ims.mnc070.mcc999.3gpp.network.org]: Final stats: 160 packets, 1.1% loss, MOS 4.2
Jul  7 22:17:27 ims rtpengine[2201]: INFO: [8cba229f0f0c4679@ims.mnc070.mcc999.3gpp.network.org]: Creating new call, offer received, 2 media ports allocated
Jul  7 22:18:47 ims rtpengine[2201]: INFO: [877108d5a34041a5@ims.mnc070.mcc999.3gpp.network.org]: Creating new call, offer received, 2 media ports allocated
Jul  7 22:19:28 ims rtpengine[2201]: INFO: [8cba229f0f0c4679@ims.mnc070.mcc999.3gpp.network.org]: Final stats: 6032 packets, 0.4% loss, MOS 4.4
Jul  7 22:19:29 ims rtpengine[2201]: INFO: [877108d5a34041a5@ims.mnc070.mcc999.3gpp.network.org]: Final stats: 2116 packets, 0.0% loss, MOS 4.5
Jul  7 22:22:18 ims rtpengine[2201]: INFO: [cf4d8d7d1b9041de@ims.mnc070.mcc999.3gpp.network.org]: Creating new call, offer received, 2 media ports allocated
Jul  7 22:25:05 ims rtpengine[2201]: INFO: [cf4d8d7d1b9041de@ims.mnc070.mcc999.3gpp.network.org]: Final stats: 8347 packets, 0.3% loss, MOS 4.5
Jul  7 22:30:30 ims rtpengine[2201]: INFO: [3caa49c997274155@ims.mnc070.mcc999.3gpp.network.org]: Creating new call, offer received, 2 media ports allocated
Jul  7 22:31:30 ims rtpengine[2201]: INFO: [b860e0887e664cd1@ims.mnc070.mcc999.3gpp.network.org]: Creating new call, offer received, 2 media ports allocated
Jul  7 22:33:56 ims rtpengine[2201]: INFO: [3caa49c997274155@ims.mnc070.mcc999.3gpp.network.org]: Final stats: 10324 packets, 1.8% loss, MOS 4.0
Jul  7 22:35:32 ims rtpengine[2201]: INFO: [b860e0887e664cd1@ims.mnc070.mcc999.3gpp.network.org]: Final stats: 12082 packets, 0.4% loss, MOS 4.4
Jul  7 22:37:09 ims rtpengine[2201]: INFO: [1f97643cd0854299@ims.mnc070.mcc999.3gpp.network.org]: Creating new call, offer received, 2 media ports allocated
Jul  7 22:37:32 ims rtpengine[2201]: INFO: [b4c200e753484d9d@ims.mnc070.mcc999.3gpp.network.org]: Creating new call, offer received, 2 media ports allocated
Jul  7 22:37:32 ims rtpengine[2201]: INFO: [b4c200e753484d9d@ims.mnc070.mcc999.3gpp.network.org]: Deleting call, no media flowed
Jul  7 22:37:45 ims rtpengine[2201]: INFO: [1f97643cd0854299@ims.mnc070.mcc999.3gpp.network.org]: Final stats: 1794 packets, 0.0% loss, MOS 4.5
Jul  7 22:45:41 ims rtpengine[2201]: INFO: [f8124a3ff0d14a62@ims.mnc070.mcc999.3gpp.network.org]: Creating new call, offer received, 2 media ports allocated
Jul  7 22:46:32 ims rtpengine[2201]: INFO: [f8124a3ff0d14a62@ims.mnc070.mcc999.3gpp.network.org]: Final stats: 2542 packets, 0.0% loss, MOS 4.5
Jul  7 22:47:43 ims rtpengine[2201]: INFO: [35f501a7df184788@ims.mnc070.mcc999.3gpp.network.org]: Creating new call, offer received, 2 media ports allocated
Jul  7 22:49:10 ims rtpengine[2201]: INFO: [35f501a7df184788@ims.mnc070.mcc999.3gpp.network.org]: Final stats: 4361 packets, 0.7% loss, MOS 4.3
Jul  7 22:52:51 ims rtpengine[2201]: INFO: [45ffd4cd411a4df3@ims.mnc070.mcc999.3gpp.network.org]: Creating new call, offer received, 2 media ports allocated
Jul  7 22:56:08 ims rtpengine[2201]: INFO: [45ffd4cd411a4df3@ims.mnc070.mcc999.3gpp.network.org]: Final stats: 9839 packets, 0.0% loss, MOS 4.3
Jul  7 23:00:19 ims rtpengine[2201]: INFO: [5dfc02ebbd2f40ff@ims.mnc070.mcc999.3gpp.network.org]: Creating new call, offer received, 2 media ports allocated
Jul  7 23:01:05 ims rtpengine[2201]: INFO: [5dfc02ebbd2f40ff@ims.mnc070.mcc999.3gpp.network.org]: Final stats: 2280 packets, 0.0% loss, MOS 4.5
Jul  7 23:12:35 ims rtpengine[2201]: INFO: [c13275fabf604bc5@ims.mnc070.mcc999.3gpp.network.org]: Creating new call, offer received, 2 media ports allocated
Jul  7 23:12:36 ims rtpengine[2201]: INFO: [c13275fabf604bc5@ims.mnc070.mcc999.3gpp.network.org]: Final stats: 30 packets, 0.0% loss, MOS 4.2
Jul  7 23:13:59 ims rtpengine[2201]: INFO: [4f409a510cec4f6d@ims.mnc070.mcc999.3gpp.network.org]: Creating new call, offer received, 2 media ports allocated
Jul  7 23:14:01 ims rtpengine[2201]: INFO: [4f409a510cec4f6d@ims.mnc070.mcc999.3gpp.network.org]: Final stats: 99 packets, 0.0% loss, MOS 4.2
Jul  7 23:21:17 ims rtpengine[2201]: INFO: [9a36ea2671ac4dc9@ims.mnc070.mcc999.3gpp.network.org]: Creating new call, offer received, 2 media ports allocated
Jul  7 23:22:12 ims rtpengine[2201]: INFO: [9a36ea2671ac4dc9@ims.mnc070.mcc999.3gpp.network.org]: Final stats: 2711 packets, 0.9% loss, MOS 4.5
Jul  7 23:22:25 ims rtpengine[2201]: INFO: [6c76212295f7475c@ims.mnc070.mcc999.3gpp.network.org]: Creating new call, offer received, 2 media ports allocated
Jul  7 23:23:26 ims rtpengine[2201]: INFO: [6c76212295f7475c@ims.mnc070.mcc999.3gpp.network.org]: Final stats: 3052 packets, 1.1% loss, MOS 4.2
Jul  7 23:24:30 ims rtpengine[2201]: INFO: [8af32842b72e45de@ims.mnc070.mcc999.3gpp.network.org]: Creating new call, offer received, 2 media ports allocated
Jul  7 23:25:49 ims rtpengine[2201]: INFO: [b1f156e54f9b4a75@ims.mnc070.mcc999.3gpp.network.org]: Creating new call, offer received, 2 media ports allocated
Jul  7 23:25:49 ims rtpengine[2201]: INFO: [8af32842b72e45de@ims.mnc070.mcc999.3gpp.network.org]: Final stats: 3979 packets, 0.0% loss, MOS 4.4
Jul  7 23:25:56 ims rtpengine[2201]: INFO: [b1f156e54f9b4a75@ims.mnc070.mcc999.3gpp.network.org]: Final stats: 352 packets, 0.6% loss, MOS 4.4
Jul  7 23:34:00 ims rtpengine[2201]: INFO: [386dc7eda6564db6@ims.mnc070.mcc999.3gpp.network.org]: Creating new call, offer received, 2 media ports allocated
Jul  7 23:34:00 ims rtpengine[2201]: INFO: [386dc7eda6564db6@ims.mnc070.mcc999.3gpp.network.org]: Deleting call, no media flowed
Jul  7 23:43:32 ims rtpengine[2201]: INFO: [ac5f3e195bca416a@ims.mnc070.mcc999.3gpp.network.org]: Creating new call, offer received, 2 media ports allocated
Jul  7 23:44:00 ims rtpengine[2201]: INFO: [ac5f3e195bca416a@ims.mnc070.mcc999.3gpp.network.org]: Final stats: 1411 packets, 0.3% loss, MOS 4.1
Jul  7 23:48:54 ims rtpengine[2201]: INFO: [6d40d47ca3004342@ims.mnc070.mcc999.3gpp.network.org]: Creating new call, offer received, 2 media ports allocated
Jul  7 23:50:06 ims rtpengine[2201]: INFO: [65591e87677d4b6b@ims.mnc070.mcc999.3gpp.network.org]: Creating new call, offer received, 2 media ports allocated
Jul  7 23:50:06 ims rtpengine[2201]: INFO: [65591e87677d4b6b@ims.mnc070.mcc999.3gpp.network.org]: Deleting call, no media flowed
Jul  7 23:51:27 ims rtpengine[2201]: INFO: [6d40d47ca3004342@ims.mnc070.mcc999.3gpp.network.org]: Final stats: 7623 packets, 1.5% loss, MOS 4.2
Jul  7 23:59:06 ims rtpengine[2201]: INFO: [f4d759beed314082@ims.mnc070.mcc999.3gpp.network.org]: Creating new call, offer received, 2 media ports allocated
Jul  7 23:59:06 ims rtpengine[2201]: INFO: [f4d759beed314082@ims.mnc070.mcc999.3gpp.network.org]: Deleting call, no media flowed
Jul  8 00:01:38 ims rtpengine[2201]: INFO: [8c7750c37fbd4169@ims.mnc070.mcc999.3gpp.network.org]: Creating new call, offer received, 2 media ports allocated
Jul  8 00:03:40 ims rtpengine[2201]: INFO: [29985abf3a6f4782@ims.mnc070.mcc999.3gpp.network.org]: Creating new call, offer received, 2 media ports allocated
Jul  8 00:05:00 ims rtpengine[2201]: INFO: [8c7750c37fbd4169@ims.mnc070.mcc999.3gpp.network.org]: Final stats: 10100 packets, 1.1% loss, MOS 4.3
Jul  8 00:07:29 ims rtpengine[2201]: INFO: [29985abf3a6f4782@ims.mnc070.mcc999.3gpp.network.org]: Final stats: 11466 packets, 0.0% loss, MOS 4.5
Jul  8 00:14:13 ims rtpengine[2201]: INFO: [e854e94159464ffb@ims.mnc070.mcc999.3gpp.network.org]: Creating new call, offer received, 2 media ports allocated
Jul  8 00:15:25 ims rtpengine[2201]: INFO: [e854e94159464ffb@ims.mnc070.mcc999.3gpp.network.org]: Final stats: 3607 packets, 0.0% loss, MOS 4.3
Jul  8 00:19:40 ims rtpengine[2201]: INFO: [a1264fb041aa466b@ims.mnc070.mcc999.3gpp.network.org]: Creating new call, offer received, 2 media ports allocated
Jul  8 00:20:47 ims rtpengine[2201]: INFO: [a1264fb041aa466b@ims.mnc070.mcc999.3gpp.network.org]: Final stats: 3385 packets, 0.0% loss, MOS 4.3
Jul  8 00:27:36 ims rtpengine[2201]: INFO: [5a65f1e3e97249e1@ims.mnc070.mcc999.3gpp.network.org]: Creating new call, offer received, 2 media ports allocated
Jul  8 00:29:06 ims rtpengine[2201]: INFO: [5a65f1e3e97249e1@ims.mnc070.mcc999.3gpp.network.org]: Final stats: 4517 packets, 0.0% loss, MOS 4.4
Jul  8 00:30:28 ims rtpengine[2201]: INFO: [fecc83d5552444c3@ims.mnc070.mcc999.3gpp.network.org]: Creating new call, offer received, 2 media ports allocated
Jul  8 00:31:43 ims rtpengine[2201]: INFO: [fecc83d5552444c3@ims.mnc070.mcc999.3gpp.network.org]: Final stats: 3720 packets, 0.6% loss, MOS 4.4
Jul  8 00:41:15 ims rtpengine[2201]: INFO: [22e89490ce8d4621@ims.mnc070.mcc999.3gpp.network.org]: Creating new call, offer received, 2 media ports allocated
Jul  8 00:41:23 ims rtpengine[2201]: INFO: [22e89490ce8d4621@ims.mnc070.mcc999.3gpp.network.org]: Final stats: 377 packets, 0.0% loss, MOS 4.5
Jul  8 00:45:57 ims rtpengine[2201]: INFO: [4cfe143eedb3418d@ims.mnc070.mcc999.3gpp.network.org]: Creating new call, offer received, 2 media ports allocated
Jul  8 00:47:44 ims rtpengine[2201]: INFO: [4cfe143eedb3418d@ims.mnc070.mcc999.3gpp.network.org]: Final stats: 5357 packets, 1.5% loss, MOS 3.9
Jul  8 00:54:18 ims rtpengine[2201]: INFO: [bc6119f826054ea3@ims.mnc070.mcc999.3gpp.network.org]: Creating new call, offer received, 2 media ports allocated
Jul  8 00:57:31 ims rtpengine[2201]: INFO: [bc6119f826054ea3@ims.mnc070.mcc999.3gpp.network.org]: Final stats: 9631 packets, 1.6% loss, MOS 3.9
Jul  8 01:08:30 ims rtpengine[2201]: INFO: [29c37a1503f145dc@ims.mnc070.mcc999.3gpp.network.org]: Creating new call, offer received, 2 media ports allocated
Jul  8 01:08:30 ims rtpengine[2201]: INFO: [29c37a1503f145dc@ims.mnc070.mcc999.3gpp.network.org]: Deleting call, no media flowed
Jul  8 01:11:10 ims rtpengine[2201]: INFO: [ab01843db4f74534@ims.mnc070.mcc999.3gpp.network.org]: Creating new call, offer received, 2 media ports allocated
Jul  8 01:11:37 ims rtpengine[2201]: INFO: [ab01843db4f74534@ims.mnc070.mcc999.3gpp.network.org]: Final stats: 1350 packets, 0.0% loss, MOS 4.5
Jul  8 01:15:22 ims rtpengine[2201]: INFO: [17c15ee8a2734307@ims.mnc070.mcc999.3gpp.network.org]: Creating new call, offer received, 2 media ports allocated
Jul  8 01:15:22 ims rtpengine[2201]: INFO: [17c15ee8a2734307@ims.mnc070.mcc999.3gpp.network.org]: Deleting call, no media flowed
Jul  8 01:24:09 ims rtpengine[2201]: INFO: [66f81ba835f548d5@ims.mnc070.mcc999.3gpp.network.org]: Creating new call, offer received, 2 media ports allocated
Jul  8 01:26:16 ims rtpengine[2201]: INFO: [66f81ba835f548d5@ims.mnc070.mcc999.3gpp.network.org]: Final stats: 6325 packets, 0.0% loss, MOS 4.5
Jul  8 01:43:32 ims rtpengine[2201]: INFO: [77b429e9389d4171@ims.mnc070.mcc999.3gpp.network.org]: Creating new call, offer received, 2 media ports allocated
Jul  8 01:43:59 ims rtpengine[2201]: INFO: [77b429e9389d4171@ims.mnc070.mcc999.3gpp.network.org]: Final stats: 1333 packets, 0.0% loss, MOS 4.5
Jul  8 01:56:03 ims rtpengine[2201]: INFO: [dc415df891104069@ims.mnc070.mcc999.3gpp.network.org]: Creating new call, offer received, 2 media ports allocated
Jul  8 01:56:04 ims rtpengine[2201]: INFO: [dc415df891104069@ims.mnc070.mcc999.3gpp.network.org]: Deleting call, no media flowed
Jul  8 02:02:16 ims rtpengine[2201]: INFO: [ce83f781f2574d6d@ims.mnc070.mcc999.3gpp.network.org]: Creating new call, offer received, 2 media ports allocated
Jul  8 02:08:45 ims rtpengine[2201]: INFO: [ce83f781f2574d6d@ims.mnc070.mcc999.3gpp.network.org]: Final stats: 19433 packets, 0.7% loss, MOS 4.5
Jul  8 02:13:28 ims rtpengine[2201]: INFO: [0ab3203aeb8344ae@ims.mnc070.mcc999.3gpp.network.org]: Creating new call, offer received, 2 media ports allocated
Jul  8 02:15:05 ims rtpengine[2201]: INFO: [0ab3203aeb8344ae@ims.mnc070.mcc999.3gpp.network.org]: Final stats: 4824 packets, 0.8% loss, MOS 4.2
Jul  8 02:24:26 ims rtpengine[2201]: INFO: [aec19dd3846f4efe@ims.mnc070.mcc999.3gpp.network.org]: Creating new call, offer received, 2 media ports allocated
Jul  8 02:25:25 ims rtpengine[2201]: INFO: [aec19dd3846f4efe@ims.mnc070.mcc999.3gpp.network.org]: Final stats: 2956 packets, 0.1% loss, MOS 4.5
Jul  8 02:26:47 ims rtpengine[2201]: INFO: [d02ec7fbd1844414@ims.mnc070.mcc999.3gpp.network.org]: Creating new call, offer received, 2 media ports allocated
Jul  8 02:26:47 ims rtpengine[2201]: INFO: [d02ec7fbd1844414@ims.mnc070.mcc999.3gpp.network.org]: Deleting call, no media flowed
Jul  8 02:35:49 ims rtpengine[2201]: INFO: [a634992ee60b424c@ims.mnc070.mcc999.3gpp.network.org]: Creating new call, offer received, 2 media ports allocated
Jul  8 02:36:33 ims rtpengine[2201]: INFO: [a634992ee60b424c@ims.mnc070.mcc999.3gpp.network.org]: Final stats: 2222 packets, 0.7% loss, MOS 4.2
Jul  8 02:38:26 ims rtpengine[2201]: INFO: [524d2458683e4c21@ims.mnc070.mcc999.3gpp.network.org]: Creating new call, offer received, 2 media ports allocated
Jul  8 02:40:58 ims rtpengine[2201]: INFO: [524d2458683e4c21@ims.mnc070.mcc999.3gpp.network.org]: Final stats: 7583 packets, 0.0% loss, MOS 4.5
Jul  8 02:50:46 ims rtpengine[2201]: INFO: [0f1143953e994baf@ims.mnc070.mcc999.3gpp.network.org]: Creating new call, offer received, 2 media ports allocated
Jul  8 02:51:07 ims rtpengine[2201]: INFO: [0f1143953e994baf@ims.mnc070.mcc999.3gpp.network.org]: Final stats: 1066 packets, 2.4% loss, MOS 3.6
Jul  8 02:55:42 ims rtpengine[2201]: INFO: [208764e09ad34a99@ims.mnc070.mcc999.3gpp.network.org]: Creating new call, offer received, 2 media ports allocated
Jul  8 02:55:59 ims rtpengine[2201]: INFO: [208764e09ad34a99@ims.mnc070.mcc999.3gpp.network.org]: Final stats: 843 packets, 0.0% loss, MOS 4.1
Jul  8 03:04:28 ims rtpengine[2201]: INFO: [b2f0f38916a44bea@ims.mnc070.mcc999.3gpp.network.org]: Creating new call, offer received, 2 media ports allocated
Jul  8 03:04:28 ims rtpengine[2201]: INFO: [b2f0f38916a44bea@ims.mnc070.mcc999.3gpp.network.org]: Deleting call, no media flowed
Jul  8 03:25:51 ims rtpengine[2201]: INFO: [eded3c8c6411481c@ims.mnc070.mcc999.3gpp.network.org]: Creating new call, offer received, 2 media ports allocated
Jul  8 03:26:13 ims rtpengine[2201]: INFO: [eded3c8c6411481c@ims.mnc070.mcc999.3gpp.network.org]: Final stats: 1069 packets, 1.1% loss, MOS 4.3
Jul  8 03:31:06 ims rtpengine[2201]: INFO: [2792827b193c4306@ims.mnc070.mcc999.3gpp.network.org]: Creating new call, offer received, 2 media ports allocated
Jul  8 03:31:06 ims rtpengine[2201]: INFO: [2792827b193c4306@ims.mnc070.mcc999.3gpp.network.org]: Deleting call, no media flowed
Jul  8 03:57:11 ims rtpengine[2201]: INFO: [7f2529bef3e94b8d@ims.mnc070.mcc999.3gpp.network.org]: Creating new call, offer received, 2 media ports allocated
Jul  8 03:59:58 ims rtpengine[2201]: INFO: [7f2529bef3e94b8d@ims.mnc070.mcc999.3gpp.network.org]: Final stats: 8333 packets, 0.0% loss, MOS 4.2
Jul  8 04:09:21 ims rtpengine[2201]: INFO: [0dd8fc53575945ae@ims.mnc070.mcc999.3gpp.network.org]: Creating new call, offer received, 2 media ports allocated
Jul  8 04:09:43 ims rtpengine[2201]: INFO: [da622787b6734076@ims.mnc070.mcc999.3gpp.network.org]: Creating new call, offer received, 2 media ports allocated
Jul  8 04:09:43 ims rtpengine[2201]: INFO: [da622787b6734076@ims.mnc070.mcc999.3gpp.network.org]: Deleting call, no media flowed
Jul  8 04:11:18 ims rtpengine[2201]: INFO: [0dd8fc53575945ae@ims.mnc070.mcc999.3gpp.network.org]: Final stats: 5831 packets, 0.8% loss, MOS 4.2
Jul  8 04:23:27 ims rtpengine[2201]: INFO: [633f8dd6fd1f4ee4@ims.mnc070.mcc999.3gpp.network.org]: Creating new call, offer received, 2 media ports allocated
Jul  8 04:34:51 ims rtpengine[2201]: INFO: [633f8dd6fd1f4ee4@ims.mnc070.mcc999.3gpp.network.org]: Final stats: 34159 packets, 0.5% loss, MOS 4.5
Jul  8 04:42:38 ims rtpengine[2201]: INFO: [ac8eab25bf3d452d@ims.mnc070.mcc999.3gpp.network.org]: Creating new call, offer received, 2 media ports allocated
Jul  8 04:42:38 ims rtpengine[2201]: INFO: [ac8eab25bf3d452d@ims.mnc070.mcc999.3gpp.network.org]: Deleting call, no media flowed
Jul  8 04:47:01 ims rtpengine[2201]: INFO: [5c4d17b599c44e45@ims.mnc070.mcc999.3gpp.network.org]: Creating new call, offer received, 2 media ports allocated
Jul  8 04:48:22 ims rtpengine[2201]: INFO: [5c4d17b599c44e45@ims.mnc070.mcc999.3gpp.network.org]: Final stats: 4045 packets, 1.0% loss, MOS 4.0
Jul  8 04:52:31 ims rtpengine[2201]: INFO: [c4d5853623094509@ims.mnc070.mcc999.3gpp.network.org]: Creating new call, offer received, 2 media ports allocated
Jul  8 04:52:31 ims rtpengine[2201]: INFO: [c4d5853623094509@ims.mnc070.mcc999.3gpp.network.org]: Deleting call, no media flowed
Jul  8 05:10:52 ims rtpengine[2201]: INFO: [3f0a90a02e1444e0@ims.mnc070.mcc999.3gpp.network.org]: Creating new call, offer received, 2 media ports allocated
Jul  8 05:18:09 ims rtpengine[2201]: INFO: [3f0a90a02e1444e0@ims.mnc070.mcc999.3gpp.network.org]: Final stats: 21871 packets, 0.0% loss, MOS 4.5
Jul  8 05:22:23 ims rtpengine[2201]: INFO: [5e4272fd250140f0@ims.mnc070.mcc999.3gpp.network.org]: Creating new call, offer received, 2 media ports allocated
Jul  8 05:24:54 ims rtpengine[2201]: INFO: [5e4272fd250140f0@ims.mnc070.mcc999.3gpp.network.org]: Final stats: 7530 packets, 1.1% loss, MOS 4.1
Jul  8 05:41:30 ims rtpengine[2201]: INFO: [eed6750a1b6244c7@ims.mnc070.mcc999.3gpp.network.org]: Creating new call, offer received, 2 media ports allocated
Jul  8 05:41:36 ims rtpengine[2201]: INFO: [eed6750a1b6244c7@ims.mnc070.mcc999.3gpp.network.org]: Final stats: 333 packets, 0.7% loss, MOS 4.3
Jul  8 05:47:10 ims rtpengine[2201]: INFO: [e4918bb61e864967@ims.mnc070.mcc999.3gpp.network.org]: Creating new call, offer received, 2 media ports allocated
Jul  8 05:48:51 ims rtpengine[2201]: INFO: [e4918bb61e864967@ims.mnc070.mcc999.3gpp.network.org]: Final stats: 5021 packets, 0.5% loss, MOS 4.3
Jul  8 05:58:18 ims rtpengine[2201]: INFO: [b076c218780e4947@ims.mnc070.mcc999.3gpp.network.org]: Creating new call, offer received, 2 media ports allocated
Jul  8 05:59:05 ims rtpengine[2201]: INFO: [b076c218780e4947@ims.mnc070.mcc999.3gpp.network.org]: Final stats: 2361 packets, 1.3% loss, MOS 3.9
Jul  8 06:15:51 ims rtpengine[2201]: INFO: [e0852fd4c33a42ca@ims.mnc070.mcc999.3gpp.network.org]: Creating new call, offer received, 2 media ports allocated
Jul  8 06:16:40 ims rtpengine[2201]: INFO: [e0852fd4c33a42ca@ims.mnc070.mcc999.3gpp.network.org]: Final stats: 2449 packets, 0.3% loss, MOS 4.5
Jul  8 06:19:24 ims rtpengine[2201]: INFO: [f83942a1e625452e@ims.mnc070.mcc999.3gpp.network.org]: Creating new call, offer received, 2 media ports allocated
Jul  8 06:20:04 ims rtpengine[2201]: INFO: [f83942a1e625452e@ims.mnc070.mcc999.3gpp.network.org]: Final stats: 2018 packets, 0.0% loss, MOS 4.5
Jul  8 06:30:09 ims rtpengine[2201]: INFO: [777bdde7b7894ab3@ims.mnc070.mcc999.3gpp.network.org]: Creating new call, offer received, 2 media ports allocated
Jul  8 06:31:18 ims rtpengine[2201]: INFO: [777bdde7b7894ab3@ims.mnc070.mcc999.3gpp.network.org]: Final stats: 3461 packets, 0.7% loss, MOS 4.3
Jul  8 06:45:36 ims rtpengine[2201]: INFO: [310ab92da3b1434b@ims.mnc070.mcc999.3gpp.network.org]: Creating new call, offer received, 2 media ports allocated
Jul  8 06:47:25 ims rtpengine[2201]: INFO: [925202ca9d7e471f@ims.mnc070.mcc999.3gpp.network.org]: Creating new call, offer received, 2 media ports allocated
Jul  8 06:48:05 ims rtpengine[2201]: INFO: [925202ca9d7e471f@ims.mnc070.mcc999.3gpp.network.org]: Final stats: 1967 packets, 0.1% loss, MOS 4.4
Jul  8 06:48:20 ims rtpengine[2201]: INFO: [310ab92da3b1434b@ims.mnc070.mcc999.3gpp.network.org]: Final stats: 8163 packets, 1.5% loss, MOS 4.0
Jul  8 07:04:09 ims rtpengine[2201]: INFO: [417ab58b46f74ebd@ims.mnc070.mcc999.3gpp.network.org]: Creating new call, offer received, 2 media ports allocated
Jul  8 07:05:16 ims rtpengine[2201]: INFO: [417ab58b46f74ebd@ims.mnc070.mcc999.3gpp.network.org]: Final stats: 3341 packets, 0.0% loss, MOS 4.1
Jul  8 07:09:03 ims rtpengine[2201]: INFO: [8b2fa8ec85da4449@ims.mnc070.mcc999.3gpp.network.org]: Creating new call, offer received, 2 media ports allocated
Jul  8 07:11:17 ims rtpengine[2201]: INFO: [8b2fa8ec85da4449@ims.mnc070.mcc999.3gpp.network.org]: Final stats: 6677 packets, 0.0% loss, MOS 4.5
Jul  8 07:16:33 ims rtpengine[2201]: INFO: [f0c179099d9e4551@ims.mnc070.mcc999.3gpp.network.org]: Creating new call, offer received, 2 media ports allocated
Jul  8 07:20:08 ims rtpengine[2201]: INFO: [f0c179099d9e4551@ims.mnc070.mcc999.3gpp.network.org]: Final stats: 10741 packets, 0.0% loss, MOS 4.5
Jul  8 07:28:32 ims rtpengine[2201]: INFO: [24949bba76f847a6@ims.mnc070.mcc999.3gpp.network.org]: Creating new call, offer received, 2 media ports allocated
Jul  8 07:28:32 ims rtpengine[2201]: INFO: [24949bba76f847a6@ims.mnc070.mcc999.3gpp.network.org]: Deleting call, no media flowed
Jul  8 07:28:47 ims rtpengine[2201]: INFO: [6f6f5a996bf144c3@ims.mnc070.mcc999.3gpp.network.org]: Creating new call, offer received, 2 media ports allocated
Jul  8 07:29:34 ims rtpengine[2201]: WARNING: [6f6f5a996bf144c3@ims.mnc070.mcc999.3gpp.network.org]: media timeout, no RTP for 30s, closing call
Jul  8 07:29:34 ims rtpengine[2201]: INFO: [6f6f5a996bf144c3@ims.mnc070.mcc999.3gpp.network.org]: Final stats: 2376 packets, 0.0% loss, MOS 4.4
Jul  8 07:34:58 ims rtpengine[2201]: INFO: [56ac4cb1eb114587@ims.mnc070.mcc999.3gpp.network.org]: Creating new call, offer received, 2 media ports allocated
Jul  8 07:35:52 ims rtpengine[2201]: INFO: [56ac4cb1eb114587@ims.mnc070.mcc999.3gpp.network.org]: Final stats: 2687 packets, 1.4% loss, MOS 4.0
Jul  8 07:37:36 ims rtpengine[2201]: INFO: [7ea0417eb9024813@ims.mnc070.mcc999.3gpp.network.org]: Creating new call, offer received, 2 media ports allocated
Jul  8 07:39:14 ims rtpengine[2201]: INFO: [7ea0417eb9024813@ims.mnc070.mcc999.3gpp.network.org]: Final stats: 4913 packets, 0.9% loss, MOS 4.2
Jul  8 07:44:54 ims rtpengine[2201]: INFO: [61d2f29333144ea2@ims.mnc070.mcc999.3gpp.network.org]: Creating new call, offer received, 2 media ports allocated
Jul  8 07:44:54 ims rtpengine[2201]: INFO: [61d2f29333144ea2@ims.mnc070.mcc999.3gpp.network.org]: Deleting call, no media flowed
Jul  8 07:58:18 ims rtpengine[2201]: INFO: [09f70e45c8664f50@ims.mnc070.mcc999.3gpp.network.org]: Creating new call, offer received, 2 media ports allocated
Jul  8 07:58:30 ims rtpengine[2201]: INFO: [699199f1f24c4456@ims.mnc070.mcc999.3gpp.network.org]: Creating new call, offer received, 2 media ports allocated
Jul  8 07:58:32 ims rtpengine[2201]: INFO: [09f70e45c8664f50@ims.mnc070.mcc999.3gpp.network.org]: Final stats: 671 packets, 0.7% loss, MOS 4.4
Jul  8 08:00:53 ims rtpengine[2201]: INFO: [59b5ffcfe7be4de4@ims.mnc070.mcc999.3gpp.network.org]: Creating new call, offer received, 2 media ports allocated
Jul  8 08:00:53 ims rtpengine[2201]: INFO: [59b5ffcfe7be4de4@ims.mnc070.mcc999.3gpp.network.org]: Deleting call, no media flowed
Jul  8 08:03:29 ims rtpengine[2201]: INFO: [699199f1f24c4456@ims.mnc070.mcc999.3gpp.network.org]: Final stats: 14949 packets, 0.0% loss, MOS 4.5
Jul  8 08:06:06 ims rtpengine[2201]: INFO: [adc544f229ce440d@ims.mnc070.mcc999.3gpp.network.org]: Creating new call, offer received, 2 media ports allocated
Jul  8 08:06:25 ims rtpengine[2201]: INFO: [adc544f229ce440d@ims.mnc070.mcc999.3gpp.network.org]: Final stats: 954 packets, 2.5% loss, MOS 3.7
Jul  8 08:08:45 ims rtpengine[2201]: INFO: [93ef02a02a3d45df@ims.mnc070.mcc999.3gpp.network.org]: Creating new call, offer received, 2 media ports allocated
Jul  8 08:13:38 ims rtpengine[2201]: INFO: [93ef02a02a3d45df@ims.mnc070.mcc999.3gpp.network.org]: Final stats: 14664 packets, 1.0% loss, MOS 4.1
Jul  8 08:20:05 ims rtpengine[2201]: INFO: [f0146c7ab05b4a9b@ims.mnc070.mcc999.3gpp.network.org]: Creating new call, offer received, 2 media ports allocated
Jul  8 08:21:26 ims rtpengine[2201]: INFO: [f0146c7ab05b4a9b@ims.mnc070.mcc999.3gpp.network.org]: Final stats: 4072 packets, 0.0% loss, MOS 4.4
Jul  8 08:23:42 ims rtpengine[2201]: INFO: [036a533210e64fd6@ims.mnc070.mcc999.3gpp.network.org]: Creating new call, offer received, 2 media ports allocated
Jul  8 08:27:13 ims rtpengine[2201]: INFO: [036a533210e64fd6@ims.mnc070.mcc999.3gpp.network.org]: Final stats: 10587 packets, 0.0% loss, MOS 4.5
Jul  8 08:34:47 ims rtpengine[2201]: INFO: [cb913e26dad14585@ims.mnc070.mcc999.3gpp.network.org]: Creating new call, offer received, 2 media ports allocated
Jul  8 08:34:47 ims rtpengine[2201]: INFO: [cb913e26dad14585@ims.mnc070.mcc999.3gpp.network.org]: Deleting call, no media flowed
Jul  8 08:35:57 ims rtpengine[2201]: INFO: [a73bc71dc8254104@ims.mnc070.mcc999.3gpp.network.org]: Creating new call, offer received, 2 media ports allocated
Jul  8 08:36:36 ims rtpengine[2201]: INFO: [a73bc71dc8254104@ims.mnc070.mcc999.3gpp.network.org]: Final stats: 1917 packets, 0.4% loss, MOS 4.3
Jul  8 08:39:56 ims rtpengine[2201]: INFO: [d6a2e01a8b32486e@ims.mnc070.mcc999.3gpp.network.org]: Creating new call, offer received, 2 media ports allocated
Jul  8 08:39:59 ims rtpengine[2201]: INFO: [d6a2e01a8b32486e@ims.mnc070.mcc999.3gpp.network.org]: Final stats: 143 packets, 0.0% loss, MOS 4.5
Jul  8 08:48:21 ims rtpengine[2201]: INFO: [a85c6ee37c26491b@ims.mnc070.mcc999.3gpp.network.org]: Creating new call, offer received, 2 media ports allocated
Jul  8 08:48:31 ims rtpengine[2201]: INFO: [f76690cd72e64cd2@ims.mnc070.mcc999.3gpp.network.org]: Creating new call, offer received, 2 media ports allocated
Jul  8 08:48:31 ims rtpengine[2201]: INFO: [f76690cd72e64cd2@ims.mnc070.mcc999.3gpp.network.org]: Deleting call, no media flowed
Jul  8 08:50:25 ims rtpengine[2201]: INFO: [a85c6ee37c26491b@ims.mnc070.mcc999.3gpp.network.org]: Final stats: 6218 packets, 0.4% loss, MOS 4.2
Jul  8 08:50:40 ims rtpengine[2201]: INFO: [510fc9a9fb924f59@ims.mnc070.mcc999.3gpp.network.org]: Creating new call, offer received, 2 media ports allocated
Jul  8 08:50:40 ims rtpengine[2201]: INFO: [510fc9a9fb924f59@ims.mnc070.mcc999.3gpp.network.org]: Deleting call, no media flowed
Jul  8 08:56:37 ims rtpengine[2201]: INFO: [535197b1f0fa4f62@ims.mnc070.mcc999.3gpp.network.org]: Creating new call, offer received, 2 media ports allocated
Jul  8 09:01:11 ims rtpengine[2201]: INFO: [535197b1f0fa4f62@ims.mnc070.mcc999.3gpp.network.org]: Final stats: 13684 packets, 0.0% loss, MOS 4.5
Jul  8 09:06:47 ims rtpengine[2201]: INFO: [6bc7bdf847db4084@ims.mnc070.mcc999.3gpp.network.org]: Creating new call, offer received, 2 media ports allocated
Jul  8 09:06:52 ims rtpengine[2201]: INFO: [6bc7bdf847db4084@ims.mnc070.mcc999.3gpp.network.org]: Final stats: 245 packets, 0.3% loss, MOS 4.3
Jul  8 09:07:55 ims rtpengine[2201]: INFO: [6ef2c80ab8dc4a07@ims.mnc070.mcc999.3gpp.network.org]: Creating new call, offer received, 2 media ports allocated
Jul  8 09:07:55 ims rtpengine[2201]: INFO: [b0120677161c4285@ims.mnc070.mcc999.3gpp.network.org]: Creating new call, offer received, 2 media ports allocated
Jul  8 09:07:55 ims rtpengine[2201]: INFO: [b0120677161c4285@ims.mnc070.mcc999.3gpp.network.org]: Deleting call, no media flowed
Jul  8 09:09:01 ims rtpengine[2201]: INFO: [89442bf8dfee4b25@ims.mnc070.mcc999.3gpp.network.org]: Creating new call, offer received, 2 media ports allocated
Jul  8 09:09:25 ims rtpengine[2201]: INFO: [89442bf8dfee4b25@ims.mnc070.mcc999.3gpp.network.org]: Final stats: 1178 packets, 0.0% loss, MOS 4.5
Jul  8 09:09:58 ims rtpengine[2201]: INFO: [6ef2c80ab8dc4a07@ims.mnc070.mcc999.3gpp.network.org]: Final stats: 6130 packets, 1.9% loss, MOS 4.0
Jul  8 09:10:03 ims rtpengine[2201]: INFO: [44e3393c01654470@ims.mnc070.mcc999.3gpp.network.org]: Creating new call, offer received, 2 media ports allocated
Jul  8 09:13:27 ims rtpengine[2201]: INFO: [44e3393c01654470@ims.mnc070.mcc999.3gpp.network.org]: Final stats: 10189 packets, 0.0% loss, MOS 4.4
Jul  8 09:16:39 ims rtpengine[2201]: INFO: [7fbd0a32b8d24642@ims.mnc070.mcc999.3gpp.network.org]: Creating new call, offer received, 2 media ports allocated
Jul  8 09:17:50 ims rtpengine[2201]: INFO: [7fbd0a32b8d24642@ims.mnc070.mcc999.3gpp.network.org]: Final stats: 3529 packets, 0.0% loss, MOS 4.5
Jul  8 09:19:53 ims rtpengine[2201]: INFO: [6970302462364ba3@ims.mnc070.mcc999.3gpp.network.org]: Creating new call, offer received, 2 media ports allocated
Jul  8 09:20:57 ims rtpengine[2201]: INFO: [8a7fadb3eb2743ae@ims.mnc070.mcc999.3gpp.network.org]: Creating new call, offer received, 2 media ports allocated
Jul  8 09:21:11 ims rtpengine[2201]: INFO: [6970302462364ba3@ims.mnc070.mcc999.3gpp.network.org]: Final stats: 3913 packets, 0.9% loss, MOS 4.1
Jul  8 09:22:24 ims rtpengine[2201]: INFO: [65279b69be8c4289@ims.mnc070.mcc999.3gpp.network.org]: Creating new call, offer received, 2 media ports allocated
Jul  8 09:22:57 ims rtpengine[2201]: INFO: [65279b69be8c4289@ims.mnc070.mcc999.3gpp.network.org]: Final stats: 1663 packets, 0.0% loss, MOS 4.2
Jul  8 09:25:29 ims rtpengine[2201]: INFO: [8a7fadb3eb2743ae@ims.mnc070.mcc999.3gpp.network.org]: Final stats: 13631 packets, 1.1% loss, MOS 4.1
Jul  8 09:26:59 ims rtpengine[2201]: INFO: [a9b88d1380cd42a7@ims.mnc070.mcc999.3gpp.network.org]: Creating new call, offer received, 2 media ports allocated
Jul  8 09:28:06 ims rtpengine[2201]: INFO: [a9b88d1380cd42a7@ims.mnc070.mcc999.3gpp.network.org]: Final stats: 3316 packets, 0.1% loss, MOS 4.3
Jul  8 09:34:10 ims rtpengine[2201]: INFO: [59f2deac62634ff2@ims.mnc070.mcc999.3gpp.network.org]: Creating new call, offer received, 2 media ports allocated
Jul  8 09:34:32 ims rtpengine[2201]: INFO: [59f2deac62634ff2@ims.mnc070.mcc999.3gpp.network.org]: Final stats: 1101 packets, 0.0% loss, MOS 4.5
Jul  8 09:38:14 ims rtpengine[2201]: INFO: [01e7fbebd2c94219@ims.mnc070.mcc999.3gpp.network.org]: Creating new call, offer received, 2 media ports allocated
Jul  8 09:38:26 ims rtpengine[2201]: INFO: [01e7fbebd2c94219@ims.mnc070.mcc999.3gpp.network.org]: Final stats: 595 packets, 0.4% loss, MOS 4.1
Jul  8 09:39:59 ims rtpengine[2201]: INFO: [417aaf5303d047bd@ims.mnc070.mcc999.3gpp.network.org]: Creating new call, offer received, 2 media ports allocated
Jul  8 09:40:02 ims rtpengine[2201]: INFO: [26ea73860aa64713@ims.mnc070.mcc999.3gpp.network.org]: Creating new call, offer received, 2 media ports allocated
Jul  8 09:44:05 ims rtpengine[2201]: INFO: [8191d4b0686e4642@ims.mnc070.mcc999.3gpp.network.org]: Creating new call, offer received, 2 media ports allocated
Jul  8 09:45:07 ims rtpengine[2201]: INFO: [9607e02da35e474f@ims.mnc070.mcc999.3gpp.network.org]: Creating new call, offer received, 2 media ports allocated
Jul  8 09:45:08 ims rtpengine[2201]: INFO: [9607e02da35e474f@ims.mnc070.mcc999.3gpp.network.org]: Final stats: 51 packets, 0.2% loss, MOS 4.5
Jul  8 09:45:37 ims rtpengine[2201]: INFO: [3dc4312c33734c68@ims.mnc070.mcc999.3gpp.network.org]: Creating new call, offer received, 2 media ports allocated
Jul  8 09:45:59 ims rtpengine[2201]: INFO: [8191d4b0686e4642@ims.mnc070.mcc999.3gpp.network.org]: Final stats: 5714 packets, 1.8% loss, MOS 4.0
Jul  8 09:46:44 ims rtpengine[2201]: INFO: [26ea73860aa64713@ims.mnc070.mcc999.3gpp.network.org]: Final stats: 20114 packets, 0.4% loss, MOS 4.4
Jul  8 09:47:20 ims rtpengine[2201]: INFO: [417aaf5303d047bd@ims.mnc070.mcc999.3gpp.network.org]: Final stats: 22061 packets, 1.0% loss, MOS 4.2
Jul  8 09:47:35 ims rtpengine[2201]: INFO: [40abc8f33ffa41bd@ims.mnc070.mcc999.3gpp.network.org]: Creating new call, offer received, 2 media ports allocated
Jul  8 09:47:36 ims rtpengine[2201]: INFO: [40abc8f33ffa41bd@ims.mnc070.mcc999.3gpp.network.org]: Deleting call, no media flowed
Jul  8 09:48:56 ims rtpengine[2201]: INFO: [3dc4312c33734c68@ims.mnc070.mcc999.3gpp.network.org]: Final stats: 9959 packets, 0.0% loss, MOS 4.5
Jul  8 09:58:31 ims rtpengine[2201]: INFO: [b782060d903f4959@ims.mnc070.mcc999.3gpp.network.org]: Creating new call, offer received, 2 media ports allocated
Jul  8 09:59:12 ims rtpengine[2201]: INFO: [b782060d903f4959@ims.mnc070.mcc999.3gpp.network.org]: Final stats: 2054 packets, 0.0% loss, MOS 4.5
Jul  8 10:06:43 ims rtpengine[2201]: INFO: [b7a579778fe74607@ims.mnc070.mcc999.3gpp.network.org]: Creating new call, offer received, 2 media ports allocated
Jul  8 10:07:22 ims rtpengine[2201]: INFO: [83c6c8910c714bff@ims.mnc070.mcc999.3gpp.network.org]: Creating new call, offer received, 2 media ports allocated
Jul  8 10:07:56 ims rtpengine[2201]: INFO: [b7a579778fe74607@ims.mnc070.mcc999.3gpp.network.org]: Final stats: 3640 packets, 0.0% loss, MOS 4.5
Jul  8 10:09:03 ims rtpengine[2201]: INFO: [27b6271fd89e41f9@ims.mnc070.mcc999.3gpp.network.org]: Creating new call, offer received, 2 media ports allocated
Jul  8 10:10:28 ims rtpengine[2201]: INFO: [83c6c8910c714bff@ims.mnc070.mcc999.3gpp.network.org]: Final stats: 9321 packets, 0.5% loss, MOS 4.4
Jul  8 10:11:32 ims rtpengine[2201]: INFO: [690fe40d2d774aee@ims.mnc070.mcc999.3gpp.network.org]: Creating new call, offer received, 2 media ports allocated
Jul  8 10:13:15 ims rtpengine[2201]: INFO: [7fa8b194d60c46d2@ims.mnc070.mcc999.3gpp.network.org]: Creating new call, offer received, 2 media ports allocated
Jul  8 10:13:36 ims rtpengine[2201]: INFO: [690fe40d2d774aee@ims.mnc070.mcc999.3gpp.network.org]: Final stats: 6168 packets, 1.2% loss, MOS 4.4
Jul  8 10:14:23 ims rtpengine[2201]: INFO: [27b6271fd89e41f9@ims.mnc070.mcc999.3gpp.network.org]: Final stats: 15968 packets, 0.0% loss, MOS 4.5
Jul  8 10:16:26 ims rtpengine[2201]: INFO: [5cb6c80e15d0451d@ims.mnc070.mcc999.3gpp.network.org]: Creating new call, offer received, 2 media ports allocated
Jul  8 10:17:16 ims rtpengine[2201]: INFO: [7fa8b194d60c46d2@ims.mnc070.mcc999.3gpp.network.org]: Final stats: 12055 packets, 0.1% loss, MOS 4.4
Jul  8 10:20:01 ims rtpengine[2201]: INFO: [3e7064af500242c4@ims.mnc070.mcc999.3gpp.network.org]: Creating new call, offer received, 2 media ports allocated
Jul  8 10:22:32 ims rtpengine[2201]: INFO: [c0255a28dbee47e5@ims.mnc070.mcc999.3gpp.network.org]: Creating new call, offer received, 2 media ports allocated
Jul  8 10:24:12 ims rtpengine[2201]: INFO: [3e7064af500242c4@ims.mnc070.mcc999.3gpp.network.org]: Final stats: 12547 packets, 1.0% loss, MOS 4.2
Jul  8 10:24:17 ims rtpengine[2201]: INFO: [5cb6c80e15d0451d@ims.mnc070.mcc999.3gpp.network.org]: Final stats: 23571 packets, 0.3% loss, MOS 4.2
Jul  8 10:26:20 ims rtpengine[2201]: INFO: [75b8b0cf82f0438a@ims.mnc070.mcc999.3gpp.network.org]: Creating new call, offer received, 2 media ports allocated
Jul  8 10:26:48 ims rtpengine[2201]: INFO: [c0255a28dbee47e5@ims.mnc070.mcc999.3gpp.network.org]: Final stats: 12806 packets, 0.3% loss, MOS 4.2
Jul  8 10:27:28 ims rtpengine[2201]: INFO: [75b8b0cf82f0438a@ims.mnc070.mcc999.3gpp.network.org]: Final stats: 3397 packets, 0.5% loss, MOS 4.2
Jul  8 10:34:38 ims rtpengine[2201]: INFO: [a87062138e17441c@ims.mnc070.mcc999.3gpp.network.org]: Creating new call, offer received, 2 media ports allocated
Jul  8 10:35:13 ims rtpengine[2201]: INFO: [0958b0b4a85a47cd@ims.mnc070.mcc999.3gpp.network.org]: Creating new call, offer received, 2 media ports allocated
Jul  8 10:35:22 ims rtpengine[2201]: INFO: [e141e4bd3e454567@ims.mnc070.mcc999.3gpp.network.org]: Creating new call, offer received, 2 media ports allocated
Jul  8 10:35:23 ims rtpengine[2201]: INFO: [a87062138e17441c@ims.mnc070.mcc999.3gpp.network.org]: Final stats: 2258 packets, 0.0% loss, MOS 4.5
Jul  8 10:35:55 ims rtpengine[2201]: INFO: [d21374caad914c56@ims.mnc070.mcc999.3gpp.network.org]: Creating new call, offer received, 2 media ports allocated
Jul  8 10:36:16 ims rtpengine[2201]: INFO: [6ca622a85ccd48e6@ims.mnc070.mcc999.3gpp.network.org]: Creating new call, offer received, 2 media ports allocated
Jul  8 10:36:17 ims rtpengine[2201]: INFO: [37c8173233c646ec@ims.mnc070.mcc999.3gpp.network.org]: Creating new call, offer received, 2 media ports allocated
Jul  8 10:36:35 ims rtpengine[2201]: INFO: [d21374caad914c56@ims.mnc070.mcc999.3gpp.network.org]: Final stats: 2011 packets, 1.1% loss, MOS 4.2
Jul  8 10:36:36 ims rtpengine[2201]: INFO: [37c8173233c646ec@ims.mnc070.mcc999.3gpp.network.org]: Final stats: 949 packets, 0.3% loss, MOS 4.5
Jul  8 10:36:52 ims rtpengine[2201]: INFO: [0958b0b4a85a47cd@ims.mnc070.mcc999.3gpp.network.org]: Final stats: 4943 packets, 2.1% loss, MOS 4.1
Jul  8 10:39:41 ims rtpengine[2201]: INFO: [e141e4bd3e454567@ims.mnc070.mcc999.3gpp.network.org]: Final stats: 12949 packets, 0.0% loss, MOS 4.5
Jul  8 10:40:38 ims rtpengine[2201]: INFO: [6ca622a85ccd48e6@ims.mnc070.mcc999.3gpp.network.org]: Final stats: 13100 packets, 0.0% loss, MOS 4.5
Jul  8 10:43:57 ims rtpengine[2201]: INFO: [e8ee7881668240b2@ims.mnc070.mcc999.3gpp.network.org]: Creating new call, offer received, 2 media ports allocated
Jul  8 10:44:19 ims rtpengine[2201]: INFO: [e8ee7881668240b2@ims.mnc070.mcc999.3gpp.network.org]: Final stats: 1088 packets, 0.1% loss, MOS 4.4
Jul  8 10:45:56 ims rtpengine[2201]: INFO: [357bab60a40d490c@ims.mnc070.mcc999.3gpp.network.org]: Creating new call, offer received, 2 media ports allocated
Jul  8 10:46:03 ims rtpengine[2201]: INFO: [fdafba241e874a1b@ims.mnc070.mcc999.3gpp.network.org]: Creating new call, offer received, 2 media ports allocated
Jul  8 10:46:58 ims rtpengine[2201]: INFO: [fdafba241e874a1b@ims.mnc070.mcc999.3gpp.network.org]: Final stats: 2765 packets, 0.6% loss, MOS 4.1
Jul  8 10:47:43 ims rtpengine[2201]: INFO: [21da9211fc214116@ims.mnc070.mcc999.3gpp.network.org]: Creating new call, offer received, 2 media ports allocated
Jul  8 10:47:55 ims rtpengine[2201]: INFO: [357bab60a40d490c@ims.mnc070.mcc999.3gpp.network.org]: Final stats: 5933 packets, 0.4% loss, MOS 4.3
Jul  8 10:49:16 ims rtpengine[2201]: INFO: [d6c735575b6743a5@ims.mnc070.mcc999.3gpp.network.org]: Creating new call, offer received, 2 media ports allocated
Jul  8 10:51:31 ims rtpengine[2201]: INFO: [21da9211fc214116@ims.mnc070.mcc999.3gpp.network.org]: Final stats: 11394 packets, 0.0% loss, MOS 4.5
Jul  8 10:52:36 ims rtpengine[2201]: INFO: [c3088376eaad4fe2@ims.mnc070.mcc999.3gpp.network.org]: Creating new call, offer received, 2 media ports allocated
Jul  8 10:52:55 ims rtpengine[2201]: INFO: [d6c735575b6743a5@ims.mnc070.mcc999.3gpp.network.org]: Final stats: 10949 packets, 1.7% loss, MOS 3.8
Jul  8 10:55:13 ims rtpengine[2201]: INFO: [c3088376eaad4fe2@ims.mnc070.mcc999.3gpp.network.org]: Final stats: 7850 packets, 0.0% loss, MOS 4.5
Jul  8 10:57:09 ims rtpengine[2201]: INFO: [4f10b14ab2214096@ims.mnc070.mcc999.3gpp.network.org]: Creating new call, offer received, 2 media ports allocated
Jul  8 10:58:24 ims rtpengine[2201]: INFO: [4f10b14ab2214096@ims.mnc070.mcc999.3gpp.network.org]: Final stats: 3743 packets, 0.0% loss, MOS 4.5
Jul  8 11:00:37 ims rtpengine[2201]: INFO: [e3c610b2458b4c8d@ims.mnc070.mcc999.3gpp.network.org]: Creating new call, offer received, 2 media ports allocated
Jul  8 11:01:19 ims rtpengine[2201]: INFO: [b3fd386587e744ec@ims.mnc070.mcc999.3gpp.network.org]: Creating new call, offer received, 2 media ports allocated
Jul  8 11:01:19 ims rtpengine[2201]: INFO: [b3fd386587e744ec@ims.mnc070.mcc999.3gpp.network.org]: Deleting call, no media flowed
Jul  8 11:01:47 ims rtpengine[2201]: INFO: [d906ff97d81f47ee@ims.mnc070.mcc999.3gpp.network.org]: Creating new call, offer received, 2 media ports allocated
Jul  8 11:04:24 ims rtpengine[2201]: INFO: [d906ff97d81f47ee@ims.mnc070.mcc999.3gpp.network.org]: Final stats: 7860 packets, 0.1% loss, MOS 4.3
Jul  8 11:06:55 ims rtpengine[2201]: INFO: [e3c610b2458b4c8d@ims.mnc070.mcc999.3gpp.network.org]: Final stats: 18909 packets, 0.6% loss, MOS 4.3
Jul  8 11:11:37 ims rtpengine[2201]: INFO: [a835e82730854f6e@ims.mnc070.mcc999.3gpp.network.org]: Creating new call, offer received, 2 media ports allocated
Jul  8 11:12:05 ims rtpengine[2201]: INFO: [a835e82730854f6e@ims.mnc070.mcc999.3gpp.network.org]: Final stats: 1380 packets, 0.0% loss, MOS 4.5
Jul  8 11:12:19 ims rtpengine[2201]: INFO: [77d71a20e7404268@ims.mnc070.mcc999.3gpp.network.org]: Creating new call, offer received, 2 media ports allocated
Jul  8 11:13:26 ims rtpengine[2201]: INFO: [a5dd1ad4b85b4744@ims.mnc070.mcc999.3gpp.network.org]: Creating new call, offer received, 2 media ports allocated
Jul  8 11:13:43 ims rtpengine[2201]: INFO: [a5dd1ad4b85b4744@ims.mnc070.mcc999.3gpp.network.org]: Final stats: 834 packets, 1.6% loss, MOS 4.0
Jul  8 11:14:22 ims rtpengine[2201]: INFO: [77d71a20e7404268@ims.mnc070.mcc999.3gpp.network.org]: Final stats: 6146 packets, 0.0% loss, MOS 4.4
Jul  8 11:19:31 ims rtpengine[2201]: INFO: [d6254a4c81c14114@ims.mnc070.mcc999.3gpp.network.org]: Creating new call, offer received, 2 media ports allocated
Jul  8 11:20:04 ims rtpengine[2201]: INFO: [d6254a4c81c14114@ims.mnc070.mcc999.3gpp.network.org]: Final stats: 1632 packets, 1.5% loss, MOS 3.9
Jul  8 11:22:11 ims rtpengine[2201]: INFO: [5eae12a86032417e@ims.mnc070.mcc999.3gpp.network.org]: Creating new call, offer received, 2 media ports allocated
Jul  8 11:22:42 ims rtpengine[2201]: INFO: [5eae12a86032417e@ims.mnc070.mcc999.3gpp.network.org]: Final stats: 1569 packets, 0.5% loss, MOS 4.1
Jul  8 11:22:43 ims rtpengine[2201]: INFO: [4376ab6d17664753@ims.mnc070.mcc999.3gpp.network.org]: Creating new call, offer received, 2 media ports allocated
Jul  8 11:23:08 ims rtpengine[2201]: INFO: [4376ab6d17664753@ims.mnc070.mcc999.3gpp.network.org]: Final stats: 1246 packets, 0.9% loss, MOS 4.1
Jul  8 11:26:04 ims rtpengine[2201]: INFO: [24ca5639f9b541cc@ims.mnc070.mcc999.3gpp.network.org]: Creating new call, offer received, 2 media ports allocated
Jul  8 11:26:22 ims rtpengine[2201]: INFO: [e4de925f8a2d4a38@ims.mnc070.mcc999.3gpp.network.org]: Creating new call, offer received, 2 media ports allocated
Jul  8 11:26:27 ims rtpengine[2201]: INFO: [b5276dbeed904498@ims.mnc070.mcc999.3gpp.network.org]: Creating new call, offer received, 2 media ports allocated
Jul  8 11:26:30 ims rtpengine[2201]: INFO: [24ca5639f9b541cc@ims.mnc070.mcc999.3gpp.network.org]: Final stats: 1282 packets, 0.7% loss, MOS 4.2
Jul  8 11:26:59 ims rtpengine[2201]: INFO: [b5276dbeed904498@ims.mnc070.mcc999.3gpp.network.org]: Final stats: 1614 packets, 0.0% loss, MOS 4.5
Jul  8 11:30:27 ims rtpengine[2201]: INFO: [4f14152cba5c4780@ims.mnc070.mcc999.3gpp.network.org]: Creating new call, offer received, 2 media ports allocated
Jul  8 11:30:27 ims rtpengine[2201]: INFO: [4f14152cba5c4780@ims.mnc070.mcc999.3gpp.network.org]: Deleting call, no media flowed
Jul  8 11:34:27 ims rtpengine[2201]: INFO: [74ebd906753d4c2e@ims.mnc070.mcc999.3gpp.network.org]: Creating new call, offer received, 2 media ports allocated
Jul  8 11:35:04 ims rtpengine[2201]: INFO: [74ebd906753d4c2e@ims.mnc070.mcc999.3gpp.network.org]: Final stats: 1845 packets, 0.5% loss, MOS 4.3
Jul  8 11:35:30 ims rtpengine[2201]: INFO: [0e0ee7060af3403e@ims.mnc070.mcc999.3gpp.network.org]: Creating new call, offer received, 2 media ports allocated
Jul  8 11:36:28 ims rtpengine[2201]: INFO: [6990a7af11ae4fcf@ims.mnc070.mcc999.3gpp.network.org]: Creating new call, offer received, 2 media ports allocated
Jul  8 11:36:51 ims rtpengine[2201]: INFO: [6990a7af11ae4fcf@ims.mnc070.mcc999.3gpp.network.org]: Final stats: 1129 packets, 0.0% loss, MOS 4.5
Jul  8 11:37:37 ims rtpengine[2201]: INFO: [0e0ee7060af3403e@ims.mnc070.mcc999.3gpp.network.org]: Final stats: 6361 packets, 1.1% loss, MOS 4.1
Jul  8 11:38:25 ims rtpengine[2201]: INFO: [fbefdf5af63c4994@ims.mnc070.mcc999.3gpp.network.org]: Creating new call, offer received, 2 media ports allocated
Jul  8 11:38:44 ims rtpengine[2201]: INFO: [fbefdf5af63c4994@ims.mnc070.mcc999.3gpp.network.org]: Final stats: 958 packets, 0.0% loss, MOS 4.5
Jul  8 11:41:01 ims rtpengine[2201]: INFO: [c8e453d67b5c4393@ims.mnc070.mcc999.3gpp.network.org]: Creating new call, offer received, 2 media ports allocated
Jul  8 11:41:08 ims rtpengine[2201]: INFO: [fc6b6164de7a4096@ims.mnc070.mcc999.3gpp.network.org]: Creating new call, offer received, 2 media ports allocated
Jul  8 11:42:35 ims rtpengine[2201]: INFO: [c8e453d67b5c4393@ims.mnc070.mcc999.3gpp.network.org]: Final stats: 4703 packets, 0.4% loss, MOS 4.4
Jul  8 11:43:21 ims rtpengine[2201]: INFO: [fc6b6164de7a4096@ims.mnc070.mcc999.3gpp.network.org]: Final stats: 6629 packets, 0.5% loss, MOS 4.3
Jul  8 11:45:38 ims rtpengine[2201]: INFO: [e4de925f8a2d4a38@ims.mnc070.mcc999.3gpp.network.org]: Final stats: 57786 packets, 0.1% loss, MOS 4.5
Jul  8 11:49:39 ims rtpengine[2201]: INFO: [94fb59aa589d417f@ims.mnc070.mcc999.3gpp.network.org]: Creating new call, offer received, 2 media ports allocated
Jul  8 11:49:46 ims rtpengine[2201]: INFO: [94fb59aa589d417f@ims.mnc070.mcc999.3gpp.network.org]: Final stats: 374 packets, 0.6% loss, MOS 4.2
Jul  8 11:49:52 ims rtpengine[2201]: INFO: [2ac0cff83eed434e@ims.mnc070.mcc999.3gpp.network.org]: Creating new call, offer received, 2 media ports allocated
Jul  8 11:52:54 ims rtpengine[2201]: INFO: [2ac0cff83eed434e@ims.mnc070.mcc999.3gpp.network.org]: Final stats: 9109 packets, 0.8% loss, MOS 4.3
Jul  8 11:53:32 ims rtpengine[2201]: INFO: [762e23a22e63498c@ims.mnc070.mcc999.3gpp.network.org]: Creating new call, offer received, 2 media ports allocated
Jul  8 11:54:16 ims rtpengine[2201]: INFO: [762e23a22e63498c@ims.mnc070.mcc999.3gpp.network.org]: Final stats: 2185 packets, 0.6% loss, MOS 4.2
Jul  8 11:54:23 ims rtpengine[2201]: INFO: [fbbfa0c439744ebc@ims.mnc070.mcc999.3gpp.network.org]: Creating new call, offer received, 2 media ports allocated
Jul  8 11:55:17 ims rtpengine[2201]: INFO: [85ce4400111e4ed6@ims.mnc070.mcc999.3gpp.network.org]: Creating new call, offer received, 2 media ports allocated
Jul  8 11:55:58 ims rtpengine[2201]: INFO: [fd796ffd13094f49@ims.mnc070.mcc999.3gpp.network.org]: Creating new call, offer received, 2 media ports allocated
Jul  8 11:56:09 ims rtpengine[2201]: INFO: [fbbfa0c439744ebc@ims.mnc070.mcc999.3gpp.network.org]: Final stats: 5278 packets, 0.1% loss, MOS 4.1
Jul  8 11:58:07 ims rtpengine[2201]: INFO: [85ce4400111e4ed6@ims.mnc070.mcc999.3gpp.network.org]: Final stats: 8525 packets, 0.0% loss, MOS 4.4
Jul  8 11:59:51 ims rtpengine[2201]: INFO: [fd796ffd13094f49@ims.mnc070.mcc999.3gpp.network.org]: Final stats: 11613 packets, 0.7% loss, MOS 4.2
Jul  8 12:01:45 ims rtpengine[2201]: INFO: [f9b7ce10cbdb4842@ims.mnc070.mcc999.3gpp.network.org]: Creating new call, offer received, 2 media ports allocated
Jul  8 12:02:59 ims rtpengine[2201]: INFO: [9fe8b26ef71e41b2@ims.mnc070.mcc999.3gpp.network.org]: Creating new call, offer received, 2 media ports allocated
Jul  8 12:03:34 ims rtpengine[2201]: INFO: [9fe8b26ef71e41b2@ims.mnc070.mcc999.3gpp.network.org]: Final stats: 1718 packets, 0.0% loss, MOS 4.5
Jul  8 12:03:44 ims rtpengine[2201]: INFO: [e0d305f15c5e4e99@ims.mnc070.mcc999.3gpp.network.org]: Creating new call, offer received, 2 media ports allocated
Jul  8 12:03:54 ims rtpengine[2201]: INFO: [e0d305f15c5e4e99@ims.mnc070.mcc999.3gpp.network.org]: Final stats: 461 packets, 0.1% loss, MOS 4.5
Jul  8 12:04:24 ims rtpengine[2201]: INFO: [f9b7ce10cbdb4842@ims.mnc070.mcc999.3gpp.network.org]: Final stats: 7928 packets, 0.2% loss, MOS 4.5
Jul  8 12:07:45 ims rtpengine[2201]: INFO: [48bc7944a0d14e6c@ims.mnc070.mcc999.3gpp.network.org]: Creating new call, offer received, 2 media ports allocated
Jul  8 12:07:53 ims rtpengine[2201]: INFO: [48bc7944a0d14e6c@ims.mnc070.mcc999.3gpp.network.org]: Final stats: 417 packets, 1.3% loss, MOS 4.0
Jul  8 12:08:20 ims rtpengine[2201]: INFO: [bf3717b7f0eb4602@ims.mnc070.mcc999.3gpp.network.org]: Creating new call, offer received, 2 media ports allocated
Jul  8 12:09:03 ims rtpengine[2201]: INFO: [46d9cd2c7ddb4239@ims.mnc070.mcc999.3gpp.network.org]: Creating new call, offer received, 2 media ports allocated
Jul  8 12:09:13 ims rtpengine[2201]: INFO: [e784d29ab4a84587@ims.mnc070.mcc999.3gpp.network.org]: Creating new call, offer received, 2 media ports allocated
Jul  8 12:09:17 ims rtpengine[2201]: INFO: [bf3717b7f0eb4602@ims.mnc070.mcc999.3gpp.network.org]: Final stats: 2853 packets, 1.4% loss, MOS 4.1
Jul  8 12:09:52 ims rtpengine[2201]: INFO: [e784d29ab4a84587@ims.mnc070.mcc999.3gpp.network.org]: Final stats: 1978 packets, 0.3% loss, MOS 4.5
Jul  8 12:14:04 ims rtpengine[2201]: INFO: [33b122b1f2854540@ims.mnc070.mcc999.3gpp.network.org]: Creating new call, offer received, 2 media ports allocated
Jul  8 12:16:04 ims rtpengine[2201]: INFO: [02c5cdaf4948431d@ims.mnc070.mcc999.3gpp.network.org]: Creating new call, offer received, 2 media ports allocated
Jul  8 12:17:22 ims rtpengine[2201]: INFO: [02c5cdaf4948431d@ims.mnc070.mcc999.3gpp.network.org]: Final stats: 3906 packets, 0.0% loss, MOS 4.5
Jul  8 12:19:54 ims rtpengine[2201]: INFO: [33b122b1f2854540@ims.mnc070.mcc999.3gpp.network.org]: Final stats: 17505 packets, 1.0% loss, MOS 4.2
Jul  8 12:20:03 ims rtpengine[2201]: INFO: [46d9cd2c7ddb4239@ims.mnc070.mcc999.3gpp.network.org]: Final stats: 33007 packets, 0.3% loss, MOS 4.5
Jul  8 12:20:43 ims rtpengine[2201]: INFO: [32d0d824a21e4998@ims.mnc070.mcc999.3gpp.network.org]: Creating new call, offer received, 2 media ports allocated
Jul  8 12:20:50 ims rtpengine[2201]: INFO: [32d0d824a21e4998@ims.mnc070.mcc999.3gpp.network.org]: Final stats: 311 packets, 1.4% loss, MOS 3.9
Jul  8 12:21:32 ims rtpengine[2201]: INFO: [3f850f603d394e60@ims.mnc070.mcc999.3gpp.network.org]: Creating new call, offer received, 2 media ports allocated
Jul  8 12:23:57 ims rtpengine[2201]: INFO: [77d4a5b2fe644410@ims.mnc070.mcc999.3gpp.network.org]: Creating new call, offer received, 2 media ports allocated
Jul  8 12:24:48 ims rtpengine[2201]: INFO: [77d4a5b2fe644410@ims.mnc070.mcc999.3gpp.network.org]: Final stats: 2552 packets, 0.9% loss, MOS 4.4
Jul  8 12:24:53 ims rtpengine[2201]: INFO: [3f850f603d394e60@ims.mnc070.mcc999.3gpp.network.org]: Final stats: 10046 packets, 1.5% loss, MOS 4.0
Jul  8 12:25:12 ims rtpengine[2201]: INFO: [7cdb6f8a2c2e4a09@ims.mnc070.mcc999.3gpp.network.org]: Creating new call, offer received, 2 media ports allocated
Jul  8 12:26:48 ims rtpengine[2201]: INFO: [a8bcfee5007f4a1c@ims.mnc070.mcc999.3gpp.network.org]: Creating new call, offer received, 2 media ports allocated
Jul  8 12:28:09 ims rtpengine[2201]: INFO: [28c7fab456224482@ims.mnc070.mcc999.3gpp.network.org]: Creating new call, offer received, 2 media ports allocated
Jul  8 12:28:56 ims rtpengine[2201]: INFO: [634f8fc366a848d1@ims.mnc070.mcc999.3gpp.network.org]: Creating new call, offer received, 2 media ports allocated
Jul  8 12:29:08 ims rtpengine[2201]: INFO: [a8bcfee5007f4a1c@ims.mnc070.mcc999.3gpp.network.org]: Final stats: 7017 packets, 0.6% loss, MOS 4.1
Jul  8 12:29:25 ims rtpengine[2201]: INFO: [28c7fab456224482@ims.mnc070.mcc999.3gpp.network.org]: Final stats: 3779 packets, 1.5% loss, MOS 4.3
Jul  8 12:30:28 ims rtpengine[2201]: INFO: [7cdb6f8a2c2e4a09@ims.mnc070.mcc999.3gpp.network.org]: Final stats: 15822 packets, 0.8% loss, MOS 4.1
Jul  8 12:31:48 ims rtpengine[2201]: INFO: [80dc02da2b014779@ims.mnc070.mcc999.3gpp.network.org]: Creating new call, offer received, 2 media ports allocated
Jul  8 12:31:49 ims rtpengine[2201]: INFO: [89172c1bae5c462b@ims.mnc070.mcc999.3gpp.network.org]: Creating new call, offer received, 2 media ports allocated
Jul  8 12:31:51 ims rtpengine[2201]: INFO: [80dc02da2b014779@ims.mnc070.mcc999.3gpp.network.org]: Final stats: 158 packets, 0.9% loss, MOS 4.3
Jul  8 12:31:52 ims rtpengine[2201]: INFO: [89172c1bae5c462b@ims.mnc070.mcc999.3gpp.network.org]: Final stats: 140 packets, 0.3% loss, MOS 4.2
Jul  8 12:32:21 ims rtpengine[2201]: INFO: [634f8fc366a848d1@ims.mnc070.mcc999.3gpp.network.org]: Final stats: 10280 packets, 0.0% loss, MOS 4.5
Jul  8 12:34:07 ims rtpengine[2201]: INFO: [6b82d5b0cf76445c@ims.mnc070.mcc999.3gpp.network.org]: Creating new call, offer received, 2 media ports allocated
Jul  8 12:35:04 ims rtpengine[2201]: INFO: [86b6777b8e1541fb@ims.mnc070.mcc999.3gpp.network.org]: Creating new call, offer received, 2 media ports allocated
Jul  8 12:36:12 ims rtpengine[2201]: INFO: [46ef872140c94b48@ims.mnc070.mcc999.3gpp.network.org]: Creating new call, offer received, 2 media ports allocated
Jul  8 12:36:23 ims rtpengine[2201]: INFO: [6b82d5b0cf76445c@ims.mnc070.mcc999.3gpp.network.org]: Final stats: 6783 packets, 0.7% loss, MOS 4.2
Jul  8 12:36:58 ims rtpengine[2201]: INFO: [46ef872140c94b48@ims.mnc070.mcc999.3gpp.network.org]: Final stats: 2343 packets, 0.1% loss, MOS 4.2
Jul  8 12:38:23 ims rtpengine[2201]: INFO: [ba4f115a947d47fb@ims.mnc070.mcc999.3gpp.network.org]: Creating new call, offer received, 2 media ports allocated
Jul  8 12:38:32 ims rtpengine[2201]: INFO: [ba4f115a947d47fb@ims.mnc070.mcc999.3gpp.network.org]: Final stats: 446 packets, 1.1% loss, MOS 4.2
Jul  8 12:39:53 ims rtpengine[2201]: INFO: [6c9ae45f7a714fc9@ims.mnc070.mcc999.3gpp.network.org]: Creating new call, offer received, 2 media ports allocated
Jul  8 12:40:44 ims rtpengine[2201]: INFO: [f67d8be006f74c9b@ims.mnc070.mcc999.3gpp.network.org]: Creating new call, offer received, 2 media ports allocated
Jul  8 12:40:47 ims rtpengine[2201]: INFO: [6c9ae45f7a714fc9@ims.mnc070.mcc999.3gpp.network.org]: Final stats: 2728 packets, 0.0% loss, MOS 4.4
Jul  8 12:40:54 ims rtpengine[2201]: INFO: [f67d8be006f74c9b@ims.mnc070.mcc999.3gpp.network.org]: Final stats: 492 packets, 0.9% loss, MOS 4.2
Jul  8 12:42:53 ims rtpengine[2201]: INFO: [e26f1ba53d6e4c2c@ims.mnc070.mcc999.3gpp.network.org]: Creating new call, offer received, 2 media ports allocated
Jul  8 12:43:08 ims rtpengine[2201]: INFO: [86b6777b8e1541fb@ims.mnc070.mcc999.3gpp.network.org]: Final stats: 24226 packets, 0.9% loss, MOS 4.2
Jul  8 12:45:56 ims rtpengine[2201]: INFO: [fc07d5adeb764df2@ims.mnc070.mcc999.3gpp.network.org]: Creating new call, offer received, 2 media ports allocated
Jul  8 12:46:47 ims rtpengine[2201]: INFO: [e26f1ba53d6e4c2c@ims.mnc070.mcc999.3gpp.network.org]: Final stats: 11688 packets, 0.0% loss, MOS 4.4
Jul  8 12:47:11 ims rtpengine[2201]: INFO: [fc07d5adeb764df2@ims.mnc070.mcc999.3gpp.network.org]: Final stats: 3754 packets, 0.0% loss, MOS 4.4
Jul  8 12:48:45 ims rtpengine[2201]: INFO: [4df5eaefa8c54a8d@ims.mnc070.mcc999.3gpp.network.org]: Creating new call, offer received, 2 media ports allocated
Jul  8 12:48:45 ims rtpengine[2201]: INFO: [4df5eaefa8c54a8d@ims.mnc070.mcc999.3gpp.network.org]: Deleting call, no media flowed
Jul  8 12:50:07 ims rtpengine[2201]: INFO: [9d9778c5d1434dee@ims.mnc070.mcc999.3gpp.network.org]: Creating new call, offer received, 2 media ports allocated
Jul  8 12:50:22 ims rtpengine[2201]: INFO: [9d9778c5d1434dee@ims.mnc070.mcc999.3gpp.network.org]: Final stats: 748 packets, 0.0% loss, MOS 4.5
Jul  8 12:54:01 ims rtpengine[2201]: INFO: [c4040c34d4e1427d@ims.mnc070.mcc999.3gpp.network.org]: Creating new call, offer received, 2 media ports allocated
Jul  8 12:54:21 ims rtpengine[2201]: INFO: [12a150d00bf745ff@ims.mnc070.mcc999.3gpp.network.org]: Creating new call, offer received, 2 media ports allocated
Jul  8 12:54:56 ims rtpengine[2201]: INFO: [c4040c34d4e1427d@ims.mnc070.mcc999.3gpp.network.org]: Final stats: 2707 packets, 0.0% loss, MOS 4.4
Jul  8 12:55:20 ims rtpengine[2201]: INFO: [12a150d00bf745ff@ims.mnc070.mcc999.3gpp.network.org]: Final stats: 2931 packets, 0.0% loss, MOS 4.4
Jul  8 12:57:54 ims rtpengine[2201]: INFO: [0e14d9f4166e4aab@ims.mnc070.mcc999.3gpp.network.org]: Creating new call, offer received, 2 media ports allocated
Jul  8 12:58:43 ims rtpengine[2201]: INFO: [d43cdb1a8e714d08@ims.mnc070.mcc999.3gpp.network.org]: Creating new call, offer received, 2 media ports allocated
Jul  8 12:59:58 ims rtpengine[2201]: INFO: [d7b1004c7e6d4bbc@ims.mnc070.mcc999.3gpp.network.org]: Creating new call, offer received, 2 media ports allocated
Jul  8 13:00:05 ims rtpengine[2201]: INFO: [d43cdb1a8e714d08@ims.mnc070.mcc999.3gpp.network.org]: Final stats: 4100 packets, 0.0% loss, MOS 4.5
Jul  8 13:00:21 ims rtpengine[2201]: INFO: [1ff29604fd434eca@ims.mnc070.mcc999.3gpp.network.org]: Creating new call, offer received, 2 media ports allocated
Jul  8 13:01:02 ims rtpengine[2201]: INFO: [d7b1004c7e6d4bbc@ims.mnc070.mcc999.3gpp.network.org]: Final stats: 3209 packets, 0.0% loss, MOS 4.5
Jul  8 13:02:13 ims rtpengine[2201]: INFO: [0e14d9f4166e4aab@ims.mnc070.mcc999.3gpp.network.org]: Final stats: 12987 packets, 0.0% loss, MOS 4.5
Jul  8 13:03:10 ims rtpengine[2201]: INFO: [1ff29604fd434eca@ims.mnc070.mcc999.3gpp.network.org]: Final stats: 8454 packets, 0.6% loss, MOS 4.2
Jul  8 13:03:16 ims rtpengine[2201]: INFO: [e602f940676449d9@ims.mnc070.mcc999.3gpp.network.org]: Creating new call, offer received, 2 media ports allocated
Jul  8 13:04:08 ims rtpengine[2201]: INFO: [e602f940676449d9@ims.mnc070.mcc999.3gpp.network.org]: Final stats: 2595 packets, 0.5% loss, MOS 4.4
Jul  8 13:04:36 ims rtpengine[2201]: INFO: [0acc6f1a19294824@ims.mnc070.mcc999.3gpp.network.org]: Creating new call, offer received, 2 media ports allocated
Jul  8 13:05:17 ims rtpengine[2201]: INFO: [0acc6f1a19294824@ims.mnc070.mcc999.3gpp.network.org]: Final stats: 2042 packets, 0.0% loss, MOS 4.5
Jul  8 13:07:47 ims rtpengine[2201]: INFO: [08e2efc953d346b2@ims.mnc070.mcc999.3gpp.network.org]: Creating new call, offer received, 2 media ports allocated
Jul  8 13:08:21 ims rtpengine[2201]: INFO: [d3f1b1b385d0450d@ims.mnc070.mcc999.3gpp.network.org]: Creating new call, offer received, 2 media ports allocated
Jul  8 13:08:31 ims rtpengine[2201]: INFO: [257ae21931be44ca@ims.mnc070.mcc999.3gpp.network.org]: Creating new call, offer received, 2 media ports allocated
Jul  8 13:08:42 ims rtpengine[2201]: INFO: [0b53ba276f5b4cb7@ims.mnc070.mcc999.3gpp.network.org]: Creating new call, offer received, 2 media ports allocated
Jul  8 13:08:50 ims rtpengine[2201]: INFO: [257ae21931be44ca@ims.mnc070.mcc999.3gpp.network.org]: Final stats: 952 packets, 0.4% loss, MOS 4.2
Jul  8 13:09:21 ims rtpengine[2201]: INFO: [d3f1b1b385d0450d@ims.mnc070.mcc999.3gpp.network.org]: Final stats: 2970 packets, 0.0% loss, MOS 4.2
Jul  8 13:09:27 ims rtpengine[2201]: INFO: [0b53ba276f5b4cb7@ims.mnc070.mcc999.3gpp.network.org]: Final stats: 2253 packets, 0.0% loss, MOS 4.5
Jul  8 13:11:13 ims rtpengine[2201]: INFO: [ede5ec5cc5324ee6@ims.mnc070.mcc999.3gpp.network.org]: Creating new call, offer received, 2 media ports allocated
Jul  8 13:13:03 ims rtpengine[2201]: INFO: [2417fdade3284620@ims.mnc070.mcc999.3gpp.network.org]: Creating new call, offer received, 2 media ports allocated
Jul  8 13:14:37 ims rtpengine[2201]: INFO: [2417fdade3284620@ims.mnc070.mcc999.3gpp.network.org]: Final stats: 4663 packets, 0.4% loss, MOS 4.3
Jul  8 13:14:43 ims rtpengine[2201]: INFO: [e5808d0997384c49@ims.mnc070.mcc999.3gpp.network.org]: Creating new call, offer received, 2 media ports allocated
Jul  8 13:14:44 ims rtpengine[2201]: INFO: [e5808d0997384c49@ims.mnc070.mcc999.3gpp.network.org]: Deleting call, no media flowed
Jul  8 13:16:31 ims rtpengine[2201]: INFO: [d5ad92c6a7534a15@ims.mnc070.mcc999.3gpp.network.org]: Creating new call, offer received, 2 media ports allocated
Jul  8 13:17:12 ims rtpengine[2201]: INFO: [08e2efc953d346b2@ims.mnc070.mcc999.3gpp.network.org]: Final stats: 28241 packets, 0.0% loss, MOS 4.5
Jul  8 13:17:35 ims rtpengine[2201]: INFO: [6568f4d7af144fe1@ims.mnc070.mcc999.3gpp.network.org]: Creating new call, offer received, 2 media ports allocated
Jul  8 13:17:42 ims rtpengine[2201]: INFO: [88259f50bdea47cc@ims.mnc070.mcc999.3gpp.network.org]: Creating new call, offer received, 2 media ports allocated
Jul  8 13:17:47 ims rtpengine[2201]: INFO: [ede5ec5cc5324ee6@ims.mnc070.mcc999.3gpp.network.org]: Final stats: 19664 packets, 0.0% loss, MOS 4.3
Jul  8 13:18:19 ims rtpengine[2201]: INFO: [5cd46b2557774482@ims.mnc070.mcc999.3gpp.network.org]: Creating new call, offer received, 2 media ports allocated
Jul  8 13:18:21 ims rtpengine[2201]: INFO: [6568f4d7af144fe1@ims.mnc070.mcc999.3gpp.network.org]: Final stats: 2297 packets, 1.1% loss, MOS 4.3
Jul  8 13:18:43 ims rtpengine[2201]: INFO: [d5ad92c6a7534a15@ims.mnc070.mcc999.3gpp.network.org]: Final stats: 6589 packets, 2.4% loss, MOS 3.9
Jul  8 13:18:54 ims rtpengine[2201]: INFO: [5cd46b2557774482@ims.mnc070.mcc999.3gpp.network.org]: Final stats: 1697 packets, 0.0% loss, MOS 4.5
Jul  8 13:20:48 ims rtpengine[2201]: INFO: [88259f50bdea47cc@ims.mnc070.mcc999.3gpp.network.org]: Final stats: 9256 packets, 1.8% loss, MOS 4.0
Jul  8 13:21:26 ims rtpengine[2201]: INFO: [afb18344a9294587@ims.mnc070.mcc999.3gpp.network.org]: Creating new call, offer received, 2 media ports allocated
Jul  8 13:22:19 ims rtpengine[2201]: INFO: [afb18344a9294587@ims.mnc070.mcc999.3gpp.network.org]: Final stats: 2648 packets, 0.8% loss, MOS 4.4
Jul  8 13:23:19 ims rtpengine[2201]: INFO: [61547209cc1d478f@ims.mnc070.mcc999.3gpp.network.org]: Creating new call, offer received, 2 media ports allocated
Jul  8 13:25:09 ims rtpengine[2201]: INFO: [ada0875e04f544d0@ims.mnc070.mcc999.3gpp.network.org]: Creating new call, offer received, 2 media ports allocated
Jul  8 13:26:08 ims rtpengine[2201]: INFO: [61547209cc1d478f@ims.mnc070.mcc999.3gpp.network.org]: Final stats: 8409 packets, 0.6% loss, MOS 4.2
Jul  8 13:27:00 ims rtpengine[2201]: INFO: [136111f7aeb34d40@ims.mnc070.mcc999.3gpp.network.org]: Creating new call, offer received, 2 media ports allocated
Jul  8 13:27:04 ims rtpengine[2201]: INFO: [136111f7aeb34d40@ims.mnc070.mcc999.3gpp.network.org]: Final stats: 183 packets, 0.2% loss, MOS 4.4
Jul  8 13:27:58 ims rtpengine[2201]: INFO: [3f4351b4bb534608@ims.mnc070.mcc999.3gpp.network.org]: Creating new call, offer received, 2 media ports allocated
Jul  8 13:27:58 ims rtpengine[2201]: INFO: [3f4351b4bb534608@ims.mnc070.mcc999.3gpp.network.org]: Deleting call, no media flowed
Jul  8 13:28:26 ims rtpengine[2201]: INFO: [ada0875e04f544d0@ims.mnc070.mcc999.3gpp.network.org]: Final stats: 9820 packets, 0.8% loss, MOS 4.2
Jul  8 13:31:57 ims rtpengine[2201]: INFO: [5378240cb4c744be@ims.mnc070.mcc999.3gpp.network.org]: Creating new call, offer received, 2 media ports allocated
Jul  8 13:34:19 ims rtpengine[2201]: INFO: [5351520a37af4ead@ims.mnc070.mcc999.3gpp.network.org]: Creating new call, offer received, 2 media ports allocated
Jul  8 13:34:27 ims rtpengine[2201]: INFO: [5378240cb4c744be@ims.mnc070.mcc999.3gpp.network.org]: Final stats: 7508 packets, 0.1% loss, MOS 4.5
Jul  8 13:35:33 ims rtpengine[2201]: INFO: [5351520a37af4ead@ims.mnc070.mcc999.3gpp.network.org]: Final stats: 3719 packets, 0.0% loss, MOS 4.4
Jul  8 13:36:26 ims rtpengine[2201]: INFO: [18d9653d91c74d82@ims.mnc070.mcc999.3gpp.network.org]: Creating new call, offer received, 2 media ports allocated
Jul  8 13:36:49 ims rtpengine[2201]: INFO: [8e729e3f8425469b@ims.mnc070.mcc999.3gpp.network.org]: Creating new call, offer received, 2 media ports allocated
Jul  8 13:37:26 ims rtpengine[2201]: INFO: [8e729e3f8425469b@ims.mnc070.mcc999.3gpp.network.org]: Final stats: 1813 packets, 0.4% loss, MOS 4.3
Jul  8 13:38:18 ims rtpengine[2201]: INFO: [18d9653d91c74d82@ims.mnc070.mcc999.3gpp.network.org]: Final stats: 5577 packets, 0.2% loss, MOS 4.2
Jul  8 13:40:11 ims rtpengine[2201]: INFO: [90cf7f91971a466f@ims.mnc070.mcc999.3gpp.network.org]: Creating new call, offer received, 2 media ports allocated
Jul  8 13:40:52 ims rtpengine[2201]: INFO: [d14a9c37de5f48a4@ims.mnc070.mcc999.3gpp.network.org]: Creating new call, offer received, 2 media ports allocated
Jul  8 13:41:58 ims rtpengine[2201]: INFO: [0aff11078ff84b95@ims.mnc070.mcc999.3gpp.network.org]: Creating new call, offer received, 2 media ports allocated
Jul  8 13:42:59 ims rtpengine[2201]: INFO: [c29f029822084ec8@ims.mnc070.mcc999.3gpp.network.org]: Creating new call, offer received, 2 media ports allocated
Jul  8 13:43:03 ims rtpengine[2201]: INFO: [8c9a8d69a251472d@ims.mnc070.mcc999.3gpp.network.org]: Creating new call, offer received, 2 media ports allocated
Jul  8 13:44:04 ims rtpengine[2201]: INFO: [5b4b5542365749a6@ims.mnc070.mcc999.3gpp.network.org]: Creating new call, offer received, 2 media ports allocated
Jul  8 13:44:50 ims rtpengine[2201]: INFO: [ab8fbd1e61f4486b@ims.mnc070.mcc999.3gpp.network.org]: Creating new call, offer received, 2 media ports allocated
Jul  8 13:44:59 ims rtpengine[2201]: WARNING: [8c9a8d69a251472d@ims.mnc070.mcc999.3gpp.network.org]: media timeout, no RTP for 30s, closing call
Jul  8 13:44:59 ims rtpengine[2201]: INFO: [8c9a8d69a251472d@ims.mnc070.mcc999.3gpp.network.org]: Final stats: 5778 packets, 0.0% loss, MOS 4.1
Jul  8 13:45:07 ims rtpengine[2201]: INFO: [c29f029822084ec8@ims.mnc070.mcc999.3gpp.network.org]: Final stats: 6410 packets, 1.8% loss, MOS 3.9
Jul  8 13:45:13 ims rtpengine[2201]: INFO: [d14a9c37de5f48a4@ims.mnc070.mcc999.3gpp.network.org]: Final stats: 13079 packets, 2.3% loss, MOS 3.8
Jul  8 13:45:15 ims rtpengine[2201]: INFO: [ab8fbd1e61f4486b@ims.mnc070.mcc999.3gpp.network.org]: Final stats: 1251 packets, 0.0% loss, MOS 4.3
Jul  8 13:45:21 ims rtpengine[2201]: INFO: [0aff11078ff84b95@ims.mnc070.mcc999.3gpp.network.org]: Final stats: 10128 packets, 0.0% loss, MOS 4.4
Jul  8 13:45:36 ims rtpengine[2201]: INFO: [601a9de95ce44721@ims.mnc070.mcc999.3gpp.network.org]: Creating new call, offer received, 2 media ports allocated
Jul  8 13:46:57 ims rtpengine[2201]: INFO: [601a9de95ce44721@ims.mnc070.mcc999.3gpp.network.org]: Final stats: 4054 packets, 0.0% loss, MOS 4.4
Jul  8 13:47:43 ims rtpengine[2201]: INFO: [90cf7f91971a466f@ims.mnc070.mcc999.3gpp.network.org]: Final stats: 22617 packets, 0.0% loss, MOS 4.5
Jul  8 13:48:42 ims rtpengine[2201]: INFO: [43955fd8bcda4985@ims.mnc070.mcc999.3gpp.network.org]: Creating new call, offer received, 2 media ports allocated
Jul  8 13:48:54 ims rtpengine[2201]: INFO: [6b76f08e5c814848@ims.mnc070.mcc999.3gpp.network.org]: Creating new call, offer received, 2 media ports allocated
Jul  8 13:49:51 ims rtpengine[2201]: INFO: [006083f80e4f41b8@ims.mnc070.mcc999.3gpp.network.org]: Creating new call, offer received, 2 media ports allocated
Jul  8 13:50:22 ims rtpengine[2201]: INFO: [3a84eef5be514d66@ims.mnc070.mcc999.3gpp.network.org]: Creating new call, offer received, 2 media ports allocated
Jul  8 13:50:37 ims rtpengine[2201]: INFO: [6b76f08e5c814848@ims.mnc070.mcc999.3gpp.network.org]: Final stats: 5117 packets, 0.1% loss, MOS 4.5
Jul  8 13:51:20 ims rtpengine[2201]: INFO: [006083f80e4f41b8@ims.mnc070.mcc999.3gpp.network.org]: Final stats: 4440 packets, 0.0% loss, MOS 4.5
Jul  8 13:51:36 ims rtpengine[2201]: INFO: [5b4b5542365749a6@ims.mnc070.mcc999.3gpp.network.org]: Final stats: 22591 packets, 0.6% loss, MOS 4.3
Jul  8 13:51:55 ims rtpengine[2201]: INFO: [f260902e70574503@ims.mnc070.mcc999.3gpp.network.org]: Creating new call, offer received, 2 media ports allocated
Jul  8 13:52:32 ims rtpengine[2201]: INFO: [f260902e70574503@ims.mnc070.mcc999.3gpp.network.org]: Final stats: 1857 packets, 0.8% loss, MOS 4.2
Jul  8 13:52:45 ims rtpengine[2201]: INFO: [43955fd8bcda4985@ims.mnc070.mcc999.3gpp.network.org]: Final stats: 12160 packets, 0.0% loss, MOS 4.4
Jul  8 13:53:17 ims rtpengine[2201]: INFO: [b214e3a979854fc1@ims.mnc070.mcc999.3gpp.network.org]: Creating new call, offer received, 2 media ports allocated
Jul  8 13:53:40 ims rtpengine[2201]: INFO: [3a84eef5be514d66@ims.mnc070.mcc999.3gpp.network.org]: Final stats: 9909 packets, 1.2% loss, MOS 4.1
Jul  8 13:56:27 ims rtpengine[2201]: INFO: [e9945f066f7c4ae2@ims.mnc070.mcc999.3gpp.network.org]: Creating new call, offer received, 2 media ports allocated
Jul  8 13:56:39 ims rtpengine[2201]: INFO: [b214e3a979854fc1@ims.mnc070.mcc999.3gpp.network.org]: Final stats: 10069 packets, 0.0% loss, MOS 4.3
Jul  8 13:57:31 ims rtpengine[2201]: INFO: [e48570dbc98b4b46@ims.mnc070.mcc999.3gpp.network.org]: Creating new call, offer received, 2 media ports allocated
Jul  8 13:58:02 ims rtpengine[2201]: INFO: [9bc1bb6b25094831@ims.mnc070.mcc999.3gpp.network.org]: Creating new call, offer received, 2 media ports allocated
Jul  8 13:58:02 ims rtpengine[2201]: INFO: [9bc1bb6b25094831@ims.mnc070.mcc999.3gpp.network.org]: Deleting call, no media flowed
Jul  8 13:58:07 ims rtpengine[2201]: INFO: [e9945f066f7c4ae2@ims.mnc070.mcc999.3gpp.network.org]: Final stats: 5002 packets, 1.1% loss, MOS 4.2
Jul  8 14:00:26 ims rtpengine[2201]: INFO: [e48570dbc98b4b46@ims.mnc070.mcc999.3gpp.network.org]: Final stats: 8765 packets, 0.0% loss, MOS 4.5
Jul  8 14:00:52 ims rtpengine[2201]: INFO: [f9320893d5cc4fa1@ims.mnc070.mcc999.3gpp.network.org]: Creating new call, offer received, 2 media ports allocated
Jul  8 14:01:24 ims rtpengine[2201]: INFO: [1ac8d6133052449e@ims.mnc070.mcc999.3gpp.network.org]: Creating new call, offer received, 2 media ports allocated
Jul  8 14:02:33 ims rtpengine[2201]: INFO: [1ac8d6133052449e@ims.mnc070.mcc999.3gpp.network.org]: Final stats: 3436 packets, 0.3% loss, MOS 4.5
Jul  8 14:03:35 ims rtpengine[2201]: INFO: [f9320893d5cc4fa1@ims.mnc070.mcc999.3gpp.network.org]: Final stats: 8149 packets, 0.4% loss, MOS 4.4
Jul  8 14:03:46 ims rtpengine[2201]: INFO: [1737f2d59ae344b7@ims.mnc070.mcc999.3gpp.network.org]: Creating new call, offer received, 2 media ports allocated
Jul  8 14:05:07 ims rtpengine[2201]: INFO: [4c568407ed314457@ims.mnc070.mcc999.3gpp.network.org]: Creating new call, offer received, 2 media ports allocated
Jul  8 14:05:30 ims rtpengine[2201]: INFO: [4c568407ed314457@ims.mnc070.mcc999.3gpp.network.org]: Final stats: 1140 packets, 0.0% loss, MOS 4.5
Jul  8 14:05:30 ims rtpengine[2201]: INFO: [1737f2d59ae344b7@ims.mnc070.mcc999.3gpp.network.org]: Final stats: 5218 packets, 1.2% loss, MOS 4.4
Jul  8 14:05:56 ims rtpengine[2201]: INFO: [e024ba97936048ac@ims.mnc070.mcc999.3gpp.network.org]: Creating new call, offer received, 2 media ports allocated
Jul  8 14:06:18 ims rtpengine[2201]: INFO: [366fa0de0d4248a2@ims.mnc070.mcc999.3gpp.network.org]: Creating new call, offer received, 2 media ports allocated
Jul  8 14:06:18 ims rtpengine[2201]: INFO: [366fa0de0d4248a2@ims.mnc070.mcc999.3gpp.network.org]: Deleting call, no media flowed
Jul  8 14:08:01 ims rtpengine[2201]: INFO: [e024ba97936048ac@ims.mnc070.mcc999.3gpp.network.org]: Final stats: 6249 packets, 0.0% loss, MOS 4.3
Jul  8 14:08:36 ims rtpengine[2201]: INFO: [4402ba397e7e4e5f@ims.mnc070.mcc999.3gpp.network.org]: Creating new call, offer received, 2 media ports allocated
Jul  8 14:08:36 ims rtpengine[2201]: INFO: [4402ba397e7e4e5f@ims.mnc070.mcc999.3gpp.network.org]: Deleting call, no media flowed
Jul  8 14:09:29 ims rtpengine[2201]: INFO: [ca3996ec59344398@ims.mnc070.mcc999.3gpp.network.org]: Creating new call, offer received, 2 media ports allocated
Jul  8 14:10:32 ims rtpengine[2201]: INFO: [a6a5a23188824ee4@ims.mnc070.mcc999.3gpp.network.org]: Creating new call, offer received, 2 media ports allocated
Jul  8 14:11:02 ims rtpengine[2201]: INFO: [a6a5a23188824ee4@ims.mnc070.mcc999.3gpp.network.org]: Final stats: 1523 packets, 0.6% loss, MOS 4.1
Jul  8 14:11:08 ims rtpengine[2201]: INFO: [d3ee084cf8474aa3@ims.mnc070.mcc999.3gpp.network.org]: Creating new call, offer received, 2 media ports allocated
Jul  8 14:11:08 ims rtpengine[2201]: INFO: [d3ee084cf8474aa3@ims.mnc070.mcc999.3gpp.network.org]: Deleting call, no media flowed
Jul  8 14:11:49 ims rtpengine[2201]: INFO: [ca3996ec59344398@ims.mnc070.mcc999.3gpp.network.org]: Final stats: 7018 packets, 0.8% loss, MOS 4.2
Jul  8 14:12:18 ims rtpengine[2201]: INFO: [058c6f01582b4c26@ims.mnc070.mcc999.3gpp.network.org]: Creating new call, offer received, 2 media ports allocated
Jul  8 14:13:05 ims rtpengine[2201]: INFO: [82f1ab8d2c9a41e2@ims.mnc070.mcc999.3gpp.network.org]: Creating new call, offer received, 2 media ports allocated
Jul  8 14:13:40 ims rtpengine[2201]: INFO: [82f1ab8d2c9a41e2@ims.mnc070.mcc999.3gpp.network.org]: Final stats: 1732 packets, 0.3% loss, MOS 4.4
Jul  8 14:14:16 ims rtpengine[2201]: INFO: [058c6f01582b4c26@ims.mnc070.mcc999.3gpp.network.org]: Final stats: 5890 packets, 0.0% loss, MOS 4.5
Jul  8 14:15:30 ims rtpengine[2201]: INFO: [9f1682f854f24ba2@ims.mnc070.mcc999.3gpp.network.org]: Creating new call, offer received, 2 media ports allocated
Jul  8 14:15:48 ims rtpengine[2201]: INFO: [9f1682f854f24ba2@ims.mnc070.mcc999.3gpp.network.org]: Final stats: 888 packets, 0.1% loss, MOS 4.5
Jul  8 14:17:10 ims rtpengine[2201]: INFO: [84a3d2f807f04404@ims.mnc070.mcc999.3gpp.network.org]: Creating new call, offer received, 2 media ports allocated
Jul  8 14:17:18 ims rtpengine[2201]: INFO: [9c6ff05595834aac@ims.mnc070.mcc999.3gpp.network.org]: Creating new call, offer received, 2 media ports allocated
Jul  8 14:17:18 ims rtpengine[2201]: INFO: [9c6ff05595834aac@ims.mnc070.mcc999.3gpp.network.org]: Deleting call, no media flowed
Jul  8 14:18:39 ims rtpengine[2201]: INFO: [84a3d2f807f04404@ims.mnc070.mcc999.3gpp.network.org]: Final stats: 4435 packets, 1.2% loss, MOS 4.1
Jul  8 14:19:16 ims rtpengine[2201]: INFO: [31e0abfb75124711@ims.mnc070.mcc999.3gpp.network.org]: Creating new call, offer received, 2 media ports allocated
Jul  8 14:19:33 ims rtpengine[2201]: INFO: [2a792e7b07ee45b7@ims.mnc070.mcc999.3gpp.network.org]: Creating new call, offer received, 2 media ports allocated
Jul  8 14:20:43 ims rtpengine[2201]: INFO: [3d35b723b7434c0b@ims.mnc070.mcc999.3gpp.network.org]: Creating new call, offer received, 2 media ports allocated
Jul  8 14:21:20 ims rtpengine[2201]: INFO: [b48f5518005f4810@ims.mnc070.mcc999.3gpp.network.org]: Creating new call, offer received, 2 media ports allocated
Jul  8 14:21:28 ims rtpengine[2201]: INFO: [b48f5518005f4810@ims.mnc070.mcc999.3gpp.network.org]: Final stats: 400 packets, 0.8% loss, MOS 4.3
Jul  8 14:21:30 ims rtpengine[2201]: INFO: [3d35b723b7434c0b@ims.mnc070.mcc999.3gpp.network.org]: Final stats: 2321 packets, 0.0% loss, MOS 4.3
Jul  8 14:21:36 ims rtpengine[2201]: INFO: [31e0abfb75124711@ims.mnc070.mcc999.3gpp.network.org]: Final stats: 6988 packets, 0.6% loss, MOS 4.1
Jul  8 14:23:36 ims rtpengine[2201]: INFO: [66357caadb034aa9@ims.mnc070.mcc999.3gpp.network.org]: Creating new call, offer received, 2 media ports allocated
Jul  8 14:24:03 ims rtpengine[2201]: INFO: [f164714e3f4b4308@ims.mnc070.mcc999.3gpp.network.org]: Creating new call, offer received, 2 media ports allocated
Jul  8 14:24:20 ims rtpengine[2201]: INFO: [f164714e3f4b4308@ims.mnc070.mcc999.3gpp.network.org]: Final stats: 868 packets, 0.2% loss, MOS 4.3
Jul  8 14:24:32 ims rtpengine[2201]: INFO: [2a792e7b07ee45b7@ims.mnc070.mcc999.3gpp.network.org]: Final stats: 14941 packets, 0.8% loss, MOS 4.2
Jul  8 14:24:42 ims rtpengine[2201]: INFO: [66357caadb034aa9@ims.mnc070.mcc999.3gpp.network.org]: Final stats: 3303 packets, 0.8% loss, MOS 4.5
Jul  8 14:26:13 ims rtpengine[2201]: INFO: [52a02b0be91e4e8a@ims.mnc070.mcc999.3gpp.network.org]: Creating new call, offer received, 2 media ports allocated
Jul  8 14:29:01 ims rtpengine[2201]: INFO: [54eca326ca6b4181@ims.mnc070.mcc999.3gpp.network.org]: Creating new call, offer received, 2 media ports allocated
Jul  8 14:30:43 ims rtpengine[2201]: INFO: [52a02b0be91e4e8a@ims.mnc070.mcc999.3gpp.network.org]: Final stats: 13513 packets, 0.0% loss, MOS 4.5
Jul  8 14:30:47 ims rtpengine[2201]: INFO: [f7cd4f39c52c408e@ims.mnc070.mcc999.3gpp.network.org]: Creating new call, offer received, 2 media ports allocated
Jul  8 14:31:03 ims rtpengine[2201]: INFO: [f7cd4f39c52c408e@ims.mnc070.mcc999.3gpp.network.org]: Final stats: 823 packets, 1.2% loss, MOS 4.2
Jul  8 14:31:16 ims rtpengine[2201]: INFO: [2351c6418e124300@ims.mnc070.mcc999.3gpp.network.org]: Creating new call, offer received, 2 media ports allocated
Jul  8 14:31:44 ims rtpengine[2201]: INFO: [2351c6418e124300@ims.mnc070.mcc999.3gpp.network.org]: Final stats: 1376 packets, 0.1% loss, MOS 4.4
Jul  8 14:32:19 ims rtpengine[2201]: INFO: [54eca326ca6b4181@ims.mnc070.mcc999.3gpp.network.org]: Final stats: 9898 packets, 0.0% loss, MOS 4.5
Jul  8 14:33:02 ims rtpengine[2201]: INFO: [193529f7a555400d@ims.mnc070.mcc999.3gpp.network.org]: Creating new call, offer received, 2 media ports allocated
Jul  8 14:33:11 ims rtpengine[2201]: INFO: [193529f7a555400d@ims.mnc070.mcc999.3gpp.network.org]: Final stats: 471 packets, 0.5% loss, MOS 4.3
Jul  8 14:34:23 ims rtpengine[2201]: INFO: [3e28f128a8364120@ims.mnc070.mcc999.3gpp.network.org]: Creating new call, offer received, 2 media ports allocated
Jul  8 14:34:23 ims rtpengine[2201]: INFO: [3e28f128a8364120@ims.mnc070.mcc999.3gpp.network.org]: Deleting call, no media flowed
Jul  8 14:35:12 ims rtpengine[2201]: INFO: [0932afd93dfd42e1@ims.mnc070.mcc999.3gpp.network.org]: Creating new call, offer received, 2 media ports allocated
Jul  8 14:37:53 ims rtpengine[2201]: INFO: [47dd3534f42643b0@ims.mnc070.mcc999.3gpp.network.org]: Creating new call, offer received, 2 media ports allocated
Jul  8 14:38:24 ims rtpengine[2201]: INFO: [0932afd93dfd42e1@ims.mnc070.mcc999.3gpp.network.org]: Final stats: 9578 packets, 0.0% loss, MOS 4.5
Jul  8 14:38:50 ims rtpengine[2201]: INFO: [379ec22a92724e6f@ims.mnc070.mcc999.3gpp.network.org]: Creating new call, offer received, 2 media ports allocated
Jul  8 14:39:14 ims rtpengine[2201]: INFO: [04616ab2714e413e@ims.mnc070.mcc999.3gpp.network.org]: Creating new call, offer received, 2 media ports allocated
Jul  8 14:39:25 ims rtpengine[2201]: INFO: [47dd3534f42643b0@ims.mnc070.mcc999.3gpp.network.org]: Final stats: 4584 packets, 0.5% loss, MOS 4.5
Jul  8 14:39:50 ims rtpengine[2201]: INFO: [04616ab2714e413e@ims.mnc070.mcc999.3gpp.network.org]: Final stats: 1776 packets, 0.4% loss, MOS 4.2
Jul  8 14:41:42 ims rtpengine[2201]: INFO: [faf4309a5df74467@ims.mnc070.mcc999.3gpp.network.org]: Creating new call, offer received, 2 media ports allocated
Jul  8 14:42:49 ims rtpengine[2201]: INFO: [5bfac932e3db430e@ims.mnc070.mcc999.3gpp.network.org]: Creating new call, offer received, 2 media ports allocated
Jul  8 14:43:37 ims rtpengine[2201]: INFO: [faf4309a5df74467@ims.mnc070.mcc999.3gpp.network.org]: Final stats: 5707 packets, 0.0% loss, MOS 4.5
Jul  8 14:43:54 ims rtpengine[2201]: INFO: [5bfac932e3db430e@ims.mnc070.mcc999.3gpp.network.org]: Final stats: 3223 packets, 0.0% loss, MOS 4.4
Jul  8 14:45:19 ims rtpengine[2201]: INFO: [d793dbf1c25a42b5@ims.mnc070.mcc999.3gpp.network.org]: Creating new call, offer received, 2 media ports allocated
Jul  8 14:45:29 ims rtpengine[2201]: INFO: [f40fb75f71da4a11@ims.mnc070.mcc999.3gpp.network.org]: Creating new call, offer received, 2 media ports allocated
Jul  8 14:45:30 ims rtpengine[2201]: INFO: [f40fb75f71da4a11@ims.mnc070.mcc999.3gpp.network.org]: Final stats: 45 packets, 0.0% loss, MOS 4.5
Jul  8 14:47:16 ims rtpengine[2201]: INFO: [379ec22a92724e6f@ims.mnc070.mcc999.3gpp.network.org]: Final stats: 25276 packets, 0.1% loss, MOS 4.2
Jul  8 14:47:28 ims rtpengine[2201]: INFO: [bc06e610ac11471e@ims.mnc070.mcc999.3gpp.network.org]: Creating new call, offer received, 2 media ports allocated
Jul  8 14:47:28 ims rtpengine[2201]: INFO: [bc06e610ac11471e@ims.mnc070.mcc999.3gpp.network.org]: Deleting call, no media flowed
Jul  8 14:50:31 ims rtpengine[2201]: INFO: [0c9664c7c6654bf5@ims.mnc070.mcc999.3gpp.network.org]: Creating new call, offer received, 2 media ports allocated
Jul  8 14:51:22 ims rtpengine[2201]: INFO: [0c9664c7c6654bf5@ims.mnc070.mcc999.3gpp.network.org]: Final stats: 2531 packets, 1.0% loss, MOS 4.4
Jul  8 14:51:34 ims rtpengine[2201]: INFO: [d793dbf1c25a42b5@ims.mnc070.mcc999.3gpp.network.org]: Final stats: 18759 packets, 0.0% loss, MOS 4.5
Jul  8 14:51:59 ims rtpengine[2201]: INFO: [5bdc0e8d29334027@ims.mnc070.mcc999.3gpp.network.org]: Creating new call, offer received, 2 media ports allocated
Jul  8 14:54:36 ims rtpengine[2201]: INFO: [5bdc0e8d29334027@ims.mnc070.mcc999.3gpp.network.org]: Final stats: 7848 packets, 2.0% loss, MOS 4.0
Jul  8 14:54:54 ims rtpengine[2201]: INFO: [4b1a9082702a4a2e@ims.mnc070.mcc999.3gpp.network.org]: Creating new call, offer received, 2 media ports allocated
Jul  8 14:55:50 ims rtpengine[2201]: INFO: [4b1a9082702a4a2e@ims.mnc070.mcc999.3gpp.network.org]: Final stats: 2800 packets, 0.4% loss, MOS 4.4
Jul  8 14:56:41 ims rtpengine[2201]: INFO: [88bac177a5bf4cec@ims.mnc070.mcc999.3gpp.network.org]: Creating new call, offer received, 2 media ports allocated
Jul  8 14:57:35 ims rtpengine[2201]: INFO: [8ad474b408254fd2@ims.mnc070.mcc999.3gpp.network.org]: Creating new call, offer received, 2 media ports allocated
Jul  8 14:57:36 ims rtpengine[2201]: INFO: [8ad474b408254fd2@ims.mnc070.mcc999.3gpp.network.org]: Final stats: 29 packets, 1.9% loss, MOS 3.8
Jul  8 14:58:17 ims rtpengine[2201]: INFO: [88bac177a5bf4cec@ims.mnc070.mcc999.3gpp.network.org]: Final stats: 4816 packets, 1.5% loss, MOS 4.1
Jul  8 14:59:10 ims rtpengine[2201]: INFO: [2f69af36fa064c17@ims.mnc070.mcc999.3gpp.network.org]: Creating new call, offer received, 2 media ports allocated
Jul  8 14:59:40 ims rtpengine[2201]: INFO: [744b3ead8b7c4a4e@ims.mnc070.mcc999.3gpp.network.org]: Creating new call, offer received, 2 media ports allocated
Jul  8 15:01:24 ims rtpengine[2201]: INFO: [2f69af36fa064c17@ims.mnc070.mcc999.3gpp.network.org]: Final stats: 6721 packets, 0.5% loss, MOS 4.1
Jul  8 15:02:42 ims rtpengine[2201]: INFO: [d7e6f6b225d140ad@ims.mnc070.mcc999.3gpp.network.org]: Creating new call, offer received, 2 media ports allocated
Jul  8 15:02:50 ims rtpengine[2201]: INFO: [d7e6f6b225d140ad@ims.mnc070.mcc999.3gpp.network.org]: Final stats: 393 packets, 0.4% loss, MOS 4.4
Jul  8 15:02:54 ims rtpengine[2201]: INFO: [b21426ee18094cd7@ims.mnc070.mcc999.3gpp.network.org]: Creating new call, offer received, 2 media ports allocated
Jul  8 15:03:28 ims rtpengine[2201]: INFO: [4cdf5c0d48634d74@ims.mnc070.mcc999.3gpp.network.org]: Creating new call, offer received, 2 media ports allocated
Jul  8 15:05:14 ims rtpengine[2201]: INFO: [b21426ee18094cd7@ims.mnc070.mcc999.3gpp.network.org]: Final stats: 7001 packets, 0.1% loss, MOS 4.5
Jul  8 15:05:36 ims rtpengine[2201]: INFO: [744b3ead8b7c4a4e@ims.mnc070.mcc999.3gpp.network.org]: Final stats: 17805 packets, 2.1% loss, MOS 3.8
Jul  8 15:05:55 ims rtpengine[2201]: INFO: [4cdf5c0d48634d74@ims.mnc070.mcc999.3gpp.network.org]: Final stats: 7368 packets, 2.7% loss, MOS 3.8
Jul  8 15:06:19 ims rtpengine[2201]: INFO: [020c3bda283b4292@ims.mnc070.mcc999.3gpp.network.org]: Creating new call, offer received, 2 media ports allocated
Jul  8 15:06:19 ims rtpengine[2201]: INFO: [020c3bda283b4292@ims.mnc070.mcc999.3gpp.network.org]: Deleting call, no media flowed
Jul  8 15:08:35 ims rtpengine[2201]: INFO: [171676d306bd448f@ims.mnc070.mcc999.3gpp.network.org]: Creating new call, offer received, 2 media ports allocated
Jul  8 15:09:59 ims rtpengine[2201]: INFO: [86718b93f2764202@ims.mnc070.mcc999.3gpp.network.org]: Creating new call, offer received, 2 media ports allocated
Jul  8 15:10:57 ims rtpengine[2201]: INFO: [171676d306bd448f@ims.mnc070.mcc999.3gpp.network.org]: Final stats: 7119 packets, 1.2% loss, MOS 4.0
Jul  8 15:12:13 ims rtpengine[2201]: INFO: [6b126076436a46f4@ims.mnc070.mcc999.3gpp.network.org]: Creating new call, offer received, 2 media ports allocated
Jul  8 15:12:43 ims rtpengine[2201]: INFO: [86718b93f2764202@ims.mnc070.mcc999.3gpp.network.org]: Final stats: 8204 packets, 0.4% loss, MOS 4.4
Jul  8 15:12:44 ims rtpengine[2201]: INFO: [6b126076436a46f4@ims.mnc070.mcc999.3gpp.network.org]: Final stats: 1594 packets, 1.0% loss, MOS 3.8
Jul  8 15:14:45 ims rtpengine[2201]: INFO: [3a3b9c7ae8254d73@ims.mnc070.mcc999.3gpp.network.org]: Creating new call, offer received, 2 media ports allocated
Jul  8 15:14:59 ims rtpengine[2201]: INFO: [3a3b9c7ae8254d73@ims.mnc070.mcc999.3gpp.network.org]: Final stats: 720 packets, 0.0% loss, MOS 4.5
Jul  8 15:15:16 ims rtpengine[2201]: INFO: [bfda3ecf26334ab1@ims.mnc070.mcc999.3gpp.network.org]: Creating new call, offer received, 2 media ports allocated
Jul  8 15:15:43 ims rtpengine[2201]: INFO: [bfda3ecf26334ab1@ims.mnc070.mcc999.3gpp.network.org]: Final stats: 1318 packets, 0.4% loss, MOS 4.5
Jul  8 15:17:27 ims rtpengine[2201]: INFO: [48e9fdeb7a994d88@ims.mnc070.mcc999.3gpp.network.org]: Creating new call, offer received, 2 media ports allocated
Jul  8 15:17:33 ims rtpengine[2201]: INFO: [48e9fdeb7a994d88@ims.mnc070.mcc999.3gpp.network.org]: Final stats: 323 packets, 0.0% loss, MOS 4.5
Jul  8 15:17:42 ims rtpengine[2201]: INFO: [b0c2ebc1e51242b4@ims.mnc070.mcc999.3gpp.network.org]: Creating new call, offer received, 2 media ports allocated
Jul  8 15:17:42 ims rtpengine[2201]: INFO: [b0c2ebc1e51242b4@ims.mnc070.mcc999.3gpp.network.org]: Deleting call, no media flowed
Jul  8 15:18:45 ims rtpengine[2201]: INFO: [915203f7eed748e2@ims.mnc070.mcc999.3gpp.network.org]: Creating new call, offer received, 2 media ports allocated
Jul  8 15:18:49 ims rtpengine[2201]: INFO: [915203f7eed748e2@ims.mnc070.mcc999.3gpp.network.org]: Final stats: 173 packets, 0.0% loss, MOS 4.4
Jul  8 15:20:52 ims rtpengine[2201]: INFO: [9b1b5cdb83444250@ims.mnc070.mcc999.3gpp.network.org]: Creating new call, offer received, 2 media ports allocated
Jul  8 15:21:13 ims rtpengine[2201]: INFO: [9b1b5cdb83444250@ims.mnc070.mcc999.3gpp.network.org]: Final stats: 1060 packets, 0.6% loss, MOS 4.2
Jul  8 15:21:20 ims rtpengine[2201]: INFO: [f439fbbdb3884593@ims.mnc070.mcc999.3gpp.network.org]: Creating new call, offer received, 2 media ports allocated
Jul  8 15:21:53 ims rtpengine[2201]: INFO: [0f2118e6d05b48d7@ims.mnc070.mcc999.3gpp.network.org]: Creating new call, offer received, 2 media ports allocated
Jul  8 15:23:25 ims rtpengine[2201]: INFO: [0f2118e6d05b48d7@ims.mnc070.mcc999.3gpp.network.org]: Final stats: 4587 packets, 0.0% loss, MOS 4.5
Jul  8 15:24:23 ims rtpengine[2201]: INFO: [d7ebdd09dc2541e9@ims.mnc070.mcc999.3gpp.network.org]: Creating new call, offer received, 2 media ports allocated
Jul  8 15:27:03 ims rtpengine[2201]: INFO: [bf103687855b4bc7@ims.mnc070.mcc999.3gpp.network.org]: Creating new call, offer received, 2 media ports allocated
Jul  8 15:27:09 ims rtpengine[2201]: INFO: [f439fbbdb3884593@ims.mnc070.mcc999.3gpp.network.org]: Final stats: 17468 packets, 0.7% loss, MOS 4.3
Jul  8 15:27:42 ims rtpengine[2201]: INFO: [d7ebdd09dc2541e9@ims.mnc070.mcc999.3gpp.network.org]: Final stats: 9974 packets, 0.0% loss, MOS 4.5
Jul  8 15:27:42 ims rtpengine[2201]: INFO: [bf103687855b4bc7@ims.mnc070.mcc999.3gpp.network.org]: Final stats: 1954 packets, 0.6% loss, MOS 4.5
Jul  8 15:27:52 ims rtpengine[2201]: INFO: [0537239a3a5b4580@ims.mnc070.mcc999.3gpp.network.org]: Creating new call, offer received, 2 media ports allocated
Jul  8 15:28:05 ims rtpengine[2201]: INFO: [0537239a3a5b4580@ims.mnc070.mcc999.3gpp.network.org]: Final stats: 676 packets, 0.0% loss, MOS 4.5
Jul  8 15:30:30 ims rtpengine[2201]: INFO: [73d81b0e06a546e8@ims.mnc070.mcc999.3gpp.network.org]: Creating new call, offer received, 2 media ports allocated
Jul  8 15:30:40 ims rtpengine[2201]: INFO: [0b783f1cead646e5@ims.mnc070.mcc999.3gpp.network.org]: Creating new call, offer received, 2 media ports allocated
Jul  8 15:31:14 ims rtpengine[2201]: INFO: [d0ce60f2b25041a2@ims.mnc070.mcc999.3gpp.network.org]: Creating new call, offer received, 2 media ports allocated
Jul  8 15:31:26 ims rtpengine[2201]: INFO: [0b783f1cead646e5@ims.mnc070.mcc999.3gpp.network.org]: Final stats: 2260 packets, 0.7% loss, MOS 4.1
Jul  8 15:31:40 ims rtpengine[2201]: INFO: [73d81b0e06a546e8@ims.mnc070.mcc999.3gpp.network.org]: Final stats: 3493 packets, 0.2% loss, MOS 4.4
Jul  8 15:32:36 ims rtpengine[2201]: INFO: [00c00d5031a14da0@ims.mnc070.mcc999.3gpp.network.org]: Creating new call, offer received, 2 media ports allocated
Jul  8 15:32:42 ims rtpengine[2201]: INFO: [00c00d5031a14da0@ims.mnc070.mcc999.3gpp.network.org]: Final stats: 283 packets, 0.1% loss, MOS 4.5
Jul  8 15:32:58 ims rtpengine[2201]: INFO: [d0ce60f2b25041a2@ims.mnc070.mcc999.3gpp.network.org]: Final stats: 5220 packets, 0.0% loss, MOS 4.5
Jul  8 15:34:40 ims rtpengine[2201]: INFO: [a1ec953f61794c31@ims.mnc070.mcc999.3gpp.network.org]: Creating new call, offer received, 2 media ports allocated
Jul  8 15:34:45 ims rtpengine[2201]: INFO: [a1ec953f61794c31@ims.mnc070.mcc999.3gpp.network.org]: Final stats: 269 packets, 0.6% loss, MOS 4.1
Jul  8 15:35:41 ims rtpengine[2201]: INFO: [29de9589fafe4615@ims.mnc070.mcc999.3gpp.network.org]: Creating new call, offer received, 2 media ports allocated
Jul  8 15:36:23 ims rtpengine[2201]: INFO: [96aea9bf3a864a65@ims.mnc070.mcc999.3gpp.network.org]: Creating new call, offer received, 2 media ports allocated
Jul  8 15:36:23 ims rtpengine[2201]: INFO: [96aea9bf3a864a65@ims.mnc070.mcc999.3gpp.network.org]: Deleting call, no media flowed
Jul  8 15:37:41 ims rtpengine[2201]: INFO: [00010ed9fcdd41e6@ims.mnc070.mcc999.3gpp.network.org]: Creating new call, offer received, 2 media ports allocated
Jul  8 15:37:54 ims rtpengine[2201]: INFO: [363a8200e6144180@ims.mnc070.mcc999.3gpp.network.org]: Creating new call, offer received, 2 media ports allocated
Jul  8 15:38:44 ims rtpengine[2201]: INFO: [29de9589fafe4615@ims.mnc070.mcc999.3gpp.network.org]: Final stats: 9148 packets, 1.5% loss, MOS 4.1
Jul  8 15:39:25 ims rtpengine[2201]: INFO: [531ebb4b985e49a8@ims.mnc070.mcc999.3gpp.network.org]: Creating new call, offer received, 2 media ports allocated
Jul  8 15:39:41 ims rtpengine[2201]: INFO: [531ebb4b985e49a8@ims.mnc070.mcc999.3gpp.network.org]: Final stats: 818 packets, 0.0% loss, MOS 4.4
Jul  8 15:39:48 ims rtpengine[2201]: INFO: [00010ed9fcdd41e6@ims.mnc070.mcc999.3gpp.network.org]: Final stats: 6333 packets, 0.0% loss, MOS 4.4
Jul  8 15:40:48 ims rtpengine[2201]: INFO: [363a8200e6144180@ims.mnc070.mcc999.3gpp.network.org]: Final stats: 8705 packets, 0.0% loss, MOS 4.5
Jul  8 15:41:16 ims rtpengine[2201]: INFO: [9d5bee7008cf4a2e@ims.mnc070.mcc999.3gpp.network.org]: Creating new call, offer received, 2 media ports allocated
Jul  8 15:41:55 ims rtpengine[2201]: INFO: [9d5bee7008cf4a2e@ims.mnc070.mcc999.3gpp.network.org]: Final stats: 1954 packets, 0.0% loss, MOS 4.5
Jul  8 15:42:40 ims rtpengine[2201]: INFO: [c3edca985ff44b95@ims.mnc070.mcc999.3gpp.network.org]: Creating new call, offer received, 2 media ports allocated
Jul  8 15:42:47 ims rtpengine[2201]: INFO: [c3edca985ff44b95@ims.mnc070.mcc999.3gpp.network.org]: Final stats: 363 packets, 1.0% loss, MOS 4.3
Jul  8 15:45:45 ims rtpengine[2201]: INFO: [f42590756ec54b3e@ims.mnc070.mcc999.3gpp.network.org]: Creating new call, offer received, 2 media ports allocated
Jul  8 15:46:32 ims rtpengine[2201]: INFO: [632d677b7eba4b2b@ims.mnc070.mcc999.3gpp.network.org]: Creating new call, offer received, 2 media ports allocated
Jul  8 15:49:26 ims rtpengine[2201]: INFO: [ea504fd287c34a15@ims.mnc070.mcc999.3gpp.network.org]: Creating new call, offer received, 2 media ports allocated
Jul  8 15:49:32 ims rtpengine[2201]: INFO: [f42590756ec54b3e@ims.mnc070.mcc999.3gpp.network.org]: Final stats: 11347 packets, 0.5% loss, MOS 4.5
Jul  8 15:50:14 ims rtpengine[2201]: INFO: [b43776cb9a7e48de@ims.mnc070.mcc999.3gpp.network.org]: Creating new call, offer received, 2 media ports allocated
Jul  8 15:50:47 ims rtpengine[2201]: INFO: [632d677b7eba4b2b@ims.mnc070.mcc999.3gpp.network.org]: Final stats: 12749 packets, 1.7% loss, MOS 3.9
Jul  8 15:51:15 ims rtpengine[2201]: INFO: [b43776cb9a7e48de@ims.mnc070.mcc999.3gpp.network.org]: Final stats: 3014 packets, 0.0% loss, MOS 4.5
Jul  8 15:51:43 ims rtpengine[2201]: INFO: [acd30687ea524641@ims.mnc070.mcc999.3gpp.network.org]: Creating new call, offer received, 2 media ports allocated
Jul  8 15:52:16 ims rtpengine[2201]: INFO: [43b9dbe550cc4b09@ims.mnc070.mcc999.3gpp.network.org]: Creating new call, offer received, 2 media ports allocated
Jul  8 15:52:43 ims rtpengine[2201]: INFO: [14d1ad67f07e417f@ims.mnc070.mcc999.3gpp.network.org]: Creating new call, offer received, 2 media ports allocated
Jul  8 15:52:46 ims rtpengine[2201]: INFO: [3f1a81c0eeeb42ba@ims.mnc070.mcc999.3gpp.network.org]: Creating new call, offer received, 2 media ports allocated
Jul  8 15:52:56 ims rtpengine[2201]: INFO: [61e60b76420c47f8@ims.mnc070.mcc999.3gpp.network.org]: Creating new call, offer received, 2 media ports allocated
Jul  8 15:52:56 ims rtpengine[2201]: INFO: [61e60b76420c47f8@ims.mnc070.mcc999.3gpp.network.org]: Deleting call, no media flowed
Jul  8 15:52:57 ims rtpengine[2201]: INFO: [14d1ad67f07e417f@ims.mnc070.mcc999.3gpp.network.org]: Final stats: 678 packets, 0.5% loss, MOS 4.1
Jul  8 15:54:15 ims rtpengine[2201]: INFO: [acd30687ea524641@ims.mnc070.mcc999.3gpp.network.org]: Final stats: 7552 packets, 0.0% loss, MOS 4.2
Jul  8 15:54:33 ims rtpengine[2201]: INFO: [3f1a81c0eeeb42ba@ims.mnc070.mcc999.3gpp.network.org]: Final stats: 5357 packets, 0.0% loss, MOS 4.5
Jul  8 15:54:39 ims rtpengine[2201]: INFO: [ea504fd287c34a15@ims.mnc070.mcc999.3gpp.network.org]: Final stats: 15679 packets, 0.4% loss, MOS 4.2
Jul  8 15:56:11 ims rtpengine[2201]: INFO: [43b9dbe550cc4b09@ims.mnc070.mcc999.3gpp.network.org]: Final stats: 11751 packets, 0.0% loss, MOS 4.5
Jul  8 15:56:52 ims rtpengine[2201]: INFO: [3bc7904cde214bbe@ims.mnc070.mcc999.3gpp.network.org]: Creating new call, offer received, 2 media ports allocated
Jul  8 16:00:26 ims rtpengine[2201]: INFO: [3dc0dbfd3308429b@ims.mnc070.mcc999.3gpp.network.org]: Creating new call, offer received, 2 media ports allocated
Jul  8 16:01:09 ims rtpengine[2201]: INFO: [0e88b2cfcda54da7@ims.mnc070.mcc999.3gpp.network.org]: Creating new call, offer received, 2 media ports allocated
Jul  8 16:01:35 ims rtpengine[2201]: INFO: [181f4fc40baf4a89@ims.mnc070.mcc999.3gpp.network.org]: Creating new call, offer received, 2 media ports allocated
Jul  8 16:01:46 ims rtpengine[2201]: INFO: [d70a3ac8a9f143e5@ims.mnc070.mcc999.3gpp.network.org]: Creating new call, offer received, 2 media ports allocated
Jul  8 16:02:06 ims rtpengine[2201]: INFO: [3dc0dbfd3308429b@ims.mnc070.mcc999.3gpp.network.org]: Final stats: 5035 packets, 0.7% loss, MOS 4.3
Jul  8 16:03:08 ims rtpengine[2201]: INFO: [181f4fc40baf4a89@ims.mnc070.mcc999.3gpp.network.org]: Final stats: 4652 packets, 1.5% loss, MOS 4.0
Jul  8 16:03:32 ims rtpengine[2201]: INFO: [0e88b2cfcda54da7@ims.mnc070.mcc999.3gpp.network.org]: Final stats: 7135 packets, 0.0% loss, MOS 4.4
Jul  8 16:03:48 ims rtpengine[2201]: INFO: [7e2f37eada1d483b@ims.mnc070.mcc999.3gpp.network.org]: Creating new call, offer received, 2 media ports allocated
Jul  8 16:04:24 ims rtpengine[2201]: INFO: [3bc7904cde214bbe@ims.mnc070.mcc999.3gpp.network.org]: Final stats: 22625 packets, 0.0% loss, MOS 4.3
Jul  8 16:06:08 ims rtpengine[2201]: INFO: [7e2f37eada1d483b@ims.mnc070.mcc999.3gpp.network.org]: Final stats: 6992 packets, 0.0% loss, MOS 4.5
Jul  8 16:06:09 ims rtpengine[2201]: INFO: [d425a974a90d4027@ims.mnc070.mcc999.3gpp.network.org]: Creating new call, offer received, 2 media ports allocated
Jul  8 16:06:09 ims rtpengine[2201]: INFO: [d425a974a90d4027@ims.mnc070.mcc999.3gpp.network.org]: Deleting call, no media flowed
Jul  8 16:06:14 ims rtpengine[2201]: INFO: [267a014824bf411c@ims.mnc070.mcc999.3gpp.network.org]: Creating new call, offer received, 2 media ports allocated
Jul  8 16:06:14 ims rtpengine[2201]: INFO: [267a014824bf411c@ims.mnc070.mcc999.3gpp.network.org]: Deleting call, no media flowed
Jul  8 16:06:32 ims rtpengine[2201]: INFO: [f20dbee1479d4053@ims.mnc070.mcc999.3gpp.network.org]: Creating new call, offer received, 2 media ports allocated
Jul  8 16:06:32 ims rtpengine[2201]: INFO: [f20dbee1479d4053@ims.mnc070.mcc999.3gpp.network.org]: Final stats: 21 packets, 0.0% loss, MOS 4.4
Jul  8 16:07:14 ims rtpengine[2201]: INFO: [d70a3ac8a9f143e5@ims.mnc070.mcc999.3gpp.network.org]: Final stats: 16384 packets, 0.3% loss, MOS 4.5
Jul  8 16:11:05 ims rtpengine[2201]: INFO: [a9f7eb2cc4064061@ims.mnc070.mcc999.3gpp.network.org]: Creating new call, offer received, 2 media ports allocated
Jul  8 16:11:59 ims rtpengine[2201]: INFO: [a7cdcaf921ea4731@ims.mnc070.mcc999.3gpp.network.org]: Creating new call, offer received, 2 media ports allocated
Jul  8 16:11:59 ims rtpengine[2201]: INFO: [a7cdcaf921ea4731@ims.mnc070.mcc999.3gpp.network.org]: Deleting call, no media flowed
Jul  8 16:14:16 ims rtpengine[2201]: INFO: [2a68c03ccc9c4ce4@ims.mnc070.mcc999.3gpp.network.org]: Creating new call, offer received, 2 media ports allocated
Jul  8 16:15:08 ims rtpengine[2201]: INFO: [2a68c03ccc9c4ce4@ims.mnc070.mcc999.3gpp.network.org]: Final stats: 2584 packets, 0.0% loss, MOS 4.5
Jul  8 16:15:35 ims rtpengine[2201]: INFO: [900cfbf7c572406e@ims.mnc070.mcc999.3gpp.network.org]: Creating new call, offer received, 2 media ports allocated
Jul  8 16:15:48 ims rtpengine[2201]: INFO: [a9f7eb2cc4064061@ims.mnc070.mcc999.3gpp.network.org]: Final stats: 14139 packets, 0.7% loss, MOS 4.2
Jul  8 16:17:13 ims rtpengine[2201]: INFO: [02d1fe83a4ee435c@ims.mnc070.mcc999.3gpp.network.org]: Creating new call, offer received, 2 media ports allocated
Jul  8 16:18:13 ims rtpengine[2201]: INFO: [02d1fe83a4ee435c@ims.mnc070.mcc999.3gpp.network.org]: Final stats: 2995 packets, 0.4% loss, MOS 4.5
Jul  8 16:20:35 ims rtpengine[2201]: INFO: [53a4f18672e14667@ims.mnc070.mcc999.3gpp.network.org]: Creating new call, offer received, 2 media ports allocated
Jul  8 16:21:06 ims rtpengine[2201]: INFO: [29af444fd4a449f3@ims.mnc070.mcc999.3gpp.network.org]: Creating new call, offer received, 2 media ports allocated
Jul  8 16:21:41 ims rtpengine[2201]: INFO: [53a4f18672e14667@ims.mnc070.mcc999.3gpp.network.org]: Final stats: 3333 packets, 0.0% loss, MOS 4.5
Jul  8 16:21:44 ims rtpengine[2201]: INFO: [900cfbf7c572406e@ims.mnc070.mcc999.3gpp.network.org]: Final stats: 18437 packets, 1.7% loss, MOS 4.0
Jul  8 16:22:09 ims rtpengine[2201]: INFO: [8c2a21f207044e91@ims.mnc070.mcc999.3gpp.network.org]: Creating new call, offer received, 2 media ports allocated
Jul  8 16:22:12 ims rtpengine[2201]: INFO: [29af444fd4a449f3@ims.mnc070.mcc999.3gpp.network.org]: Final stats: 3311 packets, 0.0% loss, MOS 4.2
Jul  8 16:22:33 ims rtpengine[2201]: INFO: [8c2a21f207044e91@ims.mnc070.mcc999.3gpp.network.org]: Final stats: 1195 packets, 0.0% loss, MOS 4.3
Jul  8 16:24:27 ims rtpengine[2201]: INFO: [29bac522693247d6@ims.mnc070.mcc999.3gpp.network.org]: Creating new call, offer received, 2 media ports allocated
Jul  8 16:24:45 ims rtpengine[2201]: INFO: [29bac522693247d6@ims.mnc070.mcc999.3gpp.network.org]: Final stats: 920 packets, 0.6% loss, MOS 4.1
Jul  8 16:26:18 ims rtpengine[2201]: INFO: [ab1d2bf68a9d40fb@ims.mnc070.mcc999.3gpp.network.org]: Creating new call, offer received, 2 media ports allocated
Jul  8 16:27:36 ims rtpengine[2201]: INFO: [ab1d2bf68a9d40fb@ims.mnc070.mcc999.3gpp.network.org]: Final stats: 3900 packets, 0.7% loss, MOS 4.4
Jul  8 16:27:44 ims rtpengine[2201]: INFO: [41327ea1b5034bd2@ims.mnc070.mcc999.3gpp.network.org]: Creating new call, offer received, 2 media ports allocated
Jul  8 16:27:44 ims rtpengine[2201]: INFO: [41327ea1b5034bd2@ims.mnc070.mcc999.3gpp.network.org]: Deleting call, no media flowed
Jul  8 16:28:07 ims rtpengine[2201]: INFO: [0c6a461b5aac4da3@ims.mnc070.mcc999.3gpp.network.org]: Creating new call, offer received, 2 media ports allocated
Jul  8 16:28:16 ims rtpengine[2201]: INFO: [0c6a461b5aac4da3@ims.mnc070.mcc999.3gpp.network.org]: Final stats: 431 packets, 0.2% loss, MOS 4.4
Jul  8 16:29:06 ims rtpengine[2201]: INFO: [8886c0ff71234624@ims.mnc070.mcc999.3gpp.network.org]: Creating new call, offer received, 2 media ports allocated
Jul  8 16:29:10 ims rtpengine[2201]: INFO: [0889fa520cd149a9@ims.mnc070.mcc999.3gpp.network.org]: Creating new call, offer received, 2 media ports allocated
Jul  8 16:29:19 ims rtpengine[2201]: INFO: [0889fa520cd149a9@ims.mnc070.mcc999.3gpp.network.org]: Final stats: 458 packets, 0.2% loss, MOS 4.5
Jul  8 16:29:26 ims rtpengine[2201]: INFO: [8886c0ff71234624@ims.mnc070.mcc999.3gpp.network.org]: Final stats: 997 packets, 0.0% loss, MOS 4.4
Jul  8 16:32:33 ims rtpengine[2201]: INFO: [bbd39f7544354682@ims.mnc070.mcc999.3gpp.network.org]: Creating new call, offer received, 2 media ports allocated
Jul  8 16:32:34 ims rtpengine[2201]: INFO: [5ba6d875e3f04f01@ims.mnc070.mcc999.3gpp.network.org]: Creating new call, offer received, 2 media ports allocated
Jul  8 16:32:34 ims rtpengine[2201]: INFO: [5ba6d875e3f04f01@ims.mnc070.mcc999.3gpp.network.org]: Deleting call, no media flowed
Jul  8 16:34:02 ims rtpengine[2201]: INFO: [6b0ca9db2578461c@ims.mnc070.mcc999.3gpp.network.org]: Creating new call, offer received, 2 media ports allocated
Jul  8 16:35:06 ims rtpengine[2201]: INFO: [bbd39f7544354682@ims.mnc070.mcc999.3gpp.network.org]: Final stats: 7639 packets, 2.0% loss, MOS 3.9
Jul  8 16:35:42 ims rtpengine[2201]: INFO: [c29f020d6c4f469a@ims.mnc070.mcc999.3gpp.network.org]: Creating new call, offer received, 2 media ports allocated
Jul  8 16:36:09 ims rtpengine[2201]: INFO: [c29f020d6c4f469a@ims.mnc070.mcc999.3gpp.network.org]: Final stats: 1393 packets, 1.3% loss, MOS 3.9
Jul  8 16:36:10 ims rtpengine[2201]: INFO: [7fb7f7b80add411b@ims.mnc070.mcc999.3gpp.network.org]: Creating new call, offer received, 2 media ports allocated
Jul  8 16:37:03 ims rtpengine[2201]: INFO: [1914041790744977@ims.mnc070.mcc999.3gpp.network.org]: Creating new call, offer received, 2 media ports allocated
Jul  8 16:37:28 ims rtpengine[2201]: INFO: [7fb7f7b80add411b@ims.mnc070.mcc999.3gpp.network.org]: Final stats: 3874 packets, 0.2% loss, MOS 4.4
Jul  8 16:37:31 ims rtpengine[2201]: INFO: [6393712601e243ef@ims.mnc070.mcc999.3gpp.network.org]: Creating new call, offer received, 2 media ports allocated
Jul  8 16:37:32 ims rtpengine[2201]: INFO: [692543da747a49c7@ims.mnc070.mcc999.3gpp.network.org]: Creating new call, offer received, 2 media ports allocated
Jul  8 16:37:32 ims rtpengine[2201]: INFO: [692543da747a49c7@ims.mnc070.mcc999.3gpp.network.org]: Deleting call, no media flowed
Jul  8 16:37:48 ims rtpengine[2201]: INFO: [b6a9ddfd4c164b8a@ims.mnc070.mcc999.3gpp.network.org]: Creating new call, offer received, 2 media ports allocated
Jul  8 16:39:20 ims rtpengine[2201]: INFO: [1914041790744977@ims.mnc070.mcc999.3gpp.network.org]: Final stats: 6839 packets, 1.3% loss, MOS 3.9
Jul  8 16:39:46 ims rtpengine[2201]: INFO: [b6a9ddfd4c164b8a@ims.mnc070.mcc999.3gpp.network.org]: Final stats: 5916 packets, 0.1% loss, MOS 4.5
Jul  8 16:40:28 ims rtpengine[2201]: INFO: [2f13e3e246a34bf3@ims.mnc070.mcc999.3gpp.network.org]: Creating new call, offer received, 2 media ports allocated
Jul  8 16:40:33 ims rtpengine[2201]: INFO: [512671f2f6d5441d@ims.mnc070.mcc999.3gpp.network.org]: Creating new call, offer received, 2 media ports allocated
Jul  8 16:40:33 ims rtpengine[2201]: INFO: [512671f2f6d5441d@ims.mnc070.mcc999.3gpp.network.org]: Deleting call, no media flowed
Jul  8 16:40:43 ims rtpengine[2201]: INFO: [6b0ca9db2578461c@ims.mnc070.mcc999.3gpp.network.org]: Final stats: 20023 packets, 0.4% loss, MOS 4.1
Jul  8 16:41:33 ims rtpengine[2201]: INFO: [2f13e3e246a34bf3@ims.mnc070.mcc999.3gpp.network.org]: Final stats: 3215 packets, 0.6% loss, MOS 4.2
Jul  8 16:43:19 ims rtpengine[2201]: INFO: [28150da15736457e@ims.mnc070.mcc999.3gpp.network.org]: Creating new call, offer received, 2 media ports allocated
Jul  8 16:45:05 ims rtpengine[2201]: INFO: [6393712601e243ef@ims.mnc070.mcc999.3gpp.network.org]: Final stats: 22726 packets, 0.0% loss, MOS 4.4
Jul  8 16:48:35 ims rtpengine[2201]: INFO: [6a90c4e84f9a4c61@ims.mnc070.mcc999.3gpp.network.org]: Creating new call, offer received, 2 media ports allocated
Jul  8 16:48:52 ims rtpengine[2201]: INFO: [f691f5e1822543d9@ims.mnc070.mcc999.3gpp.network.org]: Creating new call, offer received, 2 media ports allocated
Jul  8 16:48:58 ims rtpengine[2201]: INFO: [6a90c4e84f9a4c61@ims.mnc070.mcc999.3gpp.network.org]: Final stats: 1135 packets, 0.6% loss, MOS 4.0
Jul  8 16:49:07 ims rtpengine[2201]: INFO: [f691f5e1822543d9@ims.mnc070.mcc999.3gpp.network.org]: Final stats: 739 packets, 0.4% loss, MOS 4.2
Jul  8 16:51:09 ims rtpengine[2201]: INFO: [35f10a0d55bc4e41@ims.mnc070.mcc999.3gpp.network.org]: Creating new call, offer received, 2 media ports allocated
Jul  8 16:51:43 ims rtpengine[2201]: INFO: [401c1479ffe54860@ims.mnc070.mcc999.3gpp.network.org]: Creating new call, offer received, 2 media ports allocated
Jul  8 16:51:43 ims rtpengine[2201]: INFO: [401c1479ffe54860@ims.mnc070.mcc999.3gpp.network.org]: Deleting call, no media flowed
Jul  8 16:51:44 ims rtpengine[2201]: INFO: [35f10a0d55bc4e41@ims.mnc070.mcc999.3gpp.network.org]: Final stats: 1749 packets, 0.0% loss, MOS 4.5
Jul  8 16:52:19 ims rtpengine[2201]: INFO: [05cd0ce7b87f42c6@ims.mnc070.mcc999.3gpp.network.org]: Creating new call, offer received, 2 media ports allocated
Jul  8 16:52:19 ims rtpengine[2201]: INFO: [05cd0ce7b87f42c6@ims.mnc070.mcc999.3gpp.network.org]: Deleting call, no media flowed
Jul  8 16:53:22 ims rtpengine[2201]: INFO: [28150da15736457e@ims.mnc070.mcc999.3gpp.network.org]: Final stats: 30164 packets, 0.0% loss, MOS 4.5
Jul  8 16:56:22 ims rtpengine[2201]: INFO: [7aa9fe814e96421f@ims.mnc070.mcc999.3gpp.network.org]: Creating new call, offer received, 2 media ports allocated
Jul  8 16:56:54 ims rtpengine[2201]: INFO: [243c2578d57d42e4@ims.mnc070.mcc999.3gpp.network.org]: Creating new call, offer received, 2 media ports allocated
Jul  8 16:57:10 ims rtpengine[2201]: INFO: [58c39e28100345f2@ims.mnc070.mcc999.3gpp.network.org]: Creating new call, offer received, 2 media ports allocated
Jul  8 16:57:10 ims rtpengine[2201]: INFO: [58c39e28100345f2@ims.mnc070.mcc999.3gpp.network.org]: Deleting call, no media flowed
Jul  8 16:57:58 ims rtpengine[2201]: INFO: [245d3259aafd4b91@ims.mnc070.mcc999.3gpp.network.org]: Creating new call, offer received, 2 media ports allocated
Jul  8 16:57:58 ims rtpengine[2201]: INFO: [245d3259aafd4b91@ims.mnc070.mcc999.3gpp.network.org]: Deleting call, no media flowed
Jul  8 16:58:21 ims rtpengine[2201]: INFO: [f02b53d70bb64218@ims.mnc070.mcc999.3gpp.network.org]: Creating new call, offer received, 2 media ports allocated
Jul  8 16:58:34 ims rtpengine[2201]: INFO: [f2c21f9054f548f3@ims.mnc070.mcc999.3gpp.network.org]: Creating new call, offer received, 2 media ports allocated
Jul  8 16:58:34 ims rtpengine[2201]: INFO: [f2c21f9054f548f3@ims.mnc070.mcc999.3gpp.network.org]: Deleting call, no media flowed
Jul  8 16:58:48 ims rtpengine[2201]: INFO: [241e18e355c64d3c@ims.mnc070.mcc999.3gpp.network.org]: Creating new call, offer received, 2 media ports allocated
Jul  8 16:58:49 ims rtpengine[2201]: INFO: [f02b53d70bb64218@ims.mnc070.mcc999.3gpp.network.org]: Final stats: 1399 packets, 0.9% loss, MOS 4.4
Jul  8 16:58:55 ims rtpengine[2201]: INFO: [1b2502d058a94ddd@ims.mnc070.mcc999.3gpp.network.org]: Creating new call, offer received, 2 media ports allocated
Jul  8 16:58:56 ims rtpengine[2201]: INFO: [a58193210ebc4921@ims.mnc070.mcc999.3gpp.network.org]: Creating new call, offer received, 2 media ports allocated
Jul  8 16:59:02 ims rtpengine[2201]: INFO: [241e18e355c64d3c@ims.mnc070.mcc999.3gpp.network.org]: Final stats: 706 packets, 0.5% loss, MOS 4.5
Jul  8 16:59:39 ims rtpengine[2201]: INFO: [7aa9fe814e96421f@ims.mnc070.mcc999.3gpp.network.org]: Final stats: 9833 packets, 0.0% loss, MOS 4.5
Jul  8 16:59:56 ims rtpengine[2201]: INFO: [1b2502d058a94ddd@ims.mnc070.mcc999.3gpp.network.org]: Final stats: 3078 packets, 0.0% loss, MOS 4.5
Jul  8 17:00:47 ims rtpengine[2201]: INFO: [a58193210ebc4921@ims.mnc070.mcc999.3gpp.network.org]: Final stats: 5538 packets, 0.0% loss, MOS 4.4
Jul  8 17:01:39 ims rtpengine[2201]: INFO: [243c2578d57d42e4@ims.mnc070.mcc999.3gpp.network.org]: Final stats: 14235 packets, 0.0% loss, MOS 4.5
Jul  8 17:02:41 ims rtpengine[2201]: INFO: [eb4b33e41a034af4@ims.mnc070.mcc999.3gpp.network.org]: Creating new call, offer received, 2 media ports allocated
Jul  8 17:03:19 ims rtpengine[2201]: INFO: [0571bcedd841421b@ims.mnc070.mcc999.3gpp.network.org]: Creating new call, offer received, 2 media ports allocated
Jul  8 17:03:34 ims rtpengine[2201]: INFO: [1e1e625867b74ff0@ims.mnc070.mcc999.3gpp.network.org]: Creating new call, offer received, 2 media ports allocated
Jul  8 17:03:52 ims rtpengine[2201]: INFO: [0571bcedd841421b@ims.mnc070.mcc999.3gpp.network.org]: Final stats: 1645 packets, 0.0% loss, MOS 4.5
Jul  8 17:04:43 ims rtpengine[2201]: INFO: [a5326d15ab024209@ims.mnc070.mcc999.3gpp.network.org]: Creating new call, offer received, 2 media ports allocated
Jul  8 17:05:16 ims rtpengine[2201]: INFO: [a5326d15ab024209@ims.mnc070.mcc999.3gpp.network.org]: Final stats: 1653 packets, 0.4% loss, MOS 4.3
Jul  8 17:05:21 ims rtpengine[2201]: INFO: [1e1e625867b74ff0@ims.mnc070.mcc999.3gpp.network.org]: Final stats: 5351 packets, 0.0% loss, MOS 4.3
Jul  8 17:06:17 ims rtpengine[2201]: INFO: [620cc2df5f1a48fe@ims.mnc070.mcc999.3gpp.network.org]: Creating new call, offer received, 2 media ports allocated
Jul  8 17:06:45 ims rtpengine[2201]: INFO: [eb4b33e41a034af4@ims.mnc070.mcc999.3gpp.network.org]: Final stats: 12188 packets, 1.0% loss, MOS 4.2
Jul  8 17:08:19 ims rtpengine[2201]: INFO: [620cc2df5f1a48fe@ims.mnc070.mcc999.3gpp.network.org]: Final stats: 6109 packets, 0.1% loss, MOS 4.5
Jul  8 17:09:14 ims rtpengine[2201]: INFO: [cc6b62a995624a6c@ims.mnc070.mcc999.3gpp.network.org]: Creating new call, offer received, 2 media ports allocated
Jul  8 17:09:28 ims rtpengine[2201]: INFO: [da22085d21cb4db5@ims.mnc070.mcc999.3gpp.network.org]: Creating new call, offer received, 2 media ports allocated
Jul  8 17:10:15 ims rtpengine[2201]: INFO: [bddcaf28b7e94dcf@ims.mnc070.mcc999.3gpp.network.org]: Creating new call, offer received, 2 media ports allocated
Jul  8 17:10:23 ims rtpengine[2201]: INFO: [a805bee30d3d4912@ims.mnc070.mcc999.3gpp.network.org]: Creating new call, offer received, 2 media ports allocated
Jul  8 17:10:24 ims rtpengine[2201]: INFO: [bddcaf28b7e94dcf@ims.mnc070.mcc999.3gpp.network.org]: Final stats: 456 packets, 2.2% loss, MOS 3.8
Jul  8 17:11:15 ims rtpengine[2201]: INFO: [da22085d21cb4db5@ims.mnc070.mcc999.3gpp.network.org]: Final stats: 5321 packets, 0.0% loss, MOS 4.4
Jul  8 17:12:07 ims rtpengine[2201]: INFO: [6e63ddd540634062@ims.mnc070.mcc999.3gpp.network.org]: Creating new call, offer received, 2 media ports allocated
Jul  8 17:12:10 ims rtpengine[2201]: INFO: [6e63ddd540634062@ims.mnc070.mcc999.3gpp.network.org]: Final stats: 137 packets, 1.0% loss, MOS 4.3
Jul  8 17:13:07 ims rtpengine[2201]: INFO: [a805bee30d3d4912@ims.mnc070.mcc999.3gpp.network.org]: Final stats: 8161 packets, 0.0% loss, MOS 4.5
Jul  8 17:14:02 ims rtpengine[2201]: INFO: [ffa26f2fcfac4978@ims.mnc070.mcc999.3gpp.network.org]: Creating new call, offer received, 2 media ports allocated
Jul  8 17:14:02 ims rtpengine[2201]: INFO: [ffa26f2fcfac4978@ims.mnc070.mcc999.3gpp.network.org]: Deleting call, no media flowed
Jul  8 17:14:09 ims rtpengine[2201]: INFO: [cc6b62a995624a6c@ims.mnc070.mcc999.3gpp.network.org]: Final stats: 14769 packets, 0.4% loss, MOS 4.2
Jul  8 17:16:02 ims rtpengine[2201]: INFO: [3fbaaab95a114b9b@ims.mnc070.mcc999.3gpp.network.org]: Creating new call, offer received, 2 media ports allocated
Jul  8 17:16:02 ims rtpengine[2201]: INFO: [3fbaaab95a114b9b@ims.mnc070.mcc999.3gpp.network.org]: Deleting call, no media flowed
Jul  8 17:16:21 ims rtpengine[2201]: INFO: [2335c2a7c24141f8@ims.mnc070.mcc999.3gpp.network.org]: Creating new call, offer received, 2 media ports allocated
Jul  8 17:16:21 ims rtpengine[2201]: INFO: [2335c2a7c24141f8@ims.mnc070.mcc999.3gpp.network.org]: Deleting call, no media flowed
Jul  8 17:18:40 ims rtpengine[2201]: INFO: [065497bd15da40d9@ims.mnc070.mcc999.3gpp.network.org]: Creating new call, offer received, 2 media ports allocated
Jul  8 17:18:40 ims rtpengine[2201]: INFO: [065497bd15da40d9@ims.mnc070.mcc999.3gpp.network.org]: Deleting call, no media flowed
Jul  8 17:18:51 ims rtpengine[2201]: INFO: [c9856bafcbbf4b13@ims.mnc070.mcc999.3gpp.network.org]: Creating new call, offer received, 2 media ports allocated
Jul  8 17:19:19 ims rtpengine[2201]: INFO: [0139ba4120cf4409@ims.mnc070.mcc999.3gpp.network.org]: Creating new call, offer received, 2 media ports allocated
Jul  8 17:20:16 ims rtpengine[2201]: INFO: [23985cce5f2c470c@ims.mnc070.mcc999.3gpp.network.org]: Creating new call, offer received, 2 media ports allocated
Jul  8 17:21:16 ims rtpengine[2201]: INFO: [0139ba4120cf4409@ims.mnc070.mcc999.3gpp.network.org]: Final stats: 5892 packets, 0.0% loss, MOS 4.5
Jul  8 17:21:20 ims rtpengine[2201]: INFO: [c9856bafcbbf4b13@ims.mnc070.mcc999.3gpp.network.org]: Final stats: 7468 packets, 0.5% loss, MOS 4.1
Jul  8 17:21:26 ims rtpengine[2201]: INFO: [7fb6601bc33446e4@ims.mnc070.mcc999.3gpp.network.org]: Creating new call, offer received, 2 media ports allocated
Jul  8 17:23:42 ims rtpengine[2201]: INFO: [c0ac750f64014024@ims.mnc070.mcc999.3gpp.network.org]: Creating new call, offer received, 2 media ports allocated
Jul  8 17:25:00 ims rtpengine[2201]: INFO: [7fb6601bc33446e4@ims.mnc070.mcc999.3gpp.network.org]: Final stats: 10714 packets, 0.0% loss, MOS 4.5
Jul  8 17:25:08 ims rtpengine[2201]: INFO: [c0ac750f64014024@ims.mnc070.mcc999.3gpp.network.org]: Final stats: 4309 packets, 0.1% loss, MOS 4.2
Jul  8 17:25:17 ims rtpengine[2201]: INFO: [23985cce5f2c470c@ims.mnc070.mcc999.3gpp.network.org]: Final stats: 15073 packets, 0.4% loss, MOS 4.3
Jul  8 17:27:38 ims rtpengine[2201]: INFO: [31cbe94cddaa44cd@ims.mnc070.mcc999.3gpp.network.org]: Creating new call, offer received, 2 media ports allocated
Jul  8 17:28:20 ims rtpengine[2201]: INFO: [f1dc47a893174efb@ims.mnc070.mcc999.3gpp.network.org]: Creating new call, offer received, 2 media ports allocated
Jul  8 17:28:21 ims rtpengine[2201]: INFO: [31cbe94cddaa44cd@ims.mnc070.mcc999.3gpp.network.org]: Final stats: 2157 packets, 0.0% loss, MOS 4.4
Jul  8 17:28:57 ims rtpengine[2201]: INFO: [f1dc47a893174efb@ims.mnc070.mcc999.3gpp.network.org]: Final stats: 1875 packets, 0.4% loss, MOS 4.2
Jul  8 17:31:19 ims rtpengine[2201]: INFO: [6c08db33ad454528@ims.mnc070.mcc999.3gpp.network.org]: Creating new call, offer received, 2 media ports allocated
Jul  8 17:31:59 ims rtpengine[2201]: INFO: [6c08db33ad454528@ims.mnc070.mcc999.3gpp.network.org]: Final stats: 1994 packets, 0.0% loss, MOS 4.3
Jul  8 17:33:44 ims rtpengine[2201]: INFO: [944ad9214f0e4f77@ims.mnc070.mcc999.3gpp.network.org]: Creating new call, offer received, 2 media ports allocated
Jul  8 17:34:19 ims rtpengine[2201]: INFO: [8bfb66bc763e44e9@ims.mnc070.mcc999.3gpp.network.org]: Creating new call, offer received, 2 media ports allocated
Jul  8 17:35:17 ims rtpengine[2201]: INFO: [944ad9214f0e4f77@ims.mnc070.mcc999.3gpp.network.org]: Final stats: 4656 packets, 0.5% loss, MOS 4.4
Jul  8 17:37:39 ims rtpengine[2201]: INFO: [30cd19c5c05640cb@ims.mnc070.mcc999.3gpp.network.org]: Creating new call, offer received, 2 media ports allocated
Jul  8 17:37:41 ims rtpengine[2201]: INFO: [8bfb66bc763e44e9@ims.mnc070.mcc999.3gpp.network.org]: Final stats: 10071 packets, 0.0% loss, MOS 4.5
Jul  8 17:39:05 ims rtpengine[2201]: INFO: [49c832e69df74074@ims.mnc070.mcc999.3gpp.network.org]: Creating new call, offer received, 2 media ports allocated
Jul  8 17:39:45 ims rtpengine[2201]: INFO: [f1f052d3cfd84d88@ims.mnc070.mcc999.3gpp.network.org]: Creating new call, offer received, 2 media ports allocated
Jul  8 17:39:45 ims rtpengine[2201]: INFO: [f1f052d3cfd84d88@ims.mnc070.mcc999.3gpp.network.org]: Deleting call, no media flowed
Jul  8 17:40:19 ims rtpengine[2201]: INFO: [49c832e69df74074@ims.mnc070.mcc999.3gpp.network.org]: Final stats: 3719 packets, 2.7% loss, MOS 3.6
Jul  8 17:41:03 ims rtpengine[2201]: INFO: [77e196b2577848c5@ims.mnc070.mcc999.3gpp.network.org]: Creating new call, offer received, 2 media ports allocated
Jul  8 17:41:29 ims rtpengine[2201]: INFO: [1ed70f663efd4989@ims.mnc070.mcc999.3gpp.network.org]: Creating new call, offer received, 2 media ports allocated
Jul  8 17:41:29 ims rtpengine[2201]: INFO: [1ed70f663efd4989@ims.mnc070.mcc999.3gpp.network.org]: Deleting call, no media flowed
Jul  8 17:41:38 ims rtpengine[2201]: INFO: [30cd19c5c05640cb@ims.mnc070.mcc999.3gpp.network.org]: Final stats: 11950 packets, 0.0% loss, MOS 4.5
Jul  8 17:43:28 ims rtpengine[2201]: INFO: [bd9ba882caa44a3f@ims.mnc070.mcc999.3gpp.network.org]: Creating new call, offer received, 2 media ports allocated
Jul  8 17:43:40 ims rtpengine[2201]: INFO: [bd9ba882caa44a3f@ims.mnc070.mcc999.3gpp.network.org]: Final stats: 632 packets, 0.6% loss, MOS 4.5
Jul  8 17:44:16 ims rtpengine[2201]: INFO: [77e196b2577848c5@ims.mnc070.mcc999.3gpp.network.org]: Final stats: 9634 packets, 0.0% loss, MOS 4.5
Jul  8 17:45:37 ims rtpengine[2201]: INFO: [997fd74292724374@ims.mnc070.mcc999.3gpp.network.org]: Creating new call, offer received, 2 media ports allocated
Jul  8 17:45:58 ims rtpengine[2201]: INFO: [5791bc76a6c74b68@ims.mnc070.mcc999.3gpp.network.org]: Creating new call, offer received, 2 media ports allocated
Jul  8 17:46:25 ims rtpengine[2201]: INFO: [b3d804e8bba94b6f@ims.mnc070.mcc999.3gpp.network.org]: Creating new call, offer received, 2 media ports allocated
Jul  8 17:48:13 ims rtpengine[2201]: INFO: [b3d804e8bba94b6f@ims.mnc070.mcc999.3gpp.network.org]: Final stats: 5400 packets, 0.0% loss, MOS 4.5
Jul  8 17:48:30 ims rtpengine[2201]: INFO: [813432319be847cf@ims.mnc070.mcc999.3gpp.network.org]: Creating new call, offer received, 2 media ports allocated
Jul  8 17:48:53 ims rtpengine[2201]: INFO: [398dd633ffb3456a@ims.mnc070.mcc999.3gpp.network.org]: Creating new call, offer received, 2 media ports allocated
Jul  8 17:49:15 ims rtpengine[2201]: INFO: [813432319be847cf@ims.mnc070.mcc999.3gpp.network.org]: Final stats: 2266 packets, 0.3% loss, MOS 4.5
Jul  8 17:49:45 ims rtpengine[2201]: INFO: [b51578812fbd4b7b@ims.mnc070.mcc999.3gpp.network.org]: Creating new call, offer received, 2 media ports allocated
Jul  8 17:49:59 ims rtpengine[2201]: INFO: [b51578812fbd4b7b@ims.mnc070.mcc999.3gpp.network.org]: Final stats: 673 packets, 0.0% loss, MOS 4.5
Jul  8 17:50:00 ims rtpengine[2201]: INFO: [5bc38adb550b4716@ims.mnc070.mcc999.3gpp.network.org]: Creating new call, offer received, 2 media ports allocated
Jul  8 17:50:07 ims rtpengine[2201]: INFO: [5bc38adb550b4716@ims.mnc070.mcc999.3gpp.network.org]: Final stats: 316 packets, 0.0% loss, MOS 4.5
Jul  8 17:51:16 ims rtpengine[2201]: INFO: [398dd633ffb3456a@ims.mnc070.mcc999.3gpp.network.org]: Final stats: 7165 packets, 0.9% loss, MOS 4.1
Jul  8 17:52:12 ims rtpengine[2201]: INFO: [5791bc76a6c74b68@ims.mnc070.mcc999.3gpp.network.org]: Final stats: 18719 packets, 0.0% loss, MOS 4.5
Jul  8 17:53:04 ims rtpengine[2201]: INFO: [36ac2f8a09e74f89@ims.mnc070.mcc999.3gpp.network.org]: Creating new call, offer received, 2 media ports allocated
Jul  8 17:55:27 ims rtpengine[2201]: INFO: [39b52b2bb6724b15@ims.mnc070.mcc999.3gpp.network.org]: Creating new call, offer received, 2 media ports allocated
Jul  8 17:55:43 ims rtpengine[2201]: INFO: [36ac2f8a09e74f89@ims.mnc070.mcc999.3gpp.network.org]: Final stats: 7925 packets, 0.8% loss, MOS 4.2
Jul  8 17:55:44 ims rtpengine[2201]: INFO: [39b52b2bb6724b15@ims.mnc070.mcc999.3gpp.network.org]: Final stats: 861 packets, 0.0% loss, MOS 4.5
Jul  8 17:57:28 ims rtpengine[2201]: INFO: [c5b3e1b6d53643e7@ims.mnc070.mcc999.3gpp.network.org]: Creating new call, offer received, 2 media ports allocated
Jul  8 17:57:38 ims rtpengine[2201]: INFO: [76abba468ce342f1@ims.mnc070.mcc999.3gpp.network.org]: Creating new call, offer received, 2 media ports allocated
Jul  8 17:57:38 ims rtpengine[2201]: INFO: [76abba468ce342f1@ims.mnc070.mcc999.3gpp.network.org]: Deleting call, no media flowed
Jul  8 17:59:33 ims rtpengine[2201]: INFO: [a2aa7ce7879f467d@ims.mnc070.mcc999.3gpp.network.org]: Creating new call, offer received, 2 media ports allocated
Jul  8 17:59:50 ims rtpengine[2201]: INFO: [c5b3e1b6d53643e7@ims.mnc070.mcc999.3gpp.network.org]: Final stats: 7118 packets, 0.7% loss, MOS 4.0
Jul  8 18:01:37 ims rtpengine[2201]: INFO: [809ead245d6d4a99@ims.mnc070.mcc999.3gpp.network.org]: Creating new call, offer received, 2 media ports allocated
Jul  8 18:01:56 ims rtpengine[2201]: INFO: [809ead245d6d4a99@ims.mnc070.mcc999.3gpp.network.org]: Final stats: 936 packets, 1.2% loss, MOS 4.2
Jul  8 18:04:09 ims rtpengine[2201]: INFO: [997fd74292724374@ims.mnc070.mcc999.3gpp.network.org]: Final stats: 55570 packets, 0.0% loss, MOS 4.5
Jul  8 18:05:04 ims rtpengine[2201]: INFO: [9d5de06ece724b93@ims.mnc070.mcc999.3gpp.network.org]: Creating new call, offer received, 2 media ports allocated
Jul  8 18:05:04 ims rtpengine[2201]: INFO: [9d5de06ece724b93@ims.mnc070.mcc999.3gpp.network.org]: Deleting call, no media flowed
Jul  8 18:06:09 ims rtpengine[2201]: INFO: [de14df36b8fa4855@ims.mnc070.mcc999.3gpp.network.org]: Creating new call, offer received, 2 media ports allocated
Jul  8 18:07:30 ims rtpengine[2201]: INFO: [ea3f962562234680@ims.mnc070.mcc999.3gpp.network.org]: Creating new call, offer received, 2 media ports allocated
Jul  8 18:07:35 ims rtpengine[2201]: INFO: [ea3f962562234680@ims.mnc070.mcc999.3gpp.network.org]: Final stats: 248 packets, 0.0% loss, MOS 4.5
Jul  8 18:07:35 ims rtpengine[2201]: INFO: [de14df36b8fa4855@ims.mnc070.mcc999.3gpp.network.org]: Final stats: 4302 packets, 0.0% loss, MOS 4.5
Jul  8 18:07:47 ims rtpengine[2201]: INFO: [a2aa7ce7879f467d@ims.mnc070.mcc999.3gpp.network.org]: Final stats: 24713 packets, 1.5% loss, MOS 4.2
Jul  8 18:08:31 ims rtpengine[2201]: INFO: [b01cbf2f5594419a@ims.mnc070.mcc999.3gpp.network.org]: Creating new call, offer received, 2 media ports allocated
Jul  8 18:08:31 ims rtpengine[2201]: INFO: [b01cbf2f5594419a@ims.mnc070.mcc999.3gpp.network.org]: Deleting call, no media flowed
Jul  8 18:08:59 ims rtpengine[2201]: INFO: [29fc882b9919445f@ims.mnc070.mcc999.3gpp.network.org]: Creating new call, offer received, 2 media ports allocated
Jul  8 18:08:59 ims rtpengine[2201]: INFO: [29fc882b9919445f@ims.mnc070.mcc999.3gpp.network.org]: Deleting call, no media flowed
Jul  8 18:12:22 ims rtpengine[2201]: INFO: [539a6816096d4436@ims.mnc070.mcc999.3gpp.network.org]: Creating new call, offer received, 2 media ports allocated
Jul  8 18:12:28 ims rtpengine[2201]: INFO: [65eba62cb6ec45c1@ims.mnc070.mcc999.3gpp.network.org]: Creating new call, offer received, 2 media ports allocated
Jul  8 18:12:45 ims rtpengine[2201]: INFO: [e3aa253f2d824c3a@ims.mnc070.mcc999.3gpp.network.org]: Creating new call, offer received, 2 media ports allocated
Jul  8 18:13:01 ims rtpengine[2201]: INFO: [bfdf5885df024de3@ims.mnc070.mcc999.3gpp.network.org]: Creating new call, offer received, 2 media ports allocated
Jul  8 18:13:32 ims rtpengine[2201]: INFO: [539a6816096d4436@ims.mnc070.mcc999.3gpp.network.org]: Final stats: 3526 packets, 0.3% loss, MOS 4.5
Jul  8 18:13:37 ims rtpengine[2201]: INFO: [bfdf5885df024de3@ims.mnc070.mcc999.3gpp.network.org]: Final stats: 1803 packets, 0.0% loss, MOS 4.5
Jul  8 18:14:06 ims rtpengine[2201]: INFO: [58df8f0008704740@ims.mnc070.mcc999.3gpp.network.org]: Creating new call, offer received, 2 media ports allocated
Jul  8 18:14:06 ims rtpengine[2201]: INFO: [58df8f0008704740@ims.mnc070.mcc999.3gpp.network.org]: Deleting call, no media flowed
Jul  8 18:15:27 ims rtpengine[2201]: INFO: [65eba62cb6ec45c1@ims.mnc070.mcc999.3gpp.network.org]: Final stats: 8948 packets, 1.3% loss, MOS 3.9
Jul  8 18:18:07 ims rtpengine[2201]: INFO: [e3aa253f2d824c3a@ims.mnc070.mcc999.3gpp.network.org]: Final stats: 16118 packets, 0.0% loss, MOS 4.5
Jul  8 18:19:36 ims rtpengine[2201]: INFO: [0c7c8ece86654b00@ims.mnc070.mcc999.3gpp.network.org]: Creating new call, offer received, 2 media ports allocated
Jul  8 18:20:01 ims rtpengine[2201]: INFO: [0c7c8ece86654b00@ims.mnc070.mcc999.3gpp.network.org]: Final stats: 1259 packets, 0.1% loss, MOS 4.3
Jul  8 18:21:45 ims rtpengine[2201]: INFO: [e5784a954a794959@ims.mnc070.mcc999.3gpp.network.org]: Creating new call, offer received, 2 media ports allocated
Jul  8 18:21:57 ims rtpengine[2201]: INFO: [e960fb1a9c09476a@ims.mnc070.mcc999.3gpp.network.org]: Creating new call, offer received, 2 media ports allocated
Jul  8 18:22:07 ims rtpengine[2201]: INFO: [ac65655b8d4041dd@ims.mnc070.mcc999.3gpp.network.org]: Creating new call, offer received, 2 media ports allocated
Jul  8 18:22:09 ims rtpengine[2201]: INFO: [ac65655b8d4041dd@ims.mnc070.mcc999.3gpp.network.org]: Final stats: 73 packets, 0.3% loss, MOS 4.4
Jul  8 18:22:37 ims rtpengine[2201]: INFO: [205d541fa87d4ddf@ims.mnc070.mcc999.3gpp.network.org]: Creating new call, offer received, 2 media ports allocated
Jul  8 18:22:39 ims rtpengine[2201]: INFO: [205d541fa87d4ddf@ims.mnc070.mcc999.3gpp.network.org]: Final stats: 108 packets, 1.1% loss, MOS 4.4
Jul  8 18:22:57 ims rtpengine[2201]: INFO: [fb490310c574435c@ims.mnc070.mcc999.3gpp.network.org]: Creating new call, offer received, 2 media ports allocated
Jul  8 18:23:31 ims rtpengine[2201]: INFO: [4ce3e0ef37a24e31@ims.mnc070.mcc999.3gpp.network.org]: Creating new call, offer received, 2 media ports allocated
Jul  8 18:23:58 ims rtpengine[2201]: INFO: [4ce3e0ef37a24e31@ims.mnc070.mcc999.3gpp.network.org]: Final stats: 1328 packets, 0.6% loss, MOS 4.3
Jul  8 18:24:07 ims rtpengine[2201]: INFO: [e5784a954a794959@ims.mnc070.mcc999.3gpp.network.org]: Final stats: 7076 packets, 2.0% loss, MOS 4.1
Jul  8 18:24:19 ims rtpengine[2201]: INFO: [fb490310c574435c@ims.mnc070.mcc999.3gpp.network.org]: Final stats: 4114 packets, 0.0% loss, MOS 4.3
Jul  8 18:27:30 ims rtpengine[2201]: INFO: [e960fb1a9c09476a@ims.mnc070.mcc999.3gpp.network.org]: Final stats: 16612 packets, 0.9% loss, MOS 4.2
Jul  8 18:27:32 ims rtpengine[2201]: INFO: [0037dc98140d4c6d@ims.mnc070.mcc999.3gpp.network.org]: Creating new call, offer received, 2 media ports allocated
Jul  8 18:29:13 ims rtpengine[2201]: INFO: [0037dc98140d4c6d@ims.mnc070.mcc999.3gpp.network.org]: Final stats: 5075 packets, 0.1% loss, MOS 4.3
Jul  8 18:29:26 ims rtpengine[2201]: INFO: [505544bdad9c4239@ims.mnc070.mcc999.3gpp.network.org]: Creating new call, offer received, 2 media ports allocated
Jul  8 18:29:26 ims rtpengine[2201]: INFO: [505544bdad9c4239@ims.mnc070.mcc999.3gpp.network.org]: Deleting call, no media flowed
Jul  8 18:32:56 ims rtpengine[2201]: INFO: [0d6b5d1d6ed947d5@ims.mnc070.mcc999.3gpp.network.org]: Creating new call, offer received, 2 media ports allocated
Jul  8 18:33:46 ims rtpengine[2201]: INFO: [d08801eb31ef4af1@ims.mnc070.mcc999.3gpp.network.org]: Creating new call, offer received, 2 media ports allocated
Jul  8 18:33:57 ims rtpengine[2201]: INFO: [0d6b5d1d6ed947d5@ims.mnc070.mcc999.3gpp.network.org]: Final stats: 3077 packets, 0.4% loss, MOS 4.2
Jul  8 18:34:49 ims rtpengine[2201]: INFO: [72d4d4d478e7430e@ims.mnc070.mcc999.3gpp.network.org]: Creating new call, offer received, 2 media ports allocated
Jul  8 18:36:01 ims rtpengine[2201]: INFO: [d08801eb31ef4af1@ims.mnc070.mcc999.3gpp.network.org]: Final stats: 6735 packets, 0.0% loss, MOS 4.2
Jul  8 18:36:05 ims rtpengine[2201]: INFO: [0041031431534840@ims.mnc070.mcc999.3gpp.network.org]: Creating new call, offer received, 2 media ports allocated
Jul  8 18:36:47 ims rtpengine[2201]: INFO: [72d4d4d478e7430e@ims.mnc070.mcc999.3gpp.network.org]: Final stats: 5896 packets, 1.1% loss, MOS 4.2
Jul  8 18:37:30 ims rtpengine[2201]: INFO: [1f4ceeebc9ad44a6@ims.mnc070.mcc999.3gpp.network.org]: Creating new call, offer received, 2 media ports allocated
Jul  8 18:37:30 ims rtpengine[2201]: INFO: [0041031431534840@ims.mnc070.mcc999.3gpp.network.org]: Final stats: 4262 packets, 1.4% loss, MOS 4.1
Jul  8 18:38:43 ims rtpengine[2201]: INFO: [4d1bbdd04c124269@ims.mnc070.mcc999.3gpp.network.org]: Creating new call, offer received, 2 media ports allocated
Jul  8 18:41:24 ims rtpengine[2201]: INFO: [17e4bddc41714e30@ims.mnc070.mcc999.3gpp.network.org]: Creating new call, offer received, 2 media ports allocated
Jul  8 18:41:37 ims rtpengine[2201]: INFO: [17e4bddc41714e30@ims.mnc070.mcc999.3gpp.network.org]: Final stats: 654 packets, 0.1% loss, MOS 4.5
Jul  8 18:43:12 ims rtpengine[2201]: INFO: [df2ad8c660f549c0@ims.mnc070.mcc999.3gpp.network.org]: Creating new call, offer received, 2 media ports allocated
Jul  8 18:43:12 ims rtpengine[2201]: INFO: [df2ad8c660f549c0@ims.mnc070.mcc999.3gpp.network.org]: Deleting call, no media flowed
Jul  8 18:43:29 ims rtpengine[2201]: INFO: [db9cab405e9c4dac@ims.mnc070.mcc999.3gpp.network.org]: Creating new call, offer received, 2 media ports allocated
Jul  8 18:44:41 ims rtpengine[2201]: INFO: [1f4ceeebc9ad44a6@ims.mnc070.mcc999.3gpp.network.org]: Final stats: 21578 packets, 0.0% loss, MOS 4.5
Jul  8 18:45:20 ims rtpengine[2201]: INFO: [4d1bbdd04c124269@ims.mnc070.mcc999.3gpp.network.org]: Final stats: 19853 packets, 0.2% loss, MOS 4.4
Jul  8 18:45:38 ims rtpengine[2201]: INFO: [db9cab405e9c4dac@ims.mnc070.mcc999.3gpp.network.org]: Final stats: 6432 packets, 0.7% loss, MOS 4.2
Jul  8 18:47:14 ims rtpengine[2201]: INFO: [df71976e9d3342aa@ims.mnc070.mcc999.3gpp.network.org]: Creating new call, offer received, 2 media ports allocated
Jul  8 18:48:52 ims rtpengine[2201]: INFO: [cda15f42e6454576@ims.mnc070.mcc999.3gpp.network.org]: Creating new call, offer received, 2 media ports allocated
Jul  8 18:49:00 ims rtpengine[2201]: INFO: [8a67dab8f5454885@ims.mnc070.mcc999.3gpp.network.org]: Creating new call, offer received, 2 media ports allocated
Jul  8 18:49:59 ims rtpengine[2201]: INFO: [cda15f42e6454576@ims.mnc070.mcc999.3gpp.network.org]: Final stats: 3363 packets, 0.8% loss, MOS 4.1
Jul  8 18:50:41 ims rtpengine[2201]: INFO: [92f738d429574265@ims.mnc070.mcc999.3gpp.network.org]: Creating new call, offer received, 2 media ports allocated
Jul  8 18:51:22 ims rtpengine[2201]: INFO: [92f738d429574265@ims.mnc070.mcc999.3gpp.network.org]: Final stats: 2034 packets, 0.0% loss, MOS 4.4
Jul  8 18:51:23 ims rtpengine[2201]: INFO: [df71976e9d3342aa@ims.mnc070.mcc999.3gpp.network.org]: Final stats: 12484 packets, 0.0% loss, MOS 4.2
Jul  8 18:51:59 ims rtpengine[2201]: INFO: [d855396a3f7045ef@ims.mnc070.mcc999.3gpp.network.org]: Creating new call, offer received, 2 media ports allocated
Jul  8 18:52:38 ims rtpengine[2201]: INFO: [c14f45da5f7947ac@ims.mnc070.mcc999.3gpp.network.org]: Creating new call, offer received, 2 media ports allocated
Jul  8 18:52:53 ims rtpengine[2201]: INFO: [8a67dab8f5454885@ims.mnc070.mcc999.3gpp.network.org]: Final stats: 11631 packets, 1.1% loss, MOS 4.1
Jul  8 18:53:43 ims rtpengine[2201]: INFO: [d855396a3f7045ef@ims.mnc070.mcc999.3gpp.network.org]: Final stats: 5224 packets, 0.3% loss, MOS 4.5
Jul  8 18:55:09 ims rtpengine[2201]: INFO: [c14f45da5f7947ac@ims.mnc070.mcc999.3gpp.network.org]: Final stats: 7524 packets, 0.4% loss, MOS 4.0
Jul  8 18:56:33 ims rtpengine[2201]: INFO: [71c2ae563d8a4e26@ims.mnc070.mcc999.3gpp.network.org]: Creating new call, offer received, 2 media ports allocated
Jul  8 18:57:38 ims rtpengine[2201]: INFO: [71c2ae563d8a4e26@ims.mnc070.mcc999.3gpp.network.org]: Final stats: 3283 packets, 0.0% loss, MOS 4.5
Jul  8 19:01:42 ims rtpengine[2201]: INFO: [5a58a64fb0c542fe@ims.mnc070.mcc999.3gpp.network.org]: Creating new call, offer received, 2 media ports allocated
Jul  8 19:01:42 ims rtpengine[2201]: INFO: [2a660c1ddc8049c0@ims.mnc070.mcc999.3gpp.network.org]: Creating new call, offer received, 2 media ports allocated
Jul  8 19:01:42 ims rtpengine[2201]: INFO: [2a660c1ddc8049c0@ims.mnc070.mcc999.3gpp.network.org]: Deleting call, no media flowed
Jul  8 19:01:58 ims rtpengine[2201]: INFO: [722654eae56b4bb0@ims.mnc070.mcc999.3gpp.network.org]: Creating new call, offer received, 2 media ports allocated
Jul  8 19:02:00 ims rtpengine[2201]: INFO: [93472dcc433a49ca@ims.mnc070.mcc999.3gpp.network.org]: Creating new call, offer received, 2 media ports allocated
Jul  8 19:02:18 ims rtpengine[2201]: INFO: [93472dcc433a49ca@ims.mnc070.mcc999.3gpp.network.org]: Final stats: 881 packets, 1.3% loss, MOS 4.0
Jul  8 19:02:46 ims rtpengine[2201]: INFO: [5a58a64fb0c542fe@ims.mnc070.mcc999.3gpp.network.org]: Final stats: 3214 packets, 1.3% loss, MOS 4.1
Jul  8 19:03:45 ims rtpengine[2201]: INFO: [722654eae56b4bb0@ims.mnc070.mcc999.3gpp.network.org]: Final stats: 5372 packets, 0.4% loss, MOS 4.2
Jul  8 19:04:08 ims rtpengine[2201]: INFO: [47457f98f6b4499e@ims.mnc070.mcc999.3gpp.network.org]: Creating new call, offer received, 2 media ports allocated
Jul  8 19:04:16 ims rtpengine[2201]: INFO: [59604c7055874562@ims.mnc070.mcc999.3gpp.network.org]: Creating new call, offer received, 2 media ports allocated
Jul  8 19:04:20 ims rtpengine[2201]: INFO: [47457f98f6b4499e@ims.mnc070.mcc999.3gpp.network.org]: Final stats: 622 packets, 0.5% loss, MOS 4.2
Jul  8 19:05:22 ims rtpengine[2201]: INFO: [8058d68e9af0409e@ims.mnc070.mcc999.3gpp.network.org]: Creating new call, offer received, 2 media ports allocated
Jul  8 19:06:41 ims rtpengine[2201]: INFO: [59604c7055874562@ims.mnc070.mcc999.3gpp.network.org]: Final stats: 7227 packets, 0.0% loss, MOS 4.4
Jul  8 19:07:13 ims rtpengine[2201]: INFO: [e2f5c1ae3dab420e@ims.mnc070.mcc999.3gpp.network.org]: Creating new call, offer received, 2 media ports allocated
Jul  8 19:08:56 ims rtpengine[2201]: INFO: [8fe6e9a760884d6e@ims.mnc070.mcc999.3gpp.network.org]: Creating new call, offer received, 2 media ports allocated
Jul  8 19:09:17 ims rtpengine[2201]: INFO: [e2f5c1ae3dab420e@ims.mnc070.mcc999.3gpp.network.org]: Final stats: 6204 packets, 0.0% loss, MOS 4.5
Jul  8 19:09:31 ims rtpengine[2201]: INFO: [8058d68e9af0409e@ims.mnc070.mcc999.3gpp.network.org]: Final stats: 12433 packets, 0.0% loss, MOS 4.2
Jul  8 19:09:59 ims rtpengine[2201]: INFO: [05aa3b8a83174f1f@ims.mnc070.mcc999.3gpp.network.org]: Creating new call, offer received, 2 media ports allocated
Jul  8 19:10:36 ims rtpengine[2201]: INFO: [e50da3b0963842fe@ims.mnc070.mcc999.3gpp.network.org]: Creating new call, offer received, 2 media ports allocated
Jul  8 19:10:36 ims rtpengine[2201]: INFO: [e50da3b0963842fe@ims.mnc070.mcc999.3gpp.network.org]: Deleting call, no media flowed
Jul  8 19:11:37 ims rtpengine[2201]: INFO: [05aa3b8a83174f1f@ims.mnc070.mcc999.3gpp.network.org]: Final stats: 4902 packets, 0.5% loss, MOS 4.1
Jul  8 19:12:35 ims rtpengine[2201]: INFO: [b219d4ba071b4002@ims.mnc070.mcc999.3gpp.network.org]: Creating new call, offer received, 2 media ports allocated
Jul  8 19:12:37 ims rtpengine[2201]: INFO: [b219d4ba071b4002@ims.mnc070.mcc999.3gpp.network.org]: Final stats: 98 packets, 0.0% loss, MOS 4.5
Jul  8 19:15:46 ims rtpengine[2201]: INFO: [8fe6e9a760884d6e@ims.mnc070.mcc999.3gpp.network.org]: Final stats: 20498 packets, 1.4% loss, MOS 4.1
Jul  8 19:17:30 ims rtpengine[2201]: INFO: [398a583ac0b8412c@ims.mnc070.mcc999.3gpp.network.org]: Creating new call, offer received, 2 media ports allocated
Jul  8 19:19:14 ims rtpengine[2201]: INFO: [bd3e583ac6b249c1@ims.mnc070.mcc999.3gpp.network.org]: Creating new call, offer received, 2 media ports allocated
Jul  8 19:19:51 ims rtpengine[2201]: INFO: [67e00615ab7949ee@ims.mnc070.mcc999.3gpp.network.org]: Creating new call, offer received, 2 media ports allocated
Jul  8 19:21:32 ims rtpengine[2201]: INFO: [398a583ac0b8412c@ims.mnc070.mcc999.3gpp.network.org]: Final stats: 12084 packets, 0.9% loss, MOS 4.4
Jul  8 19:22:35 ims rtpengine[2201]: INFO: [aab4032ddbe64c93@ims.mnc070.mcc999.3gpp.network.org]: Creating new call, offer received, 2 media ports allocated
Jul  8 19:24:13 ims rtpengine[2201]: INFO: [bd3e583ac6b249c1@ims.mnc070.mcc999.3gpp.network.org]: Final stats: 14971 packets, 1.0% loss, MOS 4.4
Jul  8 19:24:18 ims rtpengine[2201]: INFO: [aab4032ddbe64c93@ims.mnc070.mcc999.3gpp.network.org]: Final stats: 5148 packets, 0.0% loss, MOS 4.5
Jul  8 19:25:39 ims rtpengine[2201]: INFO: [5adbab54fbee467e@ims.mnc070.mcc999.3gpp.network.org]: Creating new call, offer received, 2 media ports allocated
Jul  8 19:25:45 ims rtpengine[2201]: INFO: [67e00615ab7949ee@ims.mnc070.mcc999.3gpp.network.org]: Final stats: 17699 packets, 0.0% loss, MOS 4.5
Jul  8 19:25:45 ims rtpengine[2201]: INFO: [5adbab54fbee467e@ims.mnc070.mcc999.3gpp.network.org]: Final stats: 273 packets, 0.3% loss, MOS 4.3
Jul  8 19:26:13 ims rtpengine[2201]: INFO: [0b0d902fb62f411e@ims.mnc070.mcc999.3gpp.network.org]: Creating new call, offer received, 2 media ports allocated
Jul  8 19:27:13 ims rtpengine[2201]: INFO: [0b0d902fb62f411e@ims.mnc070.mcc999.3gpp.network.org]: Final stats: 2987 packets, 0.0% loss, MOS 4.5
Jul  8 19:28:52 ims rtpengine[2201]: INFO: [a3ea4f6b20d04998@ims.mnc070.mcc999.3gpp.network.org]: Creating new call, offer received, 2 media ports allocated
Jul  8 19:28:56 ims rtpengine[2201]: INFO: [a3ea4f6b20d04998@ims.mnc070.mcc999.3gpp.network.org]: Final stats: 209 packets, 0.0% loss, MOS 4.5
Jul  8 19:28:56 ims rtpengine[2201]: INFO: [e602b38d9dab48af@ims.mnc070.mcc999.3gpp.network.org]: Creating new call, offer received, 2 media ports allocated
Jul  8 19:29:06 ims rtpengine[2201]: INFO: [6e2aaa36be3440fa@ims.mnc070.mcc999.3gpp.network.org]: Creating new call, offer received, 2 media ports allocated
Jul  8 19:29:18 ims rtpengine[2201]: INFO: [360f35cee0a2495a@ims.mnc070.mcc999.3gpp.network.org]: Creating new call, offer received, 2 media ports allocated
Jul  8 19:29:31 ims rtpengine[2201]: INFO: [e602b38d9dab48af@ims.mnc070.mcc999.3gpp.network.org]: Final stats: 1712 packets, 1.2% loss, MOS 4.2
Jul  8 19:30:14 ims rtpengine[2201]: WARNING: [6e2aaa36be3440fa@ims.mnc070.mcc999.3gpp.network.org]: media timeout, no RTP for 30s, closing call
Jul  8 19:30:14 ims rtpengine[2201]: INFO: [6e2aaa36be3440fa@ims.mnc070.mcc999.3gpp.network.org]: Final stats: 3423 packets, 0.2% loss, MOS 4.3
Jul  8 19:30:50 ims rtpengine[2201]: INFO: [48adb7f92d644171@ims.mnc070.mcc999.3gpp.network.org]: Creating new call, offer received, 2 media ports allocated
Jul  8 19:31:20 ims rtpengine[2201]: INFO: [48adb7f92d644171@ims.mnc070.mcc999.3gpp.network.org]: Final stats: 1520 packets, 0.0% loss, MOS 4.5
Jul  8 19:34:02 ims rtpengine[2201]: INFO: [0716ce1e629e41f9@ims.mnc070.mcc999.3gpp.network.org]: Creating new call, offer received, 2 media ports allocated
Jul  8 19:34:42 ims rtpengine[2201]: INFO: [360f35cee0a2495a@ims.mnc070.mcc999.3gpp.network.org]: Final stats: 16199 packets, 0.0% loss, MOS 4.5
Jul  8 19:35:37 ims rtpengine[2201]: INFO: [fa8e3d50adc04055@ims.mnc070.mcc999.3gpp.network.org]: Creating new call, offer received, 2 media ports allocated
Jul  8 19:36:28 ims rtpengine[2201]: INFO: [5f8a08c41b8142a2@ims.mnc070.mcc999.3gpp.network.org]: Creating new call, offer received, 2 media ports allocated
Jul  8 19:38:03 ims rtpengine[2201]: INFO: [5e48297355354045@ims.mnc070.mcc999.3gpp.network.org]: Creating new call, offer received, 2 media ports allocated
Jul  8 19:38:08 ims rtpengine[2201]: INFO: [fa8e3d50adc04055@ims.mnc070.mcc999.3gpp.network.org]: Final stats: 7521 packets, 0.0% loss, MOS 4.3
Jul  8 19:38:22 ims rtpengine[2201]: INFO: [5f8a08c41b8142a2@ims.mnc070.mcc999.3gpp.network.org]: Final stats: 5706 packets, 0.2% loss, MOS 4.5
Jul  8 19:39:37 ims rtpengine[2201]: INFO: [4d93f97787634d8f@ims.mnc070.mcc999.3gpp.network.org]: Creating new call, offer received, 2 media ports allocated
Jul  8 19:40:04 ims rtpengine[2201]: INFO: [5e48297355354045@ims.mnc070.mcc999.3gpp.network.org]: Final stats: 6054 packets, 1.0% loss, MOS 4.0
Jul  8 19:40:30 ims rtpengine[2201]: INFO: [0716ce1e629e41f9@ims.mnc070.mcc999.3gpp.network.org]: Final stats: 19371 packets, 0.0% loss, MOS 4.4
Jul  8 19:41:11 ims rtpengine[2201]: INFO: [4d93f97787634d8f@ims.mnc070.mcc999.3gpp.network.org]: Final stats: 4699 packets, 0.0% loss, MOS 4.5
Jul  8 19:42:42 ims rtpengine[2201]: INFO: [b0c996d9c93c4b25@ims.mnc070.mcc999.3gpp.network.org]: Creating new call, offer received, 2 media ports allocated
Jul  8 19:42:42 ims rtpengine[2201]: INFO: [b0c996d9c93c4b25@ims.mnc070.mcc999.3gpp.network.org]: Deleting call, no media flowed
Jul  8 19:44:54 ims rtpengine[2201]: INFO: [defc02d6866c4ba9@ims.mnc070.mcc999.3gpp.network.org]: Creating new call, offer received, 2 media ports allocated
Jul  8 19:45:23 ims rtpengine[2201]: INFO: [2f46f72decac4806@ims.mnc070.mcc999.3gpp.network.org]: Creating new call, offer received, 2 media ports allocated
Jul  8 19:45:23 ims rtpengine[2201]: INFO: [2f46f72decac4806@ims.mnc070.mcc999.3gpp.network.org]: Deleting call, no media flowed
Jul  8 19:45:41 ims rtpengine[2201]: INFO: [ffb39b6738ae47b2@ims.mnc070.mcc999.3gpp.network.org]: Creating new call, offer received, 2 media ports allocated
Jul  8 19:46:25 ims rtpengine[2201]: INFO: [defc02d6866c4ba9@ims.mnc070.mcc999.3gpp.network.org]: Final stats: 4544 packets, 2.3% loss, MOS 3.6
Jul  8 19:46:30 ims rtpengine[2201]: INFO: [5c99ad98f02a4ed2@ims.mnc070.mcc999.3gpp.network.org]: Creating new call, offer received, 2 media ports allocated
Jul  8 19:48:00 ims rtpengine[2201]: INFO: [02e727d80d8949f3@ims.mnc070.mcc999.3gpp.network.org]: Creating new call, offer received, 2 media ports allocated
Jul  8 19:48:15 ims rtpengine[2201]: INFO: [bad2974d51704f83@ims.mnc070.mcc999.3gpp.network.org]: Creating new call, offer received, 2 media ports allocated
Jul  8 19:48:15 ims rtpengine[2201]: INFO: [bad2974d51704f83@ims.mnc070.mcc999.3gpp.network.org]: Deleting call, no media flowed
Jul  8 19:48:43 ims rtpengine[2201]: INFO: [5c99ad98f02a4ed2@ims.mnc070.mcc999.3gpp.network.org]: Final stats: 6675 packets, 0.0% loss, MOS 4.4
Jul  8 19:50:24 ims rtpengine[2201]: INFO: [d173d20667054e20@ims.mnc070.mcc999.3gpp.network.org]: Creating new call, offer received, 2 media ports allocated
Jul  8 19:50:50 ims rtpengine[2201]: INFO: [ffb39b6738ae47b2@ims.mnc070.mcc999.3gpp.network.org]: Final stats: 15411 packets, 0.2% loss, MOS 4.4
Jul  8 19:50:52 ims rtpengine[2201]: INFO: [f8ca26169eb34b9f@ims.mnc070.mcc999.3gpp.network.org]: Creating new call, offer received, 2 media ports allocated
Jul  8 19:51:27 ims rtpengine[2201]: INFO: [d173d20667054e20@ims.mnc070.mcc999.3gpp.network.org]: Final stats: 3177 packets, 0.0% loss, MOS 4.5
Jul  8 19:52:11 ims rtpengine[2201]: INFO: [78f8ed54fe634e2d@ims.mnc070.mcc999.3gpp.network.org]: Creating new call, offer received, 2 media ports allocated
Jul  8 19:52:20 ims rtpengine[2201]: INFO: [f8ca26169eb34b9f@ims.mnc070.mcc999.3gpp.network.org]: Final stats: 4394 packets, 0.5% loss, MOS 4.3
Jul  8 19:54:32 ims rtpengine[2201]: INFO: [02e727d80d8949f3@ims.mnc070.mcc999.3gpp.network.org]: Final stats: 19629 packets, 0.1% loss, MOS 4.4
Jul  8 19:55:02 ims rtpengine[2201]: INFO: [78f8ed54fe634e2d@ims.mnc070.mcc999.3gpp.network.org]: Final stats: 8561 packets, 0.8% loss, MOS 4.1
Jul  8 19:55:52 ims rtpengine[2201]: INFO: [a888ced45c1c4e35@ims.mnc070.mcc999.3gpp.network.org]: Creating new call, offer received, 2 media ports allocated
Jul  8 19:57:20 ims rtpengine[2201]: INFO: [abcbcb0a607943fa@ims.mnc070.mcc999.3gpp.network.org]: Creating new call, offer received, 2 media ports allocated
Jul  8 19:57:20 ims rtpengine[2201]: INFO: [abcbcb0a607943fa@ims.mnc070.mcc999.3gpp.network.org]: Deleting call, no media flowed
Jul  8 19:59:22 ims rtpengine[2201]: INFO: [26afe56e27cc42ad@ims.mnc070.mcc999.3gpp.network.org]: Creating new call, offer received, 2 media ports allocated
Jul  8 20:01:00 ims rtpengine[2201]: INFO: [a888ced45c1c4e35@ims.mnc070.mcc999.3gpp.network.org]: Final stats: 15367 packets, 1.3% loss, MOS 3.9
Jul  8 20:01:41 ims rtpengine[2201]: INFO: [baaecd589f9e4e4b@ims.mnc070.mcc999.3gpp.network.org]: Creating new call, offer received, 2 media ports allocated
Jul  8 20:02:22 ims rtpengine[2201]: INFO: [26afe56e27cc42ad@ims.mnc070.mcc999.3gpp.network.org]: Final stats: 8984 packets, 1.5% loss, MOS 4.1
Jul  8 20:02:27 ims rtpengine[2201]: INFO: [baaecd589f9e4e4b@ims.mnc070.mcc999.3gpp.network.org]: Final stats: 2302 packets, 0.0% loss, MOS 4.4
Jul  8 20:04:02 ims rtpengine[2201]: INFO: [95b3412e492b4383@ims.mnc070.mcc999.3gpp.network.org]: Creating new call, offer received, 2 media ports allocated
Jul  8 20:04:31 ims rtpengine[2201]: INFO: [b975e3d558a74fae@ims.mnc070.mcc999.3gpp.network.org]: Creating new call, offer received, 2 media ports allocated
Jul  8 20:05:53 ims rtpengine[2201]: INFO: [b975e3d558a74fae@ims.mnc070.mcc999.3gpp.network.org]: Final stats: 4097 packets, 0.7% loss, MOS 4.1
Jul  8 20:05:59 ims rtpengine[2201]: INFO: [a5f86ad0c5a94091@ims.mnc070.mcc999.3gpp.network.org]: Creating new call, offer received, 2 media ports allocated
Jul  8 20:06:14 ims rtpengine[2201]: INFO: [31e21fc8e3424cd4@ims.mnc070.mcc999.3gpp.network.org]: Creating new call, offer received, 2 media ports allocated
Jul  8 20:06:16 ims rtpengine[2201]: INFO: [31e21fc8e3424cd4@ims.mnc070.mcc999.3gpp.network.org]: Final stats: 106 packets, 0.8% loss, MOS 4.0
Jul  8 20:07:49 ims rtpengine[2201]: INFO: [95b3412e492b4383@ims.mnc070.mcc999.3gpp.network.org]: Final stats: 11330 packets, 0.0% loss, MOS 4.5
Jul  8 20:08:18 ims rtpengine[2201]: INFO: [a5f86ad0c5a94091@ims.mnc070.mcc999.3gpp.network.org]: Final stats: 6957 packets, 0.0% loss, MOS 4.5
Jul  8 20:09:37 ims rtpengine[2201]: INFO: [51b94b70779c48c1@ims.mnc070.mcc999.3gpp.network.org]: Creating new call, offer received, 2 media ports allocated
Jul  8 20:09:43 ims rtpengine[2201]: INFO: [51b94b70779c48c1@ims.mnc070.mcc999.3gpp.network.org]: Final stats: 327 packets, 0.0% loss, MOS 4.5
Jul  8 20:12:37 ims rtpengine[2201]: INFO: [64c893ee68444ad6@ims.mnc070.mcc999.3gpp.network.org]: Creating new call, offer received, 2 media ports allocated
Jul  8 20:13:12 ims rtpengine[2201]: INFO: [64c893ee68444ad6@ims.mnc070.mcc999.3gpp.network.org]: Final stats: 1737 packets, 0.3% loss, MOS 4.1
Jul  8 20:16:16 ims rtpengine[2201]: INFO: [5631fdfb20f24a8c@ims.mnc070.mcc999.3gpp.network.org]: Creating new call, offer received, 2 media ports allocated
Jul  8 20:17:28 ims rtpengine[2201]: INFO: [7fd6c6bef9a2411b@ims.mnc070.mcc999.3gpp.network.org]: Creating new call, offer received, 2 media ports allocated
Jul  8 20:17:31 ims rtpengine[2201]: INFO: [5631fdfb20f24a8c@ims.mnc070.mcc999.3gpp.network.org]: Final stats: 3785 packets, 0.4% loss, MOS 4.4
Jul  8 20:20:40 ims rtpengine[2201]: INFO: [1a008e0b9c124de2@ims.mnc070.mcc999.3gpp.network.org]: Creating new call, offer received, 2 media ports allocated
Jul  8 20:20:51 ims rtpengine[2201]: INFO: [1a008e0b9c124de2@ims.mnc070.mcc999.3gpp.network.org]: Final stats: 559 packets, 0.3% loss, MOS 4.5
Jul  8 20:21:41 ims rtpengine[2201]: INFO: [7c7e9cc7288d4d37@ims.mnc070.mcc999.3gpp.network.org]: Creating new call, offer received, 2 media ports allocated
Jul  8 20:21:41 ims rtpengine[2201]: INFO: [7c7e9cc7288d4d37@ims.mnc070.mcc999.3gpp.network.org]: Deleting call, no media flowed
Jul  8 20:23:13 ims rtpengine[2201]: INFO: [7fd6c6bef9a2411b@ims.mnc070.mcc999.3gpp.network.org]: Final stats: 17233 packets, 1.0% loss, MOS 4.3
Jul  8 20:24:19 ims rtpengine[2201]: INFO: [e8546d062cf945cb@ims.mnc070.mcc999.3gpp.network.org]: Creating new call, offer received, 2 media ports allocated
Jul  8 20:24:19 ims rtpengine[2201]: INFO: [e8546d062cf945cb@ims.mnc070.mcc999.3gpp.network.org]: Deleting call, no media flowed
Jul  8 20:25:15 ims rtpengine[2201]: INFO: [169a3ac07ab441e3@ims.mnc070.mcc999.3gpp.network.org]: Creating new call, offer received, 2 media ports allocated
Jul  8 20:26:08 ims rtpengine[2201]: INFO: [169a3ac07ab441e3@ims.mnc070.mcc999.3gpp.network.org]: Final stats: 2633 packets, 0.1% loss, MOS 4.5
Jul  8 20:33:22 ims rtpengine[2201]: INFO: [a7fad1ebcfd24031@ims.mnc070.mcc999.3gpp.network.org]: Creating new call, offer received, 2 media ports allocated
Jul  8 20:33:36 ims rtpengine[2201]: INFO: [5c6da6c14c86497a@ims.mnc070.mcc999.3gpp.network.org]: Creating new call, offer received, 2 media ports allocated
Jul  8 20:34:42 ims rtpengine[2201]: INFO: [5c6da6c14c86497a@ims.mnc070.mcc999.3gpp.network.org]: Final stats: 3314 packets, 0.3% loss, MOS 4.5
Jul  8 20:36:21 ims rtpengine[2201]: INFO: [af43b8cc3f4a4cc7@ims.mnc070.mcc999.3gpp.network.org]: Creating new call, offer received, 2 media ports allocated
Jul  8 20:36:37 ims rtpengine[2201]: INFO: [af43b8cc3f4a4cc7@ims.mnc070.mcc999.3gpp.network.org]: Final stats: 769 packets, 0.0% loss, MOS 4.4
Jul  8 20:37:52 ims rtpengine[2201]: INFO: [1dde43ff7c074fea@ims.mnc070.mcc999.3gpp.network.org]: Creating new call, offer received, 2 media ports allocated
Jul  8 20:38:03 ims rtpengine[2201]: INFO: [48567defb06046a6@ims.mnc070.mcc999.3gpp.network.org]: Creating new call, offer received, 2 media ports allocated
Jul  8 20:38:14 ims rtpengine[2201]: INFO: [1dde43ff7c074fea@ims.mnc070.mcc999.3gpp.network.org]: Final stats: 1101 packets, 0.0% loss, MOS 4.5
Jul  8 20:38:41 ims rtpengine[2201]: INFO: [48567defb06046a6@ims.mnc070.mcc999.3gpp.network.org]: Final stats: 1913 packets, 2.3% loss, MOS 3.8
Jul  8 20:39:20 ims rtpengine[2201]: INFO: [a7fad1ebcfd24031@ims.mnc070.mcc999.3gpp.network.org]: Final stats: 17877 packets, 0.0% loss, MOS 4.5
Jul  8 20:40:54 ims rtpengine[2201]: INFO: [ae052a1b0fef4580@ims.mnc070.mcc999.3gpp.network.org]: Creating new call, offer received, 2 media ports allocated
Jul  8 20:40:55 ims rtpengine[2201]: INFO: [ae052a1b0fef4580@ims.mnc070.mcc999.3gpp.network.org]: Deleting call, no media flowed
Jul  8 20:44:54 ims rtpengine[2201]: INFO: [697b5b53aaf34e93@ims.mnc070.mcc999.3gpp.network.org]: Creating new call, offer received, 2 media ports allocated
Jul  8 20:45:25 ims rtpengine[2201]: INFO: [697b5b53aaf34e93@ims.mnc070.mcc999.3gpp.network.org]: Final stats: 1548 packets, 0.8% loss, MOS 4.1
Jul  8 20:46:04 ims rtpengine[2201]: INFO: [196758fee77b49f7@ims.mnc070.mcc999.3gpp.network.org]: Creating new call, offer received, 2 media ports allocated
Jul  8 20:46:11 ims rtpengine[2201]: INFO: [e62ee87885984ea3@ims.mnc070.mcc999.3gpp.network.org]: Creating new call, offer received, 2 media ports allocated
Jul  8 20:46:11 ims rtpengine[2201]: INFO: [e62ee87885984ea3@ims.mnc070.mcc999.3gpp.network.org]: Deleting call, no media flowed
Jul  8 20:47:35 ims rtpengine[2201]: INFO: [196758fee77b49f7@ims.mnc070.mcc999.3gpp.network.org]: Final stats: 4547 packets, 0.0% loss, MOS 4.5
Jul  8 20:48:36 ims rtpengine[2201]: INFO: [23e087a673c44086@ims.mnc070.mcc999.3gpp.network.org]: Creating new call, offer received, 2 media ports allocated
Jul  8 20:49:18 ims rtpengine[2201]: INFO: [271667077c484ee5@ims.mnc070.mcc999.3gpp.network.org]: Creating new call, offer received, 2 media ports allocated
Jul  8 20:50:03 ims rtpengine[2201]: INFO: [23e087a673c44086@ims.mnc070.mcc999.3gpp.network.org]: Final stats: 4359 packets, 0.0% loss, MOS 4.5
Jul  8 20:50:34 ims rtpengine[2201]: INFO: [271667077c484ee5@ims.mnc070.mcc999.3gpp.network.org]: Final stats: 3829 packets, 0.1% loss, MOS 4.3
Jul  8 20:50:46 ims rtpengine[2201]: INFO: [40b56d1685eb40c8@ims.mnc070.mcc999.3gpp.network.org]: Creating new call, offer received, 2 media ports allocated
Jul  8 20:52:22 ims rtpengine[2201]: INFO: [c0590dbbf6df4c63@ims.mnc070.mcc999.3gpp.network.org]: Creating new call, offer received, 2 media ports allocated
Jul  8 20:52:35 ims rtpengine[2201]: INFO: [40b56d1685eb40c8@ims.mnc070.mcc999.3gpp.network.org]: Final stats: 5464 packets, 0.4% loss, MOS 4.1
Jul  8 20:52:36 ims rtpengine[2201]: INFO: [d773f1b4d2ba4179@ims.mnc070.mcc999.3gpp.network.org]: Creating new call, offer received, 2 media ports allocated
Jul  8 20:52:51 ims rtpengine[2201]: INFO: [d773f1b4d2ba4179@ims.mnc070.mcc999.3gpp.network.org]: Final stats: 735 packets, 2.5% loss, MOS 3.9
Jul  8 20:54:06 ims rtpengine[2201]: INFO: [c0590dbbf6df4c63@ims.mnc070.mcc999.3gpp.network.org]: Final stats: 5178 packets, 0.0% loss, MOS 4.5
Jul  8 21:01:21 ims rtpengine[2201]: INFO: [485a369ae3b741b8@ims.mnc070.mcc999.3gpp.network.org]: Creating new call, offer received, 2 media ports allocated
Jul  8 21:01:49 ims rtpengine[2201]: INFO: [a8648bb2f7944c87@ims.mnc070.mcc999.3gpp.network.org]: Creating new call, offer received, 2 media ports allocated
Jul  8 21:01:59 ims rtpengine[2201]: INFO: [485a369ae3b741b8@ims.mnc070.mcc999.3gpp.network.org]: Final stats: 1888 packets, 0.6% loss, MOS 4.2
Jul  8 21:05:37 ims rtpengine[2201]: INFO: [a8648bb2f7944c87@ims.mnc070.mcc999.3gpp.network.org]: Final stats: 11362 packets, 0.3% loss, MOS 4.4
Jul  8 21:06:16 ims rtpengine[2201]: INFO: [dfaac4dfd0784e54@ims.mnc070.mcc999.3gpp.network.org]: Creating new call, offer received, 2 media ports allocated
Jul  8 21:06:53 ims rtpengine[2201]: INFO: [dfaac4dfd0784e54@ims.mnc070.mcc999.3gpp.network.org]: Final stats: 1824 packets, 0.1% loss, MOS 4.3
Jul  8 21:09:15 ims rtpengine[2201]: INFO: [aec69b646dc94bf0@ims.mnc070.mcc999.3gpp.network.org]: Creating new call, offer received, 2 media ports allocated
Jul  8 21:09:31 ims rtpengine[2201]: INFO: [aec69b646dc94bf0@ims.mnc070.mcc999.3gpp.network.org]: Final stats: 790 packets, 0.0% loss, MOS 4.5
Jul  8 21:09:43 ims rtpengine[2201]: INFO: [a63b4fa95ede4720@ims.mnc070.mcc999.3gpp.network.org]: Creating new call, offer received, 2 media ports allocated
Jul  8 21:09:43 ims rtpengine[2201]: INFO: [a63b4fa95ede4720@ims.mnc070.mcc999.3gpp.network.org]: Deleting call, no media flowed
Jul  8 21:13:32 ims rtpengine[2201]: INFO: [70e3b0fc1e2e4ded@ims.mnc070.mcc999.3gpp.network.org]: Creating new call, offer received, 2 media ports allocated
Jul  8 21:13:43 ims rtpengine[2201]: INFO: [70e3b0fc1e2e4ded@ims.mnc070.mcc999.3gpp.network.org]: Final stats: 579 packets, 0.0% loss, MOS 4.5
Jul  8 21:14:26 ims rtpengine[2201]: INFO: [799ae934aa9a4c1d@ims.mnc070.mcc999.3gpp.network.org]: Creating new call, offer received, 2 media ports allocated
Jul  8 21:16:46 ims rtpengine[2201]: INFO: [5fb943eef1f64e19@ims.mnc070.mcc999.3gpp.network.org]: Creating new call, offer received, 2 media ports allocated
Jul  8 21:17:28 ims rtpengine[2201]: INFO: [799ae934aa9a4c1d@ims.mnc070.mcc999.3gpp.network.org]: Final stats: 9134 packets, 0.7% loss, MOS 4.1
Jul  8 21:20:25 ims rtpengine[2201]: INFO: [5fb943eef1f64e19@ims.mnc070.mcc999.3gpp.network.org]: Final stats: 10956 packets, 0.5% loss, MOS 4.2
Jul  8 21:20:56 ims rtpengine[2201]: INFO: [b1c633140fe0404e@ims.mnc070.mcc999.3gpp.network.org]: Creating new call, offer received, 2 media ports allocated
Jul  8 21:22:12 ims rtpengine[2201]: INFO: [e23dc39487e246cc@ims.mnc070.mcc999.3gpp.network.org]: Creating new call, offer received, 2 media ports allocated
Jul  8 21:22:58 ims rtpengine[2201]: INFO: [7062cafd328143bf@ims.mnc070.mcc999.3gpp.network.org]: Creating new call, offer received, 2 media ports allocated
Jul  8 21:22:58 ims rtpengine[2201]: INFO: [7062cafd328143bf@ims.mnc070.mcc999.3gpp.network.org]: Deleting call, no media flowed
Jul  8 21:24:12 ims rtpengine[2201]: INFO: [b1c633140fe0404e@ims.mnc070.mcc999.3gpp.network.org]: Final stats: 9801 packets, 0.5% loss, MOS 4.1
Jul  8 21:26:04 ims rtpengine[2201]: INFO: [e23dc39487e246cc@ims.mnc070.mcc999.3gpp.network.org]: Final stats: 11558 packets, 0.0% loss, MOS 4.5
Jul  8 21:28:11 ims rtpengine[2201]: INFO: [bcf6fad4477148df@ims.mnc070.mcc999.3gpp.network.org]: Creating new call, offer received, 2 media ports allocated
Jul  8 21:30:48 ims rtpengine[2201]: INFO: [bcf6fad4477148df@ims.mnc070.mcc999.3gpp.network.org]: Final stats: 7838 packets, 0.0% loss, MOS 4.5
Jul  8 21:34:55 ims rtpengine[2201]: INFO: [44f283d6bed743d2@ims.mnc070.mcc999.3gpp.network.org]: Creating new call, offer received, 2 media ports allocated
Jul  8 21:34:59 ims rtpengine[2201]: INFO: [44f283d6bed743d2@ims.mnc070.mcc999.3gpp.network.org]: Final stats: 155 packets, 0.0% loss, MOS 4.3
Jul  8 21:37:16 ims rtpengine[2201]: INFO: [039adf6e22524ee9@ims.mnc070.mcc999.3gpp.network.org]: Creating new call, offer received, 2 media ports allocated
Jul  8 21:39:35 ims rtpengine[2201]: INFO: [039adf6e22524ee9@ims.mnc070.mcc999.3gpp.network.org]: Final stats: 6954 packets, 0.1% loss, MOS 4.3
Jul  8 21:41:02 ims rtpengine[2201]: INFO: [98d0fc5edad84dca@ims.mnc070.mcc999.3gpp.network.org]: Creating new call, offer received, 2 media ports allocated
Jul  8 21:43:29 ims rtpengine[2201]: INFO: [1120c344de7b4198@ims.mnc070.mcc999.3gpp.network.org]: Creating new call, offer received, 2 media ports allocated
Jul  8 21:43:31 ims rtpengine[2201]: INFO: [35f19f65d7714180@ims.mnc070.mcc999.3gpp.network.org]: Creating new call, offer received, 2 media ports allocated
Jul  8 21:44:04 ims rtpengine[2201]: INFO: [35f19f65d7714180@ims.mnc070.mcc999.3gpp.network.org]: Final stats: 1663 packets, 0.0% loss, MOS 4.5
Jul  8 21:44:31 ims rtpengine[2201]: INFO: [1120c344de7b4198@ims.mnc070.mcc999.3gpp.network.org]: Final stats: 3129 packets, 0.6% loss, MOS 4.2
Jul  8 21:44:34 ims rtpengine[2201]: INFO: [98d0fc5edad84dca@ims.mnc070.mcc999.3gpp.network.org]: Final stats: 10596 packets, 0.0% loss, MOS 4.2
Jul  8 21:48:03 ims rtpengine[2201]: INFO: [4ce0bf35749b47ee@ims.mnc070.mcc999.3gpp.network.org]: Creating new call, offer received, 2 media ports allocated
Jul  8 21:48:07 ims rtpengine[2201]: INFO: [9896a5219c244ab5@ims.mnc070.mcc999.3gpp.network.org]: Creating new call, offer received, 2 media ports allocated
Jul  8 21:48:44 ims rtpengine[2201]: INFO: [9896a5219c244ab5@ims.mnc070.mcc999.3gpp.network.org]: Final stats: 1849 packets, 0.0% loss, MOS 4.5
Jul  8 21:48:50 ims rtpengine[2201]: INFO: [e502cf438ac24c8d@ims.mnc070.mcc999.3gpp.network.org]: Creating new call, offer received, 2 media ports allocated
Jul  8 21:50:07 ims rtpengine[2201]: INFO: [4ce0bf35749b47ee@ims.mnc070.mcc999.3gpp.network.org]: Final stats: 6184 packets, 0.4% loss, MOS 4.3
Jul  8 21:51:46 ims rtpengine[2201]: INFO: [e502cf438ac24c8d@ims.mnc070.mcc999.3gpp.network.org]: Final stats: 8785 packets, 1.2% loss, MOS 4.3
Jul  8 22:06:00 ims rtpengine[2201]: INFO: [ea53d40189074796@ims.mnc070.mcc999.3gpp.network.org]: Creating new call, offer received, 2 media ports allocated
Jul  8 22:06:09 ims rtpengine[2201]: INFO: [ea53d40189074796@ims.mnc070.mcc999.3gpp.network.org]: Final stats: 433 packets, 0.9% loss, MOS 4.1
Jul  8 22:06:45 ims rtpengine[2201]: INFO: [2e892e98b4704e0a@ims.mnc070.mcc999.3gpp.network.org]: Creating new call, offer received, 2 media ports allocated
Jul  8 22:06:55 ims rtpengine[2201]: INFO: [0788b2bfed0a4a4a@ims.mnc070.mcc999.3gpp.network.org]: Creating new call, offer received, 2 media ports allocated
Jul  8 22:07:17 ims rtpengine[2201]: INFO: [0788b2bfed0a4a4a@ims.mnc070.mcc999.3gpp.network.org]: Final stats: 1086 packets, 0.0% loss, MOS 4.5
Jul  8 22:08:50 ims rtpengine[2201]: INFO: [f06a962dee03412e@ims.mnc070.mcc999.3gpp.network.org]: Creating new call, offer received, 2 media ports allocated
Jul  8 22:09:09 ims rtpengine[2201]: INFO: [2e892e98b4704e0a@ims.mnc070.mcc999.3gpp.network.org]: Final stats: 7161 packets, 2.2% loss, MOS 3.7
Jul  8 22:09:15 ims rtpengine[2201]: INFO: [f06a962dee03412e@ims.mnc070.mcc999.3gpp.network.org]: Final stats: 1242 packets, 0.0% loss, MOS 4.5
Jul  8 22:13:00 ims rtpengine[2201]: INFO: [ade36e83973d40ce@ims.mnc070.mcc999.3gpp.network.org]: Creating new call, offer received, 2 media ports allocated
Jul  8 22:15:33 ims rtpengine[2201]: INFO: [ade36e83973d40ce@ims.mnc070.mcc999.3gpp.network.org]: Final stats: 7648 packets, 0.8% loss, MOS 4.2
Jul  8 22:23:38 ims rtpengine[2201]: INFO: [423fec03f5bf46a5@ims.mnc070.mcc999.3gpp.network.org]: Creating new call, offer received, 2 media ports allocated
Jul  8 22:24:13 ims rtpengine[2201]: INFO: [423fec03f5bf46a5@ims.mnc070.mcc999.3gpp.network.org]: Final stats: 1756 packets, 0.2% loss, MOS 4.4
Jul  8 22:27:10 ims rtpengine[2201]: INFO: [3ed1b7c7f6d647e9@ims.mnc070.mcc999.3gpp.network.org]: Creating new call, offer received, 2 media ports allocated
Jul  8 22:27:29 ims rtpengine[2201]: INFO: [3ed1b7c7f6d647e9@ims.mnc070.mcc999.3gpp.network.org]: Final stats: 929 packets, 0.0% loss, MOS 4.5
Jul  8 22:28:26 ims rtpengine[2201]: INFO: [3a34916be24b4498@ims.mnc070.mcc999.3gpp.network.org]: Creating new call, offer received, 2 media ports allocated
Jul  8 22:29:58 ims rtpengine[2201]: INFO: [b88d5190a2d9440b@ims.mnc070.mcc999.3gpp.network.org]: Creating new call, offer received, 2 media ports allocated
Jul  8 22:33:43 ims rtpengine[2201]: INFO: [3a34916be24b4498@ims.mnc070.mcc999.3gpp.network.org]: Final stats: 15860 packets, 1.2% loss, MOS 4.4
Jul  8 22:34:03 ims rtpengine[2201]: INFO: [cff2e4659c01492b@ims.mnc070.mcc999.3gpp.network.org]: Creating new call, offer received, 2 media ports allocated
Jul  8 22:34:03 ims rtpengine[2201]: INFO: [cff2e4659c01492b@ims.mnc070.mcc999.3gpp.network.org]: Deleting call, no media flowed
Jul  8 22:34:40 ims rtpengine[2201]: INFO: [a84e983c179e4fd2@ims.mnc070.mcc999.3gpp.network.org]: Creating new call, offer received, 2 media ports allocated
Jul  8 22:35:47 ims rtpengine[2201]: INFO: [c284b7decc8c4455@ims.mnc070.mcc999.3gpp.network.org]: Creating new call, offer received, 2 media ports allocated
Jul  8 22:36:49 ims rtpengine[2201]: INFO: [b88d5190a2d9440b@ims.mnc070.mcc999.3gpp.network.org]: Final stats: 20543 packets, 0.0% loss, MOS 4.5
Jul  8 22:37:23 ims rtpengine[2201]: INFO: [c284b7decc8c4455@ims.mnc070.mcc999.3gpp.network.org]: Final stats: 4771 packets, 0.3% loss, MOS 4.4
Jul  8 22:37:52 ims rtpengine[2201]: INFO: [a84e983c179e4fd2@ims.mnc070.mcc999.3gpp.network.org]: Final stats: 9578 packets, 1.5% loss, MOS 3.8
Jul  8 22:41:10 ims rtpengine[2201]: INFO: [69c6daf1a36d4240@ims.mnc070.mcc999.3gpp.network.org]: Creating new call, offer received, 2 media ports allocated
Jul  8 22:41:50 ims rtpengine[2201]: INFO: [69c6daf1a36d4240@ims.mnc070.mcc999.3gpp.network.org]: Final stats: 1963 packets, 0.6% loss, MOS 4.3
Jul  8 22:42:24 ims rtpengine[2201]: INFO: [3a16ab5c5e3c48cc@ims.mnc070.mcc999.3gpp.network.org]: Creating new call, offer received, 2 media ports allocated
Jul  8 22:42:38 ims rtpengine[2201]: INFO: [3a16ab5c5e3c48cc@ims.mnc070.mcc999.3gpp.network.org]: Final stats: 688 packets, 0.7% loss, MOS 4.3
Jul  8 22:52:25 ims rtpengine[2201]: INFO: [62ef9467c0454285@ims.mnc070.mcc999.3gpp.network.org]: Creating new call, offer received, 2 media ports allocated
Jul  8 22:52:45 ims rtpengine[2201]: INFO: [580f54bde5444968@ims.mnc070.mcc999.3gpp.network.org]: Creating new call, offer received, 2 media ports allocated
Jul  8 22:53:04 ims rtpengine[2201]: INFO: [580f54bde5444968@ims.mnc070.mcc999.3gpp.network.org]: Final stats: 961 packets, 0.0% loss, MOS 4.5
Jul  8 22:53:08 ims rtpengine[2201]: INFO: [62ef9467c0454285@ims.mnc070.mcc999.3gpp.network.org]: Final stats: 2111 packets, 0.0% loss, MOS 4.5
Jul  8 22:53:12 ims rtpengine[2201]: INFO: [b8b7821bbca64b3c@ims.mnc070.mcc999.3gpp.network.org]: Creating new call, offer received, 2 media ports allocated
Jul  8 22:53:23 ims rtpengine[2201]: INFO: [b8b7821bbca64b3c@ims.mnc070.mcc999.3gpp.network.org]: Final stats: 573 packets, 0.0% loss, MOS 4.5
Jul  8 22:55:24 ims rtpengine[2201]: INFO: [5157cb8506924093@ims.mnc070.mcc999.3gpp.network.org]: Creating new call, offer received, 2 media ports allocated
Jul  8 22:55:39 ims rtpengine[2201]: INFO: [5157cb8506924093@ims.mnc070.mcc999.3gpp.network.org]: Final stats: 743 packets, 0.0% loss, MOS 4.2
Jul  8 23:00:34 ims rtpengine[2201]: INFO: [f88d689148ba4046@ims.mnc070.mcc999.3gpp.network.org]: Creating new call, offer received, 2 media ports allocated
Jul  8 23:00:34 ims rtpengine[2201]: INFO: [f88d689148ba4046@ims.mnc070.mcc999.3gpp.network.org]: Deleting call, no media flowed
Jul  8 23:10:52 ims rtpengine[2201]: INFO: [4118e45d0dfe4279@ims.mnc070.mcc999.3gpp.network.org]: Creating new call, offer received, 2 media ports allocated
Jul  8 23:12:32 ims rtpengine[2201]: INFO: [4118e45d0dfe4279@ims.mnc070.mcc999.3gpp.network.org]: Final stats: 4976 packets, 0.7% loss, MOS 4.2
Jul  8 23:13:50 ims rtpengine[2201]: INFO: [c266bb9a3df94a43@ims.mnc070.mcc999.3gpp.network.org]: Creating new call, offer received, 2 media ports allocated
Jul  8 23:14:00 ims rtpengine[2201]: INFO: [aed30c31f3624af5@ims.mnc070.mcc999.3gpp.network.org]: Creating new call, offer received, 2 media ports allocated
Jul  8 23:14:17 ims rtpengine[2201]: INFO: [aed30c31f3624af5@ims.mnc070.mcc999.3gpp.network.org]: Final stats: 816 packets, 0.5% loss, MOS 4.2
Jul  8 23:15:46 ims rtpengine[2201]: INFO: [c266bb9a3df94a43@ims.mnc070.mcc999.3gpp.network.org]: Final stats: 5786 packets, 0.5% loss, MOS 4.1
Jul  8 23:19:37 ims rtpengine[2201]: INFO: [b65b51db97344035@ims.mnc070.mcc999.3gpp.network.org]: Creating new call, offer received, 2 media ports allocated
Jul  8 23:20:40 ims rtpengine[2201]: INFO: [b65b51db97344035@ims.mnc070.mcc999.3gpp.network.org]: Final stats: 3119 packets, 0.9% loss, MOS 4.0
Jul  8 23:24:59 ims rtpengine[2201]: INFO: [03d710dcc6fe42f1@ims.mnc070.mcc999.3gpp.network.org]: Creating new call, offer received, 2 media ports allocated
Jul  8 23:25:03 ims rtpengine[2201]: INFO: [59d2a9cfbed340f1@ims.mnc070.mcc999.3gpp.network.org]: Creating new call, offer received, 2 media ports allocated
Jul  8 23:25:06 ims rtpengine[2201]: INFO: [03d710dcc6fe42f1@ims.mnc070.mcc999.3gpp.network.org]: Final stats: 324 packets, 1.5% loss, MOS 4.1
Jul  8 23:27:11 ims rtpengine[2201]: INFO: [356967562c70496a@ims.mnc070.mcc999.3gpp.network.org]: Creating new call, offer received, 2 media ports allocated
Jul  8 23:27:19 ims rtpengine[2201]: INFO: [1ae2de4b62dc4006@ims.mnc070.mcc999.3gpp.network.org]: Creating new call, offer received, 2 media ports allocated
Jul  8 23:27:19 ims rtpengine[2201]: INFO: [1ae2de4b62dc4006@ims.mnc070.mcc999.3gpp.network.org]: Deleting call, no media flowed
Jul  8 23:29:20 ims rtpengine[2201]: INFO: [356967562c70496a@ims.mnc070.mcc999.3gpp.network.org]: Final stats: 6469 packets, 1.3% loss, MOS 4.2
Jul  8 23:29:50 ims rtpengine[2201]: INFO: [59d2a9cfbed340f1@ims.mnc070.mcc999.3gpp.network.org]: Final stats: 14339 packets, 1.0% loss, MOS 4.2
Jul  8 23:37:58 ims rtpengine[2201]: INFO: [ca98578ed9494963@ims.mnc070.mcc999.3gpp.network.org]: Creating new call, offer received, 2 media ports allocated
Jul  8 23:40:47 ims rtpengine[2201]: INFO: [3e2cb8e7ec714c65@ims.mnc070.mcc999.3gpp.network.org]: Creating new call, offer received, 2 media ports allocated
Jul  8 23:41:16 ims rtpengine[2201]: INFO: [3e2cb8e7ec714c65@ims.mnc070.mcc999.3gpp.network.org]: Final stats: 1417 packets, 0.9% loss, MOS 4.3
Jul  8 23:41:28 ims rtpengine[2201]: INFO: [ca98578ed9494963@ims.mnc070.mcc999.3gpp.network.org]: Final stats: 10506 packets, 0.0% loss, MOS 4.5
Jul  8 23:43:10 ims rtpengine[2201]: INFO: [e8903f1437574687@ims.mnc070.mcc999.3gpp.network.org]: Creating new call, offer received, 2 media ports allocated
Jul  8 23:44:52 ims rtpengine[2201]: INFO: [bd92d02d8a424202@ims.mnc070.mcc999.3gpp.network.org]: Creating new call, offer received, 2 media ports allocated
Jul  8 23:46:03 ims rtpengine[2201]: INFO: [e8903f1437574687@ims.mnc070.mcc999.3gpp.network.org]: Final stats: 8663 packets, 0.0% loss, MOS 4.5
Jul  8 23:46:27 ims rtpengine[2201]: INFO: [541b0efd75ed4d2f@ims.mnc070.mcc999.3gpp.network.org]: Creating new call, offer received, 2 media ports allocated
Jul  8 23:47:24 ims rtpengine[2201]: INFO: [541b0efd75ed4d2f@ims.mnc070.mcc999.3gpp.network.org]: Final stats: 2856 packets, 0.5% loss, MOS 4.2
Jul  8 23:49:15 ims rtpengine[2201]: INFO: [bd92d02d8a424202@ims.mnc070.mcc999.3gpp.network.org]: Final stats: 13152 packets, 0.7% loss, MOS 4.3
Jul  8 23:57:41 ims rtpengine[2201]: INFO: [9e247571e69040d7@ims.mnc070.mcc999.3gpp.network.org]: Creating new call, offer received, 2 media ports allocated
Jul  8 23:57:41 ims rtpengine[2201]: INFO: [9e247571e69040d7@ims.mnc070.mcc999.3gpp.network.org]: Deleting call, no media flowed
Jul  8 23:58:36 ims rtpengine[2201]: INFO: [45643cc2c4a54b51@ims.mnc070.mcc999.3gpp.network.org]: Creating new call, offer received, 2 media ports allocated
Jul  9 00:03:06 ims rtpengine[2201]: INFO: [45643cc2c4a54b51@ims.mnc070.mcc999.3gpp.network.org]: Final stats: 13500 packets, 1.4% loss, MOS 4.2
