Jul  6 00:01:19 ims kamailio-scscf[3067]: INFO: registrar [save.c:498]: 401 challenge -> REGISTER w/ auth -> 200 OK for sip:+999700000000831@ims.mnc070.mcc999.3gpp.network.org
Jul  6 00:01:43 ims kamailio-scscf[3067]: INFO: registrar [save.c:498]: 401 challenge -> REGISTER w/ auth -> 200 OK for sip:+999700000003123@ims.mnc070.mcc999.3gpp.network.org
Jul  6 00:03:04 ims kamailio-scscf[3067]: INFO: registrar [save.c:498]: 401 challenge -> REGISTER w/ auth -> 200 OK for sip:+999700000004212@ims.mnc070.mcc999.3gpp.network.org
Jul  6 00:03:37 ims kamailio-scscf[3067]: INFO: registrar [save.c:498]: 401 challenge -> REGISTER w/ auth -> 200 OK for sip:+999700000002160@ims.mnc070.mcc999.3gpp.network.org
Jul  6 00:04:05 ims kamailio-scscf[3067]: INFO: registrar [save.c:498]: 401 challenge -> REGISTER w/ auth -> 200 OK for sip:+999700000003294@ims.mnc070.mcc999.3gpp.network.org
Jul  6 00:05:42 ims kamailio-scscf[3067]: INFO: registrar [save.c:498]: 401 challenge -> REGISTER w/ auth -> 200 OK for sip:+999700000002806@ims.mnc070.mcc999.3gpp.network.org
Jul  6 00:07:21 ims kamailio-scscf[3067]: INFO: tm [t_reply.c:900]: Call-ID: afe5d755c27f4e39@ims.mnc070.mcc999.3gpp.network.org 180 Ringing -> 200 OK, dialog confirmed
Jul  6 00:07:53 ims kamailio-scscf[3067]: INFO: tm [t_reply.c:900]: Call-ID: 9bb5e2db47124146@ims.mnc070.mcc999.3gpp.network.org 180 Ringing -> 200 OK, dialog confirmed
Jul  6 00:09:57 ims kamailio-scscf[3067]: INFO: registrar [save.c:498]: 401 challenge -> REGISTER w/ auth -> 200 OK for sip:+999700000004080@ims.mnc070.mcc999.3gpp.network.org
Jul  6 00:11:20 ims kamailio-scscf[3067]: INFO: registrar [save.c:498]: 401 challenge -> REGISTER w/ auth -> 200 OK for sip:+999700000002320@ims.mnc070.mcc999.3gpp.network.org
Jul  6 00:11:25 ims kamailio-scscf[3067]: INFO: registrar [save.c:498]: 401 challenge -> REGISTER w/ auth -> 200 OK for sip:+999700000000468@ims.mnc070.mcc999.3gpp.network.org
Jul  6 00:16:07 ims kamailio-scscf[3067]: INFO: registrar [save.c:498]: 401 challenge -> REGISTER w/ auth -> 200 OK for sip:+999700000002444@ims.mnc070.mcc999.3gpp.network.org
Jul  6 00:19:05 ims kamailio-scscf[3067]: INFO: registrar [save.c:498]: 401 challenge -> REGISTER w/ auth -> 200 OK for sip:+999700000000306@ims.mnc070.mcc999.3gpp.network.org
Jul  6 00:19:08 ims kamailio-scscf[3067]: INFO: registrar [save.c:498]: 401 challenge -> REGISTER w/ auth -> 200 OK for sip:+999700000002997@ims.mnc070.mcc999.3gpp.network.org
Jul  6 00:19:44 ims kamailio-scscf[3067]: INFO: registrar [save.c:498]: 401 challenge -> REGISTER w/ auth -> 200 OK for sip:+999700000000068@ims.mnc070.mcc999.3gpp.network.org
Jul  6 00:20:35 ims kamailio-scscf[3067]: INFO: tm [t_reply.c:900]: Call-ID: be357037b43345a4@ims.mnc070.mcc999.3gpp.network.org 180 Ringing -> 200 OK, dialog confirmed
Jul  6 00:21:10 ims kamailio-scscf[3067]: INFO: registrar [save.c:498]: 401 challenge -> REGISTER w/ auth -> 200 OK for sip:+999700000003687@ims.mnc070.mcc999.3gpp.network.org
Jul  6 00:22:10 ims kamailio-scscf[3067]: INFO: registrar [save.c:498]: 401 challenge -> REGISTER w/ auth -> 200 OK for sip:+999700000001673@ims.mnc070.mcc999.3gpp.network.org
Jul  6 00:23:02 ims kamailio-scscf[3067]: INFO: registrar [save.c:498]: 401 challenge -> REGISTER w/ auth -> 200 OK for sip:+999700000004890@ims.mnc070.mcc999.3gpp.network.org
Jul  6 00:25:02 ims kamailio-scscf[3067]: INFO: tm [t_reply.c:900]: Call-ID: 1288cce169104526@ims.mnc070.mcc999.3gpp.network.org 180 Ringing -> 200 OK, dialog confirmed
Jul  6 00:25:26 ims kamailio-scscf[3067]: INFO: registrar [save.c:498]: 401 challenge -> REGISTER w/ auth -> 200 OK for sip:+999700000001365@ims.mnc070.mcc999.3gpp.network.org
Jul  6 00:25:26 ims kamailio-scscf[3067]: INFO: tm [t_reply.c:900]: Call-ID: a74fc94ee16d4c61@ims.mnc070.mcc999.3gpp.network.org 180 Ringing -> 200 OK, dialog confirmed
Jul  6 00:30:04 ims kamailio-scscf[3067]: INFO: registrar [save.c:498]: 401 challenge -> REGISTER w/ auth -> 200 OK for sip:+999700000003742@ims.mnc070.mcc999.3gpp.network.org
Jul  6 00:30:33 ims kamailio-scscf[3067]: INFO: registrar [save.c:498]: 401 challenge -> REGISTER w/ auth -> 200 OK for sip:+999700000003490@ims.mnc070.mcc999.3gpp.network.org
Jul  6 00:31:15 ims kamailio-scscf[3067]: INFO: registrar [save.c:498]: 401 challenge -> REGISTER w/ auth -> 200 OK for sip:+999700000000458@ims.mnc070.mcc999.3gpp.network.org
Jul  6 00:32:40 ims kamailio-scscf[3067]: INFO: tm [t_reply.c:900]: Call-ID: f7c248909c30417d@ims.mnc070.mcc999.3gpp.network.org 180 Ringing -> 200 OK, dialog confirmed
Jul  6 00:35:28 ims kamailio-scscf[3067]: INFO: tm [t_reply.c:900]: Call-ID: 4f59aeb5b4cd4d37@ims.mnc070.mcc999.3gpp.network.org 180 Ringing -> 200 OK, dialog confirmed
Jul  6 00:39:24 ims kamailio-scscf[3067]: INFO: registrar [save.c:498]: 401 challenge -> REGISTER w/ auth -> 200 OK for sip:+999700000000202@ims.mnc070.mcc999.3gpp.network.org
Jul  6 00:40:20 ims kamailio-scscf[3067]: INFO: registrar [save.c:498]: 401 challenge -> REGISTER w/ auth -> 200 OK for sip:+999700000001175@ims.mnc070.mcc999.3gpp.network.org
Jul  6 00:40:39 ims kamailio-scscf[3067]: INFO: registrar [save.c:498]: 401 challenge -> REGISTER w/ auth -> 200 OK for sip:+999700000002355@ims.mnc070.mcc999.3gpp.network.org
Jul  6 00:42:33 ims kamailio-scscf[3067]: INFO: registrar [save.c:498]: 401 challenge -> REGISTER w/ auth -> 200 OK for sip:+999700000002997@ims.mnc070.mcc999.3gpp.network.org
Jul  6 00:45:08 ims kamailio-scscf[3067]: INFO: registrar [save.c:498]: 401 challenge -> REGISTER w/ auth -> 200 OK for sip:+999700000001863@ims.mnc070.mcc999.3gpp.network.org
Jul  6 00:45:23 ims kamailio-scscf[3067]: INFO: registrar [save.c:498]: 401 challenge -> REGISTER w/ auth -> 200 OK for sip:+999700000000697@ims.mnc070.mcc999.3gpp.network.org
Jul  6 00:47:14 ims kamailio-scscf[3067]: INFO: registrar [save.c:498]: 401 challenge -> REGISTER w/ auth -> 200 OK for sip:+999700000000132@ims.mnc070.mcc999.3gpp.network.org
Jul  6 00:48:01 ims kamailio-scscf[3067]: INFO: registrar [save.c:498]: 401 challenge -> REGISTER w/ auth -> 200 OK for sip:+999700000002862@ims.mnc070.mcc999.3gpp.network.org
Jul  6 00:48:58 ims kamailio-scscf[3067]: INFO: tm [t_reply.c:900]: Call-ID: 00db99b4f13e4f65@ims.mnc070.mcc999.3gpp.network.org 180 Ringing -> 200 OK, dialog confirmed
Jul  6 00:49:17 ims kamailio-scscf[3067]: INFO: registrar [save.c:498]: 401 challenge -> REGISTER w/ auth -> 200 OK for sip:+999700000001223@ims.mnc070.mcc999.3gpp.network.org
Jul  6 00:49:36 ims kamailio-scscf[3067]: INFO: tm [t_reply.c:900]: Call-ID: aceaa345a83c4127@ims.mnc070.mcc999.3gpp.network.org 180 Ringing -> 200 OK, dialog confirmed
Jul  6 00:50:12 ims kamailio-scscf[3067]: INFO: registrar [save.c:498]: 401 challenge -> REGISTER w/ auth -> 200 OK for sip:+999700000000862@ims.mnc070.mcc999.3gpp.network.org
Jul  6 00:52:22 ims kamailio-scscf[3067]: INFO: registrar [save.c:498]: 401 challenge -> REGISTER w/ auth -> 200 OK for sip:+999700000002839@ims.mnc070.mcc999.3gpp.network.org
Jul  6 00:55:56 ims kamailio-scscf[3067]: INFO: registrar [save.c:498]: 401 challenge -> REGISTER w/ auth -> 200 OK for sip:+999700000001963@ims.mnc070.mcc999.3gpp.network.org
Jul  6 00:57:58 ims kamailio-scscf[3067]: INFO: registrar [save.c:498]: 401 challenge -> REGISTER w/ auth -> 200 OK for sip:+999700000003924@ims.mnc070.mcc999.3gpp.network.org
Jul  6 00:59:36 ims kamailio-scscf[3067]: INFO: registrar [save.c:498]: 401 challenge -> REGISTER w/ auth -> 200 OK for sip:+999700000002713@ims.mnc070.mcc999.3gpp.network.org
Jul  6 01:00:57 ims kamailio-scscf[3067]: INFO: tm [t_reply.c:900]: Call-ID: 64eb2f6970d2445a@ims.mnc070.mcc999.3gpp.network.org 180 Ringing -> 200 OK, dialog confirmed
Jul  6 01:01:02 ims kamailio-scscf[3067]: INFO: registrar [save.c:498]: 401 challenge -> REGISTER w/ auth -> 200 OK for sip:+999700000002287@ims.mnc070.mcc999.3gpp.network.org
Jul  6 01:01:35 ims kamailio-scscf[3067]: INFO: registrar [save.c:498]: 401 challenge -> REGISTER w/ auth -> 200 OK for sip:+999700000004351@ims.mnc070.mcc999.3gpp.network.org
Jul  6 01:05:40 ims kamailio-scscf[3067]: INFO: registrar [save.c:498]: 401 challenge -> REGISTER w/ auth -> 200 OK for sip:+999700000000881@ims.mnc070.mcc999.3gpp.network.org
Jul  6 01:06:43 ims kamailio-scscf[3067]: INFO: registrar [save.c:498]: 401 challenge -> REGISTER w/ auth -> 200 OK for sip:+999700000004004@ims.mnc070.mcc999.3gpp.network.org
Jul  6 01:09:31 ims kamailio-scscf[3067]: INFO: registrar [save.c:498]: 401 challenge -> REGISTER w/ auth -> 200 OK for sip:+999700000001231@ims.mnc070.mcc999.3gpp.network.org
Jul  6 01:09:34 ims kamailio-scscf[3067]: INFO: tm [t_reply.c:900]: Call-ID: c46ef77a4f4c42b3@ims.mnc070.mcc999.3gpp.network.org 180 Ringing -> 200 OK, dialog confirmed
Jul  6 01:11:49 ims kamailio-scscf[3067]: INFO: registrar [save.c:498]: 401 challenge -> REGISTER w/ auth -> 200 OK for sip:+999700000001230@ims.mnc070.mcc999.3gpp.network.org
Jul  6 01:12:05 ims kamailio-scscf[3067]: INFO: registrar [save.c:498]: 401 challenge -> REGISTER w/ auth -> 200 OK for sip:+999700000003801@ims.mnc070.mcc999.3gpp.network.org
Jul  6 01:14:18 ims kamailio-scscf[3067]: INFO: registrar [save.c:498]: 401 challenge -> REGISTER w/ auth -> 200 OK for sip:+999700000001823@ims.mnc070.mcc999.3gpp.network.org
Jul  6 01:19:54 ims kamailio-scscf[3067]: INFO: registrar [save.c:498]: 401 challenge -> REGISTER w/ auth -> 200 OK for sip:+999700000001797@ims.mnc070.mcc999.3gpp.network.org
Jul  6 01:20:17 ims kamailio-scscf[3067]: WARNING: registrar [save.c:512]: authentication failed for sip:+999700000001294@ims.mnc070.mcc999.3gpp.network.org, replying 403 Forbidden
Jul  6 01:20:39 ims kamailio-scscf[3067]: INFO: registrar [save.c:498]: 401 challenge -> REGISTER w/ auth -> 200 OK for sip:+999700000003113@ims.mnc070.mcc999.3gpp.network.org
Jul  6 01:22:32 ims kamailio-scscf[3067]: INFO: tm [t_reply.c:900]: Call-ID: 74df0c28724f4f82@ims.mnc070.mcc999.3gpp.network.org 180 Ringing -> 200 OK, dialog confirmed
Jul  6 01:24:11 ims kamailio-scscf[3067]: INFO: tm [t_reply.c:900]: Call-ID: a73ad8fe17484052@ims.mnc070.mcc999.3gpp.network.org 180 Ringing -> 200 OK, dialog confirmed
Jul  6 01:25:07 ims kamailio-scscf[3067]: INFO: registrar [save.c:498]: 401 challenge -> REGISTER w/ auth -> 200 OK for sip:+999700000001264@ims.mnc070.mcc999.3gpp.network.org
Jul  6 01:25:59 ims kamailio-scscf[3067]: INFO: registrar [save.c:498]: 401 challenge -> REGISTER w/ auth -> 200 OK for sip:+999700000004541@ims.mnc070.mcc999.3gpp.network.org
Jul  6 01:29:00 ims kamailio-scscf[3067]: INFO: registrar [save.c:498]: 401 challenge -> REGISTER w/ auth -> 200 OK for sip:+999700000003101@ims.mnc070.mcc999.3gpp.network.org
Jul  6 01:29:30 ims kamailio-scscf[3067]: INFO: registrar [save.c:498]: 401 challenge -> REGISTER w/ auth -> 200 OK for sip:+999700000004098@ims.mnc070.mcc999.3gpp.network.org
Jul  6 01:31:30 ims kamailio-scscf[3067]: INFO: registrar [save.c:498]: 401 challenge -> REGISTER w/ auth -> 200 OK for sip:+999700000002675@ims.mnc070.mcc999.3gpp.network.org
Jul  6 01:31:43 ims kamailio-scscf[3067]: INFO: registrar [save.c:498]: 401 challenge -> REGISTER w/ auth -> 200 OK for sip:+999700000002627@ims.mnc070.mcc999.3gpp.network.org
Jul  6 01:31:47 ims kamailio-scscf[3067]: INFO: registrar [save.c:498]: 401 challenge -> REGISTER w/ auth -> 200 OK for sip:+999700000002204@ims.mnc070.mcc999.3gpp.network.org
Jul  6 01:36:20 ims kamailio-scscf[3067]: INFO: tm [t_reply.c:900]: Call-ID: cc5bc29be8114dc8@ims.mnc070.mcc999.3gpp.network.org 180 Ringing -> 200 OK, dialog confirmed
Jul  6 01:36:25 ims kamailio-scscf[3067]: WARNING: registrar [save.c:512]: authentication failed for sip:+999700000003441@ims.mnc070.mcc999.3gpp.network.org, replying 403 Forbidden
Jul  6 01:36:54 ims kamailio-scscf[3067]: INFO: registrar [save.c:498]: 401 challenge -> REGISTER w/ auth -> 200 OK for sip:+999700000001212@ims.mnc070.mcc999.3gpp.network.org
Jul  6 01:37:53 ims kamailio-scscf[3067]: INFO: registrar [save.c:498]: 401 challenge -> REGISTER w/ auth -> 200 OK for sip:+999700000003406@ims.mnc070.mcc999.3gpp.network.org
Jul  6 01:40:00 ims kamailio-scscf[3067]: INFO: registrar [save.c:498]: 401 challenge -> REGISTER w/ auth -> 200 OK for sip:+999700000004240@ims.mnc070.mcc999.3gpp.network.org
Jul  6 01:41:00 ims kamailio-scscf[3067]: INFO: tm [t_reply.c:900]: Call-ID: 8a8f8457457d406a@ims.mnc070.mcc999.3gpp.network.org 180 Ringing -> 200 OK, dialog confirmed
Jul  6 01:44:47 ims kamailio-scscf[3067]: INFO: registrar [save.c:498]: 401 challenge -> REGISTER w/ auth -> 200 OK for sip:+999700000001945@ims.mnc070.mcc999.3gpp.network.org
Jul  6 01:46:55 ims kamailio-scscf[3067]: INFO: tm [t_reply.c:900]: Call-ID: 52a94a42bf374b6b@ims.mnc070.mcc999.3gpp.network.org 180 Ringing -> 200 OK, dialog confirmed
Jul  6 01:50:35 ims kamailio-scscf[3067]: INFO: registrar [save.c:498]: 401 challenge -> REGISTER w/ auth -> 200 OK for sip:+999700000000715@ims.mnc070.mcc999.3gpp.network.org
Jul  6 01:52:19 ims kamailio-scscf[3067]: INFO: registrar [save.c:498]: 401 challenge -> REGISTER w/ auth -> 200 OK for sip:+999700000002642@ims.mnc070.mcc999.3gpp.network.org
Jul  6 01:53:33 ims kamailio-scscf[3067]: INFO: tm [t_reply.c:900]: Call-ID: c6b38e3dd6b2460f@ims.mnc070.mcc999.3gpp.network.org 180 Ringing -> 200 OK, dialog confirmed
Jul  6 01:54:04 ims kamailio-scscf[3067]: INFO: registrar [save.c:498]: 401 challenge -> REGISTER w/ auth -> 200 OK for sip:+999700000002182@ims.mnc070.mcc999.3gpp.network.org
Jul  6 01:55:39 ims kamailio-scscf[3067]: INFO: registrar [save.c:498]: 401 challenge -> REGISTER w/ auth -> 200 OK for sip:+999700000002764@ims.mnc070.mcc999.3gpp.network.org
Jul  6 01:58:08 ims kamailio-scscf[3067]: INFO: registrar [save.c:498]: 401 challenge -> REGISTER w/ auth -> 200 OK for sip:+999700000004636@ims.mnc070.mcc999.3gpp.network.org
Jul  6 01:59:41 ims kamailio-scscf[3067]: WARNING: registrar [save.c:512]: authentication failed for sip:+999700000002528@ims.mnc070.mcc999.3gpp.network.org, replying 403 Forbidden
Jul  6 01:59:46 ims kamailio-scscf[3067]: INFO: registrar [save.c:498]: 401 challenge -> REGISTER w/ auth -> 200 OK for sip:+999700000000818@ims.mnc070.mcc999.3gpp.network.org
Jul  6 02:00:02 ims kamailio-scscf[3067]: INFO: tm [t_reply.c:900]: Call-ID: f6199322bb7a4c8b@ims.mnc070.mcc999.3gpp.network.org 180 Ringing -> 200 OK, dialog confirmed
Jul  6 02:00:08 ims kamailio-scscf[3067]: INFO: registrar [save.c:498]: 401 challenge -> REGISTER w/ auth -> 200 OK for sip:+999700000002984@ims.mnc070.mcc999.3gpp.network.org
Jul  6 02:01:28 ims kamailio-scscf[3067]: INFO: registrar [save.c:498]: 401 challenge -> REGISTER w/ auth -> 200 OK for sip:+999700000000234@ims.mnc070.mcc999.3gpp.network.org
Jul  6 02:05:31 ims kamailio-scscf[3067]: INFO: registrar [save.c:498]: 401 challenge -> REGISTER w/ auth -> 200 OK for sip:+999700000002742@ims.mnc070.mcc999.3gpp.network.org
Jul  6 02:05:33 ims kamailio-scscf[3067]: INFO: registrar [save.c:498]: 401 challenge -> REGISTER w/ auth -> 200 OK for sip:+999700000001980@ims.mnc070.mcc999.3gpp.network.org
Jul  6 02:07:58 ims kamailio-scscf[3067]: INFO: tm [t_reply.c:900]: Call-ID: ae9b9ec3535d4afc@ims.mnc070.mcc999.3gpp.network.org 180 Ringing -> 200 OK, dialog confirmed
Jul  6 02:10:16 ims kamailio-scscf[3067]: INFO: registrar [save.c:498]: 401 challenge -> REGISTER w/ auth -> 200 OK for sip:+999700000003255@ims.mnc070.mcc999.3gpp.network.org
Jul  6 02:11:35 ims kamailio-scscf[3067]: INFO: registrar [save.c:498]: 401 challenge -> REGISTER w/ auth -> 200 OK for sip:+999700000003721@ims.mnc070.mcc999.3gpp.network.org
Jul  6 02:12:17 ims kamailio-scscf[3067]: INFO: registrar [save.c:498]: 401 challenge -> REGISTER w/ auth -> 200 OK for sip:+999700000002468@ims.mnc070.mcc999.3gpp.network.org
Jul  6 02:15:17 ims kamailio-scscf[3067]: INFO: registrar [save.c:498]: 401 challenge -> REGISTER w/ auth -> 200 OK for sip:+999700000001807@ims.mnc070.mcc999.3gpp.network.org
Jul  6 02:18:12 ims kamailio-scscf[3067]: INFO: registrar [save.c:498]: 401 challenge -> REGISTER w/ auth -> 200 OK for sip:+999700000002914@ims.mnc070.mcc999.3gpp.network.org
Jul  6 02:18:20 ims kamailio-scscf[3067]: INFO: tm [t_reply.c:900]: Call-ID: aa677a607b4d459c@ims.mnc070.mcc999.3gpp.network.org 180 Ringing -> 200 OK, dialog confirmed
Jul  6 02:19:33 ims kamailio-scscf[3067]: INFO: registrar [save.c:498]: 401 challenge -> REGISTER w/ auth -> 200 OK for sip:+999700000001235@ims.mnc070.mcc999.3gpp.network.org
Jul  6 02:20:09 ims kamailio-scscf[3067]: INFO: registrar [save.c:498]: 401 challenge -> REGISTER w/ auth -> 200 OK for sip:+999700000002251@ims.mnc070.mcc999.3gpp.network.org
Jul  6 02:20:30 ims kamailio-scscf[3067]: INFO: registrar [save.c:498]: 401 challenge -> REGISTER w/ auth -> 200 OK for sip:+999700000004894@ims.mnc070.mcc999.3gpp.network.org
Jul  6 02:22:33 ims kamailio-scscf[3067]: INFO: registrar [save.c:498]: 401 challenge -> REGISTER w/ auth -> 200 OK for sip:+999700000002570@ims.mnc070.mcc999.3gpp.network.org
Jul  6 02:23:30 ims kamailio-scscf[3067]: INFO: registrar [save.c:498]: 401 challenge -> REGISTER w/ auth -> 200 OK for sip:+999700000001821@ims.mnc070.mcc999.3gpp.network.org
Jul  6 02:27:46 ims kamailio-scscf[3067]: INFO: registrar [save.c:498]: 401 challenge -> REGISTER w/ auth -> 200 OK for sip:+999700000002945@ims.mnc070.mcc999.3gpp.network.org
Jul  6 02:27:50 ims kamailio-scscf[3067]: INFO: registrar [save.c:498]: 401 challenge -> REGISTER w/ auth -> 200 OK for sip:+999700000002660@ims.mnc070.mcc999.3gpp.network.org
Jul  6 02:31:24 ims kamailio-scscf[3067]: INFO: registrar [save.c:498]: 401 challenge -> REGISTER w/ auth -> 200 OK for sip:+999700000003517@ims.mnc070.mcc999.3gpp.network.org
Jul  6 02:31:25 ims kamailio-scscf[3067]: INFO: registrar [save.c:498]: 401 challenge -> REGISTER w/ auth -> 200 OK for sip:+999700000000336@ims.mnc070.mcc999.3gpp.network.org
Jul  6 02:31:35 ims kamailio-scscf[3067]: INFO: tm [t_reply.c:900]: Call-ID: 115c667e7e9a4102@ims.mnc070.mcc999.3gpp.network.org 180 Ringing -> 200 OK, dialog confirmed
Jul  6 02:36:47 ims kamailio-scscf[3067]: INFO: registrar [save.c:498]: 401 challenge -> REGISTER w/ auth -> 200 OK for sip:+999700000000970@ims.mnc070.mcc999.3gpp.network.org
Jul  6 02:37:07 ims kamailio-scscf[3067]: INFO: registrar [save.c:498]: 401 challenge -> REGISTER w/ auth -> 200 OK for sip:+999700000003631@ims.mnc070.mcc999.3gpp.network.org
Jul  6 02:38:59 ims kamailio-scscf[3067]: INFO: registrar [save.c:498]: 401 challenge -> REGISTER w/ auth -> 200 OK for sip:+999700000002212@ims.mnc070.mcc999.3gpp.network.org
Jul  6 02:40:11 ims kamailio-scscf[3067]: INFO: registrar [save.c:498]: 401 challenge -> REGISTER w/ auth -> 200 OK for sip:+999700000000872@ims.mnc070.mcc999.3gpp.network.org
Jul  6 02:41:54 ims kamailio-scscf[3067]: INFO: registrar [save.c:498]: 401 challenge -> REGISTER w/ auth -> 200 OK for sip:+999700000003626@ims.mnc070.mcc999.3gpp.network.org
Jul  6 02:42:06 ims kamailio-scscf[3067]: INFO: registrar [save.c:498]: 401 challenge -> REGISTER w/ auth -> 200 OK for sip:+999700000003880@ims.mnc070.mcc999.3gpp.network.org
Jul  6 02:46:57 ims kamailio-scscf[3067]: INFO: registrar [save.c:498]: 401 challenge -> REGISTER w/ auth -> 200 OK for sip:+999700000003051@ims.mnc070.mcc999.3gpp.network.org
Jul  6 02:49:17 ims kamailio-scscf[3067]: INFO: registrar [save.c:498]: 401 challenge -> REGISTER w/ auth -> 200 OK for sip:+999700000002651@ims.mnc070.mcc999.3gpp.network.org
Jul  6 02:49:20 ims kamailio-scscf[3067]: INFO: registrar [save.c:498]: 401 challenge -> REGISTER w/ auth -> 200 OK for sip:+999700000001179@ims.mnc070.mcc999.3gpp.network.org
Jul  6 02:52:44 ims kamailio-scscf[3067]: INFO: registrar [save.c:498]: 401 challenge -> REGISTER w/ auth -> 200 OK for sip:+999700000002447@ims.mnc070.mcc999.3gpp.network.org
Jul  6 02:53:22 ims kamailio-scscf[3067]: INFO: registrar [save.c:498]: 401 challenge -> REGISTER w/ auth -> 200 OK for sip:+999700000000990@ims.mnc070.mcc999.3gpp.network.org
Jul  6 02:56:22 ims kamailio-scscf[3067]: INFO: registrar [save.c:498]: 401 challenge -> REGISTER w/ auth -> 200 OK for sip:+999700000002401@ims.mnc070.mcc999.3gpp.network.org
Jul  6 02:57:51 ims kamailio-scscf[3067]: INFO: registrar [save.c:498]: 401 challenge -> REGISTER w/ auth -> 200 OK for sip:+999700000004853@ims.mnc070.mcc999.3gpp.network.org
Jul  6 02:58:07 ims kamailio-scscf[3067]: INFO: tm [t_reply.c:900]: Call-ID: 2b9db9b967d24aa9@ims.mnc070.mcc999.3gpp.network.org 180 Ringing -> 200 OK, dialog confirmed
Jul  6 03:00:08 ims kamailio-scscf[3067]: INFO: registrar [save.c:498]: 401 challenge -> REGISTER w/ auth -> 200 OK for sip:+999700000000332@ims.mnc070.mcc999.3gpp.network.org
Jul  6 03:02:10 ims kamailio-scscf[3067]: INFO: tm [t_reply.c:900]: Call-ID: 36b07d46f39c47e2@ims.mnc070.mcc999.3gpp.network.org 180 Ringing -> 200 OK, dialog confirmed
Jul  6 03:03:04 ims kamailio-scscf[3067]: INFO: registrar [save.c:498]: 401 challenge -> REGISTER w/ auth -> 200 OK for sip:+999700000004108@ims.mnc070.mcc999.3gpp.network.org
Jul  6 03:08:18 ims kamailio-scscf[3067]: INFO: registrar [save.c:498]: 401 challenge -> REGISTER w/ auth -> 200 OK for sip:+999700000000670@ims.mnc070.mcc999.3gpp.network.org
Jul  6 03:10:19 ims kamailio-scscf[3067]: INFO: registrar [save.c:498]: 401 challenge -> REGISTER w/ auth -> 200 OK for sip:+999700000001579@ims.mnc070.mcc999.3gpp.network.org
Jul  6 03:10:38 ims kamailio-scscf[3067]: INFO: registrar [save.c:498]: 401 challenge -> REGISTER w/ auth -> 200 OK for sip:+999700000001348@ims.mnc070.mcc999.3gpp.network.org
Jul  6 03:13:11 ims kamailio-scscf[3067]: INFO: registrar [save.c:498]: 401 challenge -> REGISTER w/ auth -> 200 OK for sip:+999700000001011@ims.mnc070.mcc999.3gpp.network.org
Jul  6 03:14:21 ims kamailio-scscf[3067]: INFO: registrar [save.c:498]: 401 challenge -> REGISTER w/ auth -> 200 OK for sip:+999700000001898@ims.mnc070.mcc999.3gpp.network.org
Jul  6 03:19:03 ims kamailio-scscf[3067]: INFO: registrar [save.c:498]: 401 challenge -> REGISTER w/ auth -> 200 OK for sip:+999700000004150@ims.mnc070.mcc999.3gpp.network.org
Jul  6 03:19:45 ims kamailio-scscf[3067]: INFO: registrar [save.c:498]: 401 challenge -> REGISTER w/ auth -> 200 OK for sip:+999700000002883@ims.mnc070.mcc999.3gpp.network.org
Jul  6 03:20:11 ims kamailio-scscf[3067]: INFO: registrar [save.c:498]: 401 challenge -> REGISTER w/ auth -> 200 OK for sip:+999700000003319@ims.mnc070.mcc999.3gpp.network.org
Jul  6 03:20:16 ims kamailio-scscf[3067]: INFO: registrar [save.c:498]: 401 challenge -> REGISTER w/ auth -> 200 OK for sip:+999700000003415@ims.mnc070.mcc999.3gpp.network.org
Jul  6 03:20:23 ims kamailio-scscf[3067]: INFO: registrar [save.c:498]: 401 challenge -> REGISTER w/ auth -> 200 OK for sip:+999700000002796@ims.mnc070.mcc999.3gpp.network.org
Jul  6 03:23:12 ims kamailio-scscf[3067]: INFO: registrar [save.c:498]: 401 challenge -> REGISTER w/ auth -> 200 OK for sip:+999700000003939@ims.mnc070.mcc999.3gpp.network.org
Jul  6 03:26:20 ims kamailio-scscf[3067]: INFO: registrar [save.c:498]: 401 challenge -> REGISTER w/ auth -> 200 OK for sip:+999700000003653@ims.mnc070.mcc999.3gpp.network.org
Jul  6 03:28:08 ims kamailio-scscf[3067]: INFO: tm [t_reply.c:900]: Call-ID: 9a10d64075d04923@ims.mnc070.mcc999.3gpp.network.org 180 Ringing -> 200 OK, dialog confirmed
Jul  6 03:36:58 ims kamailio-scscf[3067]: INFO: registrar [save.c:498]: 401 challenge -> REGISTER w/ auth -> 200 OK for sip:+999700000003418@ims.mnc070.mcc999.3gpp.network.org
Jul  6 03:37:54 ims kamailio-scscf[3067]: INFO: registrar [save.c:498]: 401 challenge -> REGISTER w/ auth -> 200 OK for sip:+999700000001603@ims.mnc070.mcc999.3gpp.network.org
Jul  6 03:38:37 ims kamailio-scscf[3067]: INFO: tm [t_reply.c:900]: Call-ID: b0449b4f4c284b6d@ims.mnc070.mcc999.3gpp.network.org 180 Ringing -> 200 OK, dialog confirmed
Jul  6 03:38:58 ims kamailio-scscf[3067]: INFO: registrar [save.c:498]: 401 challenge -> REGISTER w/ auth -> 200 OK for sip:+999700000003138@ims.mnc070.mcc999.3gpp.network.org
Jul  6 03:41:20 ims kamailio-scscf[3067]: INFO: registrar [save.c:498]: 401 challenge -> REGISTER w/ auth -> 200 OK for sip:+999700000003081@ims.mnc070.mcc999.3gpp.network.org
Jul  6 03:43:57 ims kamailio-scscf[3067]: INFO: registrar [save.c:498]: 401 challenge -> REGISTER w/ auth -> 200 OK for sip:+999700000002154@ims.mnc070.mcc999.3gpp.network.org
Jul  6 03:44:06 ims kamailio-scscf[3067]: INFO: registrar [save.c:498]: 401 challenge -> REGISTER w/ auth -> 200 OK for sip:+999700000003460@ims.mnc070.mcc999.3gpp.network.org
Jul  6 03:48:30 ims kamailio-scscf[3067]: INFO: registrar [save.c:498]: 401 challenge -> REGISTER w/ auth -> 200 OK for sip:+999700000001039@ims.mnc070.mcc999.3gpp.network.org
Jul  6 03:49:36 ims kamailio-scscf[3067]: INFO: registrar [save.c:498]: 401 challenge -> REGISTER w/ auth -> 200 OK for sip:+999700000004526@ims.mnc070.mcc999.3gpp.network.org
Jul  6 03:50:23 ims kamailio-scscf[3067]: INFO: registrar [save.c:498]: 401 challenge -> REGISTER w/ auth -> 200 OK for sip:+999700000004735@ims.mnc070.mcc999.3gpp.network.org
Jul  6 03:53:13 ims kamailio-scscf[3067]: INFO: registrar [save.c:498]: 401 challenge -> REGISTER w/ auth -> 200 OK for sip:+999700000001459@ims.mnc070.mcc999.3gpp.network.org
Jul  6 03:53:30 ims kamailio-scscf[3067]: INFO: registrar [save.c:498]: 401 challenge -> REGISTER w/ auth -> 200 OK for sip:+999700000000637@ims.mnc070.mcc999.3gpp.network.org
Jul  6 03:53:31 ims kamailio-scscf[3067]: INFO: registrar [save.c:498]: 401 challenge -> REGISTER w/ auth -> 200 OK for sip:+999700000000510@ims.mnc070.mcc999.3gpp.network.org
Jul  6 03:56:30 ims kamailio-scscf[3067]: INFO: tm [t_reply.c:900]: Call-ID: e50f5633c2cc447d@ims.mnc070.mcc999.3gpp.network.org 180 Ringing -> 200 OK, dialog confirmed
Jul  6 03:57:22 ims kamailio-scscf[3067]: INFO: registrar [save.c:498]: 401 challenge -> REGISTER w/ auth -> 200 OK for sip:+999700000002507@ims.mnc070.mcc999.3gpp.network.org
Jul  6 03:58:48 ims kamailio-scscf[3067]: INFO: registrar [save.c:498]: 401 challenge -> REGISTER w/ auth -> 200 OK for sip:+999700000000051@ims.mnc070.mcc999.3gpp.network.org
Jul  6 04:02:10 ims kamailio-scscf[3067]: INFO: registrar [save.c:498]: 401 challenge -> REGISTER w/ auth -> 200 OK for sip:+999700000002512@ims.mnc070.mcc999.3gpp.network.org
Jul  6 04:04:46 ims kamailio-scscf[3067]: INFO: registrar [save.c:498]: 401 challenge -> REGISTER w/ auth -> 200 OK for sip:+999700000003251@ims.mnc070.mcc999.3gpp.network.org
Jul  6 04:05:05 ims kamailio-scscf[3067]: INFO: registrar [save.c:498]: 401 challenge -> REGISTER w/ auth -> 200 OK for sip:+999700000004218@ims.mnc070.mcc999.3gpp.network.org
Jul  6 04:06:53 ims kamailio-scscf[3067]: INFO: registrar [save.c:498]: 401 challenge -> REGISTER w/ auth -> 200 OK for sip:+999700000000561@ims.mnc070.mcc999.3gpp.network.org
Jul  6 04:10:22 ims kamailio-scscf[3067]: INFO: tm [t_reply.c:900]: Call-ID: f3f859ec93ae4d70@ims.mnc070.mcc999.3gpp.network.org 180 Ringing -> 200 OK, dialog confirmed
Jul  6 04:10:32 ims kamailio-scscf[3067]: INFO: registrar [save.c:498]: 401 challenge -> REGISTER w/ auth -> 200 OK for sip:+999700000002887@ims.mnc070.mcc999.3gpp.network.org
Jul  6 04:12:24 ims kamailio-scscf[3067]: INFO: registrar [save.c:498]: 401 challenge -> REGISTER w/ auth -> 200 OK for sip:+999700000000447@ims.mnc070.mcc999.3gpp.network.org
Jul  6 04:14:02 ims kamailio-scscf[3067]: INFO: registrar [save.c:498]: 401 challenge -> REGISTER w/ auth -> 200 OK for sip:+999700000002675@ims.mnc070.mcc999.3gpp.network.org
Jul  6 04:21:39 ims kamailio-scscf[3067]: INFO: registrar [save.c:498]: 401 challenge -> REGISTER w/ auth -> 200 OK for sip:+999700000001887@ims.mnc070.mcc999.3gpp.network.org
Jul  6 04:21:43 ims kamailio-scscf[3067]: INFO: registrar [save.c:498]: 401 challenge -> REGISTER w/ auth -> 200 OK for sip:+999700000000828@ims.mnc070.mcc999.3gpp.network.org
Jul  6 04:21:59 ims kamailio-scscf[3067]: INFO: registrar [save.c:498]: 401 challenge -> REGISTER w/ auth -> 200 OK for sip:+999700000003088@ims.mnc070.mcc999.3gpp.network.org
Jul  6 04:23:43 ims kamailio-scscf[3067]: INFO: registrar [save.c:498]: 401 challenge -> REGISTER w/ auth -> 200 OK for sip:+999700000000489@ims.mnc070.mcc999.3gpp.network.org
Jul  6 04:27:46 ims kamailio-scscf[3067]: INFO: registrar [save.c:498]: 401 challenge -> REGISTER w/ auth -> 200 OK for sip:+999700000001508@ims.mnc070.mcc999.3gpp.network.org
Jul  6 04:28:18 ims kamailio-scscf[3067]: INFO: registrar [save.c:498]: 401 challenge -> REGISTER w/ auth -> 200 OK for sip:+999700000000560@ims.mnc070.mcc999.3gpp.network.org
Jul  6 04:29:12 ims kamailio-scscf[3067]: INFO: registrar [save.c:498]: 401 challenge -> REGISTER w/ auth -> 200 OK for sip:+999700000004799@ims.mnc070.mcc999.3gpp.network.org
Jul  6 04:29:17 ims kamailio-scscf[3067]: INFO: tm [t_reply.c:900]: Call-ID: a1e64546ccfd4bdd@ims.mnc070.mcc999.3gpp.network.org 180 Ringing -> 200 OK, dialog confirmed
Jul  6 04:31:39 ims kamailio-scscf[3067]: INFO: tm [t_reply.c:900]: Call-ID: 81fe86be637542d2@ims.mnc070.mcc999.3gpp.network.org 180 Ringing -> 200 OK, dialog confirmed
Jul  6 04:34:28 ims kamailio-scscf[3067]: INFO: registrar [save.c:498]: 401 challenge -> REGISTER w/ auth -> 200 OK for sip:+999700000001837@ims.mnc070.mcc999.3gpp.network.org
Jul  6 04:35:47 ims kamailio-scscf[3067]: INFO: registrar [save.c:498]: 401 challenge -> REGISTER w/ auth -> 200 OK for sip:+999700000000718@ims.mnc070.mcc999.3gpp.network.org
Jul  6 04:36:29 ims kamailio-scscf[3067]: INFO: registrar [save.c:498]: 401 challenge -> REGISTER w/ auth -> 200 OK for sip:+999700000000155@ims.mnc070.mcc999.3gpp.network.org
Jul  6 04:42:11 ims kamailio-scscf[3067]: INFO: registrar [save.c:498]: 401 challenge -> REGISTER w/ auth -> 200 OK for sip:+999700000001801@ims.mnc070.mcc999.3gpp.network.org
Jul  6 04:42:57 ims kamailio-scscf[3067]: INFO: registrar [save.c:498]: 401 challenge -> REGISTER w/ auth -> 200 OK for sip:+999700000003812@ims.mnc070.mcc999.3gpp.network.org
Jul  6 04:43:26 ims kamailio-scscf[3067]: INFO: registrar [save.c:498]: 401 challenge -> REGISTER w/ auth -> 200 OK for sip:+999700000004430@ims.mnc070.mcc999.3gpp.network.org
Jul  6 04:44:08 ims kamailio-scscf[3067]: INFO: registrar [save.c:498]: 401 challenge -> REGISTER w/ auth -> 200 OK for sip:+999700000002155@ims.mnc070.mcc999.3gpp.network.org
Jul  6 04:46:13 ims kamailio-scscf[3067]: INFO: tm [t_reply.c:900]: Call-ID: b1886fb6413d4f0d@ims.mnc070.mcc999.3gpp.network.org 180 Ringing -> 200 OK, dialog confirmed
Jul  6 04:48:48 ims kamailio-scscf[3067]: INFO: registrar [save.c:498]: 401 challenge -> REGISTER w/ auth -> 200 OK for sip:+999700000004071@ims.mnc070.mcc999.3gpp.network.org
Jul  6 04:49:44 ims kamailio-scscf[3067]: INFO: registrar [save.c:498]: 401 challenge -> REGISTER w/ auth -> 200 OK for sip:+999700000003666@ims.mnc070.mcc999.3gpp.network.org
Jul  6 04:51:41 ims kamailio-scscf[3067]: INFO: registrar [save.c:498]: 401 challenge -> REGISTER w/ auth -> 200 OK for sip:+999700000000004@ims.mnc070.mcc999.3gpp.network.org
Jul  6 04:52:22 ims kamailio-scscf[3067]: INFO: registrar [save.c:498]: 401 challenge -> REGISTER w/ auth -> 200 OK for sip:+999700000000132@ims.mnc070.mcc999.3gpp.network.org
Jul  6 04:55:08 ims kamailio-scscf[3067]: INFO: registrar [save.c:498]: 401 challenge -> REGISTER w/ auth -> 200 OK for sip:+999700000002886@ims.mnc070.mcc999.3gpp.network.org
Jul  6 04:55:31 ims kamailio-scscf[3067]: INFO: registrar [save.c:498]: 401 challenge -> REGISTER w/ auth -> 200 OK for sip:+999700000003821@ims.mnc070.mcc999.3gpp.network.org
Jul  6 04:55:59 ims kamailio-scscf[3067]: INFO: registrar [save.c:498]: 401 challenge -> REGISTER w/ auth -> 200 OK for sip:+999700000004116@ims.mnc070.mcc999.3gpp.network.org
Jul  6 04:57:48 ims kamailio-scscf[3067]: INFO: registrar [save.c:498]: 401 challenge -> REGISTER w/ auth -> 200 OK for sip:+999700000002226@ims.mnc070.mcc999.3gpp.network.org
Jul  6 04:59:28 ims kamailio-scscf[3067]: INFO: registrar [save.c:498]: 401 challenge -> REGISTER w/ auth -> 200 OK for sip:+999700000002652@ims.mnc070.mcc999.3gpp.network.org
Jul  6 05:00:43 ims kamailio-scscf[3067]: INFO: registrar [save.c:498]: 401 challenge -> REGISTER w/ auth -> 200 OK for sip:+999700000003679@ims.mnc070.mcc999.3gpp.network.org
Jul  6 05:01:59 ims kamailio-scscf[3067]: INFO: registrar [save.c:498]: 401 challenge -> REGISTER w/ auth -> 200 OK for sip:+999700000002525@ims.mnc070.mcc999.3gpp.network.org
Jul  6 05:05:23 ims kamailio-scscf[3067]: INFO: registrar [save.c:498]: 401 challenge -> REGISTER w/ auth -> 200 OK for sip:+999700000002980@ims.mnc070.mcc999.3gpp.network.org
Jul  6 05:06:37 ims kamailio-scscf[3067]: INFO: registrar [save.c:498]: 401 challenge -> REGISTER w/ auth -> 200 OK for sip:+999700000000004@ims.mnc070.mcc999.3gpp.network.org
Jul  6 05:09:59 ims kamailio-scscf[3067]: WARNING: tm [t_reply.c:1201]: INVITE Call-ID: 6cc11ee9557041d5@ims.mnc070.mcc999.3gpp.network.org failed, 503/timeout downstream
Jul  6 05:12:57 ims kamailio-scscf[3067]: INFO: registrar [save.c:498]: 401 challenge -> REGISTER w/ auth -> 200 OK for sip:+999700000001681@ims.mnc070.mcc999.3gpp.network.org
Jul  6 05:13:20 ims kamailio-scscf[3067]: INFO: registrar [save.c:498]: 401 challenge -> REGISTER w/ auth -> 200 OK for sip:+999700000004806@ims.mnc070.mcc999.3gpp.network.org
Jul  6 05:14:40 ims kamailio-scscf[3067]: INFO: registrar [save.c:498]: 401 challenge -> REGISTER w/ auth -> 200 OK for sip:+999700000003709@ims.mnc070.mcc999.3gpp.network.org
Jul  6 05:17:41 ims kamailio-scscf[3067]: INFO: registrar [save.c:498]: 401 challenge -> REGISTER w/ auth -> 200 OK for sip:+999700000000726@ims.mnc070.mcc999.3gpp.network.org
Jul  6 05:19:17 ims kamailio-scscf[3067]: INFO: registrar [save.c:498]: 401 challenge -> REGISTER w/ auth -> 200 OK for sip:+999700000004119@ims.mnc070.mcc999.3gpp.network.org
Jul  6 05:22:13 ims kamailio-scscf[3067]: INFO: registrar [save.c:498]: 401 challenge -> REGISTER w/ auth -> 200 OK for sip:+999700000003995@ims.mnc070.mcc999.3gpp.network.org
Jul  6 05:22:53 ims kamailio-scscf[3067]: INFO: tm [t_reply.c:900]: Call-ID: 3499823126084ae9@ims.mnc070.mcc999.3gpp.network.org 180 Ringing -> 200 OK, dialog confirmed
Jul  6 05:26:05 ims kamailio-scscf[3067]: INFO: registrar [save.c:498]: 401 challenge -> REGISTER w/ auth -> 200 OK for sip:+999700000000870@ims.mnc070.mcc999.3gpp.network.org
Jul  6 05:26:41 ims kamailio-scscf[3067]: INFO: registrar [save.c:498]: 401 challenge -> REGISTER w/ auth -> 200 OK for sip:+999700000002447@ims.mnc070.mcc999.3gpp.network.org
Jul  6 05:26:49 ims kamailio-scscf[3067]: INFO: registrar [save.c:498]: 401 challenge -> REGISTER w/ auth -> 200 OK for sip:+999700000002528@ims.mnc070.mcc999.3gpp.network.org
Jul  6 05:27:11 ims kamailio-scscf[3067]: INFO: registrar [save.c:498]: 401 challenge -> REGISTER w/ auth -> 200 OK for sip:+999700000001266@ims.mnc070.mcc999.3gpp.network.org
Jul  6 05:27:14 ims kamailio-scscf[3067]: INFO: registrar [save.c:498]: 401 challenge -> REGISTER w/ auth -> 200 OK for sip:+999700000003672@ims.mnc070.mcc999.3gpp.network.org
Jul  6 05:29:55 ims kamailio-scscf[3067]: INFO: registrar [save.c:498]: 401 challenge -> REGISTER w/ auth -> 200 OK for sip:+999700000001809@ims.mnc070.mcc999.3gpp.network.org
Jul  6 05:32:46 ims kamailio-scscf[3067]: INFO: registrar [save.c:498]: 401 challenge -> REGISTER w/ auth -> 200 OK for sip:+999700000004691@ims.mnc070.mcc999.3gpp.network.org
Jul  6 05:32:47 ims kamailio-scscf[3067]: INFO: registrar [save.c:498]: 401 challenge -> REGISTER w/ auth -> 200 OK for sip:+999700000000203@ims.mnc070.mcc999.3gpp.network.org
Jul  6 05:33:18 ims kamailio-scscf[3067]: INFO: registrar [save.c:498]: 401 challenge -> REGISTER w/ auth -> 200 OK for sip:+999700000004789@ims.mnc070.mcc999.3gpp.network.org
Jul  6 05:36:51 ims kamailio-scscf[3067]: INFO: registrar [save.c:498]: 401 challenge -> REGISTER w/ auth -> 200 OK for sip:+999700000004616@ims.mnc070.mcc999.3gpp.network.org
Jul  6 05:36:55 ims kamailio-scscf[3067]: INFO: registrar [save.c:498]: 401 challenge -> REGISTER w/ auth -> 200 OK for sip:+999700000003325@ims.mnc070.mcc999.3gpp.network.org
Jul  6 05:37:24 ims kamailio-scscf[3067]: INFO: registrar [save.c:498]: 401 challenge -> REGISTER w/ auth -> 200 OK for sip:+999700000001391@ims.mnc070.mcc999.3gpp.network.org
Jul  6 05:38:09 ims kamailio-scscf[3067]: INFO: registrar [save.c:498]: 401 challenge -> REGISTER w/ auth -> 200 OK for sip:+999700000001083@ims.mnc070.mcc999.3gpp.network.org
Jul  6 05:39:32 ims kamailio-scscf[3067]: INFO: tm [t_reply.c:900]: Call-ID: 1750cd4eaa324f55@ims.mnc070.mcc999.3gpp.network.org 180 Ringing -> 200 OK, dialog confirmed
Jul  6 05:40:36 ims kamailio-scscf[3067]: INFO: tm [t_reply.c:900]: Call-ID: 003c3ab1f8ba4d97@ims.mnc070.mcc999.3gpp.network.org 180 Ringing -> 200 OK, dialog confirmed
Jul  6 05:41:23 ims kamailio-scscf[3067]: INFO: registrar [save.c:498]: 401 challenge -> REGISTER w/ auth -> 200 OK for sip:+999700000002528@ims.mnc070.mcc999.3gpp.network.org
Jul  6 05:47:34 ims kamailio-scscf[3067]: INFO: registrar [save.c:498]: 401 challenge -> REGISTER w/ auth -> 200 OK for sip:+999700000004966@ims.mnc070.mcc999.3gpp.network.org
Jul  6 05:50:31 ims kamailio-scscf[3067]: INFO: registrar [save.c:498]: 401 challenge -> REGISTER w/ auth -> 200 OK for sip:+999700000004204@ims.mnc070.mcc999.3gpp.network.org
Jul  6 05:51:54 ims kamailio-scscf[3067]: INFO: tm [t_reply.c:900]: Call-ID: e53a94af62f7475e@ims.mnc070.mcc999.3gpp.network.org 180 Ringing -> 200 OK, dialog confirmed
Jul  6 05:53:31 ims kamailio-scscf[3067]: INFO: registrar [save.c:498]: 401 challenge -> REGISTER w/ auth -> 200 OK for sip:+999700000002583@ims.mnc070.mcc999.3gpp.network.org
Jul  6 05:55:37 ims kamailio-scscf[3067]: INFO: registrar [save.c:498]: 401 challenge -> REGISTER w/ auth -> 200 OK for sip:+999700000003688@ims.mnc070.mcc999.3gpp.network.org
Jul  6 05:56:13 ims kamailio-scscf[3067]: INFO: registrar [save.c:498]: 401 challenge -> REGISTER w/ auth -> 200 OK for sip:+999700000001002@ims.mnc070.mcc999.3gpp.network.org
Jul  6 05:58:21 ims kamailio-scscf[3067]: INFO: registrar [save.c:498]: 401 challenge -> REGISTER w/ auth -> 200 OK for sip:+999700000003172@ims.mnc070.mcc999.3gpp.network.org
Jul  6 05:59:23 ims kamailio-scscf[3067]: INFO: registrar [save.c:498]: 401 challenge -> REGISTER w/ auth -> 200 OK for sip:+999700000003482@ims.mnc070.mcc999.3gpp.network.org
Jul  6 05:59:54 ims kamailio-scscf[3067]: INFO: registrar [save.c:498]: 401 challenge -> REGISTER w/ auth -> 200 OK for sip:+999700000003996@ims.mnc070.mcc999.3gpp.network.org
Jul  6 06:01:14 ims kamailio-scscf[3067]: INFO: registrar [save.c:498]: 401 challenge -> REGISTER w/ auth -> 200 OK for sip:+999700000002263@ims.mnc070.mcc999.3gpp.network.org
Jul  6 06:02:02 ims kamailio-scscf[3067]: INFO: tm [t_reply.c:900]: Call-ID: adaab70101a046b4@ims.mnc070.mcc999.3gpp.network.org 180 Ringing -> 200 OK, dialog confirmed
Jul  6 06:02:25 ims kamailio-scscf[3067]: INFO: registrar [save.c:498]: 401 challenge -> REGISTER w/ auth -> 200 OK for sip:+999700000004735@ims.mnc070.mcc999.3gpp.network.org
Jul  6 06:05:08 ims kamailio-scscf[3067]: INFO: registrar [save.c:498]: 401 challenge -> REGISTER w/ auth -> 200 OK for sip:+999700000004366@ims.mnc070.mcc999.3gpp.network.org
Jul  6 06:05:52 ims kamailio-scscf[3067]: INFO: registrar [save.c:498]: 401 challenge -> REGISTER w/ auth -> 200 OK for sip:+999700000000810@ims.mnc070.mcc999.3gpp.network.org
Jul  6 06:09:40 ims kamailio-scscf[3067]: INFO: registrar [save.c:498]: 401 challenge -> REGISTER w/ auth -> 200 OK for sip:+999700000000432@ims.mnc070.mcc999.3gpp.network.org
Jul  6 06:10:13 ims kamailio-scscf[3067]: INFO: registrar [save.c:498]: 401 challenge -> REGISTER w/ auth -> 200 OK for sip:+999700000001078@ims.mnc070.mcc999.3gpp.network.org
Jul  6 06:13:10 ims kamailio-scscf[3067]: INFO: registrar [save.c:498]: 401 challenge -> REGISTER w/ auth -> 200 OK for sip:+999700000002440@ims.mnc070.mcc999.3gpp.network.org
Jul  6 06:13:37 ims kamailio-scscf[3067]: INFO: registrar [save.c:498]: 401 challenge -> REGISTER w/ auth -> 200 OK for sip:+999700000000007@ims.mnc070.mcc999.3gpp.network.org
Jul  6 06:15:51 ims kamailio-scscf[3067]: INFO: registrar [save.c:498]: 401 challenge -> REGISTER w/ auth -> 200 OK for sip:+999700000001825@ims.mnc070.mcc999.3gpp.network.org
Jul  6 06:16:19 ims kamailio-scscf[3067]: INFO: tm [t_reply.c:900]: Call-ID: 517fca7d20374336@ims.mnc070.mcc999.3gpp.network.org 180 Ringing -> 200 OK, dialog confirmed
Jul  6 06:16:28 ims kamailio-scscf[3067]: INFO: registrar [save.c:498]: 401 challenge -> REGISTER w/ auth -> 200 OK for sip:+999700000003578@ims.mnc070.mcc999.3gpp.network.org
Jul  6 06:17:51 ims kamailio-scscf[3067]: INFO: registrar [save.c:498]: 401 challenge -> REGISTER w/ auth -> 200 OK for sip:+999700000001907@ims.mnc070.mcc999.3gpp.network.org
Jul  6 06:19:23 ims kamailio-scscf[3067]: INFO: registrar [save.c:498]: 401 challenge -> REGISTER w/ auth -> 200 OK for sip:+999700000001080@ims.mnc070.mcc999.3gpp.network.org
Jul  6 06:21:39 ims kamailio-scscf[3067]: INFO: registrar [save.c:498]: 401 challenge -> REGISTER w/ auth -> 200 OK for sip:+999700000000448@ims.mnc070.mcc999.3gpp.network.org
Jul  6 06:26:10 ims kamailio-scscf[3067]: INFO: registrar [save.c:498]: 401 challenge -> REGISTER w/ auth -> 200 OK for sip:+999700000004769@ims.mnc070.mcc999.3gpp.network.org
Jul  6 06:26:38 ims kamailio-scscf[3067]: INFO: registrar [save.c:498]: 401 challenge -> REGISTER w/ auth -> 200 OK for sip:+999700000000089@ims.mnc070.mcc999.3gpp.network.org
Jul  6 06:27:44 ims kamailio-scscf[3067]: INFO: registrar [save.c:498]: 401 challenge -> REGISTER w/ auth -> 200 OK for sip:+999700000001495@ims.mnc070.mcc999.3gpp.network.org
Jul  6 06:28:18 ims kamailio-scscf[3067]: INFO: registrar [save.c:498]: 401 challenge -> REGISTER w/ auth -> 200 OK for sip:+999700000001908@ims.mnc070.mcc999.3gpp.network.org
Jul  6 06:33:43 ims kamailio-scscf[3067]: INFO: registrar [save.c:498]: 401 challenge -> REGISTER w/ auth -> 200 OK for sip:+999700000000468@ims.mnc070.mcc999.3gpp.network.org
Jul  6 06:34:31 ims kamailio-scscf[3067]: INFO: registrar [save.c:498]: 401 challenge -> REGISTER w/ auth -> 200 OK for sip:+999700000001202@ims.mnc070.mcc999.3gpp.network.org
Jul  6 06:35:37 ims kamailio-scscf[3067]: INFO: registrar [save.c:498]: 401 challenge -> REGISTER w/ auth -> 200 OK for sip:+999700000001448@ims.mnc070.mcc999.3gpp.network.org
Jul  6 06:35:40 ims kamailio-scscf[3067]: INFO: registrar [save.c:498]: 401 challenge -> REGISTER w/ auth -> 200 OK for sip:+999700000004335@ims.mnc070.mcc999.3gpp.network.org
Jul  6 06:36:14 ims kamailio-scscf[3067]: INFO: registrar [save.c:498]: 401 challenge -> REGISTER w/ auth -> 200 OK for sip:+999700000000295@ims.mnc070.mcc999.3gpp.network.org
Jul  6 06:37:32 ims kamailio-scscf[3067]: INFO: registrar [save.c:498]: 401 challenge -> REGISTER w/ auth -> 200 OK for sip:+999700000003383@ims.mnc070.mcc999.3gpp.network.org
Jul  6 06:40:02 ims kamailio-scscf[3067]: INFO: tm [t_reply.c:900]: Call-ID: 1ce3630fab2e49b7@ims.mnc070.mcc999.3gpp.network.org 180 Ringing -> 200 OK, dialog confirmed
Jul  6 06:41:25 ims kamailio-scscf[3067]: INFO: registrar [save.c:498]: 401 challenge -> REGISTER w/ auth -> 200 OK for sip:+999700000001688@ims.mnc070.mcc999.3gpp.network.org
Jul  6 06:43:22 ims kamailio-scscf[3067]: INFO: registrar [save.c:498]: 401 challenge -> REGISTER w/ auth -> 200 OK for sip:+999700000003677@ims.mnc070.mcc999.3gpp.network.org
Jul  6 06:45:49 ims kamailio-scscf[3067]: INFO: registrar [save.c:498]: 401 challenge -> REGISTER w/ auth -> 200 OK for sip:+999700000001222@ims.mnc070.mcc999.3gpp.network.org
Jul  6 06:46:28 ims kamailio-scscf[3067]: INFO: registrar [save.c:498]: 401 challenge -> REGISTER w/ auth -> 200 OK for sip:+999700000002750@ims.mnc070.mcc999.3gpp.network.org
Jul  6 06:46:42 ims kamailio-scscf[3067]: INFO: registrar [save.c:498]: 401 challenge -> REGISTER w/ auth -> 200 OK for sip:+999700000003439@ims.mnc070.mcc999.3gpp.network.org
Jul  6 06:47:07 ims kamailio-scscf[3067]: INFO: registrar [save.c:498]: 401 challenge -> REGISTER w/ auth -> 200 OK for sip:+999700000003995@ims.mnc070.mcc999.3gpp.network.org
Jul  6 06:48:41 ims kamailio-scscf[3067]: INFO: registrar [save.c:498]: 401 challenge -> REGISTER w/ auth -> 200 OK for sip:+999700000000125@ims.mnc070.mcc999.3gpp.network.org
Jul  6 06:51:49 ims kamailio-scscf[3067]: INFO: registrar [save.c:498]: 401 challenge -> REGISTER w/ auth -> 200 OK for sip:+999700000003814@ims.mnc070.mcc999.3gpp.network.org
Jul  6 06:53:01 ims kamailio-scscf[3067]: INFO: tm [t_reply.c:900]: Call-ID: 056251093177474d@ims.mnc070.mcc999.3gpp.network.org 180 Ringing -> 200 OK, dialog confirmed
Jul  6 06:54:26 ims kamailio-scscf[3067]: INFO: registrar [save.c:498]: 401 challenge -> REGISTER w/ auth -> 200 OK for sip:+999700000000238@ims.mnc070.mcc999.3gpp.network.org
Jul  6 06:57:03 ims kamailio-scscf[3067]: INFO: registrar [save.c:498]: 401 challenge -> REGISTER w/ auth -> 200 OK for sip:+999700000004582@ims.mnc070.mcc999.3gpp.network.org
Jul  6 06:59:24 ims kamailio-scscf[3067]: INFO: tm [t_reply.c:900]: Call-ID: bab6ea8691f04461@ims.mnc070.mcc999.3gpp.network.org 180 Ringing -> 200 OK, dialog confirmed
Jul  6 07:00:22 ims kamailio-scscf[3067]: INFO: registrar [save.c:498]: 401 challenge -> REGISTER w/ auth -> 200 OK for sip:+999700000001153@ims.mnc070.mcc999.3gpp.network.org
Jul  6 07:01:00 ims kamailio-scscf[3067]: INFO: registrar [save.c:498]: 401 challenge -> REGISTER w/ auth -> 200 OK for sip:+999700000000989@ims.mnc070.mcc999.3gpp.network.org
Jul  6 07:02:21 ims kamailio-scscf[3067]: INFO: tm [t_reply.c:900]: Call-ID: e568547037954cca@ims.mnc070.mcc999.3gpp.network.org 180 Ringing -> 200 OK, dialog confirmed
Jul  6 07:04:17 ims kamailio-scscf[3067]: INFO: registrar [save.c:498]: 401 challenge -> REGISTER w/ auth -> 200 OK for sip:+999700000003497@ims.mnc070.mcc999.3gpp.network.org
Jul  6 07:07:46 ims kamailio-scscf[3067]: INFO: registrar [save.c:498]: 401 challenge -> REGISTER w/ auth -> 200 OK for sip:+999700000004213@ims.mnc070.mcc999.3gpp.network.org
Jul  6 07:12:40 ims kamailio-scscf[3067]: INFO: registrar [save.c:498]: 401 challenge -> REGISTER w/ auth -> 200 OK for sip:+999700000002153@ims.mnc070.mcc999.3gpp.network.org
Jul  6 07:12:41 ims kamailio-scscf[3067]: INFO: tm [t_reply.c:900]: Call-ID: 667475b81bba495d@ims.mnc070.mcc999.3gpp.network.org 180 Ringing -> 200 OK, dialog confirmed
Jul  6 07:13:22 ims kamailio-scscf[3067]: INFO: registrar [save.c:498]: 401 challenge -> REGISTER w/ auth -> 200 OK for sip:+999700000001851@ims.mnc070.mcc999.3gpp.network.org
Jul  6 07:13:42 ims kamailio-scscf[3067]: INFO: registrar [save.c:498]: 401 challenge -> REGISTER w/ auth -> 200 OK for sip:+999700000000418@ims.mnc070.mcc999.3gpp.network.org
Jul  6 07:14:05 ims kamailio-scscf[3067]: INFO: registrar [save.c:498]: 401 challenge -> REGISTER w/ auth -> 200 OK for sip:+999700000000564@ims.mnc070.mcc999.3gpp.network.org
Jul  6 07:15:12 ims kamailio-scscf[3067]: INFO: registrar [save.c:498]: 401 challenge -> REGISTER w/ auth -> 200 OK for sip:+999700000002389@ims.mnc070.mcc999.3gpp.network.org
Jul  6 07:16:09 ims kamailio-scscf[3067]: INFO: registrar [save.c:498]: 401 challenge -> REGISTER w/ auth -> 200 OK for sip:+999700000000675@ims.mnc070.mcc999.3gpp.network.org
Jul  6 07:22:28 ims kamailio-scscf[3067]: INFO: tm [t_reply.c:900]: Call-ID: 19217621ffe1430d@ims.mnc070.mcc999.3gpp.network.org 180 Ringing -> 200 OK, dialog confirmed
Jul  6 07:22:28 ims kamailio-scscf[3067]: INFO: registrar [save.c:498]: 401 challenge -> REGISTER w/ auth -> 200 OK for sip:+999700000002515@ims.mnc070.mcc999.3gpp.network.org
Jul  6 07:22:35 ims kamailio-scscf[3067]: INFO: tm [t_reply.c:900]: Call-ID: 07cdcd3f8a9349a9@ims.mnc070.mcc999.3gpp.network.org 180 Ringing -> 200 OK, dialog confirmed
Jul  6 07:23:23 ims kamailio-scscf[3067]: INFO: registrar [save.c:498]: 401 challenge -> REGISTER w/ auth -> 200 OK for sip:+999700000004522@ims.mnc070.mcc999.3gpp.network.org
Jul  6 07:24:45 ims kamailio-scscf[3067]: INFO: registrar [save.c:498]: 401 challenge -> REGISTER w/ auth -> 200 OK for sip:+999700000003729@ims.mnc070.mcc999.3gpp.network.org
Jul  6 07:24:49 ims kamailio-scscf[3067]: INFO: registrar [save.c:498]: 401 challenge -> REGISTER w/ auth -> 200 OK for sip:+999700000002394@ims.mnc070.mcc999.3gpp.network.org
Jul  6 07:25:03 ims kamailio-scscf[3067]: INFO: registrar [save.c:498]: 401 challenge -> REGISTER w/ auth -> 200 OK for sip:+999700000000337@ims.mnc070.mcc999.3gpp.network.org
Jul  6 07:26:34 ims kamailio-scscf[3067]: INFO: registrar [save.c:498]: 401 challenge -> REGISTER w/ auth -> 200 OK for sip:+999700000002602@ims.mnc070.mcc999.3gpp.network.org
Jul  6 07:27:07 ims kamailio-scscf[3067]: INFO: registrar [save.c:498]: 401 challenge -> REGISTER w/ auth -> 200 OK for sip:+999700000002831@ims.mnc070.mcc999.3gpp.network.org
Jul  6 07:30:20 ims kamailio-scscf[3067]: INFO: registrar [save.c:498]: 401 challenge -> REGISTER w/ auth -> 200 OK for sip:+999700000004488@ims.mnc070.mcc999.3gpp.network.org
Jul  6 07:31:34 ims kamailio-scscf[3067]: INFO: registrar [save.c:498]: 401 challenge -> REGISTER w/ auth -> 200 OK for sip:+999700000001391@ims.mnc070.mcc999.3gpp.network.org
Jul  6 07:32:26 ims kamailio-scscf[3067]: INFO: registrar [save.c:498]: 401 challenge -> REGISTER w/ auth -> 200 OK for sip:+999700000001825@ims.mnc070.mcc999.3gpp.network.org
Jul  6 07:32:59 ims kamailio-scscf[3067]: INFO: registrar [save.c:498]: 401 challenge -> REGISTER w/ auth -> 200 OK for sip:+999700000002080@ims.mnc070.mcc999.3gpp.network.org
Jul  6 07:33:30 ims kamailio-scscf[3067]: INFO: registrar [save.c:498]: 401 challenge -> REGISTER w/ auth -> 200 OK for sip:+999700000002099@ims.mnc070.mcc999.3gpp.network.org
Jul  6 07:33:51 ims kamailio-scscf[3067]: INFO: registrar [save.c:498]: 401 challenge -> REGISTER w/ auth -> 200 OK for sip:+999700000002105@ims.mnc070.mcc999.3gpp.network.org
Jul  6 07:34:24 ims kamailio-scscf[3067]: INFO: registrar [save.c:498]: 401 challenge -> REGISTER w/ auth -> 200 OK for sip:+999700000000040@ims.mnc070.mcc999.3gpp.network.org
Jul  6 07:34:29 ims kamailio-scscf[3067]: INFO: registrar [save.c:498]: 401 challenge -> REGISTER w/ auth -> 200 OK for sip:+999700000004026@ims.mnc070.mcc999.3gpp.network.org
Jul  6 07:34:50 ims kamailio-scscf[3067]: INFO: tm [t_reply.c:900]: Call-ID: 8639e147b0dc4a29@ims.mnc070.mcc999.3gpp.network.org 180 Ringing -> 200 OK, dialog confirmed
Jul  6 07:38:15 ims kamailio-scscf[3067]: INFO: tm [t_reply.c:900]: Call-ID: 26af4d4d1f4e4700@ims.mnc070.mcc999.3gpp.network.org 180 Ringing -> 200 OK, dialog confirmed
Jul  6 07:40:17 ims kamailio-scscf[3067]: INFO: registrar [save.c:498]: 401 challenge -> REGISTER w/ auth -> 200 OK for sip:+999700000001900@ims.mnc070.mcc999.3gpp.network.org
Jul  6 07:45:33 ims kamailio-scscf[3067]: INFO: registrar [save.c:498]: 401 challenge -> REGISTER w/ auth -> 200 OK for sip:+999700000002402@ims.mnc070.mcc999.3gpp.network.org
Jul  6 07:46:52 ims kamailio-scscf[3067]: INFO: registrar [save.c:498]: 401 challenge -> REGISTER w/ auth -> 200 OK for sip:+999700000001897@ims.mnc070.mcc999.3gpp.network.org
Jul  6 07:48:42 ims kamailio-scscf[3067]: INFO: tm [t_reply.c:900]: Call-ID: a1616f6125ce493a@ims.mnc070.mcc999.3gpp.network.org 180 Ringing -> 200 OK, dialog confirmed
Jul  6 07:50:32 ims kamailio-scscf[3067]: INFO: registrar [save.c:498]: 401 challenge -> REGISTER w/ auth -> 200 OK for sip:+999700000003186@ims.mnc070.mcc999.3gpp.network.org
Jul  6 07:51:02 ims kamailio-scscf[3067]: INFO: registrar [save.c:498]: 401 challenge -> REGISTER w/ auth -> 200 OK for sip:+999700000004978@ims.mnc070.mcc999.3gpp.network.org
Jul  6 07:51:05 ims kamailio-scscf[3067]: INFO: registrar [save.c:498]: 401 challenge -> REGISTER w/ auth -> 200 OK for sip:+999700000002055@ims.mnc070.mcc999.3gpp.network.org
Jul  6 07:51:28 ims kamailio-scscf[3067]: INFO: registrar [save.c:498]: 401 challenge -> REGISTER w/ auth -> 200 OK for sip:+999700000001454@ims.mnc070.mcc999.3gpp.network.org
Jul  6 07:52:35 ims kamailio-scscf[3067]: INFO: registrar [save.c:498]: 401 challenge -> REGISTER w/ auth -> 200 OK for sip:+999700000004652@ims.mnc070.mcc999.3gpp.network.org
Jul  6 07:57:10 ims kamailio-scscf[3067]: INFO: registrar [save.c:498]: 401 challenge -> REGISTER w/ auth -> 200 OK for sip:+999700000002493@ims.mnc070.mcc999.3gpp.network.org
Jul  6 07:57:41 ims kamailio-scscf[3067]: INFO: registrar [save.c:498]: 401 challenge -> REGISTER w/ auth -> 200 OK for sip:+999700000003541@ims.mnc070.mcc999.3gpp.network.org
Jul  6 07:58:44 ims kamailio-scscf[3067]: INFO: tm [t_reply.c:900]: Call-ID: 61f64b01048248c5@ims.mnc070.mcc999.3gpp.network.org 180 Ringing -> 200 OK, dialog confirmed
Jul  6 07:59:36 ims kamailio-scscf[3067]: INFO: registrar [save.c:498]: 401 challenge -> REGISTER w/ auth -> 200 OK for sip:+999700000003253@ims.mnc070.mcc999.3gpp.network.org
Jul  6 08:03:50 ims kamailio-scscf[3067]: INFO: tm [t_reply.c:900]: Call-ID: edd0e4e874b04875@ims.mnc070.mcc999.3gpp.network.org 180 Ringing -> 200 OK, dialog confirmed
Jul  6 08:04:04 ims kamailio-scscf[3067]: INFO: registrar [save.c:498]: 401 challenge -> REGISTER w/ auth -> 200 OK for sip:+999700000001035@ims.mnc070.mcc999.3gpp.network.org
Jul  6 08:06:17 ims kamailio-scscf[3067]: INFO: registrar [save.c:498]: 401 challenge -> REGISTER w/ auth -> 200 OK for sip:+999700000002286@ims.mnc070.mcc999.3gpp.network.org
Jul  6 08:06:18 ims kamailio-scscf[3067]: INFO: tm [t_reply.c:900]: Call-ID: 7326acc466e24125@ims.mnc070.mcc999.3gpp.network.org final reply 480 No Answer
Jul  6 08:06:20 ims kamailio-scscf[3067]: INFO: registrar [save.c:498]: 401 challenge -> REGISTER w/ auth -> 200 OK for sip:+999700000003236@ims.mnc070.mcc999.3gpp.network.org
Jul  6 08:06:48 ims kamailio-scscf[3067]: INFO: registrar [save.c:498]: 401 challenge -> REGISTER w/ auth -> 200 OK for sip:+999700000001579@ims.mnc070.mcc999.3gpp.network.org
Jul  6 08:10:14 ims kamailio-scscf[3067]: INFO: registrar [save.c:498]: 401 challenge -> REGISTER w/ auth -> 200 OK for sip:+999700000000949@ims.mnc070.mcc999.3gpp.network.org
Jul  6 08:10:54 ims kamailio-scscf[3067]: INFO: registrar [save.c:498]: 401 challenge -> REGISTER w/ auth -> 200 OK for sip:+999700000001792@ims.mnc070.mcc999.3gpp.network.org
Jul  6 08:11:04 ims kamailio-scscf[3067]: INFO: registrar [save.c:498]: 401 challenge -> REGISTER w/ auth -> 200 OK for sip:+999700000001367@ims.mnc070.mcc999.3gpp.network.org
Jul  6 08:11:28 ims kamailio-scscf[3067]: INFO: tm [t_reply.c:900]: Call-ID: 59cc3a9265ac4c77@ims.mnc070.mcc999.3gpp.network.org final reply 486 Busy Here
Jul  6 08:13:17 ims kamailio-scscf[3067]: INFO: registrar [save.c:498]: 401 challenge -> REGISTER w/ auth -> 200 OK for sip:+999700000000181@ims.mnc070.mcc999.3gpp.network.org
Jul  6 08:15:27 ims kamailio-scscf[3067]: INFO: registrar [save.c:498]: 401 challenge -> REGISTER w/ auth -> 200 OK for sip:+999700000001479@ims.mnc070.mcc999.3gpp.network.org
Jul  6 08:17:18 ims kamailio-scscf[3067]: INFO: tm [t_reply.c:900]: Call-ID: 592b1c16d512419e@ims.mnc070.mcc999.3gpp.network.org 180 Ringing -> 200 OK, dialog confirmed
Jul  6 08:18:02 ims kamailio-scscf[3067]: INFO: registrar [save.c:498]: 401 challenge -> REGISTER w/ auth -> 200 OK for sip:+999700000001432@ims.mnc070.mcc999.3gpp.network.org
Jul  6 08:19:33 ims kamailio-scscf[3067]: INFO: registrar [save.c:498]: 401 challenge -> REGISTER w/ auth -> 200 OK for sip:+999700000001397@ims.mnc070.mcc999.3gpp.network.org
Jul  6 08:19:37 ims kamailio-scscf[3067]: INFO: registrar [save.c:498]: 401 challenge -> REGISTER w/ auth -> 200 OK for sip:+999700000003642@ims.mnc070.mcc999.3gpp.network.org
Jul  6 08:19:38 ims kamailio-scscf[3067]: INFO: registrar [save.c:498]: 401 challenge -> REGISTER w/ auth -> 200 OK for sip:+999700000003724@ims.mnc070.mcc999.3gpp.network.org
Jul  6 08:23:23 ims kamailio-scscf[3067]: INFO: registrar [save.c:498]: 401 challenge -> REGISTER w/ auth -> 200 OK for sip:+999700000000416@ims.mnc070.mcc999.3gpp.network.org
Jul  6 08:24:22 ims kamailio-scscf[3067]: INFO: tm [t_reply.c:900]: Call-ID: cec042d5c756490d@ims.mnc070.mcc999.3gpp.network.org final reply 480 No Answer
Jul  6 08:26:56 ims kamailio-scscf[3067]: INFO: registrar [save.c:498]: 401 challenge -> REGISTER w/ auth -> 200 OK for sip:+999700000000150@ims.mnc070.mcc999.3gpp.network.org
Jul  6 08:27:22 ims kamailio-scscf[3067]: INFO: registrar [save.c:498]: 401 challenge -> REGISTER w/ auth -> 200 OK for sip:+999700000000104@ims.mnc070.mcc999.3gpp.network.org
Jul  6 08:28:19 ims kamailio-scscf[3067]: INFO: tm [t_reply.c:900]: Call-ID: 115849020e784b58@ims.mnc070.mcc999.3gpp.network.org 180 Ringing -> 200 OK, dialog confirmed
Jul  6 08:28:33 ims kamailio-scscf[3067]: INFO: registrar [save.c:498]: 401 challenge -> REGISTER w/ auth -> 200 OK for sip:+999700000004093@ims.mnc070.mcc999.3gpp.network.org
Jul  6 08:31:48 ims kamailio-scscf[3067]: INFO: registrar [save.c:498]: 401 challenge -> REGISTER w/ auth -> 200 OK for sip:+999700000001718@ims.mnc070.mcc999.3gpp.network.org
Jul  6 08:32:35 ims kamailio-scscf[3067]: INFO: tm [t_reply.c:900]: Call-ID: 2582617652b6434b@ims.mnc070.mcc999.3gpp.network.org 180 Ringing -> 200 OK, dialog confirmed
Jul  6 08:32:49 ims kamailio-scscf[3067]: INFO: registrar [save.c:498]: 401 challenge -> REGISTER w/ auth -> 200 OK for sip:+999700000003668@ims.mnc070.mcc999.3gpp.network.org
Jul  6 08:32:59 ims kamailio-scscf[3067]: INFO: registrar [save.c:498]: 401 challenge -> REGISTER w/ auth -> 200 OK for sip:+999700000000361@ims.mnc070.mcc999.3gpp.network.org
Jul  6 08:33:02 ims kamailio-scscf[3067]: INFO: registrar [save.c:498]: 401 challenge -> REGISTER w/ auth -> 200 OK for sip:+999700000001247@ims.mnc070.mcc999.3gpp.network.org
Jul  6 08:33:13 ims kamailio-scscf[3067]: INFO: registrar [save.c:498]: 401 challenge -> REGISTER w/ auth -> 200 OK for sip:+999700000000402@ims.mnc070.mcc999.3gpp.network.org
Jul  6 08:37:08 ims kamailio-scscf[3067]: INFO: tm [t_reply.c:900]: Call-ID: 61e9f539995a485b@ims.mnc070.mcc999.3gpp.network.org 180 Ringing -> 200 OK, dialog confirmed
Jul  6 08:38:49 ims kamailio-scscf[3067]: INFO: registrar [save.c:498]: 401 challenge -> REGISTER w/ auth -> 200 OK for sip:+999700000000318@ims.mnc070.mcc999.3gpp.network.org
Jul  6 08:39:40 ims kamailio-scscf[3067]: INFO: tm [t_reply.c:900]: Call-ID: 5deb85e3bea04bf4@ims.mnc070.mcc999.3gpp.network.org 180 Ringing -> 200 OK, dialog confirmed
Jul  6 08:40:12 ims kamailio-scscf[3067]: INFO: registrar [save.c:498]: 401 challenge -> REGISTER w/ auth -> 200 OK for sip:+999700000004267@ims.mnc070.mcc999.3gpp.network.org
Jul  6 08:41:15 ims kamailio-scscf[3067]: INFO: registrar [save.c:498]: 401 challenge -> REGISTER w/ auth -> 200 OK for sip:+999700000004672@ims.mnc070.mcc999.3gpp.network.org
Jul  6 08:43:15 ims kamailio-scscf[3067]: INFO: tm [t_reply.c:900]: Call-ID: b15b292c99d7444c@ims.mnc070.mcc999.3gpp.network.org 180 Ringing -> 200 OK, dialog confirmed
Jul  6 08:43:22 ims kamailio-scscf[3067]: INFO: registrar [save.c:498]: 401 challenge -> REGISTER w/ auth -> 200 OK for sip:+999700000001935@ims.mnc070.mcc999.3gpp.network.org
Jul  6 08:45:42 ims kamailio-scscf[3067]: INFO: registrar [save.c:498]: 401 challenge -> REGISTER w/ auth -> 200 OK for sip:+999700000001441@ims.mnc070.mcc999.3gpp.network.org
Jul  6 08:48:11 ims kamailio-scscf[3067]: WARNING: registrar [save.c:512]: authentication failed for sip:+999700000002465@ims.mnc070.mcc999.3gpp.network.org, replying 403 Forbidden
Jul  6 08:51:10 ims kamailio-scscf[3067]: INFO: tm [t_reply.c:900]: Call-ID: 92c3d72514ab42cf@ims.mnc070.mcc999.3gpp.network.org 180 Ringing -> 200 OK, dialog confirmed
Jul  6 08:51:40 ims kamailio-scscf[3067]: INFO: registrar [save.c:498]: 401 challenge -> REGISTER w/ auth -> 200 OK for sip:+999700000003983@ims.mnc070.mcc999.3gpp.network.org
Jul  6 08:52:03 ims kamailio-scscf[3067]: INFO: registrar [save.c:498]: 401 challenge -> REGISTER w/ auth -> 200 OK for sip:+999700000000576@ims.mnc070.mcc999.3gpp.network.org
Jul  6 08:52:51 ims kamailio-scscf[3067]: INFO: registrar [save.c:498]: 401 challenge -> REGISTER w/ auth -> 200 OK for sip:+999700000004020@ims.mnc070.mcc999.3gpp.network.org
Jul  6 08:53:50 ims kamailio-scscf[3067]: INFO: tm [t_reply.c:900]: Call-ID: 58475f8dd5f24e15@ims.mnc070.mcc999.3gpp.network.org 180 Ringing -> 200 OK, dialog confirmed
Jul  6 08:57:24 ims kamailio-scscf[3067]: INFO: registrar [save.c:498]: 401 challenge -> REGISTER w/ auth -> 200 OK for sip:+999700000004537@ims.mnc070.mcc999.3gpp.network.org
Jul  6 08:57:42 ims kamailio-scscf[3067]: INFO: tm [t_reply.c:900]: Call-ID: 09aeecc954e14af2@ims.mnc070.mcc999.3gpp.network.org 180 Ringing -> 200 OK, dialog confirmed
Jul  6 08:58:08 ims kamailio-scscf[3067]: INFO: tm [t_reply.c:900]: Call-ID: fd8bc14c7ad34943@ims.mnc070.mcc999.3gpp.network.org 180 Ringing -> 200 OK, dialog confirmed
Jul  6 08:58:44 ims kamailio-scscf[3067]: INFO: registrar [save.c:498]: 401 challenge -> REGISTER w/ auth -> 200 OK for sip:+999700000004461@ims.mnc070.mcc999.3gpp.network.org
Jul  6 09:00:32 ims kamailio-scscf[3067]: INFO: registrar [save.c:498]: 401 challenge -> REGISTER w/ auth -> 200 OK for sip:+999700000003540@ims.mnc070.mcc999.3gpp.network.org
Jul  6 09:00:36 ims kamailio-scscf[3067]: INFO: registrar [save.c:498]: 401 challenge -> REGISTER w/ auth -> 200 OK for sip:+999700000002393@ims.mnc070.mcc999.3gpp.network.org
Jul  6 09:02:26 ims kamailio-scscf[3067]: INFO: tm [t_reply.c:900]: Call-ID: 4499873134b44ade@ims.mnc070.mcc999.3gpp.network.org 180 Ringing -> 200 OK, dialog confirmed
Jul  6 09:04:09 ims kamailio-scscf[3067]: INFO: tm [t_reply.c:900]: Call-ID: b03556556dfd4fa2@ims.mnc070.mcc999.3gpp.network.org final reply 486 Busy Here
Jul  6 09:04:59 ims kamailio-scscf[3067]: INFO: registrar [save.c:498]: 401 challenge -> REGISTER w/ auth -> 200 OK for sip:+999700000002911@ims.mnc070.mcc999.3gpp.network.org
Jul  6 09:10:12 ims kamailio-scscf[3067]: INFO: tm [t_reply.c:900]: Call-ID: e4d8d54a567c4683@ims.mnc070.mcc999.3gpp.network.org 180 Ringing -> 200 OK, dialog confirmed
Jul  6 09:11:54 ims kamailio-scscf[3067]: INFO: registrar [save.c:498]: 401 challenge -> REGISTER w/ auth -> 200 OK for sip:+999700000003179@ims.mnc070.mcc999.3gpp.network.org
Jul  6 09:12:06 ims kamailio-scscf[3067]: INFO: registrar [save.c:498]: 401 challenge -> REGISTER w/ auth -> 200 OK for sip:+999700000000592@ims.mnc070.mcc999.3gpp.network.org
Jul  6 09:12:41 ims kamailio-scscf[3067]: INFO: registrar [save.c:498]: 401 challenge -> REGISTER w/ auth -> 200 OK for sip:+999700000004741@ims.mnc070.mcc999.3gpp.network.org
Jul  6 09:13:15 ims kamailio-scscf[3067]: INFO: registrar [save.c:498]: 401 challenge -> REGISTER w/ auth -> 200 OK for sip:+999700000001233@ims.mnc070.mcc999.3gpp.network.org
Jul  6 09:13:22 ims kamailio-scscf[3067]: INFO: registrar [save.c:498]: 401 challenge -> REGISTER w/ auth -> 200 OK for sip:+999700000001984@ims.mnc070.mcc999.3gpp.network.org
Jul  6 09:13:52 ims kamailio-scscf[3067]: INFO: registrar [save.c:498]: 401 challenge -> REGISTER w/ auth -> 200 OK for sip:+999700000001241@ims.mnc070.mcc999.3gpp.network.org
Jul  6 09:13:56 ims kamailio-scscf[3067]: INFO: tm [t_reply.c:900]: Call-ID: 674922cec45e47ff@ims.mnc070.mcc999.3gpp.network.org 180 Ringing -> 200 OK, dialog confirmed
Jul  6 09:18:10 ims kamailio-scscf[3067]: INFO: registrar [save.c:498]: 401 challenge -> REGISTER w/ auth -> 200 OK for sip:+999700000002156@ims.mnc070.mcc999.3gpp.network.org
Jul  6 09:23:53 ims kamailio-scscf[3067]: INFO: registrar [save.c:498]: 401 challenge -> REGISTER w/ auth -> 200 OK for sip:+999700000004837@ims.mnc070.mcc999.3gpp.network.org
Jul  6 09:24:41 ims kamailio-scscf[3067]: INFO: registrar [save.c:498]: 401 challenge -> REGISTER w/ auth -> 200 OK for sip:+999700000001115@ims.mnc070.mcc999.3gpp.network.org
Jul  6 09:27:10 ims kamailio-scscf[3067]: INFO: registrar [save.c:498]: 401 challenge -> REGISTER w/ auth -> 200 OK for sip:+999700000001362@ims.mnc070.mcc999.3gpp.network.org
Jul  6 09:28:00 ims kamailio-scscf[3067]: INFO: tm [t_reply.c:900]: Call-ID: 0f9ba18cc6ae4764@ims.mnc070.mcc999.3gpp.network.org final reply 486 Busy Here
Jul  6 09:32:17 ims kamailio-scscf[3067]: INFO: tm [t_reply.c:900]: Call-ID: 2ec712d4469f4851@ims.mnc070.mcc999.3gpp.network.org 180 Ringing -> 200 OK, dialog confirmed
Jul  6 09:34:04 ims kamailio-scscf[3067]: INFO: tm [t_reply.c:900]: Call-ID: c21c2591a72e4ae5@ims.mnc070.mcc999.3gpp.network.org final reply 480 No Answer
Jul  6 09:36:35 ims kamailio-scscf[3067]: INFO: registrar [save.c:498]: 401 challenge -> REGISTER w/ auth -> 200 OK for sip:+999700000001904@ims.mnc070.mcc999.3gpp.network.org
Jul  6 09:36:43 ims kamailio-scscf[3067]: INFO: registrar [save.c:498]: 401 challenge -> REGISTER w/ auth -> 200 OK for sip:+999700000000468@ims.mnc070.mcc999.3gpp.network.org
Jul  6 09:36:48 ims kamailio-scscf[3067]: INFO: registrar [save.c:498]: 401 challenge -> REGISTER w/ auth -> 200 OK for sip:+999700000002595@ims.mnc070.mcc999.3gpp.network.org
Jul  6 09:38:26 ims kamailio-scscf[3067]: INFO: registrar [save.c:498]: 401 challenge -> REGISTER w/ auth -> 200 OK for sip:+999700000001760@ims.mnc070.mcc999.3gpp.network.org
Jul  6 09:46:18 ims kamailio-scscf[3067]: INFO: tm [t_reply.c:900]: Call-ID: 13675cc4121e429e@ims.mnc070.mcc999.3gpp.network.org 180 Ringing -> 200 OK, dialog confirmed
Jul  6 09:53:32 ims kamailio-scscf[3067]: INFO: registrar [save.c:498]: 401 challenge -> REGISTER w/ auth -> 200 OK for sip:+999700000000263@ims.mnc070.mcc999.3gpp.network.org
Jul  6 09:54:46 ims kamailio-scscf[3067]: INFO: registrar [save.c:498]: 401 challenge -> REGISTER w/ auth -> 200 OK for sip:+999700000000918@ims.mnc070.mcc999.3gpp.network.org
Jul  6 09:55:29 ims kamailio-scscf[3067]: INFO: registrar [save.c:498]: 401 challenge -> REGISTER w/ auth -> 200 OK for sip:+999700000004246@ims.mnc070.mcc999.3gpp.network.org
Jul  6 09:56:19 ims kamailio-scscf[3067]: INFO: tm [t_reply.c:900]: Call-ID: cac1026d57c64dd1@ims.mnc070.mcc999.3gpp.network.org 180 Ringing -> 200 OK, dialog confirmed
Jul  6 09:57:08 ims kamailio-scscf[3067]: INFO: registrar [save.c:498]: 401 challenge -> REGISTER w/ auth -> 200 OK for sip:+999700000004471@ims.mnc070.mcc999.3gpp.network.org
Jul  6 09:58:11 ims kamailio-scscf[3067]: INFO: registrar [save.c:498]: 401 challenge -> REGISTER w/ auth -> 200 OK for sip:+999700000002021@ims.mnc070.mcc999.3gpp.network.org
Jul  6 10:00:13 ims kamailio-scscf[3067]: INFO: tm [t_reply.c:900]: Call-ID: f93c1f562f4b4c3b@ims.mnc070.mcc999.3gpp.network.org 180 Ringing -> 200 OK, dialog confirmed
Jul  6 10:01:44 ims kamailio-scscf[3067]: INFO: tm [t_reply.c:900]: Call-ID: 0e4a1ec088594dc1@ims.mnc070.mcc999.3gpp.network.org 180 Ringing -> 200 OK, dialog confirmed
Jul  6 10:01:48 ims kamailio-scscf[3067]: INFO: registrar [save.c:498]: 401 challenge -> REGISTER w/ auth -> 200 OK for sip:+999700000002555@ims.mnc070.mcc999.3gpp.network.org
Jul  6 10:01:48 ims kamailio-scscf[3067]: INFO: registrar [save.c:498]: 401 challenge -> REGISTER w/ auth -> 200 OK for sip:+999700000002420@ims.mnc070.mcc999.3gpp.network.org
Jul  6 10:02:41 ims kamailio-scscf[3067]: INFO: registrar [save.c:498]: 401 challenge -> REGISTER w/ auth -> 200 OK for sip:+999700000000795@ims.mnc070.mcc999.3gpp.network.org
Jul  6 10:05:31 ims kamailio-scscf[3067]: INFO: registrar [save.c:498]: 401 challenge -> REGISTER w/ auth -> 200 OK for sip:+999700000003923@ims.mnc070.mcc999.3gpp.network.org
Jul  6 10:06:01 ims kamailio-scscf[3067]: INFO: tm [t_reply.c:900]: Call-ID: cceb22e6f8144db7@ims.mnc070.mcc999.3gpp.network.org 180 Ringing -> 200 OK, dialog confirmed
Jul  6 10:06:31 ims kamailio-scscf[3067]: INFO: registrar [save.c:498]: 401 challenge -> REGISTER w/ auth -> 200 OK for sip:+999700000000561@ims.mnc070.mcc999.3gpp.network.org
Jul  6 10:06:34 ims kamailio-scscf[3067]: INFO: registrar [save.c:498]: 401 challenge -> REGISTER w/ auth -> 200 OK for sip:+999700000002458@ims.mnc070.mcc999.3gpp.network.org
Jul  6 10:07:05 ims kamailio-scscf[3067]: INFO: tm [t_reply.c:900]: Call-ID: 37d26232aea04b0d@ims.mnc070.mcc999.3gpp.network.org 180 Ringing -> 200 OK, dialog confirmed
Jul  6 10:07:46 ims kamailio-scscf[3067]: INFO: registrar [save.c:498]: 401 challenge -> REGISTER w/ auth -> 200 OK for sip:+999700000001995@ims.mnc070.mcc999.3gpp.network.org
Jul  6 10:08:17 ims kamailio-scscf[3067]: INFO: registrar [save.c:498]: 401 challenge -> REGISTER w/ auth -> 200 OK for sip:+999700000003722@ims.mnc070.mcc999.3gpp.network.org
Jul  6 10:09:25 ims kamailio-scscf[3067]: INFO: registrar [save.c:498]: 401 challenge -> REGISTER w/ auth -> 200 OK for sip:+999700000003492@ims.mnc070.mcc999.3gpp.network.org
Jul  6 10:09:57 ims kamailio-scscf[3067]: INFO: registrar [save.c:498]: 401 challenge -> REGISTER w/ auth -> 200 OK for sip:+999700000001588@ims.mnc070.mcc999.3gpp.network.org
Jul  6 10:10:34 ims kamailio-scscf[3067]: INFO: registrar [save.c:498]: 401 challenge -> REGISTER w/ auth -> 200 OK for sip:+999700000001841@ims.mnc070.mcc999.3gpp.network.org
Jul  6 10:16:08 ims kamailio-scscf[3067]: INFO: registrar [save.c:498]: 401 challenge -> REGISTER w/ auth -> 200 OK for sip:+999700000000336@ims.mnc070.mcc999.3gpp.network.org
Jul  6 10:16:10 ims kamailio-scscf[3067]: INFO: registrar [save.c:498]: 401 challenge -> REGISTER w/ auth -> 200 OK for sip:+999700000000907@ims.mnc070.mcc999.3gpp.network.org
Jul  6 10:16:30 ims kamailio-scscf[3067]: INFO: tm [t_reply.c:900]: Call-ID: be2fcb083836478d@ims.mnc070.mcc999.3gpp.network.org 180 Ringing -> 200 OK, dialog confirmed
Jul  6 10:16:54 ims kamailio-scscf[3067]: INFO: tm [t_reply.c:900]: Call-ID: 709bab48f09b4cf9@ims.mnc070.mcc999.3gpp.network.org 180 Ringing -> 200 OK, dialog confirmed
Jul  6 10:17:01 ims kamailio-scscf[3067]: INFO: registrar [save.c:498]: 401 challenge -> REGISTER w/ auth -> 200 OK for sip:+999700000000189@ims.mnc070.mcc999.3gpp.network.org
Jul  6 10:18:28 ims kamailio-scscf[3067]: INFO: registrar [save.c:498]: 401 challenge -> REGISTER w/ auth -> 200 OK for sip:+999700000003008@ims.mnc070.mcc999.3gpp.network.org
Jul  6 10:20:00 ims kamailio-scscf[3067]: INFO: tm [t_reply.c:900]: Call-ID: 0a637d25c99e4ab8@ims.mnc070.mcc999.3gpp.network.org 180 Ringing -> 200 OK, dialog confirmed
Jul  6 10:20:54 ims kamailio-scscf[3067]: INFO: registrar [save.c:498]: 401 challenge -> REGISTER w/ auth -> 200 OK for sip:+999700000000426@ims.mnc070.mcc999.3gpp.network.org
Jul  6 10:21:02 ims kamailio-scscf[3067]: INFO: registrar [save.c:498]: 401 challenge -> REGISTER w/ auth -> 200 OK for sip:+999700000001340@ims.mnc070.mcc999.3gpp.network.org
Jul  6 10:23:11 ims kamailio-scscf[3067]: INFO: registrar [save.c:498]: 401 challenge -> REGISTER w/ auth -> 200 OK for sip:+999700000002633@ims.mnc070.mcc999.3gpp.network.org
Jul  6 10:23:21 ims kamailio-scscf[3067]: INFO: tm [t_reply.c:900]: Call-ID: 6987538420d047ee@ims.mnc070.mcc999.3gpp.network.org 180 Ringing -> 200 OK, dialog confirmed
Jul  6 10:23:54 ims kamailio-scscf[3067]: INFO: registrar [save.c:498]: 401 challenge -> REGISTER w/ auth -> 200 OK for sip:+999700000000767@ims.mnc070.mcc999.3gpp.network.org
Jul  6 10:25:18 ims kamailio-scscf[3067]: INFO: registrar [save.c:498]: 401 challenge -> REGISTER w/ auth -> 200 OK for sip:+999700000002874@ims.mnc070.mcc999.3gpp.network.org
Jul  6 10:25:54 ims kamailio-scscf[3067]: INFO: tm [t_reply.c:900]: Call-ID: 7ca0fd4db5354481@ims.mnc070.mcc999.3gpp.network.org 180 Ringing -> 200 OK, dialog confirmed
Jul  6 10:28:29 ims kamailio-scscf[3067]: INFO: registrar [save.c:498]: 401 challenge -> REGISTER w/ auth -> 200 OK for sip:+999700000002079@ims.mnc070.mcc999.3gpp.network.org
Jul  6 10:29:27 ims kamailio-scscf[3067]: INFO: registrar [save.c:498]: 401 challenge -> REGISTER w/ auth -> 200 OK for sip:+999700000002159@ims.mnc070.mcc999.3gpp.network.org
Jul  6 10:30:00 ims kamailio-scscf[3067]: INFO: registrar [save.c:498]: 401 challenge -> REGISTER w/ auth -> 200 OK for sip:+999700000002899@ims.mnc070.mcc999.3gpp.network.org
Jul  6 10:30:28 ims kamailio-scscf[3067]: INFO: registrar [save.c:498]: 401 challenge -> REGISTER w/ auth -> 200 OK for sip:+999700000002397@ims.mnc070.mcc999.3gpp.network.org
Jul  6 10:31:02 ims kamailio-scscf[3067]: INFO: tm [t_reply.c:900]: Call-ID: 584078806dfc47ae@ims.mnc070.mcc999.3gpp.network.org 180 Ringing -> 200 OK, dialog confirmed
Jul  6 10:31:24 ims kamailio-scscf[3067]: INFO: tm [t_reply.c:900]: Call-ID: c580bfbb71e04813@ims.mnc070.mcc999.3gpp.network.org 180 Ringing -> 200 OK, dialog confirmed
Jul  6 10:31:38 ims kamailio-scscf[3067]: INFO: tm [t_reply.c:900]: Call-ID: 8363cfdc64a94415@ims.mnc070.mcc999.3gpp.network.org 180 Ringing -> 200 OK, dialog confirmed
Jul  6 10:31:39 ims kamailio-scscf[3067]: INFO: tm [t_reply.c:900]: Call-ID: 3382c48640b243bf@ims.mnc070.mcc999.3gpp.network.org final reply 486 Busy Here
Jul  6 10:32:57 ims kamailio-scscf[3067]: INFO: registrar [save.c:498]: 401 challenge -> REGISTER w/ auth -> 200 OK for sip:+999700000001486@ims.mnc070.mcc999.3gpp.network.org
Jul  6 10:32:58 ims kamailio-scscf[3067]: INFO: registrar [save.c:498]: 401 challenge -> REGISTER w/ auth -> 200 OK for sip:+999700000001019@ims.mnc070.mcc999.3gpp.network.org
Jul  6 10:36:36 ims kamailio-scscf[3067]: INFO: registrar [save.c:498]: 401 challenge -> REGISTER w/ auth -> 200 OK for sip:+999700000004732@ims.mnc070.mcc999.3gpp.network.org
Jul  6 10:37:25 ims kamailio-scscf[3067]: INFO: registrar [save.c:498]: 401 challenge -> REGISTER w/ auth -> 200 OK for sip:+999700000001591@ims.mnc070.mcc999.3gpp.network.org
Jul  6 10:39:15 ims kamailio-scscf[3067]: INFO: tm [t_reply.c:900]: Call-ID: 026dc2fc1b8f4907@ims.mnc070.mcc999.3gpp.network.org 180 Ringing -> 200 OK, dialog confirmed
Jul  6 10:41:30 ims kamailio-scscf[3067]: INFO: registrar [save.c:498]: 401 challenge -> REGISTER w/ auth -> 200 OK for sip:+999700000000323@ims.mnc070.mcc999.3gpp.network.org
Jul  6 10:42:03 ims kamailio-scscf[3067]: INFO: registrar [save.c:498]: 401 challenge -> REGISTER w/ auth -> 200 OK for sip:+999700000000457@ims.mnc070.mcc999.3gpp.network.org
Jul  6 10:42:57 ims kamailio-scscf[3067]: INFO: tm [t_reply.c:900]: Call-ID: c81fb066abd648dc@ims.mnc070.mcc999.3gpp.network.org 180 Ringing -> 200 OK, dialog confirmed
Jul  6 10:44:12 ims kamailio-scscf[3067]: INFO: registrar [save.c:498]: 401 challenge -> REGISTER w/ auth -> 200 OK for sip:+999700000004316@ims.mnc070.mcc999.3gpp.network.org
Jul  6 10:44:22 ims kamailio-scscf[3067]: INFO: registrar [save.c:498]: 401 challenge -> REGISTER w/ auth -> 200 OK for sip:+999700000002916@ims.mnc070.mcc999.3gpp.network.org
Jul  6 10:44:26 ims kamailio-scscf[3067]: INFO: registrar [save.c:498]: 401 challenge -> REGISTER w/ auth -> 200 OK for sip:+999700000002959@ims.mnc070.mcc999.3gpp.network.org
Jul  6 10:45:41 ims kamailio-scscf[3067]: INFO: registrar [save.c:498]: 401 challenge -> REGISTER w/ auth -> 200 OK for sip:+999700000002838@ims.mnc070.mcc999.3gpp.network.org
Jul  6 10:45:43 ims kamailio-scscf[3067]: INFO: registrar [save.c:498]: 401 challenge -> REGISTER w/ auth -> 200 OK for sip:+999700000002168@ims.mnc070.mcc999.3gpp.network.org
Jul  6 10:46:30 ims kamailio-scscf[3067]: INFO: tm [t_reply.c:900]: Call-ID: 34f48d94661a4fec@ims.mnc070.mcc999.3gpp.network.org 180 Ringing -> 200 OK, dialog confirmed
Jul  6 10:47:40 ims kamailio-scscf[3067]: INFO: tm [t_reply.c:900]: Call-ID: 74390276256949c0@ims.mnc070.mcc999.3gpp.network.org final reply 486 Busy Here
Jul  6 10:48:20 ims kamailio-scscf[3067]: INFO: tm [t_reply.c:900]: Call-ID: 0056a43417a7406b@ims.mnc070.mcc999.3gpp.network.org final reply 480 No Answer
Jul  6 10:49:27 ims kamailio-scscf[3067]: INFO: registrar [save.c:498]: 401 challenge -> REGISTER w/ auth -> 200 OK for sip:+999700000000130@ims.mnc070.mcc999.3gpp.network.org
Jul  6 10:49:53 ims kamailio-scscf[3067]: INFO: tm [t_reply.c:900]: Call-ID: df0967c340bd41fb@ims.mnc070.mcc999.3gpp.network.org 180 Ringing -> 200 OK, dialog confirmed
Jul  6 10:50:13 ims kamailio-scscf[3067]: INFO: tm [t_reply.c:900]: Call-ID: 0cf7c8deb4134d1d@ims.mnc070.mcc999.3gpp.network.org 180 Ringing -> 200 OK, dialog confirmed
Jul  6 10:51:29 ims kamailio-scscf[3067]: INFO: tm [t_reply.c:900]: Call-ID: 1274701dac3a4557@ims.mnc070.mcc999.3gpp.network.org 180 Ringing -> 200 OK, dialog confirmed
Jul  6 10:52:34 ims kamailio-scscf[3067]: INFO: registrar [save.c:498]: 401 challenge -> REGISTER w/ auth -> 200 OK for sip:+999700000004210@ims.mnc070.mcc999.3gpp.network.org
Jul  6 10:52:55 ims kamailio-scscf[3067]: INFO: registrar [save.c:498]: 401 challenge -> REGISTER w/ auth -> 200 OK for sip:+999700000000505@ims.mnc070.mcc999.3gpp.network.org
Jul  6 10:55:56 ims kamailio-scscf[3067]: INFO: registrar [save.c:498]: 401 challenge -> REGISTER w/ auth -> 200 OK for sip:+999700000001946@ims.mnc070.mcc999.3gpp.network.org
Jul  6 10:55:56 ims kamailio-scscf[3067]: INFO: registrar [save.c:498]: 401 challenge -> REGISTER w/ auth -> 200 OK for sip:+999700000000129@ims.mnc070.mcc999.3gpp.network.org
Jul  6 10:56:47 ims kamailio-scscf[3067]: INFO: registrar [save.c:498]: 401 challenge -> REGISTER w/ auth -> 200 OK for sip:+999700000004207@ims.mnc070.mcc999.3gpp.network.org
Jul  6 10:56:54 ims kamailio-scscf[3067]: INFO: registrar [save.c:498]: 401 challenge -> REGISTER w/ auth -> 200 OK for sip:+999700000000740@ims.mnc070.mcc999.3gpp.network.org
Jul  6 10:57:07 ims kamailio-scscf[3067]: INFO: registrar [save.c:498]: 401 challenge -> REGISTER w/ auth -> 200 OK for sip:+999700000000175@ims.mnc070.mcc999.3gpp.network.org
Jul  6 10:58:54 ims kamailio-scscf[3067]: INFO: registrar [save.c:498]: 401 challenge -> REGISTER w/ auth -> 200 OK for sip:+999700000003990@ims.mnc070.mcc999.3gpp.network.org
Jul  6 10:59:17 ims kamailio-scscf[3067]: INFO: registrar [save.c:498]: 401 challenge -> REGISTER w/ auth -> 200 OK for sip:+999700000000472@ims.mnc070.mcc999.3gpp.network.org
Jul  6 11:01:13 ims kamailio-scscf[3067]: INFO: registrar [save.c:498]: 401 challenge -> REGISTER w/ auth -> 200 OK for sip:+999700000004155@ims.mnc070.mcc999.3gpp.network.org
Jul  6 11:01:35 ims kamailio-scscf[3067]: INFO: registrar [save.c:498]: 401 challenge -> REGISTER w/ auth -> 200 OK for sip:+999700000003279@ims.mnc070.mcc999.3gpp.network.org
Jul  6 11:01:45 ims kamailio-scscf[3067]: INFO: tm [t_reply.c:900]: Call-ID: 76e8bfd063894f97@ims.mnc070.mcc999.3gpp.network.org 180 Ringing -> 200 OK, dialog confirmed
Jul  6 11:02:36 ims kamailio-scscf[3067]: INFO: registrar [save.c:498]: 401 challenge -> REGISTER w/ auth -> 200 OK for sip:+999700000000240@ims.mnc070.mcc999.3gpp.network.org
Jul  6 11:02:49 ims kamailio-scscf[3067]: INFO: registrar [save.c:498]: 401 challenge -> REGISTER w/ auth -> 200 OK for sip:+999700000004534@ims.mnc070.mcc999.3gpp.network.org
Jul  6 11:02:59 ims kamailio-scscf[3067]: INFO: tm [t_reply.c:900]: Call-ID: c29202164b7e47d2@ims.mnc070.mcc999.3gpp.network.org 180 Ringing -> 200 OK, dialog confirmed
Jul  6 11:03:09 ims kamailio-scscf[3067]: INFO: registrar [save.c:498]: 401 challenge -> REGISTER w/ auth -> 200 OK for sip:+999700000002935@ims.mnc070.mcc999.3gpp.network.org
Jul  6 11:04:16 ims kamailio-scscf[3067]: INFO: tm [t_reply.c:900]: Call-ID: 9d1c32046060413f@ims.mnc070.mcc999.3gpp.network.org 180 Ringing -> 200 OK, dialog confirmed
Jul  6 11:05:20 ims kamailio-scscf[3067]: INFO: registrar [save.c:498]: 401 challenge -> REGISTER w/ auth -> 200 OK for sip:+999700000002325@ims.mnc070.mcc999.3gpp.network.org
Jul  6 11:05:34 ims kamailio-scscf[3067]: INFO: registrar [save.c:498]: 401 challenge -> REGISTER w/ auth -> 200 OK for sip:+999700000004414@ims.mnc070.mcc999.3gpp.network.org
Jul  6 11:05:37 ims kamailio-scscf[3067]: INFO: registrar [save.c:498]: 401 challenge -> REGISTER w/ auth -> 200 OK for sip:+999700000002693@ims.mnc070.mcc999.3gpp.network.org
Jul  6 11:05:52 ims kamailio-scscf[3067]: INFO: tm [t_reply.c:900]: Call-ID: 5b2aca115b5f4afa@ims.mnc070.mcc999.3gpp.network.org 180 Ringing -> 200 OK, dialog confirmed
Jul  6 11:07:23 ims kamailio-scscf[3067]: INFO: tm [t_reply.c:900]: Call-ID: e2b2ac1cc6f84842@ims.mnc070.mcc999.3gpp.network.org final reply 480 No Answer
Jul  6 11:08:43 ims kamailio-scscf[3067]: INFO: tm [t_reply.c:900]: Call-ID: c01b78136f434e2a@ims.mnc070.mcc999.3gpp.network.org 180 Ringing -> 200 OK, dialog confirmed
Jul  6 11:09:12 ims kamailio-scscf[3067]: INFO: registrar [save.c:498]: 401 challenge -> REGISTER w/ auth -> 200 OK for sip:+999700000001752@ims.mnc070.mcc999.3gpp.network.org
Jul  6 11:10:08 ims kamailio-scscf[3067]: INFO: registrar [save.c:498]: 401 challenge -> REGISTER w/ auth -> 200 OK for sip:+999700000000962@ims.mnc070.mcc999.3gpp.network.org
Jul  6 11:10:37 ims kamailio-scscf[3067]: INFO: tm [t_reply.c:900]: Call-ID: c2e1e3529e874796@ims.mnc070.mcc999.3gpp.network.org 180 Ringing -> 200 OK, dialog confirmed
Jul  6 11:11:16 ims kamailio-scscf[3067]: INFO: registrar [save.c:498]: 401 challenge -> REGISTER w/ auth -> 200 OK for sip:+999700000000291@ims.mnc070.mcc999.3gpp.network.org
Jul  6 11:12:28 ims kamailio-scscf[3067]: INFO: registrar [save.c:498]: 401 challenge -> REGISTER w/ auth -> 200 OK for sip:+999700000004565@ims.mnc070.mcc999.3gpp.network.org
Jul  6 11:13:27 ims kamailio-scscf[3067]: INFO: registrar [save.c:498]: 401 challenge -> REGISTER w/ auth -> 200 OK for sip:+999700000001273@ims.mnc070.mcc999.3gpp.network.org
Jul  6 11:18:44 ims kamailio-scscf[3067]: INFO: registrar [save.c:498]: 401 challenge -> REGISTER w/ auth -> 200 OK for sip:+999700000001465@ims.mnc070.mcc999.3gpp.network.org
Jul  6 11:19:33 ims kamailio-scscf[3067]: INFO: registrar [save.c:498]: 401 challenge -> REGISTER w/ auth -> 200 OK for sip:+999700000002985@ims.mnc070.mcc999.3gpp.network.org
Jul  6 11:19:41 ims kamailio-scscf[3067]: INFO: registrar [save.c:498]: 401 challenge -> REGISTER w/ auth -> 200 OK for sip:+999700000000107@ims.mnc070.mcc999.3gpp.network.org
Jul  6 11:19:41 ims kamailio-scscf[3067]: INFO: registrar [save.c:498]: 401 challenge -> REGISTER w/ auth -> 200 OK for sip:+999700000002541@ims.mnc070.mcc999.3gpp.network.org
Jul  6 11:20:35 ims kamailio-scscf[3067]: INFO: registrar [save.c:498]: 401 challenge -> REGISTER w/ auth -> 200 OK for sip:+999700000002879@ims.mnc070.mcc999.3gpp.network.org
Jul  6 11:20:38 ims kamailio-scscf[3067]: INFO: registrar [save.c:498]: 401 challenge -> REGISTER w/ auth -> 200 OK for sip:+999700000000414@ims.mnc070.mcc999.3gpp.network.org
Jul  6 11:21:04 ims kamailio-scscf[3067]: INFO: registrar [save.c:498]: 401 challenge -> REGISTER w/ auth -> 200 OK for sip:+999700000001675@ims.mnc070.mcc999.3gpp.network.org
Jul  6 11:21:46 ims kamailio-scscf[3067]: INFO: tm [t_reply.c:900]: Call-ID: 06caf56d118b4f31@ims.mnc070.mcc999.3gpp.network.org final reply 486 Busy Here
Jul  6 11:24:13 ims kamailio-scscf[3067]: INFO: registrar [save.c:498]: 401 challenge -> REGISTER w/ auth -> 200 OK for sip:+999700000003089@ims.mnc070.mcc999.3gpp.network.org
Jul  6 11:24:58 ims kamailio-scscf[3067]: INFO: tm [t_reply.c:900]: Call-ID: 67b38332ead043ce@ims.mnc070.mcc999.3gpp.network.org 180 Ringing -> 200 OK, dialog confirmed
Jul  6 11:25:31 ims kamailio-scscf[3067]: INFO: tm [t_reply.c:900]: Call-ID: 435e117d96e34643@ims.mnc070.mcc999.3gpp.network.org final reply 480 No Answer
Jul  6 11:25:44 ims kamailio-scscf[3067]: INFO: registrar [save.c:498]: 401 challenge -> REGISTER w/ auth -> 200 OK for sip:+999700000004554@ims.mnc070.mcc999.3gpp.network.org
Jul  6 11:25:45 ims kamailio-scscf[3067]: INFO: registrar [save.c:498]: 401 challenge -> REGISTER w/ auth -> 200 OK for sip:+999700000004414@ims.mnc070.mcc999.3gpp.network.org
Jul  6 11:27:56 ims kamailio-scscf[3067]: INFO: registrar [save.c:498]: 401 challenge -> REGISTER w/ auth -> 200 OK for sip:+999700000000912@ims.mnc070.mcc999.3gpp.network.org
Jul  6 11:28:02 ims kamailio-scscf[3067]: INFO: registrar [save.c:498]: 401 challenge -> REGISTER w/ auth -> 200 OK for sip:+999700000002202@ims.mnc070.mcc999.3gpp.network.org
Jul  6 11:28:04 ims kamailio-scscf[3067]: INFO: registrar [save.c:498]: 401 challenge -> REGISTER w/ auth -> 200 OK for sip:+999700000000829@ims.mnc070.mcc999.3gpp.network.org
Jul  6 11:28:39 ims kamailio-scscf[3067]: INFO: registrar [save.c:498]: 401 challenge -> REGISTER w/ auth -> 200 OK for sip:+999700000003972@ims.mnc070.mcc999.3gpp.network.org
Jul  6 11:28:57 ims kamailio-scscf[3067]: INFO: tm [t_reply.c:900]: Call-ID: d243b71b05a64f16@ims.mnc070.mcc999.3gpp.network.org 180 Ringing -> 200 OK, dialog confirmed
Jul  6 11:29:57 ims kamailio-scscf[3067]: INFO: tm [t_reply.c:900]: Call-ID: be842d9c4220448a@ims.mnc070.mcc999.3gpp.network.org final reply 480 No Answer
Jul  6 11:30:09 ims kamailio-scscf[3067]: INFO: registrar [save.c:498]: 401 challenge -> REGISTER w/ auth -> 200 OK for sip:+999700000001418@ims.mnc070.mcc999.3gpp.network.org
Jul  6 11:31:24 ims kamailio-scscf[3067]: INFO: tm [t_reply.c:900]: Call-ID: 330d66428f904db9@ims.mnc070.mcc999.3gpp.network.org final reply 480 No Answer
Jul  6 11:31:39 ims kamailio-scscf[3067]: INFO: tm [t_reply.c:900]: Call-ID: 80330ba230ef42c3@ims.mnc070.mcc999.3gpp.network.org 180 Ringing -> 200 OK, dialog confirmed
Jul  6 11:31:46 ims kamailio-scscf[3067]: INFO: registrar [save.c:498]: 401 challenge -> REGISTER w/ auth -> 200 OK for sip:+999700000003881@ims.mnc070.mcc999.3gpp.network.org
Jul  6 11:32:46 ims kamailio-scscf[3067]: INFO: registrar [save.c:498]: 401 challenge -> REGISTER w/ auth -> 200 OK for sip:+999700000003658@ims.mnc070.mcc999.3gpp.network.org
Jul  6 11:33:18 ims kamailio-scscf[3067]: INFO: registrar [save.c:498]: 401 challenge -> REGISTER w/ auth -> 200 OK for sip:+999700000000690@ims.mnc070.mcc999.3gpp.network.org
Jul  6 11:33:37 ims kamailio-scscf[3067]: INFO: tm [t_reply.c:900]: Call-ID: 64d5e4e6c026422e@ims.mnc070.mcc999.3gpp.network.org 180 Ringing -> 200 OK, dialog confirmed
Jul  6 11:33:47 ims kamailio-scscf[3067]: INFO: tm [t_reply.c:900]: Call-ID: 655916c29d69443c@ims.mnc070.mcc999.3gpp.network.org 180 Ringing -> 200 OK, dialog confirmed
Jul  6 11:34:32 ims kamailio-scscf[3067]: INFO: registrar [save.c:498]: 401 challenge -> REGISTER w/ auth -> 200 OK for sip:+999700000001398@ims.mnc070.mcc999.3gpp.network.org
Jul  6 11:34:53 ims kamailio-scscf[3067]: INFO: registrar [save.c:498]: 401 challenge -> REGISTER w/ auth -> 200 OK for sip:+999700000000133@ims.mnc070.mcc999.3gpp.network.org
Jul  6 11:36:37 ims kamailio-scscf[3067]: INFO: tm [t_reply.c:900]: Call-ID: 6fce7472f0c94250@ims.mnc070.mcc999.3gpp.network.org 180 Ringing -> 200 OK, dialog confirmed
Jul  6 11:36:38 ims kamailio-scscf[3067]: INFO: registrar [save.c:498]: 401 challenge -> REGISTER w/ auth -> 200 OK for sip:+999700000001859@ims.mnc070.mcc999.3gpp.network.org
Jul  6 11:37:01 ims kamailio-scscf[3067]: INFO: tm [t_reply.c:900]: Call-ID: dc52b84ecb1342a6@ims.mnc070.mcc999.3gpp.network.org 180 Ringing -> 200 OK, dialog confirmed
Jul  6 11:38:20 ims kamailio-scscf[3067]: INFO: tm [t_reply.c:900]: Call-ID: 97412079e3884694@ims.mnc070.mcc999.3gpp.network.org 180 Ringing -> 200 OK, dialog confirmed
Jul  6 11:39:08 ims kamailio-scscf[3067]: INFO: registrar [save.c:498]: 401 challenge -> REGISTER w/ auth -> 200 OK for sip:+999700000004940@ims.mnc070.mcc999.3gpp.network.org
Jul  6 11:42:52 ims kamailio-scscf[3067]: INFO: registrar [save.c:498]: 401 challenge -> REGISTER w/ auth -> 200 OK for sip:+999700000002475@ims.mnc070.mcc999.3gpp.network.org
Jul  6 11:42:56 ims kamailio-scscf[3067]: INFO: tm [t_reply.c:900]: Call-ID: e296de10ca534ee4@ims.mnc070.mcc999.3gpp.network.org 180 Ringing -> 200 OK, dialog confirmed
Jul  6 11:43:28 ims kamailio-scscf[3067]: INFO: registrar [save.c:498]: 401 challenge -> REGISTER w/ auth -> 200 OK for sip:+999700000004290@ims.mnc070.mcc999.3gpp.network.org
Jul  6 11:44:30 ims kamailio-scscf[3067]: INFO: registrar [save.c:498]: 401 challenge -> REGISTER w/ auth -> 200 OK for sip:+999700000004954@ims.mnc070.mcc999.3gpp.network.org
Jul  6 11:46:49 ims kamailio-scscf[3067]: INFO: registrar [save.c:498]: 401 challenge -> REGISTER w/ auth -> 200 OK for sip:+999700000002684@ims.mnc070.mcc999.3gpp.network.org
Jul  6 11:46:53 ims kamailio-scscf[3067]: INFO: tm [t_reply.c:900]: Call-ID: 78fe3d881c874f6e@ims.mnc070.mcc999.3gpp.network.org 180 Ringing -> 200 OK, dialog confirmed
Jul  6 11:48:11 ims kamailio-scscf[3067]: INFO: registrar [save.c:498]: 401 challenge -> REGISTER w/ auth -> 200 OK for sip:+999700000000750@ims.mnc070.mcc999.3gpp.network.org
Jul  6 11:48:39 ims kamailio-scscf[3067]: INFO: registrar [save.c:498]: 401 challenge -> REGISTER w/ auth -> 200 OK for sip:+999700000003552@ims.mnc070.mcc999.3gpp.network.org
Jul  6 11:48:41 ims kamailio-scscf[3067]: INFO: registrar [save.c:498]: 401 challenge -> REGISTER w/ auth -> 200 OK for sip:+999700000004324@ims.mnc070.mcc999.3gpp.network.org
Jul  6 11:50:04 ims kamailio-scscf[3067]: INFO: registrar [save.c:498]: 401 challenge -> REGISTER w/ auth -> 200 OK for sip:+999700000001614@ims.mnc070.mcc999.3gpp.network.org
Jul  6 11:51:45 ims kamailio-scscf[3067]: INFO: registrar [save.c:498]: 401 challenge -> REGISTER w/ auth -> 200 OK for sip:+999700000002757@ims.mnc070.mcc999.3gpp.network.org
Jul  6 11:52:48 ims kamailio-scscf[3067]: INFO: tm [t_reply.c:900]: Call-ID: bc8ea02dcc244180@ims.mnc070.mcc999.3gpp.network.org 180 Ringing -> 200 OK, dialog confirmed
Jul  6 11:53:06 ims kamailio-scscf[3067]: INFO: tm [t_reply.c:900]: Call-ID: f08721cf64f64b2c@ims.mnc070.mcc999.3gpp.network.org 180 Ringing -> 200 OK, dialog confirmed
Jul  6 11:53:52 ims kamailio-scscf[3067]: INFO: registrar [save.c:498]: 401 challenge -> REGISTER w/ auth -> 200 OK for sip:+999700000002359@ims.mnc070.mcc999.3gpp.network.org
Jul  6 11:53:57 ims kamailio-scscf[3067]: INFO: registrar [save.c:498]: 401 challenge -> REGISTER w/ auth -> 200 OK for sip:+999700000003940@ims.mnc070.mcc999.3gpp.network.org
Jul  6 11:54:29 ims kamailio-scscf[3067]: INFO: tm [t_reply.c:900]: Call-ID: c154fa9b2d524cac@ims.mnc070.mcc999.3gpp.network.org final reply 480 No Answer
Jul  6 11:55:08 ims kamailio-scscf[3067]: INFO: tm [t_reply.c:900]: Call-ID: 1dad7d4aa99b4103@ims.mnc070.mcc999.3gpp.network.org 180 Ringing -> 200 OK, dialog confirmed
Jul  6 11:55:39 ims kamailio-scscf[3067]: INFO: tm [t_reply.c:900]: Call-ID: ade477f61e6b4578@ims.mnc070.mcc999.3gpp.network.org 180 Ringing -> 200 OK, dialog confirmed
Jul  6 11:56:09 ims kamailio-scscf[3067]: INFO: registrar [save.c:498]: 401 challenge -> REGISTER w/ auth -> 200 OK for sip:+999700000004886@ims.mnc070.mcc999.3gpp.network.org
Jul  6 11:56:18 ims kamailio-scscf[3067]: INFO: tm [t_reply.c:900]: Call-ID: 204b6f8be60c4651@ims.mnc070.mcc999.3gpp.network.org final reply 486 Busy Here
Jul  6 11:57:24 ims kamailio-scscf[3067]: INFO: registrar [save.c:498]: 401 challenge -> REGISTER w/ auth -> 200 OK for sip:+999700000000049@ims.mnc070.mcc999.3gpp.network.org
Jul  6 11:57:35 ims kamailio-scscf[3067]: INFO: tm [t_reply.c:900]: Call-ID: 603cc08aea4c4781@ims.mnc070.mcc999.3gpp.network.org 180 Ringing -> 200 OK, dialog confirmed
Jul  6 11:57:54 ims kamailio-scscf[3067]: INFO: registrar [save.c:498]: 401 challenge -> REGISTER w/ auth -> 200 OK for sip:+999700000000549@ims.mnc070.mcc999.3gpp.network.org
Jul  6 11:58:23 ims kamailio-scscf[3067]: INFO: tm [t_reply.c:900]: Call-ID: 1aa5d92ddfdf47d6@ims.mnc070.mcc999.3gpp.network.org 180 Ringing -> 200 OK, dialog confirmed
Jul  6 11:59:05 ims kamailio-scscf[3067]: INFO: registrar [save.c:498]: 401 challenge -> REGISTER w/ auth -> 200 OK for sip:+999700000004942@ims.mnc070.mcc999.3gpp.network.org
Jul  6 11:59:32 ims kamailio-scscf[3067]: INFO: registrar [save.c:498]: 401 challenge -> REGISTER w/ auth -> 200 OK for sip:+999700000000643@ims.mnc070.mcc999.3gpp.network.org
Jul  6 12:00:19 ims kamailio-scscf[3067]: INFO: tm [t_reply.c:900]: Call-ID: 4f057f2bcab94c6c@ims.mnc070.mcc999.3gpp.network.org 180 Ringing -> 200 OK, dialog confirmed
Jul  6 12:01:22 ims kamailio-scscf[3067]: INFO: tm [t_reply.c:900]: Call-ID: 7097707fe3244d28@ims.mnc070.mcc999.3gpp.network.org 180 Ringing -> 200 OK, dialog confirmed
Jul  6 12:03:29 ims kamailio-scscf[3067]: INFO: registrar [save.c:498]: 401 challenge -> REGISTER w/ auth -> 200 OK for sip:+999700000003705@ims.mnc070.mcc999.3gpp.network.org
Jul  6 12:07:25 ims kamailio-scscf[3067]: INFO: tm [t_reply.c:900]: Call-ID: b4d3d539059b4b8a@ims.mnc070.mcc999.3gpp.network.org 180 Ringing -> 200 OK, dialog confirmed
Jul  6 12:07:46 ims kamailio-scscf[3067]: INFO: registrar [save.c:498]: 401 challenge -> REGISTER w/ auth -> 200 OK for sip:+999700000004249@ims.mnc070.mcc999.3gpp.network.org
Jul  6 12:08:01 ims kamailio-scscf[3067]: INFO: registrar [save.c:498]: 401 challenge -> REGISTER w/ auth -> 200 OK for sip:+999700000002287@ims.mnc070.mcc999.3gpp.network.org
Jul  6 12:08:02 ims kamailio-scscf[3067]: INFO: registrar [save.c:498]: 401 challenge -> REGISTER w/ auth -> 200 OK for sip:+999700000002566@ims.mnc070.mcc999.3gpp.network.org
Jul  6 12:08:04 ims kamailio-scscf[3067]: INFO: registrar [save.c:498]: 401 challenge -> REGISTER w/ auth -> 200 OK for sip:+999700000003380@ims.mnc070.mcc999.3gpp.network.org
Jul  6 12:08:38 ims kamailio-scscf[3067]: INFO: registrar [save.c:498]: 401 challenge -> REGISTER w/ auth -> 200 OK for sip:+999700000004814@ims.mnc070.mcc999.3gpp.network.org
Jul  6 12:09:02 ims kamailio-scscf[3067]: INFO: tm [t_reply.c:900]: Call-ID: 638fe82b89f444ed@ims.mnc070.mcc999.3gpp.network.org 180 Ringing -> 200 OK, dialog confirmed
Jul  6 12:09:08 ims kamailio-scscf[3067]: INFO: registrar [save.c:498]: 401 challenge -> REGISTER w/ auth -> 200 OK for sip:+999700000003338@ims.mnc070.mcc999.3gpp.network.org
Jul  6 12:09:30 ims kamailio-scscf[3067]: INFO: registrar [save.c:498]: 401 challenge -> REGISTER w/ auth -> 200 OK for sip:+999700000000076@ims.mnc070.mcc999.3gpp.network.org
Jul  6 12:09:45 ims kamailio-scscf[3067]: INFO: tm [t_reply.c:900]: Call-ID: bba124343d88468a@ims.mnc070.mcc999.3gpp.network.org final reply 486 Busy Here
Jul  6 12:09:59 ims kamailio-scscf[3067]: INFO: tm [t_reply.c:900]: Call-ID: 5d15d346eef54424@ims.mnc070.mcc999.3gpp.network.org 180 Ringing -> 200 OK, dialog confirmed
Jul  6 12:11:06 ims kamailio-scscf[3067]: INFO: tm [t_reply.c:900]: Call-ID: 0613f21b47f34161@ims.mnc070.mcc999.3gpp.network.org final reply 486 Busy Here
Jul  6 12:11:16 ims kamailio-scscf[3067]: INFO: tm [t_reply.c:900]: Call-ID: 0eb56ec3b2ca4d05@ims.mnc070.mcc999.3gpp.network.org 180 Ringing -> 200 OK, dialog confirmed
Jul  6 12:11:35 ims kamailio-scscf[3067]: INFO: registrar [save.c:498]: 401 challenge -> REGISTER w/ auth -> 200 OK for sip:+999700000001195@ims.mnc070.mcc999.3gpp.network.org
Jul  6 12:12:00 ims kamailio-scscf[3067]: INFO: registrar [save.c:498]: 401 challenge -> REGISTER w/ auth -> 200 OK for sip:+999700000004075@ims.mnc070.mcc999.3gpp.network.org
Jul  6 12:12:40 ims kamailio-scscf[3067]: INFO: registrar [save.c:498]: 401 challenge -> REGISTER w/ auth -> 200 OK for sip:+999700000003601@ims.mnc070.mcc999.3gpp.network.org
Jul  6 12:13:05 ims kamailio-scscf[3067]: INFO: registrar [save.c:498]: 401 challenge -> REGISTER w/ auth -> 200 OK for sip:+999700000001424@ims.mnc070.mcc999.3gpp.network.org
Jul  6 12:13:06 ims kamailio-scscf[3067]: INFO: registrar [save.c:498]: 401 challenge -> REGISTER w/ auth -> 200 OK for sip:+999700000004075@ims.mnc070.mcc999.3gpp.network.org
Jul  6 12:13:54 ims kamailio-scscf[3067]: INFO: registrar [save.c:498]: 401 challenge -> REGISTER w/ auth -> 200 OK for sip:+999700000003025@ims.mnc070.mcc999.3gpp.network.org
Jul  6 12:15:09 ims kamailio-scscf[3067]: INFO: registrar [save.c:498]: 401 challenge -> REGISTER w/ auth -> 200 OK for sip:+999700000000185@ims.mnc070.mcc999.3gpp.network.org
Jul  6 12:16:40 ims kamailio-scscf[3067]: INFO: registrar [save.c:498]: 401 challenge -> REGISTER w/ auth -> 200 OK for sip:+999700000003329@ims.mnc070.mcc999.3gpp.network.org
Jul  6 12:16:47 ims kamailio-scscf[3067]: INFO: tm [t_reply.c:900]: Call-ID: 60e53b4e55864f78@ims.mnc070.mcc999.3gpp.network.org 180 Ringing -> 200 OK, dialog confirmed
Jul  6 12:16:54 ims kamailio-scscf[3067]: INFO: registrar [save.c:498]: 401 challenge -> REGISTER w/ auth -> 200 OK for sip:+999700000002668@ims.mnc070.mcc999.3gpp.network.org
Jul  6 12:17:12 ims kamailio-scscf[3067]: INFO: registrar [save.c:498]: 401 challenge -> REGISTER w/ auth -> 200 OK for sip:+999700000004542@ims.mnc070.mcc999.3gpp.network.org
Jul  6 12:18:23 ims kamailio-scscf[3067]: INFO: registrar [save.c:498]: 401 challenge -> REGISTER w/ auth -> 200 OK for sip:+999700000000851@ims.mnc070.mcc999.3gpp.network.org
Jul  6 12:19:16 ims kamailio-scscf[3067]: INFO: registrar [save.c:498]: 401 challenge -> REGISTER w/ auth -> 200 OK for sip:+999700000001848@ims.mnc070.mcc999.3gpp.network.org
Jul  6 12:19:17 ims kamailio-scscf[3067]: INFO: registrar [save.c:498]: 401 challenge -> REGISTER w/ auth -> 200 OK for sip:+999700000001493@ims.mnc070.mcc999.3gpp.network.org
Jul  6 12:19:55 ims kamailio-scscf[3067]: INFO: tm [t_reply.c:900]: Call-ID: f6920e8f2edb4dc8@ims.mnc070.mcc999.3gpp.network.org 180 Ringing -> 200 OK, dialog confirmed
Jul  6 12:19:59 ims kamailio-scscf[3067]: INFO: registrar [save.c:498]: 401 challenge -> REGISTER w/ auth -> 200 OK for sip:+999700000004764@ims.mnc070.mcc999.3gpp.network.org
Jul  6 12:20:27 ims kamailio-scscf[3067]: INFO: tm [t_reply.c:900]: Call-ID: ee5799f712424e71@ims.mnc070.mcc999.3gpp.network.org 180 Ringing -> 200 OK, dialog confirmed
Jul  6 12:23:05 ims kamailio-scscf[3067]: INFO: tm [t_reply.c:900]: Call-ID: 7a98523eed6941ce@ims.mnc070.mcc999.3gpp.network.org final reply 486 Busy Here
Jul  6 12:23:07 ims kamailio-scscf[3067]: INFO: registrar [save.c:498]: 401 challenge -> REGISTER w/ auth -> 200 OK for sip:+999700000002982@ims.mnc070.mcc999.3gpp.network.org
Jul  6 12:23:17 ims kamailio-scscf[3067]: INFO: tm [t_reply.c:900]: Call-ID: 7572f56f2b224da8@ims.mnc070.mcc999.3gpp.network.org final reply 486 Busy Here
Jul  6 12:24:57 ims kamailio-scscf[3067]: INFO: tm [t_reply.c:900]: Call-ID: 285474ea0a22407c@ims.mnc070.mcc999.3gpp.network.org 180 Ringing -> 200 OK, dialog confirmed
Jul  6 12:25:12 ims kamailio-scscf[3067]: INFO: registrar [save.c:498]: 401 challenge -> REGISTER w/ auth -> 200 OK for sip:+999700000000316@ims.mnc070.mcc999.3gpp.network.org
Jul  6 12:25:50 ims kamailio-scscf[3067]: INFO: registrar [save.c:498]: 401 challenge -> REGISTER w/ auth -> 200 OK for sip:+999700000003000@ims.mnc070.mcc999.3gpp.network.org
Jul  6 12:27:46 ims kamailio-scscf[3067]: INFO: registrar [save.c:498]: 401 challenge -> REGISTER w/ auth -> 200 OK for sip:+999700000001135@ims.mnc070.mcc999.3gpp.network.org
Jul  6 12:28:57 ims kamailio-scscf[3067]: INFO: tm [t_reply.c:900]: Call-ID: 5433c481d5904a30@ims.mnc070.mcc999.3gpp.network.org final reply 480 No Answer
Jul  6 12:29:08 ims kamailio-scscf[3067]: INFO: registrar [save.c:498]: 401 challenge -> REGISTER w/ auth -> 200 OK for sip:+999700000001750@ims.mnc070.mcc999.3gpp.network.org
Jul  6 12:29:35 ims kamailio-scscf[3067]: INFO: tm [t_reply.c:900]: Call-ID: 7ff507285c8848a8@ims.mnc070.mcc999.3gpp.network.org 180 Ringing -> 200 OK, dialog confirmed
Jul  6 12:30:00 ims kamailio-scscf[3067]: INFO: registrar [save.c:498]: 401 challenge -> REGISTER w/ auth -> 200 OK for sip:+999700000001702@ims.mnc070.mcc999.3gpp.network.org
Jul  6 12:30:11 ims kamailio-scscf[3067]: INFO: tm [t_reply.c:900]: Call-ID: 84fef683b79d4a5e@ims.mnc070.mcc999.3gpp.network.org 180 Ringing -> 200 OK, dialog confirmed
Jul  6 12:31:33 ims kamailio-scscf[3067]: INFO: registrar [save.c:498]: 401 challenge -> REGISTER w/ auth -> 200 OK for sip:+999700000000788@ims.mnc070.mcc999.3gpp.network.org
Jul  6 12:31:51 ims kamailio-scscf[3067]: INFO: tm [t_reply.c:900]: Call-ID: 240db3b271334a36@ims.mnc070.mcc999.3gpp.network.org 180 Ringing -> 200 OK, dialog confirmed
Jul  6 12:33:37 ims kamailio-scscf[3067]: INFO: tm [t_reply.c:900]: Call-ID: d8ef73f5dbbe428c@ims.mnc070.mcc999.3gpp.network.org final reply 486 Busy Here
Jul  6 12:34:44 ims kamailio-scscf[3067]: INFO: registrar [save.c:498]: 401 challenge -> REGISTER w/ auth -> 200 OK for sip:+999700000004122@ims.mnc070.mcc999.3gpp.network.org
Jul  6 12:34:49 ims kamailio-scscf[3067]: INFO: tm [t_reply.c:900]: Call-ID: bba0946b81644254@ims.mnc070.mcc999.3gpp.network.org 180 Ringing -> 200 OK, dialog confirmed
Jul  6 12:35:34 ims kamailio-scscf[3067]: INFO: registrar [save.c:498]: 401 challenge -> REGISTER w/ auth -> 200 OK for sip:+999700000000690@ims.mnc070.mcc999.3gpp.network.org
Jul  6 12:38:47 ims kamailio-scscf[3067]: INFO: registrar [save.c:498]: 401 challenge -> REGISTER w/ auth -> 200 OK for sip:+999700000000107@ims.mnc070.mcc999.3gpp.network.org
Jul  6 12:38:53 ims kamailio-scscf[3067]: INFO: registrar [save.c:498]: 401 challenge -> REGISTER w/ auth -> 200 OK for sip:+999700000004770@ims.mnc070.mcc999.3gpp.network.org
Jul  6 12:39:06 ims kamailio-scscf[3067]: INFO: registrar [save.c:498]: 401 challenge -> REGISTER w/ auth -> 200 OK for sip:+999700000002826@ims.mnc070.mcc999.3gpp.network.org
Jul  6 12:39:16 ims kamailio-scscf[3067]: INFO: registrar [save.c:498]: 401 challenge -> REGISTER w/ auth -> 200 OK for sip:+999700000002160@ims.mnc070.mcc999.3gpp.network.org
Jul  6 12:39:18 ims kamailio-scscf[3067]: INFO: registrar [save.c:498]: 401 challenge -> REGISTER w/ auth -> 200 OK for sip:+999700000000153@ims.mnc070.mcc999.3gpp.network.org
Jul  6 12:39:31 ims kamailio-scscf[3067]: INFO: tm [t_reply.c:900]: Call-ID: 3663182dbc984af3@ims.mnc070.mcc999.3gpp.network.org 180 Ringing -> 200 OK, dialog confirmed
Jul  6 12:39:46 ims kamailio-scscf[3067]: INFO: tm [t_reply.c:900]: Call-ID: ab24de99172c4898@ims.mnc070.mcc999.3gpp.network.org 180 Ringing -> 200 OK, dialog confirmed
Jul  6 12:41:37 ims kamailio-scscf[3067]: INFO: registrar [save.c:498]: 401 challenge -> REGISTER w/ auth -> 200 OK for sip:+999700000003888@ims.mnc070.mcc999.3gpp.network.org
Jul  6 12:42:12 ims kamailio-scscf[3067]: INFO: registrar [save.c:498]: 401 challenge -> REGISTER w/ auth -> 200 OK for sip:+999700000001128@ims.mnc070.mcc999.3gpp.network.org
Jul  6 12:42:38 ims kamailio-scscf[3067]: INFO: registrar [save.c:498]: 401 challenge -> REGISTER w/ auth -> 200 OK for sip:+999700000003302@ims.mnc070.mcc999.3gpp.network.org
Jul  6 12:43:01 ims kamailio-scscf[3067]: INFO: registrar [save.c:498]: 401 challenge -> REGISTER w/ auth -> 200 OK for sip:+999700000002658@ims.mnc070.mcc999.3gpp.network.org
Jul  6 12:43:05 ims kamailio-scscf[3067]: INFO: tm [t_reply.c:900]: Call-ID: 296f777b587c4044@ims.mnc070.mcc999.3gpp.network.org 180 Ringing -> 200 OK, dialog confirmed
Jul  6 12:43:31 ims kamailio-scscf[3067]: INFO: tm [t_reply.c:900]: Call-ID: 29976cfdd0184eea@ims.mnc070.mcc999.3gpp.network.org final reply 486 Busy Here
Jul  6 12:43:56 ims kamailio-scscf[3067]: INFO: registrar [save.c:498]: 401 challenge -> REGISTER w/ auth -> 200 OK for sip:+999700000000406@ims.mnc070.mcc999.3gpp.network.org
Jul  6 12:44:08 ims kamailio-scscf[3067]: INFO: tm [t_reply.c:900]: Call-ID: ccd6af5acf39446e@ims.mnc070.mcc999.3gpp.network.org 180 Ringing -> 200 OK, dialog confirmed
Jul  6 12:46:16 ims kamailio-scscf[3067]: INFO: tm [t_reply.c:900]: Call-ID: 7611494884a14c65@ims.mnc070.mcc999.3gpp.network.org 180 Ringing -> 200 OK, dialog confirmed
Jul  6 12:46:41 ims kamailio-scscf[3067]: INFO: registrar [save.c:498]: 401 challenge -> REGISTER w/ auth -> 200 OK for sip:+999700000002519@ims.mnc070.mcc999.3gpp.network.org
Jul  6 12:47:08 ims kamailio-scscf[3067]: INFO: registrar [save.c:498]: 401 challenge -> REGISTER w/ auth -> 200 OK for sip:+999700000001899@ims.mnc070.mcc999.3gpp.network.org
Jul  6 12:48:29 ims kamailio-scscf[3067]: INFO: registrar [save.c:498]: 401 challenge -> REGISTER w/ auth -> 200 OK for sip:+999700000002329@ims.mnc070.mcc999.3gpp.network.org
Jul  6 12:49:06 ims kamailio-scscf[3067]: INFO: registrar [save.c:498]: 401 challenge -> REGISTER w/ auth -> 200 OK for sip:+999700000000647@ims.mnc070.mcc999.3gpp.network.org
Jul  6 12:49:52 ims kamailio-scscf[3067]: INFO: tm [t_reply.c:900]: Call-ID: 9cb5fa8f8042440f@ims.mnc070.mcc999.3gpp.network.org 180 Ringing -> 200 OK, dialog confirmed
Jul  6 12:50:42 ims kamailio-scscf[3067]: INFO: tm [t_reply.c:900]: Call-ID: 8bb4cae994a446a8@ims.mnc070.mcc999.3gpp.network.org 180 Ringing -> 200 OK, dialog confirmed
Jul  6 12:51:01 ims kamailio-scscf[3067]: INFO: registrar [save.c:498]: 401 challenge -> REGISTER w/ auth -> 200 OK for sip:+999700000002518@ims.mnc070.mcc999.3gpp.network.org
Jul  6 12:51:40 ims kamailio-scscf[3067]: INFO: tm [t_reply.c:900]: Call-ID: 01e977514f60422d@ims.mnc070.mcc999.3gpp.network.org 180 Ringing -> 200 OK, dialog confirmed
Jul  6 12:52:09 ims kamailio-scscf[3067]: INFO: registrar [save.c:498]: 401 challenge -> REGISTER w/ auth -> 200 OK for sip:+999700000004788@ims.mnc070.mcc999.3gpp.network.org
Jul  6 12:52:17 ims kamailio-scscf[3067]: INFO: registrar [save.c:498]: 401 challenge -> REGISTER w/ auth -> 200 OK for sip:+999700000001411@ims.mnc070.mcc999.3gpp.network.org
Jul  6 12:52:17 ims kamailio-scscf[3067]: INFO: tm [t_reply.c:900]: Call-ID: 4df48dd539054290@ims.mnc070.mcc999.3gpp.network.org 180 Ringing -> 200 OK, dialog confirmed
Jul  6 12:52:37 ims kamailio-scscf[3067]: INFO: registrar [save.c:498]: 401 challenge -> REGISTER w/ auth -> 200 OK for sip:+999700000003720@ims.mnc070.mcc999.3gpp.network.org
Jul  6 12:52:53 ims kamailio-scscf[3067]: INFO: registrar [save.c:498]: 401 challenge -> REGISTER w/ auth -> 200 OK for sip:+999700000001346@ims.mnc070.mcc999.3gpp.network.org
Jul  6 12:53:46 ims kamailio-scscf[3067]: INFO: registrar [save.c:498]: 401 challenge -> REGISTER w/ auth -> 200 OK for sip:+999700000000791@ims.mnc070.mcc999.3gpp.network.org
Jul  6 12:54:06 ims kamailio-scscf[3067]: INFO: registrar [save.c:498]: 401 challenge -> REGISTER w/ auth -> 200 OK for sip:+999700000001506@ims.mnc070.mcc999.3gpp.network.org
Jul  6 12:55:47 ims kamailio-scscf[3067]: INFO: tm [t_reply.c:900]: Call-ID: 1128c9c2450a4826@ims.mnc070.mcc999.3gpp.network.org 180 Ringing -> 200 OK, dialog confirmed
Jul  6 12:57:17 ims kamailio-scscf[3067]: INFO: tm [t_reply.c:900]: Call-ID: 81fad1ed6cc4457c@ims.mnc070.mcc999.3gpp.network.org final reply 486 Busy Here
Jul  6 12:58:01 ims kamailio-scscf[3067]: INFO: registrar [save.c:498]: 401 challenge -> REGISTER w/ auth -> 200 OK for sip:+999700000003587@ims.mnc070.mcc999.3gpp.network.org
Jul  6 12:58:41 ims kamailio-scscf[3067]: INFO: registrar [save.c:498]: 401 challenge -> REGISTER w/ auth -> 200 OK for sip:+999700000004756@ims.mnc070.mcc999.3gpp.network.org
Jul  6 12:59:02 ims kamailio-scscf[3067]: INFO: tm [t_reply.c:900]: Call-ID: 8410fa037c3b48fa@ims.mnc070.mcc999.3gpp.network.org final reply 480 No Answer
Jul  6 12:59:24 ims kamailio-scscf[3067]: INFO: tm [t_reply.c:900]: Call-ID: 3885e4f344f34b23@ims.mnc070.mcc999.3gpp.network.org final reply 480 No Answer
Jul  6 13:02:20 ims kamailio-scscf[3067]: INFO: registrar [save.c:498]: 401 challenge -> REGISTER w/ auth -> 200 OK for sip:+999700000001587@ims.mnc070.mcc999.3gpp.network.org
Jul  6 13:02:46 ims kamailio-scscf[3067]: INFO: tm [t_reply.c:900]: Call-ID: bb59e677a6f649b9@ims.mnc070.mcc999.3gpp.network.org 180 Ringing -> 200 OK, dialog confirmed
Jul  6 13:04:34 ims kamailio-scscf[3067]: INFO: registrar [save.c:498]: 401 challenge -> REGISTER w/ auth -> 200 OK for sip:+999700000004222@ims.mnc070.mcc999.3gpp.network.org
Jul  6 13:04:34 ims kamailio-scscf[3067]: INFO: tm [t_reply.c:900]: Call-ID: f8e24901666c4e07@ims.mnc070.mcc999.3gpp.network.org 180 Ringing -> 200 OK, dialog confirmed
Jul  6 13:04:58 ims kamailio-scscf[3067]: INFO: registrar [save.c:498]: 401 challenge -> REGISTER w/ auth -> 200 OK for sip:+999700000001314@ims.mnc070.mcc999.3gpp.network.org
Jul  6 13:06:54 ims kamailio-scscf[3067]: INFO: tm [t_reply.c:900]: Call-ID: 8d6bab0a325f4301@ims.mnc070.mcc999.3gpp.network.org 180 Ringing -> 200 OK, dialog confirmed
Jul  6 13:07:07 ims kamailio-scscf[3067]: INFO: tm [t_reply.c:900]: Call-ID: 24af01cbe8f54db3@ims.mnc070.mcc999.3gpp.network.org 180 Ringing -> 200 OK, dialog confirmed
Jul  6 13:08:16 ims kamailio-scscf[3067]: INFO: registrar [save.c:498]: 401 challenge -> REGISTER w/ auth -> 200 OK for sip:+999700000003840@ims.mnc070.mcc999.3gpp.network.org
Jul  6 13:08:50 ims kamailio-scscf[3067]: INFO: registrar [save.c:498]: 401 challenge -> REGISTER w/ auth -> 200 OK for sip:+999700000001463@ims.mnc070.mcc999.3gpp.network.org
Jul  6 13:09:10 ims kamailio-scscf[3067]: INFO: registrar [save.c:498]: 401 challenge -> REGISTER w/ auth -> 200 OK for sip:+999700000004873@ims.mnc070.mcc999.3gpp.network.org
Jul  6 13:09:15 ims kamailio-scscf[3067]: INFO: tm [t_reply.c:900]: Call-ID: c8d12926737a4fd3@ims.mnc070.mcc999.3gpp.network.org 180 Ringing -> 200 OK, dialog confirmed
Jul  6 13:09:32 ims kamailio-scscf[3067]: INFO: tm [t_reply.c:900]: Call-ID: 97fc3752aa8e4cca@ims.mnc070.mcc999.3gpp.network.org 180 Ringing -> 200 OK, dialog confirmed
Jul  6 13:09:57 ims kamailio-scscf[3067]: INFO: registrar [save.c:498]: 401 challenge -> REGISTER w/ auth -> 200 OK for sip:+999700000002401@ims.mnc070.mcc999.3gpp.network.org
Jul  6 13:10:26 ims kamailio-scscf[3067]: INFO: registrar [save.c:498]: 401 challenge -> REGISTER w/ auth -> 200 OK for sip:+999700000001891@ims.mnc070.mcc999.3gpp.network.org
Jul  6 13:10:29 ims kamailio-scscf[3067]: INFO: registrar [save.c:498]: 401 challenge -> REGISTER w/ auth -> 200 OK for sip:+999700000000559@ims.mnc070.mcc999.3gpp.network.org
Jul  6 13:11:07 ims kamailio-scscf[3067]: INFO: registrar [save.c:498]: 401 challenge -> REGISTER w/ auth -> 200 OK for sip:+999700000001039@ims.mnc070.mcc999.3gpp.network.org
Jul  6 13:11:34 ims kamailio-scscf[3067]: INFO: registrar [save.c:498]: 401 challenge -> REGISTER w/ auth -> 200 OK for sip:+999700000002096@ims.mnc070.mcc999.3gpp.network.org
Jul  6 13:11:50 ims kamailio-scscf[3067]: INFO: tm [t_reply.c:900]: Call-ID: d94eba7c9bc240df@ims.mnc070.mcc999.3gpp.network.org 180 Ringing -> 200 OK, dialog confirmed
Jul  6 13:11:53 ims kamailio-scscf[3067]: INFO: registrar [save.c:498]: 401 challenge -> REGISTER w/ auth -> 200 OK for sip:+999700000003165@ims.mnc070.mcc999.3gpp.network.org
Jul  6 13:12:53 ims kamailio-scscf[3067]: INFO: registrar [save.c:498]: 401 challenge -> REGISTER w/ auth -> 200 OK for sip:+999700000004602@ims.mnc070.mcc999.3gpp.network.org
Jul  6 13:13:31 ims kamailio-scscf[3067]: INFO: tm [t_reply.c:900]: Call-ID: 23ab0af8e25c4381@ims.mnc070.mcc999.3gpp.network.org 180 Ringing -> 200 OK, dialog confirmed
Jul  6 13:13:51 ims kamailio-scscf[3067]: INFO: registrar [save.c:498]: 401 challenge -> REGISTER w/ auth -> 200 OK for sip:+999700000000266@ims.mnc070.mcc999.3gpp.network.org
Jul  6 13:14:26 ims kamailio-scscf[3067]: INFO: registrar [save.c:498]: 401 challenge -> REGISTER w/ auth -> 200 OK for sip:+999700000002760@ims.mnc070.mcc999.3gpp.network.org
Jul  6 13:14:48 ims kamailio-scscf[3067]: INFO: tm [t_reply.c:900]: Call-ID: 7ad99f8b9dca43ec@ims.mnc070.mcc999.3gpp.network.org 180 Ringing -> 200 OK, dialog confirmed
Jul  6 13:16:12 ims kamailio-scscf[3067]: INFO: tm [t_reply.c:900]: Call-ID: 5b69f30f00a54547@ims.mnc070.mcc999.3gpp.network.org 180 Ringing -> 200 OK, dialog confirmed
Jul  6 13:17:18 ims kamailio-scscf[3067]: INFO: registrar [save.c:498]: 401 challenge -> REGISTER w/ auth -> 200 OK for sip:+999700000003635@ims.mnc070.mcc999.3gpp.network.org
Jul  6 13:18:15 ims kamailio-scscf[3067]: INFO: registrar [save.c:498]: 401 challenge -> REGISTER w/ auth -> 200 OK for sip:+999700000000500@ims.mnc070.mcc999.3gpp.network.org
Jul  6 13:18:29 ims kamailio-scscf[3067]: INFO: tm [t_reply.c:900]: Call-ID: 4426b099636f4994@ims.mnc070.mcc999.3gpp.network.org final reply 480 No Answer
Jul  6 13:19:23 ims kamailio-scscf[3067]: INFO: registrar [save.c:498]: 401 challenge -> REGISTER w/ auth -> 200 OK for sip:+999700000003497@ims.mnc070.mcc999.3gpp.network.org
Jul  6 13:19:40 ims kamailio-scscf[3067]: INFO: registrar [save.c:498]: 401 challenge -> REGISTER w/ auth -> 200 OK for sip:+999700000004756@ims.mnc070.mcc999.3gpp.network.org
Jul  6 13:20:20 ims kamailio-scscf[3067]: INFO: tm [t_reply.c:900]: Call-ID: c99950f709144a18@ims.mnc070.mcc999.3gpp.network.org 180 Ringing -> 200 OK, dialog confirmed
Jul  6 13:20:22 ims kamailio-scscf[3067]: INFO: tm [t_reply.c:900]: Call-ID: dad53e1e6a194a3b@ims.mnc070.mcc999.3gpp.network.org 180 Ringing -> 200 OK, dialog confirmed
Jul  6 13:21:16 ims kamailio-scscf[3067]: INFO: tm [t_reply.c:900]: Call-ID: ab03e53078e24e0f@ims.mnc070.mcc999.3gpp.network.org 180 Ringing -> 200 OK, dialog confirmed
Jul  6 13:21:26 ims kamailio-scscf[3067]: INFO: registrar [save.c:498]: 401 challenge -> REGISTER w/ auth -> 200 OK for sip:+999700000002909@ims.mnc070.mcc999.3gpp.network.org
Jul  6 13:23:06 ims kamailio-scscf[3067]: INFO: registrar [save.c:498]: 401 challenge -> REGISTER w/ auth -> 200 OK for sip:+999700000002149@ims.mnc070.mcc999.3gpp.network.org
Jul  6 13:23:33 ims kamailio-scscf[3067]: INFO: registrar [save.c:498]: 401 challenge -> REGISTER w/ auth -> 200 OK for sip:+999700000004160@ims.mnc070.mcc999.3gpp.network.org
Jul  6 13:23:34 ims kamailio-scscf[3067]: INFO: tm [t_reply.c:900]: Call-ID: dbcde2c340d04e01@ims.mnc070.mcc999.3gpp.network.org 180 Ringing -> 200 OK, dialog confirmed
Jul  6 13:24:05 ims kamailio-scscf[3067]: INFO: registrar [save.c:498]: 401 challenge -> REGISTER w/ auth -> 200 OK for sip:+999700000003386@ims.mnc070.mcc999.3gpp.network.org
Jul  6 13:25:24 ims kamailio-scscf[3067]: INFO: registrar [save.c:498]: 401 challenge -> REGISTER w/ auth -> 200 OK for sip:+999700000000416@ims.mnc070.mcc999.3gpp.network.org
Jul  6 13:25:47 ims kamailio-scscf[3067]: INFO: tm [t_reply.c:900]: Call-ID: 9755250f52d34e18@ims.mnc070.mcc999.3gpp.network.org 180 Ringing -> 200 OK, dialog confirmed
Jul  6 13:26:06 ims kamailio-scscf[3067]: INFO: registrar [save.c:498]: 401 challenge -> REGISTER w/ auth -> 200 OK for sip:+999700000002130@ims.mnc070.mcc999.3gpp.network.org
Jul  6 13:27:10 ims kamailio-scscf[3067]: INFO: registrar [save.c:498]: 401 challenge -> REGISTER w/ auth -> 200 OK for sip:+999700000001975@ims.mnc070.mcc999.3gpp.network.org
Jul  6 13:27:12 ims kamailio-scscf[3067]: INFO: registrar [save.c:498]: 401 challenge -> REGISTER w/ auth -> 200 OK for sip:+999700000000391@ims.mnc070.mcc999.3gpp.network.org
Jul  6 13:27:13 ims kamailio-scscf[3067]: INFO: registrar [save.c:498]: 401 challenge -> REGISTER w/ auth -> 200 OK for sip:+999700000002251@ims.mnc070.mcc999.3gpp.network.org
Jul  6 13:27:45 ims kamailio-scscf[3067]: INFO: registrar [save.c:498]: 401 challenge -> REGISTER w/ auth -> 200 OK for sip:+999700000003925@ims.mnc070.mcc999.3gpp.network.org
Jul  6 13:28:06 ims kamailio-scscf[3067]: INFO: tm [t_reply.c:900]: Call-ID: 507d5bfec2cb49fb@ims.mnc070.mcc999.3gpp.network.org 180 Ringing -> 200 OK, dialog confirmed
Jul  6 13:28:47 ims kamailio-scscf[3067]: INFO: registrar [save.c:498]: 401 challenge -> REGISTER w/ auth -> 200 OK for sip:+999700000004468@ims.mnc070.mcc999.3gpp.network.org
Jul  6 13:29:07 ims kamailio-scscf[3067]: INFO: tm [t_reply.c:900]: Call-ID: 3a85f2edaf3f4bcf@ims.mnc070.mcc999.3gpp.network.org 180 Ringing -> 200 OK, dialog confirmed
Jul  6 13:31:04 ims kamailio-scscf[3067]: INFO: tm [t_reply.c:900]: Call-ID: d6c27856ba9942b3@ims.mnc070.mcc999.3gpp.network.org 180 Ringing -> 200 OK, dialog confirmed
Jul  6 13:31:10 ims kamailio-scscf[3067]: INFO: tm [t_reply.c:900]: Call-ID: cb9461368f454157@ims.mnc070.mcc999.3gpp.network.org 180 Ringing -> 200 OK, dialog confirmed
Jul  6 13:33:17 ims kamailio-scscf[3067]: INFO: registrar [save.c:498]: 401 challenge -> REGISTER w/ auth -> 200 OK for sip:+999700000001714@ims.mnc070.mcc999.3gpp.network.org
Jul  6 13:33:33 ims kamailio-scscf[3067]: INFO: registrar [save.c:498]: 401 challenge -> REGISTER w/ auth -> 200 OK for sip:+999700000000695@ims.mnc070.mcc999.3gpp.network.org
Jul  6 13:34:50 ims kamailio-scscf[3067]: INFO: registrar [save.c:498]: 401 challenge -> REGISTER w/ auth -> 200 OK for sip:+999700000004169@ims.mnc070.mcc999.3gpp.network.org
Jul  6 13:35:26 ims kamailio-scscf[3067]: INFO: registrar [save.c:498]: 401 challenge -> REGISTER w/ auth -> 200 OK for sip:+999700000004143@ims.mnc070.mcc999.3gpp.network.org
Jul  6 13:35:52 ims kamailio-scscf[3067]: INFO: registrar [save.c:498]: 401 challenge -> REGISTER w/ auth -> 200 OK for sip:+999700000001771@ims.mnc070.mcc999.3gpp.network.org
Jul  6 13:36:08 ims kamailio-scscf[3067]: INFO: registrar [save.c:498]: 401 challenge -> REGISTER w/ auth -> 200 OK for sip:+999700000001272@ims.mnc070.mcc999.3gpp.network.org
Jul  6 13:37:50 ims kamailio-scscf[3067]: INFO: registrar [save.c:498]: 401 challenge -> REGISTER w/ auth -> 200 OK for sip:+999700000003230@ims.mnc070.mcc999.3gpp.network.org
Jul  6 13:38:01 ims kamailio-scscf[3067]: INFO: registrar [save.c:498]: 401 challenge -> REGISTER w/ auth -> 200 OK for sip:+999700000001272@ims.mnc070.mcc999.3gpp.network.org
Jul  6 13:38:26 ims kamailio-scscf[3067]: INFO: registrar [save.c:498]: 401 challenge -> REGISTER w/ auth -> 200 OK for sip:+999700000001047@ims.mnc070.mcc999.3gpp.network.org
Jul  6 13:39:29 ims kamailio-scscf[3067]: INFO: registrar [save.c:498]: 401 challenge -> REGISTER w/ auth -> 200 OK for sip:+999700000001708@ims.mnc070.mcc999.3gpp.network.org
Jul  6 13:39:39 ims kamailio-scscf[3067]: INFO: registrar [save.c:498]: 401 challenge -> REGISTER w/ auth -> 200 OK for sip:+999700000000230@ims.mnc070.mcc999.3gpp.network.org
Jul  6 13:41:56 ims kamailio-scscf[3067]: INFO: registrar [save.c:498]: 401 challenge -> REGISTER w/ auth -> 200 OK for sip:+999700000004977@ims.mnc070.mcc999.3gpp.network.org
Jul  6 13:42:15 ims kamailio-scscf[3067]: INFO: registrar [save.c:498]: 401 challenge -> REGISTER w/ auth -> 200 OK for sip:+999700000000424@ims.mnc070.mcc999.3gpp.network.org
Jul  6 13:42:56 ims kamailio-scscf[3067]: INFO: registrar [save.c:498]: 401 challenge -> REGISTER w/ auth -> 200 OK for sip:+999700000003425@ims.mnc070.mcc999.3gpp.network.org
Jul  6 13:43:44 ims kamailio-scscf[3067]: INFO: registrar [save.c:498]: 401 challenge -> REGISTER w/ auth -> 200 OK for sip:+999700000004825@ims.mnc070.mcc999.3gpp.network.org
Jul  6 13:43:55 ims kamailio-scscf[3067]: INFO: registrar [save.c:498]: 401 challenge -> REGISTER w/ auth -> 200 OK for sip:+999700000002516@ims.mnc070.mcc999.3gpp.network.org
Jul  6 13:45:13 ims kamailio-scscf[3067]: INFO: registrar [save.c:498]: 401 challenge -> REGISTER w/ auth -> 200 OK for sip:+999700000002527@ims.mnc070.mcc999.3gpp.network.org
Jul  6 13:45:34 ims kamailio-scscf[3067]: INFO: registrar [save.c:498]: 401 challenge -> REGISTER w/ auth -> 200 OK for sip:+999700000004226@ims.mnc070.mcc999.3gpp.network.org
Jul  6 13:46:17 ims kamailio-scscf[3067]: INFO: registrar [save.c:498]: 401 challenge -> REGISTER w/ auth -> 200 OK for sip:+999700000002088@ims.mnc070.mcc999.3gpp.network.org
Jul  6 13:46:19 ims kamailio-scscf[3067]: INFO: registrar [save.c:498]: 401 challenge -> REGISTER w/ auth -> 200 OK for sip:+999700000004085@ims.mnc070.mcc999.3gpp.network.org
Jul  6 13:48:07 ims kamailio-scscf[3067]: INFO: registrar [save.c:498]: 401 challenge -> REGISTER w/ auth -> 200 OK for sip:+999700000000825@ims.mnc070.mcc999.3gpp.network.org
Jul  6 13:49:09 ims kamailio-scscf[3067]: INFO: registrar [save.c:498]: 401 challenge -> REGISTER w/ auth -> 200 OK for sip:+999700000003308@ims.mnc070.mcc999.3gpp.network.org
Jul  6 13:50:14 ims kamailio-scscf[3067]: INFO: registrar [save.c:498]: 401 challenge -> REGISTER w/ auth -> 200 OK for sip:+999700000004050@ims.mnc070.mcc999.3gpp.network.org
Jul  6 13:50:53 ims kamailio-scscf[3067]: INFO: registrar [save.c:498]: 401 challenge -> REGISTER w/ auth -> 200 OK for sip:+999700000000341@ims.mnc070.mcc999.3gpp.network.org
Jul  6 13:51:10 ims kamailio-scscf[3067]: INFO: registrar [save.c:498]: 401 challenge -> REGISTER w/ auth -> 200 OK for sip:+999700000002092@ims.mnc070.mcc999.3gpp.network.org
Jul  6 13:51:26 ims kamailio-scscf[3067]: INFO: registrar [save.c:498]: 401 challenge -> REGISTER w/ auth -> 200 OK for sip:+999700000000488@ims.mnc070.mcc999.3gpp.network.org
Jul  6 13:52:44 ims kamailio-scscf[3067]: INFO: registrar [save.c:498]: 401 challenge -> REGISTER w/ auth -> 200 OK for sip:+999700000004763@ims.mnc070.mcc999.3gpp.network.org
Jul  6 13:52:52 ims kamailio-scscf[3067]: INFO: registrar [save.c:498]: 401 challenge -> REGISTER w/ auth -> 200 OK for sip:+999700000002078@ims.mnc070.mcc999.3gpp.network.org
Jul  6 13:52:53 ims kamailio-scscf[3067]: INFO: registrar [save.c:498]: 401 challenge -> REGISTER w/ auth -> 200 OK for sip:+999700000001138@ims.mnc070.mcc999.3gpp.network.org
Jul  6 13:54:15 ims kamailio-scscf[3067]: INFO: registrar [save.c:498]: 401 challenge -> REGISTER w/ auth -> 200 OK for sip:+999700000000739@ims.mnc070.mcc999.3gpp.network.org
Jul  6 13:54:25 ims kamailio-scscf[3067]: INFO: registrar [save.c:498]: 401 challenge -> REGISTER w/ auth -> 200 OK for sip:+999700000003937@ims.mnc070.mcc999.3gpp.network.org
Jul  6 13:54:48 ims kamailio-scscf[3067]: INFO: tm [t_reply.c:900]: Call-ID: c6ba856b55914050@ims.mnc070.mcc999.3gpp.network.org 180 Ringing -> 200 OK, dialog confirmed
Jul  6 13:55:27 ims kamailio-scscf[3067]: INFO: registrar [save.c:498]: 401 challenge -> REGISTER w/ auth -> 200 OK for sip:+999700000003266@ims.mnc070.mcc999.3gpp.network.org
Jul  6 13:55:43 ims kamailio-scscf[3067]: INFO: tm [t_reply.c:900]: Call-ID: ec86575b8db54ca5@ims.mnc070.mcc999.3gpp.network.org 180 Ringing -> 200 OK, dialog confirmed
Jul  6 13:57:13 ims kamailio-scscf[3067]: INFO: registrar [save.c:498]: 401 challenge -> REGISTER w/ auth -> 200 OK for sip:+999700000004024@ims.mnc070.mcc999.3gpp.network.org
Jul  6 13:57:38 ims kamailio-scscf[3067]: INFO: tm [t_reply.c:900]: Call-ID: cc50a10914eb4715@ims.mnc070.mcc999.3gpp.network.org 180 Ringing -> 200 OK, dialog confirmed
Jul  6 13:57:44 ims kamailio-scscf[3067]: INFO: registrar [save.c:498]: 401 challenge -> REGISTER w/ auth -> 200 OK for sip:+999700000003613@ims.mnc070.mcc999.3gpp.network.org
Jul  6 13:58:41 ims kamailio-scscf[3067]: INFO: registrar [save.c:498]: 401 challenge -> REGISTER w/ auth -> 200 OK for sip:+999700000000042@ims.mnc070.mcc999.3gpp.network.org
Jul  6 13:58:52 ims kamailio-scscf[3067]: INFO: tm [t_reply.c:900]: Call-ID: 302dee2647184317@ims.mnc070.mcc999.3gpp.network.org final reply 480 No Answer
Jul  6 13:58:58 ims kamailio-scscf[3067]: INFO: registrar [save.c:498]: 401 challenge -> REGISTER w/ auth -> 200 OK for sip:+999700000003199@ims.mnc070.mcc999.3gpp.network.org
Jul  6 14:00:35 ims kamailio-scscf[3067]: INFO: registrar [save.c:498]: 401 challenge -> REGISTER w/ auth -> 200 OK for sip:+999700000004689@ims.mnc070.mcc999.3gpp.network.org
Jul  6 14:00:47 ims kamailio-scscf[3067]: INFO: registrar [save.c:498]: 401 challenge -> REGISTER w/ auth -> 200 OK for sip:+999700000001745@ims.mnc070.mcc999.3gpp.network.org
Jul  6 14:00:51 ims kamailio-scscf[3067]: INFO: tm [t_reply.c:900]: Call-ID: f41df5878e6146ae@ims.mnc070.mcc999.3gpp.network.org 180 Ringing -> 200 OK, dialog confirmed
Jul  6 14:01:19 ims kamailio-scscf[3067]: INFO: registrar [save.c:498]: 401 challenge -> REGISTER w/ auth -> 200 OK for sip:+999700000000648@ims.mnc070.mcc999.3gpp.network.org
Jul  6 14:01:23 ims kamailio-scscf[3067]: INFO: registrar [save.c:498]: 401 challenge -> REGISTER w/ auth -> 200 OK for sip:+999700000000997@ims.mnc070.mcc999.3gpp.network.org
Jul  6 14:02:50 ims kamailio-scscf[3067]: INFO: tm [t_reply.c:900]: Call-ID: 580b67bdd1b34669@ims.mnc070.mcc999.3gpp.network.org 180 Ringing -> 200 OK, dialog confirmed
Jul  6 14:03:00 ims kamailio-scscf[3067]: INFO: tm [t_reply.c:900]: Call-ID: 52b48f1e7e8d4b37@ims.mnc070.mcc999.3gpp.network.org 180 Ringing -> 200 OK, dialog confirmed
Jul  6 14:04:15 ims kamailio-scscf[3067]: INFO: tm [t_reply.c:900]: Call-ID: 37004686cfc94353@ims.mnc070.mcc999.3gpp.network.org 180 Ringing -> 200 OK, dialog confirmed
Jul  6 14:05:16 ims kamailio-scscf[3067]: INFO: registrar [save.c:498]: 401 challenge -> REGISTER w/ auth -> 200 OK for sip:+999700000003122@ims.mnc070.mcc999.3gpp.network.org
Jul  6 14:06:39 ims kamailio-scscf[3067]: INFO: registrar [save.c:498]: 401 challenge -> REGISTER w/ auth -> 200 OK for sip:+999700000002213@ims.mnc070.mcc999.3gpp.network.org
Jul  6 14:06:51 ims kamailio-scscf[3067]: INFO: tm [t_reply.c:900]: Call-ID: 5eb3525b56724b01@ims.mnc070.mcc999.3gpp.network.org 180 Ringing -> 200 OK, dialog confirmed
Jul  6 14:07:10 ims kamailio-scscf[3067]: INFO: registrar [save.c:498]: 401 challenge -> REGISTER w/ auth -> 200 OK for sip:+999700000003251@ims.mnc070.mcc999.3gpp.network.org
Jul  6 14:07:42 ims kamailio-scscf[3067]: INFO: tm [t_reply.c:900]: Call-ID: fc5bf70c0c514889@ims.mnc070.mcc999.3gpp.network.org 180 Ringing -> 200 OK, dialog confirmed
Jul  6 14:07:47 ims kamailio-scscf[3067]: INFO: tm [t_reply.c:900]: Call-ID: 40acf36897f34c84@ims.mnc070.mcc999.3gpp.network.org 180 Ringing -> 200 OK, dialog confirmed
Jul  6 14:08:40 ims kamailio-scscf[3067]: INFO: registrar [save.c:498]: 401 challenge -> REGISTER w/ auth -> 200 OK for sip:+999700000002616@ims.mnc070.mcc999.3gpp.network.org
Jul  6 14:09:46 ims kamailio-scscf[3067]: INFO: tm [t_reply.c:900]: Call-ID: f40ef8a44b8843d8@ims.mnc070.mcc999.3gpp.network.org final reply 480 No Answer
Jul  6 14:09:53 ims kamailio-scscf[3067]: INFO: registrar [save.c:498]: 401 challenge -> REGISTER w/ auth -> 200 OK for sip:+999700000000945@ims.mnc070.mcc999.3gpp.network.org
Jul  6 14:10:53 ims kamailio-scscf[3067]: INFO: tm [t_reply.c:900]: Call-ID: fde2ecebf17c4040@ims.mnc070.mcc999.3gpp.network.org 180 Ringing -> 200 OK, dialog confirmed
Jul  6 14:10:56 ims kamailio-scscf[3067]: INFO: registrar [save.c:498]: 401 challenge -> REGISTER w/ auth -> 200 OK for sip:+999700000003229@ims.mnc070.mcc999.3gpp.network.org
Jul  6 14:11:00 ims kamailio-scscf[3067]: INFO: tm [t_reply.c:900]: Call-ID: 54eba0ad393a41fb@ims.mnc070.mcc999.3gpp.network.org 180 Ringing -> 200 OK, dialog confirmed
Jul  6 14:11:01 ims kamailio-scscf[3067]: INFO: registrar [save.c:498]: 401 challenge -> REGISTER w/ auth -> 200 OK for sip:+999700000004993@ims.mnc070.mcc999.3gpp.network.org
Jul  6 14:11:24 ims kamailio-scscf[3067]: INFO: registrar [save.c:498]: 401 challenge -> REGISTER w/ auth -> 200 OK for sip:+999700000001566@ims.mnc070.mcc999.3gpp.network.org
Jul  6 14:11:42 ims kamailio-scscf[3067]: INFO: registrar [save.c:498]: 401 challenge -> REGISTER w/ auth -> 200 OK for sip:+999700000000485@ims.mnc070.mcc999.3gpp.network.org
Jul  6 14:12:52 ims kamailio-scscf[3067]: INFO: registrar [save.c:498]: 401 challenge -> REGISTER w/ auth -> 200 OK for sip:+999700000000601@ims.mnc070.mcc999.3gpp.network.org
Jul  6 14:13:00 ims kamailio-scscf[3067]: INFO: registrar [save.c:498]: 401 challenge -> REGISTER w/ auth -> 200 OK for sip:+999700000002726@ims.mnc070.mcc999.3gpp.network.org
Jul  6 14:13:22 ims kamailio-scscf[3067]: INFO: registrar [save.c:498]: 401 challenge -> REGISTER w/ auth -> 200 OK for sip:+999700000001755@ims.mnc070.mcc999.3gpp.network.org
Jul  6 14:13:24 ims kamailio-scscf[3067]: INFO: tm [t_reply.c:900]: Call-ID: 1ec2850f4f6c4733@ims.mnc070.mcc999.3gpp.network.org 180 Ringing -> 200 OK, dialog confirmed
Jul  6 14:13:43 ims kamailio-scscf[3067]: INFO: registrar [save.c:498]: 401 challenge -> REGISTER w/ auth -> 200 OK for sip:+999700000001821@ims.mnc070.mcc999.3gpp.network.org
Jul  6 14:13:55 ims kamailio-scscf[3067]: INFO: registrar [save.c:498]: 401 challenge -> REGISTER w/ auth -> 200 OK for sip:+999700000001975@ims.mnc070.mcc999.3gpp.network.org
Jul  6 14:14:21 ims kamailio-scscf[3067]: INFO: registrar [save.c:498]: 401 challenge -> REGISTER w/ auth -> 200 OK for sip:+999700000004380@ims.mnc070.mcc999.3gpp.network.org
Jul  6 14:15:33 ims kamailio-scscf[3067]: INFO: registrar [save.c:498]: 401 challenge -> REGISTER w/ auth -> 200 OK for sip:+999700000002912@ims.mnc070.mcc999.3gpp.network.org
Jul  6 14:15:34 ims kamailio-scscf[3067]: INFO: registrar [save.c:498]: 401 challenge -> REGISTER w/ auth -> 200 OK for sip:+999700000003165@ims.mnc070.mcc999.3gpp.network.org
Jul  6 14:15:53 ims kamailio-scscf[3067]: INFO: tm [t_reply.c:900]: Call-ID: 9876154a04914cab@ims.mnc070.mcc999.3gpp.network.org 180 Ringing -> 200 OK, dialog confirmed
Jul  6 14:16:07 ims kamailio-scscf[3067]: INFO: registrar [save.c:498]: 401 challenge -> REGISTER w/ auth -> 200 OK for sip:+999700000004968@ims.mnc070.mcc999.3gpp.network.org
Jul  6 14:16:18 ims kamailio-scscf[3067]: INFO: registrar [save.c:498]: 401 challenge -> REGISTER w/ auth -> 200 OK for sip:+999700000001229@ims.mnc070.mcc999.3gpp.network.org
Jul  6 14:17:00 ims kamailio-scscf[3067]: INFO: registrar [save.c:498]: 401 challenge -> REGISTER w/ auth -> 200 OK for sip:+999700000001677@ims.mnc070.mcc999.3gpp.network.org
Jul  6 14:17:03 ims kamailio-scscf[3067]: INFO: registrar [save.c:498]: 401 challenge -> REGISTER w/ auth -> 200 OK for sip:+999700000001751@ims.mnc070.mcc999.3gpp.network.org
Jul  6 14:17:50 ims kamailio-scscf[3067]: INFO: registrar [save.c:498]: 401 challenge -> REGISTER w/ auth -> 200 OK for sip:+999700000000061@ims.mnc070.mcc999.3gpp.network.org
Jul  6 14:19:38 ims kamailio-scscf[3067]: INFO: tm [t_reply.c:900]: Call-ID: c79d5ff4dac841f8@ims.mnc070.mcc999.3gpp.network.org 180 Ringing -> 200 OK, dialog confirmed
Jul  6 14:20:31 ims kamailio-scscf[3067]: INFO: registrar [save.c:498]: 401 challenge -> REGISTER w/ auth -> 200 OK for sip:+999700000002297@ims.mnc070.mcc999.3gpp.network.org
Jul  6 14:22:14 ims kamailio-scscf[3067]: INFO: registrar [save.c:498]: 401 challenge -> REGISTER w/ auth -> 200 OK for sip:+999700000003836@ims.mnc070.mcc999.3gpp.network.org
Jul  6 14:22:14 ims kamailio-scscf[3067]: INFO: registrar [save.c:498]: 401 challenge -> REGISTER w/ auth -> 200 OK for sip:+999700000000418@ims.mnc070.mcc999.3gpp.network.org
Jul  6 14:22:19 ims kamailio-scscf[3067]: INFO: registrar [save.c:498]: 401 challenge -> REGISTER w/ auth -> 200 OK for sip:+999700000002877@ims.mnc070.mcc999.3gpp.network.org
Jul  6 14:22:21 ims kamailio-scscf[3067]: INFO: tm [t_reply.c:900]: Call-ID: 91fe923dd2354d97@ims.mnc070.mcc999.3gpp.network.org 180 Ringing -> 200 OK, dialog confirmed
Jul  6 14:22:53 ims kamailio-scscf[3067]: INFO: tm [t_reply.c:900]: Call-ID: 575bc4f42ebb4ba8@ims.mnc070.mcc999.3gpp.network.org 180 Ringing -> 200 OK, dialog confirmed
Jul  6 14:22:57 ims kamailio-scscf[3067]: INFO: registrar [save.c:498]: 401 challenge -> REGISTER w/ auth -> 200 OK for sip:+999700000004366@ims.mnc070.mcc999.3gpp.network.org
Jul  6 14:23:16 ims kamailio-scscf[3067]: INFO: tm [t_reply.c:900]: Call-ID: eb503560adb3448f@ims.mnc070.mcc999.3gpp.network.org 180 Ringing -> 200 OK, dialog confirmed
Jul  6 14:23:41 ims kamailio-scscf[3067]: INFO: registrar [save.c:498]: 401 challenge -> REGISTER w/ auth -> 200 OK for sip:+999700000000613@ims.mnc070.mcc999.3gpp.network.org
Jul  6 14:24:13 ims kamailio-scscf[3067]: INFO: tm [t_reply.c:900]: Call-ID: 0572310cb9a84577@ims.mnc070.mcc999.3gpp.network.org 180 Ringing -> 200 OK, dialog confirmed
Jul  6 14:24:24 ims kamailio-scscf[3067]: INFO: registrar [save.c:498]: 401 challenge -> REGISTER w/ auth -> 200 OK for sip:+999700000002677@ims.mnc070.mcc999.3gpp.network.org
Jul  6 14:24:45 ims kamailio-scscf[3067]: INFO: registrar [save.c:498]: 401 challenge -> REGISTER w/ auth -> 200 OK for sip:+999700000003795@ims.mnc070.mcc999.3gpp.network.org
Jul  6 14:25:14 ims kamailio-scscf[3067]: INFO: tm [t_reply.c:900]: Call-ID: 564c9a49b85f4ae5@ims.mnc070.mcc999.3gpp.network.org 180 Ringing -> 200 OK, dialog confirmed
Jul  6 14:25:49 ims kamailio-scscf[3067]: INFO: tm [t_reply.c:900]: Call-ID: 9b79d9945d08418f@ims.mnc070.mcc999.3gpp.network.org 180 Ringing -> 200 OK, dialog confirmed
Jul  6 14:26:43 ims kamailio-scscf[3067]: INFO: tm [t_reply.c:900]: Call-ID: 284ac2bd797c44bd@ims.mnc070.mcc999.3gpp.network.org 180 Ringing -> 200 OK, dialog confirmed
Jul  6 14:28:43 ims kamailio-scscf[3067]: INFO: registrar [save.c:498]: 401 challenge -> REGISTER w/ auth -> 200 OK for sip:+999700000002026@ims.mnc070.mcc999.3gpp.network.org
Jul  6 14:28:44 ims kamailio-scscf[3067]: INFO: registrar [save.c:498]: 401 challenge -> REGISTER w/ auth -> 200 OK for sip:+999700000001663@ims.mnc070.mcc999.3gpp.network.org
Jul  6 14:29:06 ims kamailio-scscf[3067]: INFO: registrar [save.c:498]: 401 challenge -> REGISTER w/ auth -> 200 OK for sip:+999700000002015@ims.mnc070.mcc999.3gpp.network.org
Jul  6 14:29:09 ims kamailio-scscf[3067]: INFO: tm [t_reply.c:900]: Call-ID: a622578c8d4c4e0d@ims.mnc070.mcc999.3gpp.network.org 180 Ringing -> 200 OK, dialog confirmed
Jul  6 14:29:38 ims kamailio-scscf[3067]: INFO: tm [t_reply.c:900]: Call-ID: 3408931232fe4825@ims.mnc070.mcc999.3gpp.network.org 180 Ringing -> 200 OK, dialog confirmed
Jul  6 14:29:41 ims kamailio-scscf[3067]: INFO: tm [t_reply.c:900]: Call-ID: 6943939695a249aa@ims.mnc070.mcc999.3gpp.network.org 180 Ringing -> 200 OK, dialog confirmed
Jul  6 14:29:53 ims kamailio-scscf[3067]: WARNING: registrar [save.c:512]: authentication failed for sip:+999700000003491@ims.mnc070.mcc999.3gpp.network.org, replying 403 Forbidden
Jul  6 14:30:08 ims kamailio-scscf[3067]: INFO: registrar [save.c:498]: 401 challenge -> REGISTER w/ auth -> 200 OK for sip:+999700000004497@ims.mnc070.mcc999.3gpp.network.org
Jul  6 14:30:43 ims kamailio-scscf[3067]: INFO: registrar [save.c:498]: 401 challenge -> REGISTER w/ auth -> 200 OK for sip:+999700000001478@ims.mnc070.mcc999.3gpp.network.org
Jul  6 14:31:17 ims kamailio-scscf[3067]: INFO: tm [t_reply.c:900]: Call-ID: b4af97212724439e@ims.mnc070.mcc999.3gpp.network.org 180 Ringing -> 200 OK, dialog confirmed
Jul  6 14:31:36 ims kamailio-scscf[3067]: INFO: registrar [save.c:498]: 401 challenge -> REGISTER w/ auth -> 200 OK for sip:+999700000001357@ims.mnc070.mcc999.3gpp.network.org
Jul  6 14:31:39 ims kamailio-scscf[3067]: INFO: registrar [save.c:498]: 401 challenge -> REGISTER w/ auth -> 200 OK for sip:+999700000002273@ims.mnc070.mcc999.3gpp.network.org
Jul  6 14:32:22 ims kamailio-scscf[3067]: INFO: registrar [save.c:498]: 401 challenge -> REGISTER w/ auth -> 200 OK for sip:+999700000002511@ims.mnc070.mcc999.3gpp.network.org
Jul  6 14:34:06 ims kamailio-scscf[3067]: INFO: tm [t_reply.c:900]: Call-ID: f480546fe79b4a6d@ims.mnc070.mcc999.3gpp.network.org final reply 486 Busy Here
Jul  6 14:34:59 ims kamailio-scscf[3067]: INFO: registrar [save.c:498]: 401 challenge -> REGISTER w/ auth -> 200 OK for sip:+999700000002426@ims.mnc070.mcc999.3gpp.network.org
Jul  6 14:35:10 ims kamailio-scscf[3067]: INFO: tm [t_reply.c:900]: Call-ID: 2440c1fef2144446@ims.mnc070.mcc999.3gpp.network.org 180 Ringing -> 200 OK, dialog confirmed
Jul  6 14:36:39 ims kamailio-scscf[3067]: INFO: registrar [save.c:498]: 401 challenge -> REGISTER w/ auth -> 200 OK for sip:+999700000001585@ims.mnc070.mcc999.3gpp.network.org
Jul  6 14:36:40 ims kamailio-scscf[3067]: INFO: registrar [save.c:498]: 401 challenge -> REGISTER w/ auth -> 200 OK for sip:+999700000000199@ims.mnc070.mcc999.3gpp.network.org
Jul  6 14:36:53 ims kamailio-scscf[3067]: INFO: tm [t_reply.c:900]: Call-ID: e997e4696cb542cf@ims.mnc070.mcc999.3gpp.network.org 180 Ringing -> 200 OK, dialog confirmed
Jul  6 14:36:53 ims kamailio-scscf[3067]: INFO: tm [t_reply.c:900]: Call-ID: 1f0f68d142d64801@ims.mnc070.mcc999.3gpp.network.org 180 Ringing -> 200 OK, dialog confirmed
Jul  6 14:37:55 ims kamailio-scscf[3067]: INFO: registrar [save.c:498]: 401 challenge -> REGISTER w/ auth -> 200 OK for sip:+999700000000061@ims.mnc070.mcc999.3gpp.network.org
Jul  6 14:38:02 ims kamailio-scscf[3067]: INFO: registrar [save.c:498]: 401 challenge -> REGISTER w/ auth -> 200 OK for sip:+999700000000958@ims.mnc070.mcc999.3gpp.network.org
Jul  6 14:38:53 ims kamailio-scscf[3067]: INFO: registrar [save.c:498]: 401 challenge -> REGISTER w/ auth -> 200 OK for sip:+999700000004830@ims.mnc070.mcc999.3gpp.network.org
Jul  6 14:39:33 ims kamailio-scscf[3067]: INFO: registrar [save.c:498]: 401 challenge -> REGISTER w/ auth -> 200 OK for sip:+999700000002964@ims.mnc070.mcc999.3gpp.network.org
Jul  6 14:39:47 ims kamailio-scscf[3067]: INFO: tm [t_reply.c:900]: Call-ID: bbeed344c4bd4a5b@ims.mnc070.mcc999.3gpp.network.org 180 Ringing -> 200 OK, dialog confirmed
Jul  6 14:39:56 ims kamailio-scscf[3067]: INFO: tm [t_reply.c:900]: Call-ID: 103f32ce182d4dcb@ims.mnc070.mcc999.3gpp.network.org 180 Ringing -> 200 OK, dialog confirmed
Jul  6 14:40:07 ims kamailio-scscf[3067]: INFO: registrar [save.c:498]: 401 challenge -> REGISTER w/ auth -> 200 OK for sip:+999700000002964@ims.mnc070.mcc999.3gpp.network.org
Jul  6 14:40:15 ims kamailio-scscf[3067]: INFO: tm [t_reply.c:900]: Call-ID: b15a6d662a9b497f@ims.mnc070.mcc999.3gpp.network.org 180 Ringing -> 200 OK, dialog confirmed
Jul  6 14:40:17 ims kamailio-scscf[3067]: INFO: registrar [save.c:498]: 401 challenge -> REGISTER w/ auth -> 200 OK for sip:+999700000004973@ims.mnc070.mcc999.3gpp.network.org
Jul  6 14:41:11 ims kamailio-scscf[3067]: INFO: tm [t_reply.c:900]: Call-ID: 243fcf8bce35443e@ims.mnc070.mcc999.3gpp.network.org final reply 480 No Answer
Jul  6 14:42:16 ims kamailio-scscf[3067]: INFO: registrar [save.c:498]: 401 challenge -> REGISTER w/ auth -> 200 OK for sip:+999700000000821@ims.mnc070.mcc999.3gpp.network.org
Jul  6 14:42:24 ims kamailio-scscf[3067]: INFO: tm [t_reply.c:900]: Call-ID: f325fc1b4a5445f3@ims.mnc070.mcc999.3gpp.network.org 180 Ringing -> 200 OK, dialog confirmed
Jul  6 14:42:40 ims kamailio-scscf[3067]: INFO: tm [t_reply.c:900]: Call-ID: ca837565aaa443d1@ims.mnc070.mcc999.3gpp.network.org 180 Ringing -> 200 OK, dialog confirmed
Jul  6 14:43:19 ims kamailio-scscf[3067]: INFO: registrar [save.c:498]: 401 challenge -> REGISTER w/ auth -> 200 OK for sip:+999700000003097@ims.mnc070.mcc999.3gpp.network.org
Jul  6 14:44:12 ims kamailio-scscf[3067]: INFO: registrar [save.c:498]: 401 challenge -> REGISTER w/ auth -> 200 OK for sip:+999700000002588@ims.mnc070.mcc999.3gpp.network.org
Jul  6 14:45:02 ims kamailio-scscf[3067]: INFO: tm [t_reply.c:900]: Call-ID: a893a159d06243f5@ims.mnc070.mcc999.3gpp.network.org 180 Ringing -> 200 OK, dialog confirmed
Jul  6 14:45:03 ims kamailio-scscf[3067]: INFO: tm [t_reply.c:900]: Call-ID: 4d5a3b5c7fcb4289@ims.mnc070.mcc999.3gpp.network.org 180 Ringing -> 200 OK, dialog confirmed
Jul  6 14:45:25 ims kamailio-scscf[3067]: INFO: registrar [save.c:498]: 401 challenge -> REGISTER w/ auth -> 200 OK for sip:+999700000003754@ims.mnc070.mcc999.3gpp.network.org
Jul  6 14:45:50 ims kamailio-scscf[3067]: INFO: tm [t_reply.c:900]: Call-ID: bc09bc8b81c642bf@ims.mnc070.mcc999.3gpp.network.org 180 Ringing -> 200 OK, dialog confirmed
Jul  6 14:46:30 ims kamailio-scscf[3067]: INFO: registrar [save.c:498]: 401 challenge -> REGISTER w/ auth -> 200 OK for sip:+999700000001542@ims.mnc070.mcc999.3gpp.network.org
Jul  6 14:46:54 ims kamailio-scscf[3067]: INFO: tm [t_reply.c:900]: Call-ID: 28f37eb8e2b64ad1@ims.mnc070.mcc999.3gpp.network.org 180 Ringing -> 200 OK, dialog confirmed
Jul  6 14:46:57 ims kamailio-scscf[3067]: INFO: tm [t_reply.c:900]: Call-ID: fc879362163e49be@ims.mnc070.mcc999.3gpp.network.org 180 Ringing -> 200 OK, dialog confirmed
Jul  6 14:46:58 ims kamailio-scscf[3067]: INFO: registrar [save.c:498]: 401 challenge -> REGISTER w/ auth -> 200 OK for sip:+999700000003549@ims.mnc070.mcc999.3gpp.network.org
Jul  6 14:47:24 ims kamailio-scscf[3067]: INFO: registrar [save.c:498]: 401 challenge -> REGISTER w/ auth -> 200 OK for sip:+999700000002494@ims.mnc070.mcc999.3gpp.network.org
Jul  6 14:47:44 ims kamailio-scscf[3067]: INFO: registrar [save.c:498]: 401 challenge -> REGISTER w/ auth -> 200 OK for sip:+999700000002055@ims.mnc070.mcc999.3gpp.network.org
Jul  6 14:47:57 ims kamailio-scscf[3067]: INFO: registrar [save.c:498]: 401 challenge -> REGISTER w/ auth -> 200 OK for sip:+999700000001497@ims.mnc070.mcc999.3gpp.network.org
Jul  6 14:48:33 ims kamailio-scscf[3067]: INFO: registrar [save.c:498]: 401 challenge -> REGISTER w/ auth -> 200 OK for sip:+999700000002538@ims.mnc070.mcc999.3gpp.network.org
Jul  6 14:49:55 ims kamailio-scscf[3067]: INFO: registrar [save.c:498]: 401 challenge -> REGISTER w/ auth -> 200 OK for sip:+999700000004576@ims.mnc070.mcc999.3gpp.network.org
Jul  6 14:50:55 ims kamailio-scscf[3067]: INFO: tm [t_reply.c:900]: Call-ID: 01ab2049baf9413c@ims.mnc070.mcc999.3gpp.network.org 180 Ringing -> 200 OK, dialog confirmed
Jul  6 14:52:04 ims kamailio-scscf[3067]: INFO: registrar [save.c:498]: 401 challenge -> REGISTER w/ auth -> 200 OK for sip:+999700000002372@ims.mnc070.mcc999.3gpp.network.org
Jul  6 14:52:41 ims kamailio-scscf[3067]: INFO: tm [t_reply.c:900]: Call-ID: e8e485c396ea4cd9@ims.mnc070.mcc999.3gpp.network.org final reply 486 Busy Here
Jul  6 14:54:14 ims kamailio-scscf[3067]: INFO: tm [t_reply.c:900]: Call-ID: bd27b6bedd7041fc@ims.mnc070.mcc999.3gpp.network.org 180 Ringing -> 200 OK, dialog confirmed
Jul  6 14:54:34 ims kamailio-scscf[3067]: INFO: registrar [save.c:498]: 401 challenge -> REGISTER w/ auth -> 200 OK for sip:+999700000002867@ims.mnc070.mcc999.3gpp.network.org
Jul  6 14:55:43 ims kamailio-scscf[3067]: INFO: registrar [save.c:498]: 401 challenge -> REGISTER w/ auth -> 200 OK for sip:+999700000002206@ims.mnc070.mcc999.3gpp.network.org
Jul  6 14:55:50 ims kamailio-scscf[3067]: INFO: tm [t_reply.c:900]: Call-ID: f363ccfeb27e4851@ims.mnc070.mcc999.3gpp.network.org 180 Ringing -> 200 OK, dialog confirmed
Jul  6 14:56:48 ims kamailio-scscf[3067]: INFO: tm [t_reply.c:900]: Call-ID: 9e8f432e7038413b@ims.mnc070.mcc999.3gpp.network.org 180 Ringing -> 200 OK, dialog confirmed
Jul  6 14:56:48 ims kamailio-scscf[3067]: INFO: registrar [save.c:498]: 401 challenge -> REGISTER w/ auth -> 200 OK for sip:+999700000003544@ims.mnc070.mcc999.3gpp.network.org
Jul  6 14:56:50 ims kamailio-scscf[3067]: INFO: registrar [save.c:498]: 401 challenge -> REGISTER w/ auth -> 200 OK for sip:+999700000002417@ims.mnc070.mcc999.3gpp.network.org
Jul  6 14:57:06 ims kamailio-scscf[3067]: INFO: tm [t_reply.c:900]: Call-ID: 07c7334f08114852@ims.mnc070.mcc999.3gpp.network.org final reply 486 Busy Here
Jul  6 14:57:53 ims kamailio-scscf[3067]: INFO: registrar [save.c:498]: 401 challenge -> REGISTER w/ auth -> 200 OK for sip:+999700000001971@ims.mnc070.mcc999.3gpp.network.org
Jul  6 14:58:20 ims kamailio-scscf[3067]: INFO: registrar [save.c:498]: 401 challenge -> REGISTER w/ auth -> 200 OK for sip:+999700000000949@ims.mnc070.mcc999.3gpp.network.org
Jul  6 14:58:58 ims kamailio-scscf[3067]: INFO: registrar [save.c:498]: 401 challenge -> REGISTER w/ auth -> 200 OK for sip:+999700000002682@ims.mnc070.mcc999.3gpp.network.org
Jul  6 14:59:39 ims kamailio-scscf[3067]: INFO: registrar [save.c:498]: 401 challenge -> REGISTER w/ auth -> 200 OK for sip:+999700000002582@ims.mnc070.mcc999.3gpp.network.org
Jul  6 15:01:31 ims kamailio-scscf[3067]: INFO: tm [t_reply.c:900]: Call-ID: 2c3a7ea266f845b8@ims.mnc070.mcc999.3gpp.network.org 180 Ringing -> 200 OK, dialog confirmed
Jul  6 15:02:40 ims kamailio-scscf[3067]: INFO: registrar [save.c:498]: 401 challenge -> REGISTER w/ auth -> 200 OK for sip:+999700000004890@ims.mnc070.mcc999.3gpp.network.org
Jul  6 15:02:43 ims kamailio-scscf[3067]: INFO: registrar [save.c:498]: 401 challenge -> REGISTER w/ auth -> 200 OK for sip:+999700000000016@ims.mnc070.mcc999.3gpp.network.org
Jul  6 15:03:30 ims kamailio-scscf[3067]: INFO: registrar [save.c:498]: 401 challenge -> REGISTER w/ auth -> 200 OK for sip:+999700000004942@ims.mnc070.mcc999.3gpp.network.org
Jul  6 15:03:49 ims kamailio-scscf[3067]: INFO: tm [t_reply.c:900]: Call-ID: bc435902a2464bbe@ims.mnc070.mcc999.3gpp.network.org 180 Ringing -> 200 OK, dialog confirmed
Jul  6 15:04:27 ims kamailio-scscf[3067]: INFO: tm [t_reply.c:900]: Call-ID: 91ede21025454ae4@ims.mnc070.mcc999.3gpp.network.org 180 Ringing -> 200 OK, dialog confirmed
Jul  6 15:05:09 ims kamailio-scscf[3067]: INFO: registrar [save.c:498]: 401 challenge -> REGISTER w/ auth -> 200 OK for sip:+999700000003355@ims.mnc070.mcc999.3gpp.network.org
Jul  6 15:05:32 ims kamailio-scscf[3067]: INFO: tm [t_reply.c:900]: Call-ID: c47d18e70d504210@ims.mnc070.mcc999.3gpp.network.org final reply 480 No Answer
Jul  6 15:05:53 ims kamailio-scscf[3067]: INFO: tm [t_reply.c:900]: Call-ID: f7d8cd4936c24530@ims.mnc070.mcc999.3gpp.network.org final reply 486 Busy Here
Jul  6 15:06:05 ims kamailio-scscf[3067]: INFO: tm [t_reply.c:900]: Call-ID: 4a355991bc324c79@ims.mnc070.mcc999.3gpp.network.org 180 Ringing -> 200 OK, dialog confirmed
Jul  6 15:07:33 ims kamailio-scscf[3067]: INFO: tm [t_reply.c:900]: Call-ID: 196069923b014356@ims.mnc070.mcc999.3gpp.network.org 180 Ringing -> 200 OK, dialog confirmed
Jul  6 15:07:51 ims kamailio-scscf[3067]: INFO: registrar [save.c:498]: 401 challenge -> REGISTER w/ auth -> 200 OK for sip:+999700000000272@ims.mnc070.mcc999.3gpp.network.org
Jul  6 15:08:33 ims kamailio-scscf[3067]: INFO: tm [t_reply.c:900]: Call-ID: 7b84dbfdcab245ea@ims.mnc070.mcc999.3gpp.network.org 180 Ringing -> 200 OK, dialog confirmed
Jul  6 15:08:57 ims kamailio-scscf[3067]: INFO: registrar [save.c:498]: 401 challenge -> REGISTER w/ auth -> 200 OK for sip:+999700000004856@ims.mnc070.mcc999.3gpp.network.org
Jul  6 15:09:31 ims kamailio-scscf[3067]: INFO: registrar [save.c:498]: 401 challenge -> REGISTER w/ auth -> 200 OK for sip:+999700000002485@ims.mnc070.mcc999.3gpp.network.org
Jul  6 15:09:53 ims kamailio-scscf[3067]: INFO: registrar [save.c:498]: 401 challenge -> REGISTER w/ auth -> 200 OK for sip:+999700000000732@ims.mnc070.mcc999.3gpp.network.org
Jul  6 15:10:23 ims kamailio-scscf[3067]: WARNING: registrar [save.c:512]: authentication failed for sip:+999700000004882@ims.mnc070.mcc999.3gpp.network.org, replying 403 Forbidden
Jul  6 15:10:26 ims kamailio-scscf[3067]: INFO: tm [t_reply.c:900]: Call-ID: 8552a2adbfec4c46@ims.mnc070.mcc999.3gpp.network.org 180 Ringing -> 200 OK, dialog confirmed
Jul  6 15:12:14 ims kamailio-scscf[3067]: INFO: tm [t_reply.c:900]: Call-ID: eef314d7422c4e81@ims.mnc070.mcc999.3gpp.network.org 180 Ringing -> 200 OK, dialog confirmed
Jul  6 15:12:27 ims kamailio-scscf[3067]: INFO: tm [t_reply.c:900]: Call-ID: 027f5ae74061488d@ims.mnc070.mcc999.3gpp.network.org 180 Ringing -> 200 OK, dialog confirmed
Jul  6 15:13:19 ims kamailio-scscf[3067]: INFO: registrar [save.c:498]: 401 challenge -> REGISTER w/ auth -> 200 OK for sip:+999700000003564@ims.mnc070.mcc999.3gpp.network.org
Jul  6 15:13:47 ims kamailio-scscf[3067]: INFO: registrar [save.c:498]: 401 challenge -> REGISTER w/ auth -> 200 OK for sip:+999700000003925@ims.mnc070.mcc999.3gpp.network.org
Jul  6 15:14:04 ims kamailio-scscf[3067]: INFO: registrar [save.c:498]: 401 challenge -> REGISTER w/ auth -> 200 OK for sip:+999700000002653@ims.mnc070.mcc999.3gpp.network.org
Jul  6 15:14:18 ims kamailio-scscf[3067]: INFO: registrar [save.c:498]: 401 challenge -> REGISTER w/ auth -> 200 OK for sip:+999700000000989@ims.mnc070.mcc999.3gpp.network.org
Jul  6 15:14:45 ims kamailio-scscf[3067]: INFO: tm [t_reply.c:900]: Call-ID: 33b2eadd20ba4489@ims.mnc070.mcc999.3gpp.network.org final reply 486 Busy Here
Jul  6 15:15:42 ims kamailio-scscf[3067]: INFO: tm [t_reply.c:900]: Call-ID: 7f736955b9174a2f@ims.mnc070.mcc999.3gpp.network.org final reply 480 No Answer
Jul  6 15:16:05 ims kamailio-scscf[3067]: INFO: tm [t_reply.c:900]: Call-ID: f2b30c6577564280@ims.mnc070.mcc999.3gpp.network.org 180 Ringing -> 200 OK, dialog confirmed
Jul  6 15:16:55 ims kamailio-scscf[3067]: INFO: registrar [save.c:498]: 401 challenge -> REGISTER w/ auth -> 200 OK for sip:+999700000001017@ims.mnc070.mcc999.3gpp.network.org
Jul  6 15:17:06 ims kamailio-scscf[3067]: INFO: registrar [save.c:498]: 401 challenge -> REGISTER w/ auth -> 200 OK for sip:+999700000002819@ims.mnc070.mcc999.3gpp.network.org
Jul  6 15:17:14 ims kamailio-scscf[3067]: INFO: registrar [save.c:498]: 401 challenge -> REGISTER w/ auth -> 200 OK for sip:+999700000001091@ims.mnc070.mcc999.3gpp.network.org
Jul  6 15:17:16 ims kamailio-scscf[3067]: INFO: registrar [save.c:498]: 401 challenge -> REGISTER w/ auth -> 200 OK for sip:+999700000004808@ims.mnc070.mcc999.3gpp.network.org
Jul  6 15:17:43 ims kamailio-scscf[3067]: INFO: tm [t_reply.c:900]: Call-ID: c3f669d2d5b845ab@ims.mnc070.mcc999.3gpp.network.org 180 Ringing -> 200 OK, dialog confirmed
Jul  6 15:17:59 ims kamailio-scscf[3067]: INFO: tm [t_reply.c:900]: Call-ID: f2c68875d8cf406a@ims.mnc070.mcc999.3gpp.network.org 180 Ringing -> 200 OK, dialog confirmed
Jul  6 15:19:04 ims kamailio-scscf[3067]: INFO: registrar [save.c:498]: 401 challenge -> REGISTER w/ auth -> 200 OK for sip:+999700000004191@ims.mnc070.mcc999.3gpp.network.org
Jul  6 15:19:14 ims kamailio-scscf[3067]: INFO: registrar [save.c:498]: 401 challenge -> REGISTER w/ auth -> 200 OK for sip:+999700000004790@ims.mnc070.mcc999.3gpp.network.org
Jul  6 15:19:18 ims kamailio-scscf[3067]: INFO: registrar [save.c:498]: 401 challenge -> REGISTER w/ auth -> 200 OK for sip:+999700000000317@ims.mnc070.mcc999.3gpp.network.org
Jul  6 15:20:02 ims kamailio-scscf[3067]: INFO: tm [t_reply.c:900]: Call-ID: 493614b673524c78@ims.mnc070.mcc999.3gpp.network.org 180 Ringing -> 200 OK, dialog confirmed
Jul  6 15:20:37 ims kamailio-scscf[3067]: INFO: registrar [save.c:498]: 401 challenge -> REGISTER w/ auth -> 200 OK for sip:+999700000003856@ims.mnc070.mcc999.3gpp.network.org
Jul  6 15:21:02 ims kamailio-scscf[3067]: INFO: tm [t_reply.c:900]: Call-ID: b7995d3fd8ac45a5@ims.mnc070.mcc999.3gpp.network.org 180 Ringing -> 200 OK, dialog confirmed
Jul  6 15:21:44 ims kamailio-scscf[3067]: INFO: registrar [save.c:498]: 401 challenge -> REGISTER w/ auth -> 200 OK for sip:+999700000002323@ims.mnc070.mcc999.3gpp.network.org
Jul  6 15:22:27 ims kamailio-scscf[3067]: INFO: tm [t_reply.c:900]: Call-ID: 21a31bd05ca144ce@ims.mnc070.mcc999.3gpp.network.org 180 Ringing -> 200 OK, dialog confirmed
Jul  6 15:22:42 ims kamailio-scscf[3067]: INFO: registrar [save.c:498]: 401 challenge -> REGISTER w/ auth -> 200 OK for sip:+999700000003132@ims.mnc070.mcc999.3gpp.network.org
Jul  6 15:23:09 ims kamailio-scscf[3067]: INFO: registrar [save.c:498]: 401 challenge -> REGISTER w/ auth -> 200 OK for sip:+999700000003285@ims.mnc070.mcc999.3gpp.network.org
Jul  6 15:23:57 ims kamailio-scscf[3067]: INFO: registrar [save.c:498]: 401 challenge -> REGISTER w/ auth -> 200 OK for sip:+999700000004863@ims.mnc070.mcc999.3gpp.network.org
Jul  6 15:25:30 ims kamailio-scscf[3067]: INFO: registrar [save.c:498]: 401 challenge -> REGISTER w/ auth -> 200 OK for sip:+999700000005000@ims.mnc070.mcc999.3gpp.network.org
Jul  6 15:27:42 ims kamailio-scscf[3067]: INFO: registrar [save.c:498]: 401 challenge -> REGISTER w/ auth -> 200 OK for sip:+999700000002630@ims.mnc070.mcc999.3gpp.network.org
Jul  6 15:27:51 ims kamailio-scscf[3067]: INFO: tm [t_reply.c:900]: Call-ID: fc5542100d324c05@ims.mnc070.mcc999.3gpp.network.org 180 Ringing -> 200 OK, dialog confirmed
Jul  6 15:27:51 ims kamailio-scscf[3067]: INFO: registrar [save.c:498]: 401 challenge -> REGISTER w/ auth -> 200 OK for sip:+999700000001124@ims.mnc070.mcc999.3gpp.network.org
Jul  6 15:28:09 ims kamailio-scscf[3067]: INFO: tm [t_reply.c:900]: Call-ID: fe7c5ead67eb4873@ims.mnc070.mcc999.3gpp.network.org 180 Ringing -> 200 OK, dialog confirmed
Jul  6 15:28:35 ims kamailio-scscf[3067]: INFO: tm [t_reply.c:900]: Call-ID: 1bc76e3eab55494d@ims.mnc070.mcc999.3gpp.network.org 180 Ringing -> 200 OK, dialog confirmed
Jul  6 15:29:18 ims kamailio-scscf[3067]: INFO: registrar [save.c:498]: 401 challenge -> REGISTER w/ auth -> 200 OK for sip:+999700000002690@ims.mnc070.mcc999.3gpp.network.org
Jul  6 15:29:24 ims kamailio-scscf[3067]: INFO: registrar [save.c:498]: 401 challenge -> REGISTER w/ auth -> 200 OK for sip:+999700000001695@ims.mnc070.mcc999.3gpp.network.org
Jul  6 15:29:28 ims kamailio-scscf[3067]: INFO: tm [t_reply.c:900]: Call-ID: 36961e7cbde2421b@ims.mnc070.mcc999.3gpp.network.org 180 Ringing -> 200 OK, dialog confirmed
Jul  6 15:30:26 ims kamailio-scscf[3067]: INFO: registrar [save.c:498]: 401 challenge -> REGISTER w/ auth -> 200 OK for sip:+999700000002955@ims.mnc070.mcc999.3gpp.network.org
Jul  6 15:31:25 ims kamailio-scscf[3067]: INFO: registrar [save.c:498]: 401 challenge -> REGISTER w/ auth -> 200 OK for sip:+999700000002914@ims.mnc070.mcc999.3gpp.network.org
Jul  6 15:31:25 ims kamailio-scscf[3067]: INFO: registrar [save.c:498]: 401 challenge -> REGISTER w/ auth -> 200 OK for sip:+999700000002205@ims.mnc070.mcc999.3gpp.network.org
Jul  6 15:31:28 ims kamailio-scscf[3067]: INFO: tm [t_reply.c:900]: Call-ID: 7d91f66252a5486e@ims.mnc070.mcc999.3gpp.network.org 180 Ringing -> 200 OK, dialog confirmed
Jul  6 15:32:57 ims kamailio-scscf[3067]: INFO: registrar [save.c:498]: 401 challenge -> REGISTER w/ auth -> 200 OK for sip:+999700000001561@ims.mnc070.mcc999.3gpp.network.org
Jul  6 15:33:28 ims kamailio-scscf[3067]: INFO: registrar [save.c:498]: 401 challenge -> REGISTER w/ auth -> 200 OK for sip:+999700000004123@ims.mnc070.mcc999.3gpp.network.org
Jul  6 15:33:31 ims kamailio-scscf[3067]: INFO: registrar [save.c:498]: 401 challenge -> REGISTER w/ auth -> 200 OK for sip:+999700000001765@ims.mnc070.mcc999.3gpp.network.org
Jul  6 15:33:54 ims kamailio-scscf[3067]: INFO: registrar [save.c:498]: 401 challenge -> REGISTER w/ auth -> 200 OK for sip:+999700000000046@ims.mnc070.mcc999.3gpp.network.org
Jul  6 15:35:08 ims kamailio-scscf[3067]: INFO: tm [t_reply.c:900]: Call-ID: 6262391e7a2c4d83@ims.mnc070.mcc999.3gpp.network.org 180 Ringing -> 200 OK, dialog confirmed
Jul  6 15:35:09 ims kamailio-scscf[3067]: INFO: registrar [save.c:498]: 401 challenge -> REGISTER w/ auth -> 200 OK for sip:+999700000003465@ims.mnc070.mcc999.3gpp.network.org
Jul  6 15:35:32 ims kamailio-scscf[3067]: INFO: registrar [save.c:498]: 401 challenge -> REGISTER w/ auth -> 200 OK for sip:+999700000000547@ims.mnc070.mcc999.3gpp.network.org
Jul  6 15:35:49 ims kamailio-scscf[3067]: INFO: registrar [save.c:498]: 401 challenge -> REGISTER w/ auth -> 200 OK for sip:+999700000000751@ims.mnc070.mcc999.3gpp.network.org
Jul  6 15:36:39 ims kamailio-scscf[3067]: INFO: tm [t_reply.c:900]: Call-ID: 5ecff3013e2e43ae@ims.mnc070.mcc999.3gpp.network.org 180 Ringing -> 200 OK, dialog confirmed
Jul  6 15:37:03 ims kamailio-scscf[3067]: INFO: tm [t_reply.c:900]: Call-ID: 6e36395f923b4a97@ims.mnc070.mcc999.3gpp.network.org final reply 486 Busy Here
Jul  6 15:37:46 ims kamailio-scscf[3067]: INFO: registrar [save.c:498]: 401 challenge -> REGISTER w/ auth -> 200 OK for sip:+999700000004578@ims.mnc070.mcc999.3gpp.network.org
Jul  6 15:38:19 ims kamailio-scscf[3067]: INFO: registrar [save.c:498]: 401 challenge -> REGISTER w/ auth -> 200 OK for sip:+999700000003749@ims.mnc070.mcc999.3gpp.network.org
Jul  6 15:38:30 ims kamailio-scscf[3067]: INFO: registrar [save.c:498]: 401 challenge -> REGISTER w/ auth -> 200 OK for sip:+999700000001780@ims.mnc070.mcc999.3gpp.network.org
Jul  6 15:38:53 ims kamailio-scscf[3067]: INFO: tm [t_reply.c:900]: Call-ID: 480a135d6b9b403a@ims.mnc070.mcc999.3gpp.network.org 180 Ringing -> 200 OK, dialog confirmed
Jul  6 15:39:03 ims kamailio-scscf[3067]: INFO: registrar [save.c:498]: 401 challenge -> REGISTER w/ auth -> 200 OK for sip:+999700000002161@ims.mnc070.mcc999.3gpp.network.org
Jul  6 15:39:07 ims kamailio-scscf[3067]: INFO: tm [t_reply.c:900]: Call-ID: feda7c3f9ec74501@ims.mnc070.mcc999.3gpp.network.org 180 Ringing -> 200 OK, dialog confirmed
Jul  6 15:39:50 ims kamailio-scscf[3067]: INFO: tm [t_reply.c:900]: Call-ID: 89ddcc6672e94c22@ims.mnc070.mcc999.3gpp.network.org 180 Ringing -> 200 OK, dialog confirmed
Jul  6 15:40:12 ims kamailio-scscf[3067]: INFO: registrar [save.c:498]: 401 challenge -> REGISTER w/ auth -> 200 OK for sip:+999700000001732@ims.mnc070.mcc999.3gpp.network.org
Jul  6 15:40:32 ims kamailio-scscf[3067]: INFO: tm [t_reply.c:900]: Call-ID: 60f828ef62284abe@ims.mnc070.mcc999.3gpp.network.org 180 Ringing -> 200 OK, dialog confirmed
Jul  6 15:42:12 ims kamailio-scscf[3067]: INFO: tm [t_reply.c:900]: Call-ID: 39eb8a0ab526498e@ims.mnc070.mcc999.3gpp.network.org 180 Ringing -> 200 OK, dialog confirmed
Jul  6 15:42:16 ims kamailio-scscf[3067]: INFO: registrar [save.c:498]: 401 challenge -> REGISTER w/ auth -> 200 OK for sip:+999700000000024@ims.mnc070.mcc999.3gpp.network.org
Jul  6 15:42:20 ims kamailio-scscf[3067]: INFO: registrar [save.c:498]: 401 challenge -> REGISTER w/ auth -> 200 OK for sip:+999700000004336@ims.mnc070.mcc999.3gpp.network.org
Jul  6 15:43:46 ims kamailio-scscf[3067]: INFO: registrar [save.c:498]: 401 challenge -> REGISTER w/ auth -> 200 OK for sip:+999700000004868@ims.mnc070.mcc999.3gpp.network.org
Jul  6 15:43:46 ims kamailio-scscf[3067]: INFO: tm [t_reply.c:900]: Call-ID: 4616b78608174598@ims.mnc070.mcc999.3gpp.network.org 180 Ringing -> 200 OK, dialog confirmed
Jul  6 15:44:15 ims kamailio-scscf[3067]: INFO: tm [t_reply.c:900]: Call-ID: 535e2f292ed34a0c@ims.mnc070.mcc999.3gpp.network.org 180 Ringing -> 200 OK, dialog confirmed
Jul  6 15:44:27 ims kamailio-scscf[3067]: INFO: registrar [save.c:498]: 401 challenge -> REGISTER w/ auth -> 200 OK for sip:+999700000003734@ims.mnc070.mcc999.3gpp.network.org
Jul  6 15:45:42 ims kamailio-scscf[3067]: INFO: registrar [save.c:498]: 401 challenge -> REGISTER w/ auth -> 200 OK for sip:+999700000004229@ims.mnc070.mcc999.3gpp.network.org
Jul  6 15:47:07 ims kamailio-scscf[3067]: INFO: registrar [save.c:498]: 401 challenge -> REGISTER w/ auth -> 200 OK for sip:+999700000001056@ims.mnc070.mcc999.3gpp.network.org
Jul  6 15:47:48 ims kamailio-scscf[3067]: INFO: registrar [save.c:498]: 401 challenge -> REGISTER w/ auth -> 200 OK for sip:+999700000001901@ims.mnc070.mcc999.3gpp.network.org
Jul  6 15:48:08 ims kamailio-scscf[3067]: INFO: tm [t_reply.c:900]: Call-ID: f8d36c18d3bb4e56@ims.mnc070.mcc999.3gpp.network.org 180 Ringing -> 200 OK, dialog confirmed
Jul  6 15:48:13 ims kamailio-scscf[3067]: INFO: registrar [save.c:498]: 401 challenge -> REGISTER w/ auth -> 200 OK for sip:+999700000000502@ims.mnc070.mcc999.3gpp.network.org
Jul  6 15:48:15 ims kamailio-scscf[3067]: INFO: registrar [save.c:498]: 401 challenge -> REGISTER w/ auth -> 200 OK for sip:+999700000004951@ims.mnc070.mcc999.3gpp.network.org
Jul  6 15:48:35 ims kamailio-scscf[3067]: INFO: tm [t_reply.c:900]: Call-ID: 687620a6f5db4007@ims.mnc070.mcc999.3gpp.network.org 180 Ringing -> 200 OK, dialog confirmed
Jul  6 15:48:50 ims kamailio-scscf[3067]: INFO: tm [t_reply.c:900]: Call-ID: aecc1b9493a34085@ims.mnc070.mcc999.3gpp.network.org 180 Ringing -> 200 OK, dialog confirmed
Jul  6 15:51:01 ims kamailio-scscf[3067]: INFO: registrar [save.c:498]: 401 challenge -> REGISTER w/ auth -> 200 OK for sip:+999700000002178@ims.mnc070.mcc999.3gpp.network.org
Jul  6 15:51:11 ims kamailio-scscf[3067]: INFO: registrar [save.c:498]: 401 challenge -> REGISTER w/ auth -> 200 OK for sip:+999700000003017@ims.mnc070.mcc999.3gpp.network.org
Jul  6 15:51:29 ims kamailio-scscf[3067]: INFO: registrar [save.c:498]: 401 challenge -> REGISTER w/ auth -> 200 OK for sip:+999700000000284@ims.mnc070.mcc999.3gpp.network.org
Jul  6 15:51:38 ims kamailio-scscf[3067]: INFO: registrar [save.c:498]: 401 challenge -> REGISTER w/ auth -> 200 OK for sip:+999700000002195@ims.mnc070.mcc999.3gpp.network.org
Jul  6 15:51:47 ims kamailio-scscf[3067]: INFO: registrar [save.c:498]: 401 challenge -> REGISTER w/ auth -> 200 OK for sip:+999700000003257@ims.mnc070.mcc999.3gpp.network.org
Jul  6 15:52:24 ims kamailio-scscf[3067]: INFO: registrar [save.c:498]: 401 challenge -> REGISTER w/ auth -> 200 OK for sip:+999700000003194@ims.mnc070.mcc999.3gpp.network.org
Jul  6 15:53:46 ims kamailio-scscf[3067]: INFO: tm [t_reply.c:900]: Call-ID: b840338a223b4d30@ims.mnc070.mcc999.3gpp.network.org 180 Ringing -> 200 OK, dialog confirmed
Jul  6 15:54:01 ims kamailio-scscf[3067]: INFO: tm [t_reply.c:900]: Call-ID: d56fb41d3b294707@ims.mnc070.mcc999.3gpp.network.org 180 Ringing -> 200 OK, dialog confirmed
Jul  6 15:54:09 ims kamailio-scscf[3067]: INFO: tm [t_reply.c:900]: Call-ID: 754c321963174a9b@ims.mnc070.mcc999.3gpp.network.org final reply 480 No Answer
Jul  6 15:54:17 ims kamailio-scscf[3067]: INFO: registrar [save.c:498]: 401 challenge -> REGISTER w/ auth -> 200 OK for sip:+999700000003203@ims.mnc070.mcc999.3gpp.network.org
Jul  6 15:54:31 ims kamailio-scscf[3067]: INFO: registrar [save.c:498]: 401 challenge -> REGISTER w/ auth -> 200 OK for sip:+999700000003178@ims.mnc070.mcc999.3gpp.network.org
Jul  6 15:54:37 ims kamailio-scscf[3067]: INFO: registrar [save.c:498]: 401 challenge -> REGISTER w/ auth -> 200 OK for sip:+999700000002628@ims.mnc070.mcc999.3gpp.network.org
Jul  6 15:55:04 ims kamailio-scscf[3067]: INFO: tm [t_reply.c:900]: Call-ID: 67d85103e7134a6f@ims.mnc070.mcc999.3gpp.network.org 180 Ringing -> 200 OK, dialog confirmed
Jul  6 15:56:03 ims kamailio-scscf[3067]: INFO: tm [t_reply.c:900]: Call-ID: 4ea25d6e04314d71@ims.mnc070.mcc999.3gpp.network.org 180 Ringing -> 200 OK, dialog confirmed
Jul  6 15:56:22 ims kamailio-scscf[3067]: INFO: registrar [save.c:498]: 401 challenge -> REGISTER w/ auth -> 200 OK for sip:+999700000001808@ims.mnc070.mcc999.3gpp.network.org
Jul  6 15:56:29 ims kamailio-scscf[3067]: INFO: registrar [save.c:498]: 401 challenge -> REGISTER w/ auth -> 200 OK for sip:+999700000004172@ims.mnc070.mcc999.3gpp.network.org
Jul  6 15:56:30 ims kamailio-scscf[3067]: INFO: tm [t_reply.c:900]: Call-ID: f1f43e692a0844ee@ims.mnc070.mcc999.3gpp.network.org final reply 486 Busy Here
Jul  6 15:56:31 ims kamailio-scscf[3067]: INFO: registrar [save.c:498]: 401 challenge -> REGISTER w/ auth -> 200 OK for sip:+999700000001803@ims.mnc070.mcc999.3gpp.network.org
Jul  6 15:57:39 ims kamailio-scscf[3067]: INFO: registrar [save.c:498]: 401 challenge -> REGISTER w/ auth -> 200 OK for sip:+999700000000337@ims.mnc070.mcc999.3gpp.network.org
Jul  6 15:57:46 ims kamailio-scscf[3067]: INFO: tm [t_reply.c:900]: Call-ID: 9298b7d639a14b4b@ims.mnc070.mcc999.3gpp.network.org 180 Ringing -> 200 OK, dialog confirmed
Jul  6 15:58:09 ims kamailio-scscf[3067]: INFO: tm [t_reply.c:900]: Call-ID: 9a07dde9743e45b3@ims.mnc070.mcc999.3gpp.network.org 180 Ringing -> 200 OK, dialog confirmed
Jul  6 15:58:14 ims kamailio-scscf[3067]: INFO: registrar [save.c:498]: 401 challenge -> REGISTER w/ auth -> 200 OK for sip:+999700000000488@ims.mnc070.mcc999.3gpp.network.org
Jul  6 15:58:49 ims kamailio-scscf[3067]: INFO: registrar [save.c:498]: 401 challenge -> REGISTER w/ auth -> 200 OK for sip:+999700000000247@ims.mnc070.mcc999.3gpp.network.org
Jul  6 15:59:32 ims kamailio-scscf[3067]: INFO: tm [t_reply.c:900]: Call-ID: 841bb69730b149e1@ims.mnc070.mcc999.3gpp.network.org 180 Ringing -> 200 OK, dialog confirmed
Jul  6 16:00:05 ims kamailio-scscf[3067]: INFO: registrar [save.c:498]: 401 challenge -> REGISTER w/ auth -> 200 OK for sip:+999700000003475@ims.mnc070.mcc999.3gpp.network.org
Jul  6 16:00:47 ims kamailio-scscf[3067]: INFO: tm [t_reply.c:900]: Call-ID: b04823da188f4f10@ims.mnc070.mcc999.3gpp.network.org 180 Ringing -> 200 OK, dialog confirmed
Jul  6 16:01:06 ims kamailio-scscf[3067]: INFO: registrar [save.c:498]: 401 challenge -> REGISTER w/ auth -> 200 OK for sip:+999700000003842@ims.mnc070.mcc999.3gpp.network.org
Jul  6 16:01:43 ims kamailio-scscf[3067]: INFO: tm [t_reply.c:900]: Call-ID: 514ac8e3e89f4067@ims.mnc070.mcc999.3gpp.network.org 180 Ringing -> 200 OK, dialog confirmed
Jul  6 16:02:02 ims kamailio-scscf[3067]: INFO: tm [t_reply.c:900]: Call-ID: 489de8d092b2471e@ims.mnc070.mcc999.3gpp.network.org 180 Ringing -> 200 OK, dialog confirmed
Jul  6 16:03:05 ims kamailio-scscf[3067]: INFO: registrar [save.c:498]: 401 challenge -> REGISTER w/ auth -> 200 OK for sip:+999700000001614@ims.mnc070.mcc999.3gpp.network.org
Jul  6 16:03:25 ims kamailio-scscf[3067]: INFO: registrar [save.c:498]: 401 challenge -> REGISTER w/ auth -> 200 OK for sip:+999700000001594@ims.mnc070.mcc999.3gpp.network.org
Jul  6 16:03:46 ims kamailio-scscf[3067]: INFO: registrar [save.c:498]: 401 challenge -> REGISTER w/ auth -> 200 OK for sip:+999700000000013@ims.mnc070.mcc999.3gpp.network.org
Jul  6 16:04:30 ims kamailio-scscf[3067]: INFO: tm [t_reply.c:900]: Call-ID: 57bf982ca1604bbb@ims.mnc070.mcc999.3gpp.network.org 180 Ringing -> 200 OK, dialog confirmed
Jul  6 16:04:43 ims kamailio-scscf[3067]: INFO: registrar [save.c:498]: 401 challenge -> REGISTER w/ auth -> 200 OK for sip:+999700000003144@ims.mnc070.mcc999.3gpp.network.org
Jul  6 16:04:58 ims kamailio-scscf[3067]: INFO: registrar [save.c:498]: 401 challenge -> REGISTER w/ auth -> 200 OK for sip:+999700000002513@ims.mnc070.mcc999.3gpp.network.org
Jul  6 16:05:26 ims kamailio-scscf[3067]: INFO: tm [t_reply.c:900]: Call-ID: 16346a9339f045a1@ims.mnc070.mcc999.3gpp.network.org 180 Ringing -> 200 OK, dialog confirmed
Jul  6 16:05:46 ims kamailio-scscf[3067]: INFO: registrar [save.c:498]: 401 challenge -> REGISTER w/ auth -> 200 OK for sip:+999700000002941@ims.mnc070.mcc999.3gpp.network.org
Jul  6 16:06:02 ims kamailio-scscf[3067]: INFO: tm [t_reply.c:900]: Call-ID: 2f80bcf21661470b@ims.mnc070.mcc999.3gpp.network.org 180 Ringing -> 200 OK, dialog confirmed
Jul  6 16:06:25 ims kamailio-scscf[3067]: INFO: tm [t_reply.c:900]: Call-ID: 755a96a3392a4592@ims.mnc070.mcc999.3gpp.network.org 180 Ringing -> 200 OK, dialog confirmed
Jul  6 16:06:55 ims kamailio-scscf[3067]: INFO: registrar [save.c:498]: 401 challenge -> REGISTER w/ auth -> 200 OK for sip:+999700000000131@ims.mnc070.mcc999.3gpp.network.org
Jul  6 16:07:56 ims kamailio-scscf[3067]: INFO: registrar [save.c:498]: 401 challenge -> REGISTER w/ auth -> 200 OK for sip:+999700000001723@ims.mnc070.mcc999.3gpp.network.org
Jul  6 16:08:55 ims kamailio-scscf[3067]: INFO: registrar [save.c:498]: 401 challenge -> REGISTER w/ auth -> 200 OK for sip:+999700000004489@ims.mnc070.mcc999.3gpp.network.org
Jul  6 16:10:07 ims kamailio-scscf[3067]: INFO: tm [t_reply.c:900]: Call-ID: 70717b3475444294@ims.mnc070.mcc999.3gpp.network.org 180 Ringing -> 200 OK, dialog confirmed
Jul  6 16:11:04 ims kamailio-scscf[3067]: INFO: registrar [save.c:498]: 401 challenge -> REGISTER w/ auth -> 200 OK for sip:+999700000004765@ims.mnc070.mcc999.3gpp.network.org
Jul  6 16:11:19 ims kamailio-scscf[3067]: INFO: registrar [save.c:498]: 401 challenge -> REGISTER w/ auth -> 200 OK for sip:+999700000004533@ims.mnc070.mcc999.3gpp.network.org
Jul  6 16:11:29 ims kamailio-scscf[3067]: INFO: registrar [save.c:498]: 401 challenge -> REGISTER w/ auth -> 200 OK for sip:+999700000001974@ims.mnc070.mcc999.3gpp.network.org
Jul  6 16:12:10 ims kamailio-scscf[3067]: INFO: tm [t_reply.c:900]: Call-ID: 839613ba36354d01@ims.mnc070.mcc999.3gpp.network.org 180 Ringing -> 200 OK, dialog confirmed
Jul  6 16:12:26 ims kamailio-scscf[3067]: INFO: tm [t_reply.c:900]: Call-ID: f88ef2df4e724497@ims.mnc070.mcc999.3gpp.network.org 180 Ringing -> 200 OK, dialog confirmed
Jul  6 16:13:30 ims kamailio-scscf[3067]: INFO: tm [t_reply.c:900]: Call-ID: 686b503bbbc54840@ims.mnc070.mcc999.3gpp.network.org 180 Ringing -> 200 OK, dialog confirmed
Jul  6 16:13:44 ims kamailio-scscf[3067]: INFO: registrar [save.c:498]: 401 challenge -> REGISTER w/ auth -> 200 OK for sip:+999700000000069@ims.mnc070.mcc999.3gpp.network.org
Jul  6 16:13:55 ims kamailio-scscf[3067]: INFO: tm [t_reply.c:900]: Call-ID: 1a18d9314272455c@ims.mnc070.mcc999.3gpp.network.org 180 Ringing -> 200 OK, dialog confirmed
Jul  6 16:14:40 ims kamailio-scscf[3067]: INFO: registrar [save.c:498]: 401 challenge -> REGISTER w/ auth -> 200 OK for sip:+999700000002811@ims.mnc070.mcc999.3gpp.network.org
Jul  6 16:14:59 ims kamailio-scscf[3067]: INFO: registrar [save.c:498]: 401 challenge -> REGISTER w/ auth -> 200 OK for sip:+999700000003894@ims.mnc070.mcc999.3gpp.network.org
Jul  6 16:15:19 ims kamailio-scscf[3067]: INFO: registrar [save.c:498]: 401 challenge -> REGISTER w/ auth -> 200 OK for sip:+999700000001333@ims.mnc070.mcc999.3gpp.network.org
Jul  6 16:15:37 ims kamailio-scscf[3067]: INFO: tm [t_reply.c:900]: Call-ID: f68441e8cce94b87@ims.mnc070.mcc999.3gpp.network.org 180 Ringing -> 200 OK, dialog confirmed
Jul  6 16:16:33 ims kamailio-scscf[3067]: INFO: registrar [save.c:498]: 401 challenge -> REGISTER w/ auth -> 200 OK for sip:+999700000000508@ims.mnc070.mcc999.3gpp.network.org
Jul  6 16:16:37 ims kamailio-scscf[3067]: INFO: registrar [save.c:498]: 401 challenge -> REGISTER w/ auth -> 200 OK for sip:+999700000004575@ims.mnc070.mcc999.3gpp.network.org
Jul  6 16:16:51 ims kamailio-scscf[3067]: INFO: tm [t_reply.c:900]: Call-ID: 61a439edd07a46db@ims.mnc070.mcc999.3gpp.network.org final reply 480 No Answer
Jul  6 16:17:25 ims kamailio-scscf[3067]: INFO: tm [t_reply.c:900]: Call-ID: 615daf76fcd14b7d@ims.mnc070.mcc999.3gpp.network.org 180 Ringing -> 200 OK, dialog confirmed
Jul  6 16:18:36 ims kamailio-scscf[3067]: INFO: registrar [save.c:498]: 401 challenge -> REGISTER w/ auth -> 200 OK for sip:+999700000004726@ims.mnc070.mcc999.3gpp.network.org
Jul  6 16:18:54 ims kamailio-scscf[3067]: INFO: registrar [save.c:498]: 401 challenge -> REGISTER w/ auth -> 200 OK for sip:+999700000000706@ims.mnc070.mcc999.3gpp.network.org
Jul  6 16:19:21 ims kamailio-scscf[3067]: INFO: tm [t_reply.c:900]: Call-ID: abefc101ce99401d@ims.mnc070.mcc999.3gpp.network.org 180 Ringing -> 200 OK, dialog confirmed
Jul  6 16:20:25 ims kamailio-scscf[3067]: INFO: registrar [save.c:498]: 401 challenge -> REGISTER w/ auth -> 200 OK for sip:+999700000000055@ims.mnc070.mcc999.3gpp.network.org
Jul  6 16:20:51 ims kamailio-scscf[3067]: INFO: registrar [save.c:498]: 401 challenge -> REGISTER w/ auth -> 200 OK for sip:+999700000002736@ims.mnc070.mcc999.3gpp.network.org
Jul  6 16:20:59 ims kamailio-scscf[3067]: INFO: registrar [save.c:498]: 401 challenge -> REGISTER w/ auth -> 200 OK for sip:+999700000004668@ims.mnc070.mcc999.3gpp.network.org
Jul  6 16:21:14 ims kamailio-scscf[3067]: INFO: tm [t_reply.c:900]: Call-ID: cb68b73ed5c149fb@ims.mnc070.mcc999.3gpp.network.org final reply 480 No Answer
Jul  6 16:21:26 ims kamailio-scscf[3067]: INFO: registrar [save.c:498]: 401 challenge -> REGISTER w/ auth -> 200 OK for sip:+999700000003134@ims.mnc070.mcc999.3gpp.network.org
Jul  6 16:22:04 ims kamailio-scscf[3067]: INFO: registrar [save.c:498]: 401 challenge -> REGISTER w/ auth -> 200 OK for sip:+999700000004872@ims.mnc070.mcc999.3gpp.network.org
Jul  6 16:22:30 ims kamailio-scscf[3067]: INFO: registrar [save.c:498]: 401 challenge -> REGISTER w/ auth -> 200 OK for sip:+999700000003626@ims.mnc070.mcc999.3gpp.network.org
Jul  6 16:22:43 ims kamailio-scscf[3067]: INFO: tm [t_reply.c:900]: Call-ID: 368a8af9a716448a@ims.mnc070.mcc999.3gpp.network.org 180 Ringing -> 200 OK, dialog confirmed
Jul  6 16:24:48 ims kamailio-scscf[3067]: INFO: tm [t_reply.c:900]: Call-ID: a9943de718aa4d00@ims.mnc070.mcc999.3gpp.network.org 180 Ringing -> 200 OK, dialog confirmed
Jul  6 16:24:54 ims kamailio-scscf[3067]: INFO: registrar [save.c:498]: 401 challenge -> REGISTER w/ auth -> 200 OK for sip:+999700000000975@ims.mnc070.mcc999.3gpp.network.org
Jul  6 16:24:55 ims kamailio-scscf[3067]: INFO: registrar [save.c:498]: 401 challenge -> REGISTER w/ auth -> 200 OK for sip:+999700000000888@ims.mnc070.mcc999.3gpp.network.org
Jul  6 16:25:07 ims kamailio-scscf[3067]: INFO: tm [t_reply.c:900]: Call-ID: 14e41fbd13594bd2@ims.mnc070.mcc999.3gpp.network.org 180 Ringing -> 200 OK, dialog confirmed
Jul  6 16:25:48 ims kamailio-scscf[3067]: INFO: registrar [save.c:498]: 401 challenge -> REGISTER w/ auth -> 200 OK for sip:+999700000002683@ims.mnc070.mcc999.3gpp.network.org
Jul  6 16:25:51 ims kamailio-scscf[3067]: INFO: tm [t_reply.c:900]: Call-ID: 0aae22cf50144339@ims.mnc070.mcc999.3gpp.network.org 180 Ringing -> 200 OK, dialog confirmed
Jul  6 16:26:48 ims kamailio-scscf[3067]: INFO: registrar [save.c:498]: 401 challenge -> REGISTER w/ auth -> 200 OK for sip:+999700000000642@ims.mnc070.mcc999.3gpp.network.org
Jul  6 16:26:56 ims kamailio-scscf[3067]: INFO: registrar [save.c:498]: 401 challenge -> REGISTER w/ auth -> 200 OK for sip:+999700000004041@ims.mnc070.mcc999.3gpp.network.org
Jul  6 16:29:14 ims kamailio-scscf[3067]: INFO: tm [t_reply.c:900]: Call-ID: a86d453f35ef4fff@ims.mnc070.mcc999.3gpp.network.org 180 Ringing -> 200 OK, dialog confirmed
Jul  6 16:29:42 ims kamailio-scscf[3067]: INFO: tm [t_reply.c:900]: Call-ID: cdc47968f4614841@ims.mnc070.mcc999.3gpp.network.org 180 Ringing -> 200 OK, dialog confirmed
Jul  6 16:29:47 ims kamailio-scscf[3067]: INFO: tm [t_reply.c:900]: Call-ID: 350210a95d604345@ims.mnc070.mcc999.3gpp.network.org 180 Ringing -> 200 OK, dialog confirmed
Jul  6 16:30:29 ims kamailio-scscf[3067]: INFO: tm [t_reply.c:900]: Call-ID: 5f6b81d6486d45a3@ims.mnc070.mcc999.3gpp.network.org final reply 480 No Answer
Jul  6 16:30:48 ims kamailio-scscf[3067]: INFO: tm [t_reply.c:900]: Call-ID: 676e643aa55247d3@ims.mnc070.mcc999.3gpp.network.org 180 Ringing -> 200 OK, dialog confirmed
Jul  6 16:31:28 ims kamailio-scscf[3067]: INFO: registrar [save.c:498]: 401 challenge -> REGISTER w/ auth -> 200 OK for sip:+999700000002521@ims.mnc070.mcc999.3gpp.network.org
Jul  6 16:32:17 ims kamailio-scscf[3067]: INFO: tm [t_reply.c:900]: Call-ID: 81d70737b306479c@ims.mnc070.mcc999.3gpp.network.org 180 Ringing -> 200 OK, dialog confirmed
Jul  6 16:32:51 ims kamailio-scscf[3067]: INFO: registrar [save.c:498]: 401 challenge -> REGISTER w/ auth -> 200 OK for sip:+999700000000275@ims.mnc070.mcc999.3gpp.network.org
Jul  6 16:33:04 ims kamailio-scscf[3067]: INFO: registrar [save.c:498]: 401 challenge -> REGISTER w/ auth -> 200 OK for sip:+999700000002477@ims.mnc070.mcc999.3gpp.network.org
Jul  6 16:33:06 ims kamailio-scscf[3067]: INFO: tm [t_reply.c:900]: Call-ID: 7075a2ce31c943d3@ims.mnc070.mcc999.3gpp.network.org 180 Ringing -> 200 OK, dialog confirmed
Jul  6 16:33:06 ims kamailio-scscf[3067]: INFO: registrar [save.c:498]: 401 challenge -> REGISTER w/ auth -> 200 OK for sip:+999700000001583@ims.mnc070.mcc999.3gpp.network.org
Jul  6 16:33:09 ims kamailio-scscf[3067]: INFO: registrar [save.c:498]: 401 challenge -> REGISTER w/ auth -> 200 OK for sip:+999700000004857@ims.mnc070.mcc999.3gpp.network.org
Jul  6 16:33:17 ims kamailio-scscf[3067]: INFO: registrar [save.c:498]: 401 challenge -> REGISTER w/ auth -> 200 OK for sip:+999700000003827@ims.mnc070.mcc999.3gpp.network.org
Jul  6 16:33:39 ims kamailio-scscf[3067]: INFO: tm [t_reply.c:900]: Call-ID: 9a5aadeb9af94b54@ims.mnc070.mcc999.3gpp.network.org final reply 480 No Answer
Jul  6 16:33:39 ims kamailio-scscf[3067]: INFO: tm [t_reply.c:900]: Call-ID: 5ece315bac8f434e@ims.mnc070.mcc999.3gpp.network.org final reply 480 No Answer
Jul  6 16:34:12 ims kamailio-scscf[3067]: INFO: registrar [save.c:498]: 401 challenge -> REGISTER w/ auth -> 200 OK for sip:+999700000001716@ims.mnc070.mcc999.3gpp.network.org
Jul  6 16:35:37 ims kamailio-scscf[3067]: INFO: registrar [save.c:498]: 401 challenge -> REGISTER w/ auth -> 200 OK for sip:+999700000004002@ims.mnc070.mcc999.3gpp.network.org
Jul  6 16:35:40 ims kamailio-scscf[3067]: INFO: registrar [save.c:498]: 401 challenge -> REGISTER w/ auth -> 200 OK for sip:+999700000002973@ims.mnc070.mcc999.3gpp.network.org
Jul  6 16:36:02 ims kamailio-scscf[3067]: INFO: registrar [save.c:498]: 401 challenge -> REGISTER w/ auth -> 200 OK for sip:+999700000001030@ims.mnc070.mcc999.3gpp.network.org
Jul  6 16:36:07 ims kamailio-scscf[3067]: INFO: registrar [save.c:498]: 401 challenge -> REGISTER w/ auth -> 200 OK for sip:+999700000004137@ims.mnc070.mcc999.3gpp.network.org
Jul  6 16:36:27 ims kamailio-scscf[3067]: INFO: tm [t_reply.c:900]: Call-ID: 733bcaf953a9465c@ims.mnc070.mcc999.3gpp.network.org 180 Ringing -> 200 OK, dialog confirmed
Jul  6 16:36:55 ims kamailio-scscf[3067]: INFO: registrar [save.c:498]: 401 challenge -> REGISTER w/ auth -> 200 OK for sip:+999700000004196@ims.mnc070.mcc999.3gpp.network.org
Jul  6 16:37:01 ims kamailio-scscf[3067]: INFO: tm [t_reply.c:900]: Call-ID: 12a8a60e070e47db@ims.mnc070.mcc999.3gpp.network.org 180 Ringing -> 200 OK, dialog confirmed
Jul  6 16:37:25 ims kamailio-scscf[3067]: INFO: registrar [save.c:498]: 401 challenge -> REGISTER w/ auth -> 200 OK for sip:+999700000000347@ims.mnc070.mcc999.3gpp.network.org
Jul  6 16:37:34 ims kamailio-scscf[3067]: INFO: registrar [save.c:498]: 401 challenge -> REGISTER w/ auth -> 200 OK for sip:+999700000003505@ims.mnc070.mcc999.3gpp.network.org
Jul  6 16:39:27 ims kamailio-scscf[3067]: INFO: registrar [save.c:498]: 401 challenge -> REGISTER w/ auth -> 200 OK for sip:+999700000002351@ims.mnc070.mcc999.3gpp.network.org
Jul  6 16:40:10 ims kamailio-scscf[3067]: INFO: registrar [save.c:498]: 401 challenge -> REGISTER w/ auth -> 200 OK for sip:+999700000002307@ims.mnc070.mcc999.3gpp.network.org
Jul  6 16:41:12 ims kamailio-scscf[3067]: INFO: registrar [save.c:498]: 401 challenge -> REGISTER w/ auth -> 200 OK for sip:+999700000003192@ims.mnc070.mcc999.3gpp.network.org
Jul  6 16:41:14 ims kamailio-scscf[3067]: INFO: tm [t_reply.c:900]: Call-ID: f23449cb8f484e80@ims.mnc070.mcc999.3gpp.network.org 180 Ringing -> 200 OK, dialog confirmed
Jul  6 16:41:29 ims kamailio-scscf[3067]: INFO: tm [t_reply.c:900]: Call-ID: 86ecc5150f654d3a@ims.mnc070.mcc999.3gpp.network.org final reply 480 No Answer
Jul  6 16:43:26 ims kamailio-scscf[3067]: INFO: registrar [save.c:498]: 401 challenge -> REGISTER w/ auth -> 200 OK for sip:+999700000001101@ims.mnc070.mcc999.3gpp.network.org
Jul  6 16:43:53 ims kamailio-scscf[3067]: INFO: registrar [save.c:498]: 401 challenge -> REGISTER w/ auth -> 200 OK for sip:+999700000000579@ims.mnc070.mcc999.3gpp.network.org
Jul  6 16:44:07 ims kamailio-scscf[3067]: INFO: tm [t_reply.c:900]: Call-ID: def5b3d545274a96@ims.mnc070.mcc999.3gpp.network.org 180 Ringing -> 200 OK, dialog confirmed
Jul  6 16:44:36 ims kamailio-scscf[3067]: INFO: registrar [save.c:498]: 401 challenge -> REGISTER w/ auth -> 200 OK for sip:+999700000004793@ims.mnc070.mcc999.3gpp.network.org
Jul  6 16:44:46 ims kamailio-scscf[3067]: INFO: tm [t_reply.c:900]: Call-ID: 6280279200c54d11@ims.mnc070.mcc999.3gpp.network.org 180 Ringing -> 200 OK, dialog confirmed
Jul  6 16:45:09 ims kamailio-scscf[3067]: INFO: tm [t_reply.c:900]: Call-ID: 9d4aa3b9351e4996@ims.mnc070.mcc999.3gpp.network.org final reply 480 No Answer
Jul  6 16:45:26 ims kamailio-scscf[3067]: INFO: registrar [save.c:498]: 401 challenge -> REGISTER w/ auth -> 200 OK for sip:+999700000003322@ims.mnc070.mcc999.3gpp.network.org
Jul  6 16:45:40 ims kamailio-scscf[3067]: INFO: tm [t_reply.c:900]: Call-ID: 41d70ab6554c447f@ims.mnc070.mcc999.3gpp.network.org final reply 480 No Answer
Jul  6 16:45:59 ims kamailio-scscf[3067]: INFO: registrar [save.c:498]: 401 challenge -> REGISTER w/ auth -> 200 OK for sip:+999700000004062@ims.mnc070.mcc999.3gpp.network.org
Jul  6 16:46:03 ims kamailio-scscf[3067]: INFO: registrar [save.c:498]: 401 challenge -> REGISTER w/ auth -> 200 OK for sip:+999700000001276@ims.mnc070.mcc999.3gpp.network.org
Jul  6 16:46:10 ims kamailio-scscf[3067]: INFO: registrar [save.c:498]: 401 challenge -> REGISTER w/ auth -> 200 OK for sip:+999700000002246@ims.mnc070.mcc999.3gpp.network.org
Jul  6 16:47:30 ims kamailio-scscf[3067]: INFO: tm [t_reply.c:900]: Call-ID: c63e4e08642e4349@ims.mnc070.mcc999.3gpp.network.org final reply 486 Busy Here
Jul  6 16:48:13 ims kamailio-scscf[3067]: INFO: tm [t_reply.c:900]: Call-ID: 92f699a2c34a44b9@ims.mnc070.mcc999.3gpp.network.org 180 Ringing -> 200 OK, dialog confirmed
Jul  6 16:48:22 ims kamailio-scscf[3067]: INFO: tm [t_reply.c:900]: Call-ID: 8ca85ccf4c324042@ims.mnc070.mcc999.3gpp.network.org 180 Ringing -> 200 OK, dialog confirmed
Jul  6 16:48:38 ims kamailio-scscf[3067]: INFO: tm [t_reply.c:900]: Call-ID: e6cf8ea0e66847e2@ims.mnc070.mcc999.3gpp.network.org 180 Ringing -> 200 OK, dialog confirmed
Jul  6 16:49:01 ims kamailio-scscf[3067]: INFO: registrar [save.c:498]: 401 challenge -> REGISTER w/ auth -> 200 OK for sip:+999700000001491@ims.mnc070.mcc999.3gpp.network.org
Jul  6 16:49:09 ims kamailio-scscf[3067]: INFO: registrar [save.c:498]: 401 challenge -> REGISTER w/ auth -> 200 OK for sip:+999700000001279@ims.mnc070.mcc999.3gpp.network.org
Jul  6 16:49:28 ims kamailio-scscf[3067]: INFO: tm [t_reply.c:900]: Call-ID: 1c743bd37f2e4237@ims.mnc070.mcc999.3gpp.network.org 180 Ringing -> 200 OK, dialog confirmed
Jul  6 16:50:26 ims kamailio-scscf[3067]: INFO: registrar [save.c:498]: 401 challenge -> REGISTER w/ auth -> 200 OK for sip:+999700000002963@ims.mnc070.mcc999.3gpp.network.org
Jul  6 16:50:42 ims kamailio-scscf[3067]: INFO: registrar [save.c:498]: 401 challenge -> REGISTER w/ auth -> 200 OK for sip:+999700000002227@ims.mnc070.mcc999.3gpp.network.org
Jul  6 16:50:43 ims kamailio-scscf[3067]: INFO: registrar [save.c:498]: 401 challenge -> REGISTER w/ auth -> 200 OK for sip:+999700000003751@ims.mnc070.mcc999.3gpp.network.org
Jul  6 16:50:50 ims kamailio-scscf[3067]: INFO: tm [t_reply.c:900]: Call-ID: 895b7936da774ff2@ims.mnc070.mcc999.3gpp.network.org 180 Ringing -> 200 OK, dialog confirmed
Jul  6 16:51:52 ims kamailio-scscf[3067]: INFO: registrar [save.c:498]: 401 challenge -> REGISTER w/ auth -> 200 OK for sip:+999700000002524@ims.mnc070.mcc999.3gpp.network.org
Jul  6 16:52:17 ims kamailio-scscf[3067]: INFO: registrar [save.c:498]: 401 challenge -> REGISTER w/ auth -> 200 OK for sip:+999700000004641@ims.mnc070.mcc999.3gpp.network.org
Jul  6 16:52:32 ims kamailio-scscf[3067]: INFO: registrar [save.c:498]: 401 challenge -> REGISTER w/ auth -> 200 OK for sip:+999700000002154@ims.mnc070.mcc999.3gpp.network.org
Jul  6 16:52:40 ims kamailio-scscf[3067]: INFO: registrar [save.c:498]: 401 challenge -> REGISTER w/ auth -> 200 OK for sip:+999700000000791@ims.mnc070.mcc999.3gpp.network.org
Jul  6 16:53:48 ims kamailio-scscf[3067]: INFO: registrar [save.c:498]: 401 challenge -> REGISTER w/ auth -> 200 OK for sip:+999700000001961@ims.mnc070.mcc999.3gpp.network.org
Jul  6 16:54:18 ims kamailio-scscf[3067]: INFO: registrar [save.c:498]: 401 challenge -> REGISTER w/ auth -> 200 OK for sip:+999700000003845@ims.mnc070.mcc999.3gpp.network.org
Jul  6 16:54:54 ims kamailio-scscf[3067]: INFO: tm [t_reply.c:900]: Call-ID: f18e815a16184215@ims.mnc070.mcc999.3gpp.network.org final reply 480 No Answer
Jul  6 16:55:16 ims kamailio-scscf[3067]: INFO: registrar [save.c:498]: 401 challenge -> REGISTER w/ auth -> 200 OK for sip:+999700000000227@ims.mnc070.mcc999.3gpp.network.org
Jul  6 16:55:23 ims kamailio-scscf[3067]: INFO: tm [t_reply.c:900]: Call-ID: 74b057f67f304226@ims.mnc070.mcc999.3gpp.network.org 180 Ringing -> 200 OK, dialog confirmed
Jul  6 16:56:05 ims kamailio-scscf[3067]: INFO: tm [t_reply.c:900]: Call-ID: 1a497fb9694a4458@ims.mnc070.mcc999.3gpp.network.org 180 Ringing -> 200 OK, dialog confirmed
Jul  6 16:57:56 ims kamailio-scscf[3067]: INFO: tm [t_reply.c:900]: Call-ID: 3f3769637a594fa4@ims.mnc070.mcc999.3gpp.network.org 180 Ringing -> 200 OK, dialog confirmed
Jul  6 16:58:03 ims kamailio-scscf[3067]: INFO: registrar [save.c:498]: 401 challenge -> REGISTER w/ auth -> 200 OK for sip:+999700000001848@ims.mnc070.mcc999.3gpp.network.org
Jul  6 16:58:31 ims kamailio-scscf[3067]: INFO: tm [t_reply.c:900]: Call-ID: 47860d15cf904783@ims.mnc070.mcc999.3gpp.network.org 180 Ringing -> 200 OK, dialog confirmed
Jul  6 16:58:33 ims kamailio-scscf[3067]: INFO: tm [t_reply.c:900]: Call-ID: 402f58a34dee4b39@ims.mnc070.mcc999.3gpp.network.org 180 Ringing -> 200 OK, dialog confirmed
Jul  6 16:59:48 ims kamailio-scscf[3067]: INFO: registrar [save.c:498]: 401 challenge -> REGISTER w/ auth -> 200 OK for sip:+999700000002551@ims.mnc070.mcc999.3gpp.network.org
Jul  6 17:00:46 ims kamailio-scscf[3067]: INFO: registrar [save.c:498]: 401 challenge -> REGISTER w/ auth -> 200 OK for sip:+999700000003137@ims.mnc070.mcc999.3gpp.network.org
Jul  6 17:00:50 ims kamailio-scscf[3067]: INFO: registrar [save.c:498]: 401 challenge -> REGISTER w/ auth -> 200 OK for sip:+999700000000486@ims.mnc070.mcc999.3gpp.network.org
Jul  6 17:03:23 ims kamailio-scscf[3067]: INFO: tm [t_reply.c:900]: Call-ID: c38ee32186a44a56@ims.mnc070.mcc999.3gpp.network.org final reply 486 Busy Here
Jul  6 17:04:07 ims kamailio-scscf[3067]: INFO: registrar [save.c:498]: 401 challenge -> REGISTER w/ auth -> 200 OK for sip:+999700000003884@ims.mnc070.mcc999.3gpp.network.org
Jul  6 17:04:09 ims kamailio-scscf[3067]: INFO: registrar [save.c:498]: 401 challenge -> REGISTER w/ auth -> 200 OK for sip:+999700000003550@ims.mnc070.mcc999.3gpp.network.org
Jul  6 17:04:16 ims kamailio-scscf[3067]: INFO: registrar [save.c:498]: 401 challenge -> REGISTER w/ auth -> 200 OK for sip:+999700000002792@ims.mnc070.mcc999.3gpp.network.org
Jul  6 17:04:44 ims kamailio-scscf[3067]: INFO: registrar [save.c:498]: 401 challenge -> REGISTER w/ auth -> 200 OK for sip:+999700000001565@ims.mnc070.mcc999.3gpp.network.org
Jul  6 17:05:11 ims kamailio-scscf[3067]: WARNING: tm [t_reply.c:1201]: INVITE Call-ID: 5bb2cd6436804832@ims.mnc070.mcc999.3gpp.network.org failed, 503/timeout downstream
Jul  6 17:05:23 ims kamailio-scscf[3067]: INFO: registrar [save.c:498]: 401 challenge -> REGISTER w/ auth -> 200 OK for sip:+999700000001985@ims.mnc070.mcc999.3gpp.network.org
Jul  6 17:05:23 ims kamailio-scscf[3067]: INFO: registrar [save.c:498]: 401 challenge -> REGISTER w/ auth -> 200 OK for sip:+999700000004960@ims.mnc070.mcc999.3gpp.network.org
Jul  6 17:06:25 ims kamailio-scscf[3067]: INFO: registrar [save.c:498]: 401 challenge -> REGISTER w/ auth -> 200 OK for sip:+999700000002235@ims.mnc070.mcc999.3gpp.network.org
Jul  6 17:06:43 ims kamailio-scscf[3067]: INFO: registrar [save.c:498]: 401 challenge -> REGISTER w/ auth -> 200 OK for sip:+999700000003300@ims.mnc070.mcc999.3gpp.network.org
Jul  6 17:06:46 ims kamailio-scscf[3067]: INFO: registrar [save.c:498]: 401 challenge -> REGISTER w/ auth -> 200 OK for sip:+999700000001373@ims.mnc070.mcc999.3gpp.network.org
Jul  6 17:06:49 ims kamailio-scscf[3067]: INFO: tm [t_reply.c:900]: Call-ID: 62b3c58458a54992@ims.mnc070.mcc999.3gpp.network.org 180 Ringing -> 200 OK, dialog confirmed
Jul  6 17:06:52 ims kamailio-scscf[3067]: INFO: tm [t_reply.c:900]: Call-ID: bf4775ef99704d53@ims.mnc070.mcc999.3gpp.network.org 180 Ringing -> 200 OK, dialog confirmed
Jul  6 17:07:18 ims kamailio-scscf[3067]: INFO: tm [t_reply.c:900]: Call-ID: 437a919cbab0458e@ims.mnc070.mcc999.3gpp.network.org 180 Ringing -> 200 OK, dialog confirmed
Jul  6 17:08:05 ims kamailio-scscf[3067]: INFO: registrar [save.c:498]: 401 challenge -> REGISTER w/ auth -> 200 OK for sip:+999700000003758@ims.mnc070.mcc999.3gpp.network.org
Jul  6 17:08:07 ims kamailio-scscf[3067]: INFO: registrar [save.c:498]: 401 challenge -> REGISTER w/ auth -> 200 OK for sip:+999700000003593@ims.mnc070.mcc999.3gpp.network.org
Jul  6 17:09:32 ims kamailio-scscf[3067]: INFO: tm [t_reply.c:900]: Call-ID: 4063f247dd4c404c@ims.mnc070.mcc999.3gpp.network.org 180 Ringing -> 200 OK, dialog confirmed
Jul  6 17:10:00 ims kamailio-scscf[3067]: INFO: tm [t_reply.c:900]: Call-ID: 46c498d9751349a2@ims.mnc070.mcc999.3gpp.network.org 180 Ringing -> 200 OK, dialog confirmed
Jul  6 17:10:32 ims kamailio-scscf[3067]: INFO: registrar [save.c:498]: 401 challenge -> REGISTER w/ auth -> 200 OK for sip:+999700000000743@ims.mnc070.mcc999.3gpp.network.org
Jul  6 17:10:43 ims kamailio-scscf[3067]: INFO: registrar [save.c:498]: 401 challenge -> REGISTER w/ auth -> 200 OK for sip:+999700000004210@ims.mnc070.mcc999.3gpp.network.org
Jul  6 17:10:47 ims kamailio-scscf[3067]: INFO: registrar [save.c:498]: 401 challenge -> REGISTER w/ auth -> 200 OK for sip:+999700000001963@ims.mnc070.mcc999.3gpp.network.org
Jul  6 17:11:11 ims kamailio-scscf[3067]: INFO: tm [t_reply.c:900]: Call-ID: 63ae10a3d4b64772@ims.mnc070.mcc999.3gpp.network.org 180 Ringing -> 200 OK, dialog confirmed
Jul  6 17:11:14 ims kamailio-scscf[3067]: INFO: registrar [save.c:498]: 401 challenge -> REGISTER w/ auth -> 200 OK for sip:+999700000000077@ims.mnc070.mcc999.3gpp.network.org
Jul  6 17:11:26 ims kamailio-scscf[3067]: INFO: tm [t_reply.c:900]: Call-ID: d53b9ffcb6424cc4@ims.mnc070.mcc999.3gpp.network.org 180 Ringing -> 200 OK, dialog confirmed
Jul  6 17:12:12 ims kamailio-scscf[3067]: INFO: tm [t_reply.c:900]: Call-ID: 6dc4dd3e160349e1@ims.mnc070.mcc999.3gpp.network.org 180 Ringing -> 200 OK, dialog confirmed
Jul  6 17:12:38 ims kamailio-scscf[3067]: INFO: registrar [save.c:498]: 401 challenge -> REGISTER w/ auth -> 200 OK for sip:+999700000003527@ims.mnc070.mcc999.3gpp.network.org
Jul  6 17:13:56 ims kamailio-scscf[3067]: INFO: tm [t_reply.c:900]: Call-ID: 0f5bafc4f87b40f6@ims.mnc070.mcc999.3gpp.network.org 180 Ringing -> 200 OK, dialog confirmed
Jul  6 17:14:03 ims kamailio-scscf[3067]: INFO: tm [t_reply.c:900]: Call-ID: ef6f9134ab8c4cab@ims.mnc070.mcc999.3gpp.network.org 180 Ringing -> 200 OK, dialog confirmed
Jul  6 17:14:49 ims kamailio-scscf[3067]: INFO: registrar [save.c:498]: 401 challenge -> REGISTER w/ auth -> 200 OK for sip:+999700000002630@ims.mnc070.mcc999.3gpp.network.org
Jul  6 17:15:11 ims kamailio-scscf[3067]: INFO: tm [t_reply.c:900]: Call-ID: fddbed22a0ec4f61@ims.mnc070.mcc999.3gpp.network.org 180 Ringing -> 200 OK, dialog confirmed
Jul  6 17:15:38 ims kamailio-scscf[3067]: INFO: tm [t_reply.c:900]: Call-ID: 6339140ac37941f0@ims.mnc070.mcc999.3gpp.network.org 180 Ringing -> 200 OK, dialog confirmed
Jul  6 17:15:56 ims kamailio-scscf[3067]: INFO: tm [t_reply.c:900]: Call-ID: 1a60aee4fe91436a@ims.mnc070.mcc999.3gpp.network.org 180 Ringing -> 200 OK, dialog confirmed
Jul  6 17:16:12 ims kamailio-scscf[3067]: INFO: tm [t_reply.c:900]: Call-ID: 81b4b2528e5644c4@ims.mnc070.mcc999.3gpp.network.org 180 Ringing -> 200 OK, dialog confirmed
Jul  6 17:16:28 ims kamailio-scscf[3067]: INFO: registrar [save.c:498]: 401 challenge -> REGISTER w/ auth -> 200 OK for sip:+999700000003280@ims.mnc070.mcc999.3gpp.network.org
Jul  6 17:17:28 ims kamailio-scscf[3067]: INFO: registrar [save.c:498]: 401 challenge -> REGISTER w/ auth -> 200 OK for sip:+999700000003017@ims.mnc070.mcc999.3gpp.network.org
Jul  6 17:18:13 ims kamailio-scscf[3067]: INFO: registrar [save.c:498]: 401 challenge -> REGISTER w/ auth -> 200 OK for sip:+999700000004166@ims.mnc070.mcc999.3gpp.network.org
Jul  6 17:18:30 ims kamailio-scscf[3067]: INFO: tm [t_reply.c:900]: Call-ID: 9b148125a9ed4945@ims.mnc070.mcc999.3gpp.network.org final reply 486 Busy Here
Jul  6 17:18:41 ims kamailio-scscf[3067]: INFO: registrar [save.c:498]: 401 challenge -> REGISTER w/ auth -> 200 OK for sip:+999700000003309@ims.mnc070.mcc999.3gpp.network.org
Jul  6 17:18:47 ims kamailio-scscf[3067]: INFO: registrar [save.c:498]: 401 challenge -> REGISTER w/ auth -> 200 OK for sip:+999700000001704@ims.mnc070.mcc999.3gpp.network.org
Jul  6 17:18:58 ims kamailio-scscf[3067]: INFO: registrar [save.c:498]: 401 challenge -> REGISTER w/ auth -> 200 OK for sip:+999700000001265@ims.mnc070.mcc999.3gpp.network.org
Jul  6 17:19:26 ims kamailio-scscf[3067]: INFO: registrar [save.c:498]: 401 challenge -> REGISTER w/ auth -> 200 OK for sip:+999700000000837@ims.mnc070.mcc999.3gpp.network.org
Jul  6 17:22:50 ims kamailio-scscf[3067]: INFO: registrar [save.c:498]: 401 challenge -> REGISTER w/ auth -> 200 OK for sip:+999700000004320@ims.mnc070.mcc999.3gpp.network.org
Jul  6 17:22:58 ims kamailio-scscf[3067]: INFO: registrar [save.c:498]: 401 challenge -> REGISTER w/ auth -> 200 OK for sip:+999700000004986@ims.mnc070.mcc999.3gpp.network.org
Jul  6 17:23:42 ims kamailio-scscf[3067]: INFO: tm [t_reply.c:900]: Call-ID: 561833a41cf24ac3@ims.mnc070.mcc999.3gpp.network.org 180 Ringing -> 200 OK, dialog confirmed
Jul  6 17:24:38 ims kamailio-scscf[3067]: INFO: registrar [save.c:498]: 401 challenge -> REGISTER w/ auth -> 200 OK for sip:+999700000001660@ims.mnc070.mcc999.3gpp.network.org
Jul  6 17:25:24 ims kamailio-scscf[3067]: INFO: registrar [save.c:498]: 401 challenge -> REGISTER w/ auth -> 200 OK for sip:+999700000002669@ims.mnc070.mcc999.3gpp.network.org
Jul  6 17:25:27 ims kamailio-scscf[3067]: INFO: tm [t_reply.c:900]: Call-ID: d673cae8c8da4b61@ims.mnc070.mcc999.3gpp.network.org 180 Ringing -> 200 OK, dialog confirmed
Jul  6 17:26:06 ims kamailio-scscf[3067]: INFO: registrar [save.c:498]: 401 challenge -> REGISTER w/ auth -> 200 OK for sip:+999700000002447@ims.mnc070.mcc999.3gpp.network.org
Jul  6 17:26:21 ims kamailio-scscf[3067]: INFO: tm [t_reply.c:900]: Call-ID: 5fec1cbd68724fc1@ims.mnc070.mcc999.3gpp.network.org 180 Ringing -> 200 OK, dialog confirmed
Jul  6 17:26:44 ims kamailio-scscf[3067]: INFO: registrar [save.c:498]: 401 challenge -> REGISTER w/ auth -> 200 OK for sip:+999700000004770@ims.mnc070.mcc999.3gpp.network.org
Jul  6 17:27:54 ims kamailio-scscf[3067]: INFO: registrar [save.c:498]: 401 challenge -> REGISTER w/ auth -> 200 OK for sip:+999700000000900@ims.mnc070.mcc999.3gpp.network.org
Jul  6 17:28:32 ims kamailio-scscf[3067]: INFO: tm [t_reply.c:900]: Call-ID: c892329709024342@ims.mnc070.mcc999.3gpp.network.org final reply 480 No Answer
Jul  6 17:28:54 ims kamailio-scscf[3067]: INFO: registrar [save.c:498]: 401 challenge -> REGISTER w/ auth -> 200 OK for sip:+999700000001285@ims.mnc070.mcc999.3gpp.network.org
Jul  6 17:29:20 ims kamailio-scscf[3067]: INFO: registrar [save.c:498]: 401 challenge -> REGISTER w/ auth -> 200 OK for sip:+999700000003975@ims.mnc070.mcc999.3gpp.network.org
Jul  6 17:29:48 ims kamailio-scscf[3067]: INFO: tm [t_reply.c:900]: Call-ID: ffe51144c4e04edf@ims.mnc070.mcc999.3gpp.network.org 180 Ringing -> 200 OK, dialog confirmed
Jul  6 17:29:54 ims kamailio-scscf[3067]: INFO: tm [t_reply.c:900]: Call-ID: 25fd3ad87f724e1e@ims.mnc070.mcc999.3gpp.network.org 180 Ringing -> 200 OK, dialog confirmed
Jul  6 17:30:34 ims kamailio-scscf[3067]: INFO: registrar [save.c:498]: 401 challenge -> REGISTER w/ auth -> 200 OK for sip:+999700000001362@ims.mnc070.mcc999.3gpp.network.org
Jul  6 17:31:20 ims kamailio-scscf[3067]: INFO: registrar [save.c:498]: 401 challenge -> REGISTER w/ auth -> 200 OK for sip:+999700000001966@ims.mnc070.mcc999.3gpp.network.org
Jul  6 17:31:52 ims kamailio-scscf[3067]: INFO: tm [t_reply.c:900]: Call-ID: da043481c18e4667@ims.mnc070.mcc999.3gpp.network.org 180 Ringing -> 200 OK, dialog confirmed
Jul  6 17:32:03 ims kamailio-scscf[3067]: INFO: registrar [save.c:498]: 401 challenge -> REGISTER w/ auth -> 200 OK for sip:+999700000000226@ims.mnc070.mcc999.3gpp.network.org
Jul  6 17:32:10 ims kamailio-scscf[3067]: INFO: registrar [save.c:498]: 401 challenge -> REGISTER w/ auth -> 200 OK for sip:+999700000001017@ims.mnc070.mcc999.3gpp.network.org
Jul  6 17:32:40 ims kamailio-scscf[3067]: INFO: tm [t_reply.c:900]: Call-ID: 071ea90bea344a02@ims.mnc070.mcc999.3gpp.network.org 180 Ringing -> 200 OK, dialog confirmed
Jul  6 17:32:48 ims kamailio-scscf[3067]: INFO: tm [t_reply.c:900]: Call-ID: d30a409750a04a76@ims.mnc070.mcc999.3gpp.network.org 180 Ringing -> 200 OK, dialog confirmed
Jul  6 17:32:56 ims kamailio-scscf[3067]: INFO: registrar [save.c:498]: 401 challenge -> REGISTER w/ auth -> 200 OK for sip:+999700000004976@ims.mnc070.mcc999.3gpp.network.org
Jul  6 17:33:18 ims kamailio-scscf[3067]: INFO: registrar [save.c:498]: 401 challenge -> REGISTER w/ auth -> 200 OK for sip:+999700000001927@ims.mnc070.mcc999.3gpp.network.org
Jul  6 17:34:28 ims kamailio-scscf[3067]: INFO: tm [t_reply.c:900]: Call-ID: 17da294b5d5940a5@ims.mnc070.mcc999.3gpp.network.org final reply 480 No Answer
Jul  6 17:34:59 ims kamailio-scscf[3067]: INFO: tm [t_reply.c:900]: Call-ID: 75b730576ea744f8@ims.mnc070.mcc999.3gpp.network.org 180 Ringing -> 200 OK, dialog confirmed
Jul  6 17:35:42 ims kamailio-scscf[3067]: INFO: registrar [save.c:498]: 401 challenge -> REGISTER w/ auth -> 200 OK for sip:+999700000000628@ims.mnc070.mcc999.3gpp.network.org
Jul  6 17:37:07 ims kamailio-scscf[3067]: INFO: registrar [save.c:498]: 401 challenge -> REGISTER w/ auth -> 200 OK for sip:+999700000001335@ims.mnc070.mcc999.3gpp.network.org
Jul  6 17:37:17 ims kamailio-scscf[3067]: INFO: tm [t_reply.c:900]: Call-ID: 6e9ee73bb42e413e@ims.mnc070.mcc999.3gpp.network.org 180 Ringing -> 200 OK, dialog confirmed
Jul  6 17:37:23 ims kamailio-scscf[3067]: INFO: registrar [save.c:498]: 401 challenge -> REGISTER w/ auth -> 200 OK for sip:+999700000000924@ims.mnc070.mcc999.3gpp.network.org
Jul  6 17:38:37 ims kamailio-scscf[3067]: INFO: registrar [save.c:498]: 401 challenge -> REGISTER w/ auth -> 200 OK for sip:+999700000001183@ims.mnc070.mcc999.3gpp.network.org
Jul  6 17:38:40 ims kamailio-scscf[3067]: INFO: registrar [save.c:498]: 401 challenge -> REGISTER w/ auth -> 200 OK for sip:+999700000001763@ims.mnc070.mcc999.3gpp.network.org
Jul  6 17:39:43 ims kamailio-scscf[3067]: INFO: tm [t_reply.c:900]: Call-ID: f9c2a1aedbce4894@ims.mnc070.mcc999.3gpp.network.org final reply 486 Busy Here
Jul  6 17:41:27 ims kamailio-scscf[3067]: INFO: registrar [save.c:498]: 401 challenge -> REGISTER w/ auth -> 200 OK for sip:+999700000000228@ims.mnc070.mcc999.3gpp.network.org
Jul  6 17:41:28 ims kamailio-scscf[3067]: INFO: registrar [save.c:498]: 401 challenge -> REGISTER w/ auth -> 200 OK for sip:+999700000002885@ims.mnc070.mcc999.3gpp.network.org
Jul  6 17:41:57 ims kamailio-scscf[3067]: INFO: registrar [save.c:498]: 401 challenge -> REGISTER w/ auth -> 200 OK for sip:+999700000002406@ims.mnc070.mcc999.3gpp.network.org
Jul  6 17:41:58 ims kamailio-scscf[3067]: INFO: registrar [save.c:498]: 401 challenge -> REGISTER w/ auth -> 200 OK for sip:+999700000000198@ims.mnc070.mcc999.3gpp.network.org
Jul  6 17:42:00 ims kamailio-scscf[3067]: INFO: tm [t_reply.c:900]: Call-ID: ad1e0cf449c54497@ims.mnc070.mcc999.3gpp.network.org 180 Ringing -> 200 OK, dialog confirmed
Jul  6 17:42:52 ims kamailio-scscf[3067]: INFO: registrar [save.c:498]: 401 challenge -> REGISTER w/ auth -> 200 OK for sip:+999700000003464@ims.mnc070.mcc999.3gpp.network.org
Jul  6 17:43:49 ims kamailio-scscf[3067]: INFO: registrar [save.c:498]: 401 challenge -> REGISTER w/ auth -> 200 OK for sip:+999700000003680@ims.mnc070.mcc999.3gpp.network.org
Jul  6 17:44:20 ims kamailio-scscf[3067]: INFO: tm [t_reply.c:900]: Call-ID: c1792e8aa3a34616@ims.mnc070.mcc999.3gpp.network.org 180 Ringing -> 200 OK, dialog confirmed
Jul  6 17:44:47 ims kamailio-scscf[3067]: INFO: tm [t_reply.c:900]: Call-ID: f6aaf7b830704e80@ims.mnc070.mcc999.3gpp.network.org 180 Ringing -> 200 OK, dialog confirmed
Jul  6 17:45:00 ims kamailio-scscf[3067]: INFO: registrar [save.c:498]: 401 challenge -> REGISTER w/ auth -> 200 OK for sip:+999700000001023@ims.mnc070.mcc999.3gpp.network.org
Jul  6 17:45:03 ims kamailio-scscf[3067]: INFO: registrar [save.c:498]: 401 challenge -> REGISTER w/ auth -> 200 OK for sip:+999700000004557@ims.mnc070.mcc999.3gpp.network.org
Jul  6 17:45:12 ims kamailio-scscf[3067]: INFO: tm [t_reply.c:900]: Call-ID: 18884ca421984663@ims.mnc070.mcc999.3gpp.network.org 180 Ringing -> 200 OK, dialog confirmed
Jul  6 17:45:15 ims kamailio-scscf[3067]: INFO: registrar [save.c:498]: 401 challenge -> REGISTER w/ auth -> 200 OK for sip:+999700000004774@ims.mnc070.mcc999.3gpp.network.org
Jul  6 17:46:19 ims kamailio-scscf[3067]: INFO: registrar [save.c:498]: 401 challenge -> REGISTER w/ auth -> 200 OK for sip:+999700000001194@ims.mnc070.mcc999.3gpp.network.org
Jul  6 17:46:20 ims kamailio-scscf[3067]: INFO: tm [t_reply.c:900]: Call-ID: 25a5a68a02f74596@ims.mnc070.mcc999.3gpp.network.org 180 Ringing -> 200 OK, dialog confirmed
Jul  6 17:46:32 ims kamailio-scscf[3067]: INFO: tm [t_reply.c:900]: Call-ID: 75c7bbb665b942d1@ims.mnc070.mcc999.3gpp.network.org 180 Ringing -> 200 OK, dialog confirmed
Jul  6 17:47:21 ims kamailio-scscf[3067]: INFO: registrar [save.c:498]: 401 challenge -> REGISTER w/ auth -> 200 OK for sip:+999700000004010@ims.mnc070.mcc999.3gpp.network.org
Jul  6 17:47:28 ims kamailio-scscf[3067]: INFO: registrar [save.c:498]: 401 challenge -> REGISTER w/ auth -> 200 OK for sip:+999700000000143@ims.mnc070.mcc999.3gpp.network.org
Jul  6 17:48:03 ims kamailio-scscf[3067]: INFO: registrar [save.c:498]: 401 challenge -> REGISTER w/ auth -> 200 OK for sip:+999700000002118@ims.mnc070.mcc999.3gpp.network.org
Jul  6 17:48:27 ims kamailio-scscf[3067]: INFO: registrar [save.c:498]: 401 challenge -> REGISTER w/ auth -> 200 OK for sip:+999700000004248@ims.mnc070.mcc999.3gpp.network.org
Jul  6 17:49:06 ims kamailio-scscf[3067]: INFO: registrar [save.c:498]: 401 challenge -> REGISTER w/ auth -> 200 OK for sip:+999700000003199@ims.mnc070.mcc999.3gpp.network.org
Jul  6 17:50:28 ims kamailio-scscf[3067]: INFO: tm [t_reply.c:900]: Call-ID: 1be51662f87a4c9e@ims.mnc070.mcc999.3gpp.network.org 180 Ringing -> 200 OK, dialog confirmed
Jul  6 17:50:31 ims kamailio-scscf[3067]: INFO: registrar [save.c:498]: 401 challenge -> REGISTER w/ auth -> 200 OK for sip:+999700000003916@ims.mnc070.mcc999.3gpp.network.org
Jul  6 17:52:14 ims kamailio-scscf[3067]: INFO: registrar [save.c:498]: 401 challenge -> REGISTER w/ auth -> 200 OK for sip:+999700000002310@ims.mnc070.mcc999.3gpp.network.org
Jul  6 17:52:46 ims kamailio-scscf[3067]: WARNING: tm [t_reply.c:1201]: INVITE Call-ID: 0575401447a04ae6@ims.mnc070.mcc999.3gpp.network.org failed, 503/timeout downstream
Jul  6 17:52:55 ims kamailio-scscf[3067]: INFO: tm [t_reply.c:900]: Call-ID: 0ed7d1a74ab84616@ims.mnc070.mcc999.3gpp.network.org final reply 486 Busy Here
Jul  6 17:53:07 ims kamailio-scscf[3067]: INFO: registrar [save.c:498]: 401 challenge -> REGISTER w/ auth -> 200 OK for sip:+999700000002464@ims.mnc070.mcc999.3gpp.network.org
Jul  6 17:53:15 ims kamailio-scscf[3067]: INFO: tm [t_reply.c:900]: Call-ID: 9622020017154d2b@ims.mnc070.mcc999.3gpp.network.org 180 Ringing -> 200 OK, dialog confirmed
Jul  6 17:53:29 ims kamailio-scscf[3067]: INFO: registrar [save.c:498]: 401 challenge -> REGISTER w/ auth -> 200 OK for sip:+999700000000455@ims.mnc070.mcc999.3gpp.network.org
Jul  6 17:54:58 ims kamailio-scscf[3067]: INFO: registrar [save.c:498]: 401 challenge -> REGISTER w/ auth -> 200 OK for sip:+999700000003271@ims.mnc070.mcc999.3gpp.network.org
Jul  6 17:55:35 ims kamailio-scscf[3067]: INFO: tm [t_reply.c:900]: Call-ID: 925b6174114f439f@ims.mnc070.mcc999.3gpp.network.org 180 Ringing -> 200 OK, dialog confirmed
Jul  6 17:55:53 ims kamailio-scscf[3067]: INFO: tm [t_reply.c:900]: Call-ID: 85ccc4c895de4156@ims.mnc070.mcc999.3gpp.network.org 180 Ringing -> 200 OK, dialog confirmed
Jul  6 17:56:04 ims kamailio-scscf[3067]: INFO: registrar [save.c:498]: 401 challenge -> REGISTER w/ auth -> 200 OK for sip:+999700000004107@ims.mnc070.mcc999.3gpp.network.org
Jul  6 17:57:38 ims kamailio-scscf[3067]: INFO: registrar [save.c:498]: 401 challenge -> REGISTER w/ auth -> 200 OK for sip:+999700000002246@ims.mnc070.mcc999.3gpp.network.org
Jul  6 17:57:45 ims kamailio-scscf[3067]: INFO: registrar [save.c:498]: 401 challenge -> REGISTER w/ auth -> 200 OK for sip:+999700000003713@ims.mnc070.mcc999.3gpp.network.org
Jul  6 17:57:46 ims kamailio-scscf[3067]: INFO: registrar [save.c:498]: 401 challenge -> REGISTER w/ auth -> 200 OK for sip:+999700000001310@ims.mnc070.mcc999.3gpp.network.org
Jul  6 17:57:57 ims kamailio-scscf[3067]: INFO: registrar [save.c:498]: 401 challenge -> REGISTER w/ auth -> 200 OK for sip:+999700000002582@ims.mnc070.mcc999.3gpp.network.org
Jul  6 17:59:29 ims kamailio-scscf[3067]: INFO: tm [t_reply.c:900]: Call-ID: 94462aca02d341bc@ims.mnc070.mcc999.3gpp.network.org final reply 480 No Answer
Jul  6 18:00:25 ims kamailio-scscf[3067]: INFO: registrar [save.c:498]: 401 challenge -> REGISTER w/ auth -> 200 OK for sip:+999700000001887@ims.mnc070.mcc999.3gpp.network.org
Jul  6 18:01:26 ims kamailio-scscf[3067]: INFO: tm [t_reply.c:900]: Call-ID: 0d56e56ff17a47c4@ims.mnc070.mcc999.3gpp.network.org 180 Ringing -> 200 OK, dialog confirmed
Jul  6 18:02:27 ims kamailio-scscf[3067]: INFO: registrar [save.c:498]: 401 challenge -> REGISTER w/ auth -> 200 OK for sip:+999700000000855@ims.mnc070.mcc999.3gpp.network.org
Jul  6 18:02:39 ims kamailio-scscf[3067]: INFO: tm [t_reply.c:900]: Call-ID: ce276042be4942b9@ims.mnc070.mcc999.3gpp.network.org 180 Ringing -> 200 OK, dialog confirmed
Jul  6 18:03:13 ims kamailio-scscf[3067]: INFO: tm [t_reply.c:900]: Call-ID: 252a0f5b4edf46c1@ims.mnc070.mcc999.3gpp.network.org 180 Ringing -> 200 OK, dialog confirmed
Jul  6 18:03:45 ims kamailio-scscf[3067]: INFO: registrar [save.c:498]: 401 challenge -> REGISTER w/ auth -> 200 OK for sip:+999700000002928@ims.mnc070.mcc999.3gpp.network.org
Jul  6 18:04:26 ims kamailio-scscf[3067]: INFO: registrar [save.c:498]: 401 challenge -> REGISTER w/ auth -> 200 OK for sip:+999700000000249@ims.mnc070.mcc999.3gpp.network.org
Jul  6 18:05:03 ims kamailio-scscf[3067]: INFO: registrar [save.c:498]: 401 challenge -> REGISTER w/ auth -> 200 OK for sip:+999700000001349@ims.mnc070.mcc999.3gpp.network.org
Jul  6 18:05:11 ims kamailio-scscf[3067]: INFO: registrar [save.c:498]: 401 challenge -> REGISTER w/ auth -> 200 OK for sip:+999700000003205@ims.mnc070.mcc999.3gpp.network.org
Jul  6 18:05:59 ims kamailio-scscf[3067]: INFO: registrar [save.c:498]: 401 challenge -> REGISTER w/ auth -> 200 OK for sip:+999700000004891@ims.mnc070.mcc999.3gpp.network.org
Jul  6 18:06:00 ims kamailio-scscf[3067]: INFO: tm [t_reply.c:900]: Call-ID: 82a0a791ded5401d@ims.mnc070.mcc999.3gpp.network.org 180 Ringing -> 200 OK, dialog confirmed
Jul  6 18:06:16 ims kamailio-scscf[3067]: INFO: registrar [save.c:498]: 401 challenge -> REGISTER w/ auth -> 200 OK for sip:+999700000000800@ims.mnc070.mcc999.3gpp.network.org
Jul  6 18:06:23 ims kamailio-scscf[3067]: INFO: registrar [save.c:498]: 401 challenge -> REGISTER w/ auth -> 200 OK for sip:+999700000004754@ims.mnc070.mcc999.3gpp.network.org
Jul  6 18:06:23 ims kamailio-scscf[3067]: INFO: registrar [save.c:498]: 401 challenge -> REGISTER w/ auth -> 200 OK for sip:+999700000004501@ims.mnc070.mcc999.3gpp.network.org
Jul  6 18:06:35 ims kamailio-scscf[3067]: INFO: tm [t_reply.c:900]: Call-ID: a032aecdc7a646fb@ims.mnc070.mcc999.3gpp.network.org 180 Ringing -> 200 OK, dialog confirmed
Jul  6 18:07:12 ims kamailio-scscf[3067]: INFO: registrar [save.c:498]: 401 challenge -> REGISTER w/ auth -> 200 OK for sip:+999700000002829@ims.mnc070.mcc999.3gpp.network.org
Jul  6 18:07:25 ims kamailio-scscf[3067]: INFO: registrar [save.c:498]: 401 challenge -> REGISTER w/ auth -> 200 OK for sip:+999700000004290@ims.mnc070.mcc999.3gpp.network.org
Jul  6 18:07:27 ims kamailio-scscf[3067]: INFO: registrar [save.c:498]: 401 challenge -> REGISTER w/ auth -> 200 OK for sip:+999700000002720@ims.mnc070.mcc999.3gpp.network.org
Jul  6 18:08:14 ims kamailio-scscf[3067]: INFO: tm [t_reply.c:900]: Call-ID: 5bbf56e712c047f3@ims.mnc070.mcc999.3gpp.network.org 180 Ringing -> 200 OK, dialog confirmed
Jul  6 18:09:11 ims kamailio-scscf[3067]: INFO: tm [t_reply.c:900]: Call-ID: 58ac3a50bedd4b30@ims.mnc070.mcc999.3gpp.network.org final reply 486 Busy Here
Jul  6 18:09:58 ims kamailio-scscf[3067]: INFO: tm [t_reply.c:900]: Call-ID: 42aa2409636747b6@ims.mnc070.mcc999.3gpp.network.org 180 Ringing -> 200 OK, dialog confirmed
Jul  6 18:10:12 ims kamailio-scscf[3067]: INFO: registrar [save.c:498]: 401 challenge -> REGISTER w/ auth -> 200 OK for sip:+999700000004661@ims.mnc070.mcc999.3gpp.network.org
Jul  6 18:10:30 ims kamailio-scscf[3067]: INFO: registrar [save.c:498]: 401 challenge -> REGISTER w/ auth -> 200 OK for sip:+999700000004875@ims.mnc070.mcc999.3gpp.network.org
Jul  6 18:11:45 ims kamailio-scscf[3067]: INFO: tm [t_reply.c:900]: Call-ID: 98d59218e8644d46@ims.mnc070.mcc999.3gpp.network.org final reply 486 Busy Here
Jul  6 18:12:28 ims kamailio-scscf[3067]: INFO: registrar [save.c:498]: 401 challenge -> REGISTER w/ auth -> 200 OK for sip:+999700000001263@ims.mnc070.mcc999.3gpp.network.org
Jul  6 18:14:13 ims kamailio-scscf[3067]: INFO: tm [t_reply.c:900]: Call-ID: bcedd52163a14d2f@ims.mnc070.mcc999.3gpp.network.org 180 Ringing -> 200 OK, dialog confirmed
Jul  6 18:16:03 ims kamailio-scscf[3067]: INFO: registrar [save.c:498]: 401 challenge -> REGISTER w/ auth -> 200 OK for sip:+999700000002923@ims.mnc070.mcc999.3gpp.network.org
Jul  6 18:16:37 ims kamailio-scscf[3067]: INFO: registrar [save.c:498]: 401 challenge -> REGISTER w/ auth -> 200 OK for sip:+999700000000762@ims.mnc070.mcc999.3gpp.network.org
Jul  6 18:17:02 ims kamailio-scscf[3067]: INFO: tm [t_reply.c:900]: Call-ID: 8b020843cf2447f1@ims.mnc070.mcc999.3gpp.network.org 180 Ringing -> 200 OK, dialog confirmed
Jul  6 18:17:52 ims kamailio-scscf[3067]: INFO: registrar [save.c:498]: 401 challenge -> REGISTER w/ auth -> 200 OK for sip:+999700000004272@ims.mnc070.mcc999.3gpp.network.org
Jul  6 18:18:04 ims kamailio-scscf[3067]: INFO: registrar [save.c:498]: 401 challenge -> REGISTER w/ auth -> 200 OK for sip:+999700000001256@ims.mnc070.mcc999.3gpp.network.org
Jul  6 18:18:46 ims kamailio-scscf[3067]: INFO: registrar [save.c:498]: 401 challenge -> REGISTER w/ auth -> 200 OK for sip:+999700000001599@ims.mnc070.mcc999.3gpp.network.org
Jul  6 18:19:35 ims kamailio-scscf[3067]: INFO: tm [t_reply.c:900]: Call-ID: e3b9cd6d0e72437e@ims.mnc070.mcc999.3gpp.network.org 180 Ringing -> 200 OK, dialog confirmed
Jul  6 18:20:21 ims kamailio-scscf[3067]: INFO: registrar [save.c:498]: 401 challenge -> REGISTER w/ auth -> 200 OK for sip:+999700000004772@ims.mnc070.mcc999.3gpp.network.org
Jul  6 18:20:38 ims kamailio-scscf[3067]: INFO: registrar [save.c:498]: 401 challenge -> REGISTER w/ auth -> 200 OK for sip:+999700000002276@ims.mnc070.mcc999.3gpp.network.org
Jul  6 18:21:19 ims kamailio-scscf[3067]: INFO: registrar [save.c:498]: 401 challenge -> REGISTER w/ auth -> 200 OK for sip:+999700000003729@ims.mnc070.mcc999.3gpp.network.org
Jul  6 18:21:50 ims kamailio-scscf[3067]: INFO: tm [t_reply.c:900]: Call-ID: b47a538ca0024baa@ims.mnc070.mcc999.3gpp.network.org 180 Ringing -> 200 OK, dialog confirmed
Jul  6 18:22:05 ims kamailio-scscf[3067]: INFO: registrar [save.c:498]: 401 challenge -> REGISTER w/ auth -> 200 OK for sip:+999700000001085@ims.mnc070.mcc999.3gpp.network.org
Jul  6 18:22:06 ims kamailio-scscf[3067]: INFO: registrar [save.c:498]: 401 challenge -> REGISTER w/ auth -> 200 OK for sip:+999700000002869@ims.mnc070.mcc999.3gpp.network.org
Jul  6 18:22:29 ims kamailio-scscf[3067]: INFO: registrar [save.c:498]: 401 challenge -> REGISTER w/ auth -> 200 OK for sip:+999700000004695@ims.mnc070.mcc999.3gpp.network.org
Jul  6 18:22:35 ims kamailio-scscf[3067]: INFO: tm [t_reply.c:900]: Call-ID: da721a89704d4672@ims.mnc070.mcc999.3gpp.network.org final reply 480 No Answer
Jul  6 18:23:28 ims kamailio-scscf[3067]: INFO: registrar [save.c:498]: 401 challenge -> REGISTER w/ auth -> 200 OK for sip:+999700000002224@ims.mnc070.mcc999.3gpp.network.org
Jul  6 18:23:32 ims kamailio-scscf[3067]: INFO: tm [t_reply.c:900]: Call-ID: 33a33805352b4f7a@ims.mnc070.mcc999.3gpp.network.org 180 Ringing -> 200 OK, dialog confirmed
Jul  6 18:23:57 ims kamailio-scscf[3067]: INFO: registrar [save.c:498]: 401 challenge -> REGISTER w/ auth -> 200 OK for sip:+999700000001944@ims.mnc070.mcc999.3gpp.network.org
Jul  6 18:24:02 ims kamailio-scscf[3067]: INFO: tm [t_reply.c:900]: Call-ID: 932eefde61ba4dbb@ims.mnc070.mcc999.3gpp.network.org 180 Ringing -> 200 OK, dialog confirmed
Jul  6 18:24:39 ims kamailio-scscf[3067]: INFO: tm [t_reply.c:900]: Call-ID: 6035975946474c17@ims.mnc070.mcc999.3gpp.network.org 180 Ringing -> 200 OK, dialog confirmed
Jul  6 18:26:24 ims kamailio-scscf[3067]: INFO: tm [t_reply.c:900]: Call-ID: d6f561ba4ac848a6@ims.mnc070.mcc999.3gpp.network.org 180 Ringing -> 200 OK, dialog confirmed
Jul  6 18:26:40 ims kamailio-scscf[3067]: INFO: registrar [save.c:498]: 401 challenge -> REGISTER w/ auth -> 200 OK for sip:+999700000002303@ims.mnc070.mcc999.3gpp.network.org
Jul  6 18:26:44 ims kamailio-scscf[3067]: INFO: registrar [save.c:498]: 401 challenge -> REGISTER w/ auth -> 200 OK for sip:+999700000004690@ims.mnc070.mcc999.3gpp.network.org
Jul  6 18:27:06 ims kamailio-scscf[3067]: INFO: registrar [save.c:498]: 401 challenge -> REGISTER w/ auth -> 200 OK for sip:+999700000000689@ims.mnc070.mcc999.3gpp.network.org
Jul  6 18:27:30 ims kamailio-scscf[3067]: INFO: tm [t_reply.c:900]: Call-ID: 0492f1b5f5554085@ims.mnc070.mcc999.3gpp.network.org 180 Ringing -> 200 OK, dialog confirmed
Jul  6 18:29:23 ims kamailio-scscf[3067]: INFO: tm [t_reply.c:900]: Call-ID: e54d22b111394097@ims.mnc070.mcc999.3gpp.network.org 180 Ringing -> 200 OK, dialog confirmed
Jul  6 18:29:43 ims kamailio-scscf[3067]: INFO: registrar [save.c:498]: 401 challenge -> REGISTER w/ auth -> 200 OK for sip:+999700000004732@ims.mnc070.mcc999.3gpp.network.org
Jul  6 18:29:45 ims kamailio-scscf[3067]: INFO: registrar [save.c:498]: 401 challenge -> REGISTER w/ auth -> 200 OK for sip:+999700000004793@ims.mnc070.mcc999.3gpp.network.org
Jul  6 18:29:51 ims kamailio-scscf[3067]: INFO: tm [t_reply.c:900]: Call-ID: 71e58a4008164c8c@ims.mnc070.mcc999.3gpp.network.org final reply 480 No Answer
Jul  6 18:31:00 ims kamailio-scscf[3067]: INFO: registrar [save.c:498]: 401 challenge -> REGISTER w/ auth -> 200 OK for sip:+999700000003800@ims.mnc070.mcc999.3gpp.network.org
Jul  6 18:31:02 ims kamailio-scscf[3067]: INFO: tm [t_reply.c:900]: Call-ID: 6cf50d33a3aa4188@ims.mnc070.mcc999.3gpp.network.org 180 Ringing -> 200 OK, dialog confirmed
Jul  6 18:31:59 ims kamailio-scscf[3067]: INFO: registrar [save.c:498]: 401 challenge -> REGISTER w/ auth -> 200 OK for sip:+999700000000698@ims.mnc070.mcc999.3gpp.network.org
Jul  6 18:32:19 ims kamailio-scscf[3067]: INFO: registrar [save.c:498]: 401 challenge -> REGISTER w/ auth -> 200 OK for sip:+999700000004886@ims.mnc070.mcc999.3gpp.network.org
Jul  6 18:32:34 ims kamailio-scscf[3067]: INFO: registrar [save.c:498]: 401 challenge -> REGISTER w/ auth -> 200 OK for sip:+999700000001632@ims.mnc070.mcc999.3gpp.network.org
Jul  6 18:34:15 ims kamailio-scscf[3067]: INFO: tm [t_reply.c:900]: Call-ID: 15acf405f8a54a1d@ims.mnc070.mcc999.3gpp.network.org 180 Ringing -> 200 OK, dialog confirmed
Jul  6 18:34:22 ims kamailio-scscf[3067]: INFO: registrar [save.c:498]: 401 challenge -> REGISTER w/ auth -> 200 OK for sip:+999700000004269@ims.mnc070.mcc999.3gpp.network.org
Jul  6 18:35:13 ims kamailio-scscf[3067]: INFO: registrar [save.c:498]: 401 challenge -> REGISTER w/ auth -> 200 OK for sip:+999700000003780@ims.mnc070.mcc999.3gpp.network.org
Jul  6 18:35:14 ims kamailio-scscf[3067]: INFO: registrar [save.c:498]: 401 challenge -> REGISTER w/ auth -> 200 OK for sip:+999700000000501@ims.mnc070.mcc999.3gpp.network.org
Jul  6 18:35:40 ims kamailio-scscf[3067]: INFO: registrar [save.c:498]: 401 challenge -> REGISTER w/ auth -> 200 OK for sip:+999700000003188@ims.mnc070.mcc999.3gpp.network.org
Jul  6 18:35:51 ims kamailio-scscf[3067]: INFO: registrar [save.c:498]: 401 challenge -> REGISTER w/ auth -> 200 OK for sip:+999700000004440@ims.mnc070.mcc999.3gpp.network.org
Jul  6 18:35:58 ims kamailio-scscf[3067]: INFO: tm [t_reply.c:900]: Call-ID: ee101c3269a5465f@ims.mnc070.mcc999.3gpp.network.org 180 Ringing -> 200 OK, dialog confirmed
Jul  6 18:36:11 ims kamailio-scscf[3067]: INFO: tm [t_reply.c:900]: Call-ID: 3942c6431b70498d@ims.mnc070.mcc999.3gpp.network.org 180 Ringing -> 200 OK, dialog confirmed
Jul  6 18:37:12 ims kamailio-scscf[3067]: INFO: tm [t_reply.c:900]: Call-ID: 6ed943cb20c94ef0@ims.mnc070.mcc999.3gpp.network.org 180 Ringing -> 200 OK, dialog confirmed
Jul  6 18:37:15 ims kamailio-scscf[3067]: INFO: registrar [save.c:498]: 401 challenge -> REGISTER w/ auth -> 200 OK for sip:+999700000000721@ims.mnc070.mcc999.3gpp.network.org
Jul  6 18:37:18 ims kamailio-scscf[3067]: INFO: registrar [save.c:498]: 401 challenge -> REGISTER w/ auth -> 200 OK for sip:+999700000004164@ims.mnc070.mcc999.3gpp.network.org
Jul  6 18:37:26 ims kamailio-scscf[3067]: INFO: registrar [save.c:498]: 401 challenge -> REGISTER w/ auth -> 200 OK for sip:+999700000004169@ims.mnc070.mcc999.3gpp.network.org
Jul  6 18:40:38 ims kamailio-scscf[3067]: INFO: registrar [save.c:498]: 401 challenge -> REGISTER w/ auth -> 200 OK for sip:+999700000003037@ims.mnc070.mcc999.3gpp.network.org
Jul  6 18:41:27 ims kamailio-scscf[3067]: INFO: tm [t_reply.c:900]: Call-ID: 21ccbda3afae4dcf@ims.mnc070.mcc999.3gpp.network.org final reply 486 Busy Here
Jul  6 18:41:32 ims kamailio-scscf[3067]: INFO: tm [t_reply.c:900]: Call-ID: a3f3044ec1624bba@ims.mnc070.mcc999.3gpp.network.org 180 Ringing -> 200 OK, dialog confirmed
Jul  6 18:41:36 ims kamailio-scscf[3067]: INFO: registrar [save.c:498]: 401 challenge -> REGISTER w/ auth -> 200 OK for sip:+999700000002102@ims.mnc070.mcc999.3gpp.network.org
Jul  6 18:44:06 ims kamailio-scscf[3067]: INFO: registrar [save.c:498]: 401 challenge -> REGISTER w/ auth -> 200 OK for sip:+999700000004359@ims.mnc070.mcc999.3gpp.network.org
Jul  6 18:44:47 ims kamailio-scscf[3067]: INFO: registrar [save.c:498]: 401 challenge -> REGISTER w/ auth -> 200 OK for sip:+999700000000451@ims.mnc070.mcc999.3gpp.network.org
Jul  6 18:45:09 ims kamailio-scscf[3067]: INFO: registrar [save.c:498]: 401 challenge -> REGISTER w/ auth -> 200 OK for sip:+999700000001180@ims.mnc070.mcc999.3gpp.network.org
Jul  6 18:45:20 ims kamailio-scscf[3067]: INFO: tm [t_reply.c:900]: Call-ID: d7a391eeab594b5b@ims.mnc070.mcc999.3gpp.network.org 180 Ringing -> 200 OK, dialog confirmed
Jul  6 18:45:27 ims kamailio-scscf[3067]: WARNING: tm [t_reply.c:1201]: INVITE Call-ID: 51566f81fe864488@ims.mnc070.mcc999.3gpp.network.org failed, 503/timeout downstream
Jul  6 18:45:34 ims kamailio-scscf[3067]: INFO: registrar [save.c:498]: 401 challenge -> REGISTER w/ auth -> 200 OK for sip:+999700000003199@ims.mnc070.mcc999.3gpp.network.org
Jul  6 18:45:56 ims kamailio-scscf[3067]: INFO: registrar [save.c:498]: 401 challenge -> REGISTER w/ auth -> 200 OK for sip:+999700000003352@ims.mnc070.mcc999.3gpp.network.org
Jul  6 18:46:46 ims kamailio-scscf[3067]: INFO: registrar [save.c:498]: 401 challenge -> REGISTER w/ auth -> 200 OK for sip:+999700000002147@ims.mnc070.mcc999.3gpp.network.org
Jul  6 18:47:35 ims kamailio-scscf[3067]: INFO: registrar [save.c:498]: 401 challenge -> REGISTER w/ auth -> 200 OK for sip:+999700000004575@ims.mnc070.mcc999.3gpp.network.org
Jul  6 18:47:40 ims kamailio-scscf[3067]: INFO: registrar [save.c:498]: 401 challenge -> REGISTER w/ auth -> 200 OK for sip:+999700000002569@ims.mnc070.mcc999.3gpp.network.org
Jul  6 18:48:18 ims kamailio-scscf[3067]: INFO: tm [t_reply.c:900]: Call-ID: dae0e3bd01534a24@ims.mnc070.mcc999.3gpp.network.org 180 Ringing -> 200 OK, dialog confirmed
Jul  6 18:48:42 ims kamailio-scscf[3067]: INFO: registrar [save.c:498]: 401 challenge -> REGISTER w/ auth -> 200 OK for sip:+999700000004905@ims.mnc070.mcc999.3gpp.network.org
Jul  6 18:48:54 ims kamailio-scscf[3067]: INFO: tm [t_reply.c:900]: Call-ID: ce090b255cc34944@ims.mnc070.mcc999.3gpp.network.org 180 Ringing -> 200 OK, dialog confirmed
Jul  6 18:51:21 ims kamailio-scscf[3067]: INFO: registrar [save.c:498]: 401 challenge -> REGISTER w/ auth -> 200 OK for sip:+999700000001253@ims.mnc070.mcc999.3gpp.network.org
Jul  6 18:52:28 ims kamailio-scscf[3067]: INFO: registrar [save.c:498]: 401 challenge -> REGISTER w/ auth -> 200 OK for sip:+999700000000676@ims.mnc070.mcc999.3gpp.network.org
Jul  6 18:52:37 ims kamailio-scscf[3067]: INFO: registrar [save.c:498]: 401 challenge -> REGISTER w/ auth -> 200 OK for sip:+999700000000212@ims.mnc070.mcc999.3gpp.network.org
Jul  6 18:53:24 ims kamailio-scscf[3067]: INFO: registrar [save.c:498]: 401 challenge -> REGISTER w/ auth -> 200 OK for sip:+999700000000866@ims.mnc070.mcc999.3gpp.network.org
Jul  6 18:54:10 ims kamailio-scscf[3067]: INFO: tm [t_reply.c:900]: Call-ID: c99459da8358453a@ims.mnc070.mcc999.3gpp.network.org final reply 480 No Answer
Jul  6 18:55:34 ims kamailio-scscf[3067]: WARNING: tm [t_reply.c:1201]: INVITE Call-ID: 7695d32119cf4d95@ims.mnc070.mcc999.3gpp.network.org failed, 503/timeout downstream
Jul  6 18:55:41 ims kamailio-scscf[3067]: INFO: tm [t_reply.c:900]: Call-ID: bb0736df774d4dbf@ims.mnc070.mcc999.3gpp.network.org final reply 486 Busy Here
Jul  6 18:56:14 ims kamailio-scscf[3067]: INFO: registrar [save.c:498]: 401 challenge -> REGISTER w/ auth -> 200 OK for sip:+999700000004331@ims.mnc070.mcc999.3gpp.network.org
Jul  6 18:56:25 ims kamailio-scscf[3067]: INFO: tm [t_reply.c:900]: Call-ID: f3b7f00e9d464e63@ims.mnc070.mcc999.3gpp.network.org 180 Ringing -> 200 OK, dialog confirmed
Jul  6 18:56:34 ims kamailio-scscf[3067]: INFO: registrar [save.c:498]: 401 challenge -> REGISTER w/ auth -> 200 OK for sip:+999700000003533@ims.mnc070.mcc999.3gpp.network.org
Jul  6 18:57:52 ims kamailio-scscf[3067]: INFO: registrar [save.c:498]: 401 challenge -> REGISTER w/ auth -> 200 OK for sip:+999700000000091@ims.mnc070.mcc999.3gpp.network.org
Jul  6 18:58:30 ims kamailio-scscf[3067]: INFO: registrar [save.c:498]: 401 challenge -> REGISTER w/ auth -> 200 OK for sip:+999700000004747@ims.mnc070.mcc999.3gpp.network.org
Jul  6 18:58:53 ims kamailio-scscf[3067]: INFO: tm [t_reply.c:900]: Call-ID: 4e69be146523401a@ims.mnc070.mcc999.3gpp.network.org 180 Ringing -> 200 OK, dialog confirmed
Jul  6 19:00:46 ims kamailio-scscf[3067]: INFO: tm [t_reply.c:900]: Call-ID: e9b1e3f12a3b44f8@ims.mnc070.mcc999.3gpp.network.org 180 Ringing -> 200 OK, dialog confirmed
Jul  6 19:01:11 ims kamailio-scscf[3067]: INFO: registrar [save.c:498]: 401 challenge -> REGISTER w/ auth -> 200 OK for sip:+999700000000501@ims.mnc070.mcc999.3gpp.network.org
Jul  6 19:01:16 ims kamailio-scscf[3067]: INFO: registrar [save.c:498]: 401 challenge -> REGISTER w/ auth -> 200 OK for sip:+999700000003011@ims.mnc070.mcc999.3gpp.network.org
Jul  6 19:01:31 ims kamailio-scscf[3067]: INFO: tm [t_reply.c:900]: Call-ID: 7bdbcccef93347f8@ims.mnc070.mcc999.3gpp.network.org 180 Ringing -> 200 OK, dialog confirmed
Jul  6 19:01:38 ims kamailio-scscf[3067]: INFO: registrar [save.c:498]: 401 challenge -> REGISTER w/ auth -> 200 OK for sip:+999700000003065@ims.mnc070.mcc999.3gpp.network.org
Jul  6 19:01:40 ims kamailio-scscf[3067]: INFO: registrar [save.c:498]: 401 challenge -> REGISTER w/ auth -> 200 OK for sip:+999700000004118@ims.mnc070.mcc999.3gpp.network.org
Jul  6 19:02:26 ims kamailio-scscf[3067]: INFO: registrar [save.c:498]: 401 challenge -> REGISTER w/ auth -> 200 OK for sip:+999700000000796@ims.mnc070.mcc999.3gpp.network.org
Jul  6 19:02:44 ims kamailio-scscf[3067]: INFO: registrar [save.c:498]: 401 challenge -> REGISTER w/ auth -> 200 OK for sip:+999700000004544@ims.mnc070.mcc999.3gpp.network.org
Jul  6 19:03:26 ims kamailio-scscf[3067]: INFO: registrar [save.c:498]: 401 challenge -> REGISTER w/ auth -> 200 OK for sip:+999700000000606@ims.mnc070.mcc999.3gpp.network.org
Jul  6 19:04:55 ims kamailio-scscf[3067]: INFO: registrar [save.c:498]: 401 challenge -> REGISTER w/ auth -> 200 OK for sip:+999700000001606@ims.mnc070.mcc999.3gpp.network.org
Jul  6 19:05:02 ims kamailio-scscf[3067]: INFO: tm [t_reply.c:900]: Call-ID: 329447894fdd425d@ims.mnc070.mcc999.3gpp.network.org 180 Ringing -> 200 OK, dialog confirmed
Jul  6 19:05:21 ims kamailio-scscf[3067]: INFO: registrar [save.c:498]: 401 challenge -> REGISTER w/ auth -> 200 OK for sip:+999700000003485@ims.mnc070.mcc999.3gpp.network.org
Jul  6 19:07:08 ims kamailio-scscf[3067]: INFO: tm [t_reply.c:900]: Call-ID: 5141d26245a94e7d@ims.mnc070.mcc999.3gpp.network.org 180 Ringing -> 200 OK, dialog confirmed
Jul  6 19:07:09 ims kamailio-scscf[3067]: INFO: tm [t_reply.c:900]: Call-ID: 89a20663fb9d43c6@ims.mnc070.mcc999.3gpp.network.org 180 Ringing -> 200 OK, dialog confirmed
Jul  6 19:07:29 ims kamailio-scscf[3067]: INFO: tm [t_reply.c:900]: Call-ID: d5b386936bb0452f@ims.mnc070.mcc999.3gpp.network.org final reply 486 Busy Here
Jul  6 19:09:04 ims kamailio-scscf[3067]: INFO: registrar [save.c:498]: 401 challenge -> REGISTER w/ auth -> 200 OK for sip:+999700000002023@ims.mnc070.mcc999.3gpp.network.org
Jul  6 19:09:29 ims kamailio-scscf[3067]: INFO: tm [t_reply.c:900]: Call-ID: 915a42b6480748f1@ims.mnc070.mcc999.3gpp.network.org final reply 486 Busy Here
Jul  6 19:09:34 ims kamailio-scscf[3067]: INFO: registrar [save.c:498]: 401 challenge -> REGISTER w/ auth -> 200 OK for sip:+999700000000415@ims.mnc070.mcc999.3gpp.network.org
Jul  6 19:09:53 ims kamailio-scscf[3067]: INFO: tm [t_reply.c:900]: Call-ID: 864e780e240a4e18@ims.mnc070.mcc999.3gpp.network.org 180 Ringing -> 200 OK, dialog confirmed
Jul  6 19:10:11 ims kamailio-scscf[3067]: INFO: tm [t_reply.c:900]: Call-ID: f94f66d212b84dd3@ims.mnc070.mcc999.3gpp.network.org 180 Ringing -> 200 OK, dialog confirmed
Jul  6 19:10:59 ims kamailio-scscf[3067]: INFO: registrar [save.c:498]: 401 challenge -> REGISTER w/ auth -> 200 OK for sip:+999700000002511@ims.mnc070.mcc999.3gpp.network.org
Jul  6 19:11:03 ims kamailio-scscf[3067]: INFO: registrar [save.c:498]: 401 challenge -> REGISTER w/ auth -> 200 OK for sip:+999700000004795@ims.mnc070.mcc999.3gpp.network.org
Jul  6 19:12:11 ims kamailio-scscf[3067]: INFO: tm [t_reply.c:900]: Call-ID: 5ef0479e8d324694@ims.mnc070.mcc999.3gpp.network.org 180 Ringing -> 200 OK, dialog confirmed
Jul  6 19:12:48 ims kamailio-scscf[3067]: INFO: registrar [save.c:498]: 401 challenge -> REGISTER w/ auth -> 200 OK for sip:+999700000002381@ims.mnc070.mcc999.3gpp.network.org
Jul  6 19:13:59 ims kamailio-scscf[3067]: INFO: tm [t_reply.c:900]: Call-ID: 740f8f6cf4074d03@ims.mnc070.mcc999.3gpp.network.org 180 Ringing -> 200 OK, dialog confirmed
Jul  6 19:14:18 ims kamailio-scscf[3067]: INFO: tm [t_reply.c:900]: Call-ID: d086835265cc4bb4@ims.mnc070.mcc999.3gpp.network.org 180 Ringing -> 200 OK, dialog confirmed
Jul  6 19:14:38 ims kamailio-scscf[3067]: INFO: registrar [save.c:498]: 401 challenge -> REGISTER w/ auth -> 200 OK for sip:+999700000000114@ims.mnc070.mcc999.3gpp.network.org
Jul  6 19:14:41 ims kamailio-scscf[3067]: INFO: registrar [save.c:498]: 401 challenge -> REGISTER w/ auth -> 200 OK for sip:+999700000004067@ims.mnc070.mcc999.3gpp.network.org
Jul  6 19:15:11 ims kamailio-scscf[3067]: INFO: tm [t_reply.c:900]: Call-ID: d5e821923286401b@ims.mnc070.mcc999.3gpp.network.org 180 Ringing -> 200 OK, dialog confirmed
Jul  6 19:15:24 ims kamailio-scscf[3067]: INFO: registrar [save.c:498]: 401 challenge -> REGISTER w/ auth -> 200 OK for sip:+999700000002781@ims.mnc070.mcc999.3gpp.network.org
Jul  6 19:15:37 ims kamailio-scscf[3067]: INFO: registrar [save.c:498]: 401 challenge -> REGISTER w/ auth -> 200 OK for sip:+999700000002890@ims.mnc070.mcc999.3gpp.network.org
Jul  6 19:16:18 ims kamailio-scscf[3067]: INFO: tm [t_reply.c:900]: Call-ID: da4ca796a88c4c7b@ims.mnc070.mcc999.3gpp.network.org 180 Ringing -> 200 OK, dialog confirmed
Jul  6 19:17:29 ims kamailio-scscf[3067]: INFO: registrar [save.c:498]: 401 challenge -> REGISTER w/ auth -> 200 OK for sip:+999700000001306@ims.mnc070.mcc999.3gpp.network.org
Jul  6 19:17:46 ims kamailio-scscf[3067]: INFO: registrar [save.c:498]: 401 challenge -> REGISTER w/ auth -> 200 OK for sip:+999700000001881@ims.mnc070.mcc999.3gpp.network.org
Jul  6 19:17:49 ims kamailio-scscf[3067]: INFO: registrar [save.c:498]: 401 challenge -> REGISTER w/ auth -> 200 OK for sip:+999700000001046@ims.mnc070.mcc999.3gpp.network.org
Jul  6 19:19:03 ims kamailio-scscf[3067]: INFO: tm [t_reply.c:900]: Call-ID: d4a0c6a6945d4325@ims.mnc070.mcc999.3gpp.network.org 180 Ringing -> 200 OK, dialog confirmed
Jul  6 19:20:08 ims kamailio-scscf[3067]: INFO: tm [t_reply.c:900]: Call-ID: 8a58f9fbc02f4ff0@ims.mnc070.mcc999.3gpp.network.org 180 Ringing -> 200 OK, dialog confirmed
Jul  6 19:20:52 ims kamailio-scscf[3067]: INFO: tm [t_reply.c:900]: Call-ID: a1e337a900544b31@ims.mnc070.mcc999.3gpp.network.org 180 Ringing -> 200 OK, dialog confirmed
Jul  6 19:21:23 ims kamailio-scscf[3067]: INFO: registrar [save.c:498]: 401 challenge -> REGISTER w/ auth -> 200 OK for sip:+999700000001840@ims.mnc070.mcc999.3gpp.network.org
Jul  6 19:21:25 ims kamailio-scscf[3067]: INFO: tm [t_reply.c:900]: Call-ID: ffe665ef02454bf5@ims.mnc070.mcc999.3gpp.network.org 180 Ringing -> 200 OK, dialog confirmed
Jul  6 19:22:06 ims kamailio-scscf[3067]: INFO: registrar [save.c:498]: 401 challenge -> REGISTER w/ auth -> 200 OK for sip:+999700000002496@ims.mnc070.mcc999.3gpp.network.org
Jul  6 19:22:23 ims kamailio-scscf[3067]: INFO: tm [t_reply.c:900]: Call-ID: f6c993b71d904516@ims.mnc070.mcc999.3gpp.network.org 180 Ringing -> 200 OK, dialog confirmed
Jul  6 19:22:49 ims kamailio-scscf[3067]: INFO: registrar [save.c:498]: 401 challenge -> REGISTER w/ auth -> 200 OK for sip:+999700000000554@ims.mnc070.mcc999.3gpp.network.org
Jul  6 19:23:06 ims kamailio-scscf[3067]: INFO: registrar [save.c:498]: 401 challenge -> REGISTER w/ auth -> 200 OK for sip:+999700000001959@ims.mnc070.mcc999.3gpp.network.org
Jul  6 19:23:45 ims kamailio-scscf[3067]: INFO: registrar [save.c:498]: 401 challenge -> REGISTER w/ auth -> 200 OK for sip:+999700000000493@ims.mnc070.mcc999.3gpp.network.org
Jul  6 19:23:53 ims kamailio-scscf[3067]: INFO: registrar [save.c:498]: 401 challenge -> REGISTER w/ auth -> 200 OK for sip:+999700000001403@ims.mnc070.mcc999.3gpp.network.org
Jul  6 19:26:23 ims kamailio-scscf[3067]: INFO: registrar [save.c:498]: 401 challenge -> REGISTER w/ auth -> 200 OK for sip:+999700000002019@ims.mnc070.mcc999.3gpp.network.org
Jul  6 19:26:27 ims kamailio-scscf[3067]: INFO: registrar [save.c:498]: 401 challenge -> REGISTER w/ auth -> 200 OK for sip:+999700000000953@ims.mnc070.mcc999.3gpp.network.org
Jul  6 19:27:23 ims kamailio-scscf[3067]: INFO: registrar [save.c:498]: 401 challenge -> REGISTER w/ auth -> 200 OK for sip:+999700000003056@ims.mnc070.mcc999.3gpp.network.org
Jul  6 19:27:57 ims kamailio-scscf[3067]: INFO: registrar [save.c:498]: 401 challenge -> REGISTER w/ auth -> 200 OK for sip:+999700000002647@ims.mnc070.mcc999.3gpp.network.org
Jul  6 19:30:10 ims kamailio-scscf[3067]: INFO: registrar [save.c:498]: 401 challenge -> REGISTER w/ auth -> 200 OK for sip:+999700000002496@ims.mnc070.mcc999.3gpp.network.org
Jul  6 19:32:34 ims kamailio-scscf[3067]: INFO: registrar [save.c:498]: 401 challenge -> REGISTER w/ auth -> 200 OK for sip:+999700000000225@ims.mnc070.mcc999.3gpp.network.org
Jul  6 19:33:02 ims kamailio-scscf[3067]: INFO: tm [t_reply.c:900]: Call-ID: 32bbdad81f644c08@ims.mnc070.mcc999.3gpp.network.org 180 Ringing -> 200 OK, dialog confirmed
Jul  6 19:33:07 ims kamailio-scscf[3067]: INFO: registrar [save.c:498]: 401 challenge -> REGISTER w/ auth -> 200 OK for sip:+999700000004954@ims.mnc070.mcc999.3gpp.network.org
Jul  6 19:33:15 ims kamailio-scscf[3067]: INFO: registrar [save.c:498]: 401 challenge -> REGISTER w/ auth -> 200 OK for sip:+999700000003912@ims.mnc070.mcc999.3gpp.network.org
Jul  6 19:33:24 ims kamailio-scscf[3067]: INFO: registrar [save.c:498]: 401 challenge -> REGISTER w/ auth -> 200 OK for sip:+999700000004589@ims.mnc070.mcc999.3gpp.network.org
Jul  6 19:33:32 ims kamailio-scscf[3067]: INFO: registrar [save.c:498]: 401 challenge -> REGISTER w/ auth -> 200 OK for sip:+999700000000016@ims.mnc070.mcc999.3gpp.network.org
Jul  6 19:34:43 ims kamailio-scscf[3067]: INFO: registrar [save.c:498]: 401 challenge -> REGISTER w/ auth -> 200 OK for sip:+999700000002058@ims.mnc070.mcc999.3gpp.network.org
Jul  6 19:36:06 ims kamailio-scscf[3067]: INFO: tm [t_reply.c:900]: Call-ID: db36f66c3aa34fcc@ims.mnc070.mcc999.3gpp.network.org 180 Ringing -> 200 OK, dialog confirmed
Jul  6 19:37:15 ims kamailio-scscf[3067]: INFO: registrar [save.c:498]: 401 challenge -> REGISTER w/ auth -> 200 OK for sip:+999700000002845@ims.mnc070.mcc999.3gpp.network.org
Jul  6 19:37:20 ims kamailio-scscf[3067]: INFO: tm [t_reply.c:900]: Call-ID: a1aea76cbfed4c87@ims.mnc070.mcc999.3gpp.network.org 180 Ringing -> 200 OK, dialog confirmed
Jul  6 19:38:17 ims kamailio-scscf[3067]: INFO: registrar [save.c:498]: 401 challenge -> REGISTER w/ auth -> 200 OK for sip:+999700000001139@ims.mnc070.mcc999.3gpp.network.org
Jul  6 19:39:16 ims kamailio-scscf[3067]: INFO: registrar [save.c:498]: 401 challenge -> REGISTER w/ auth -> 200 OK for sip:+999700000004072@ims.mnc070.mcc999.3gpp.network.org
Jul  6 19:40:02 ims kamailio-scscf[3067]: INFO: registrar [save.c:498]: 401 challenge -> REGISTER w/ auth -> 200 OK for sip:+999700000001033@ims.mnc070.mcc999.3gpp.network.org
Jul  6 19:40:08 ims kamailio-scscf[3067]: INFO: tm [t_reply.c:900]: Call-ID: 113e12745adf4790@ims.mnc070.mcc999.3gpp.network.org 180 Ringing -> 200 OK, dialog confirmed
Jul  6 19:40:26 ims kamailio-scscf[3067]: INFO: registrar [save.c:498]: 401 challenge -> REGISTER w/ auth -> 200 OK for sip:+999700000000744@ims.mnc070.mcc999.3gpp.network.org
Jul  6 19:42:15 ims kamailio-scscf[3067]: INFO: tm [t_reply.c:900]: Call-ID: 0bdebbcbc3d54d45@ims.mnc070.mcc999.3gpp.network.org 180 Ringing -> 200 OK, dialog confirmed
Jul  6 19:42:58 ims kamailio-scscf[3067]: INFO: registrar [save.c:498]: 401 challenge -> REGISTER w/ auth -> 200 OK for sip:+999700000003617@ims.mnc070.mcc999.3gpp.network.org
Jul  6 19:43:28 ims kamailio-scscf[3067]: INFO: tm [t_reply.c:900]: Call-ID: 5f8d2f9df5654794@ims.mnc070.mcc999.3gpp.network.org 180 Ringing -> 200 OK, dialog confirmed
Jul  6 19:43:58 ims kamailio-scscf[3067]: INFO: registrar [save.c:498]: 401 challenge -> REGISTER w/ auth -> 200 OK for sip:+999700000001453@ims.mnc070.mcc999.3gpp.network.org
Jul  6 19:44:01 ims kamailio-scscf[3067]: INFO: tm [t_reply.c:900]: Call-ID: c35a8d2a9d8841b1@ims.mnc070.mcc999.3gpp.network.org 180 Ringing -> 200 OK, dialog confirmed
Jul  6 19:44:19 ims kamailio-scscf[3067]: INFO: tm [t_reply.c:900]: Call-ID: b04ea98320724e05@ims.mnc070.mcc999.3gpp.network.org 180 Ringing -> 200 OK, dialog confirmed
Jul  6 19:44:48 ims kamailio-scscf[3067]: INFO: registrar [save.c:498]: 401 challenge -> REGISTER w/ auth -> 200 OK for sip:+999700000002813@ims.mnc070.mcc999.3gpp.network.org
Jul  6 19:45:04 ims kamailio-scscf[3067]: INFO: tm [t_reply.c:900]: Call-ID: 0b3e1c7baaa04220@ims.mnc070.mcc999.3gpp.network.org 180 Ringing -> 200 OK, dialog confirmed
Jul  6 19:45:42 ims kamailio-scscf[3067]: INFO: registrar [save.c:498]: 401 challenge -> REGISTER w/ auth -> 200 OK for sip:+999700000001393@ims.mnc070.mcc999.3gpp.network.org
Jul  6 19:46:20 ims kamailio-scscf[3067]: INFO: registrar [save.c:498]: 401 challenge -> REGISTER w/ auth -> 200 OK for sip:+999700000001100@ims.mnc070.mcc999.3gpp.network.org
Jul  6 19:47:06 ims kamailio-scscf[3067]: INFO: registrar [save.c:498]: 401 challenge -> REGISTER w/ auth -> 200 OK for sip:+999700000003240@ims.mnc070.mcc999.3gpp.network.org
Jul  6 19:47:09 ims kamailio-scscf[3067]: INFO: registrar [save.c:498]: 401 challenge -> REGISTER w/ auth -> 200 OK for sip:+999700000004088@ims.mnc070.mcc999.3gpp.network.org
Jul  6 19:47:15 ims kamailio-scscf[3067]: INFO: registrar [save.c:498]: 401 challenge -> REGISTER w/ auth -> 200 OK for sip:+999700000003224@ims.mnc070.mcc999.3gpp.network.org
Jul  6 19:48:13 ims kamailio-scscf[3067]: INFO: tm [t_reply.c:900]: Call-ID: 0a3ab934f24e4756@ims.mnc070.mcc999.3gpp.network.org 180 Ringing -> 200 OK, dialog confirmed
Jul  6 19:48:32 ims kamailio-scscf[3067]: INFO: tm [t_reply.c:900]: Call-ID: 53ad993327864a51@ims.mnc070.mcc999.3gpp.network.org 180 Ringing -> 200 OK, dialog confirmed
Jul  6 19:49:31 ims kamailio-scscf[3067]: INFO: registrar [save.c:498]: 401 challenge -> REGISTER w/ auth -> 200 OK for sip:+999700000004142@ims.mnc070.mcc999.3gpp.network.org
Jul  6 19:50:19 ims kamailio-scscf[3067]: INFO: tm [t_reply.c:900]: Call-ID: e57f4cdd2b094a1a@ims.mnc070.mcc999.3gpp.network.org 180 Ringing -> 200 OK, dialog confirmed
Jul  6 19:51:11 ims kamailio-scscf[3067]: INFO: registrar [save.c:498]: 401 challenge -> REGISTER w/ auth -> 200 OK for sip:+999700000000819@ims.mnc070.mcc999.3gpp.network.org
Jul  6 19:51:49 ims kamailio-scscf[3067]: INFO: registrar [save.c:498]: 401 challenge -> REGISTER w/ auth -> 200 OK for sip:+999700000002128@ims.mnc070.mcc999.3gpp.network.org
Jul  6 19:52:42 ims kamailio-scscf[3067]: INFO: tm [t_reply.c:900]: Call-ID: c3ccd7f530ea4cf4@ims.mnc070.mcc999.3gpp.network.org 180 Ringing -> 200 OK, dialog confirmed
Jul  6 19:53:08 ims kamailio-scscf[3067]: INFO: registrar [save.c:498]: 401 challenge -> REGISTER w/ auth -> 200 OK for sip:+999700000004077@ims.mnc070.mcc999.3gpp.network.org
Jul  6 19:53:48 ims kamailio-scscf[3067]: INFO: registrar [save.c:498]: 401 challenge -> REGISTER w/ auth -> 200 OK for sip:+999700000000183@ims.mnc070.mcc999.3gpp.network.org
Jul  6 19:54:29 ims kamailio-scscf[3067]: INFO: tm [t_reply.c:900]: Call-ID: 0a3ff8f94bd644be@ims.mnc070.mcc999.3gpp.network.org 180 Ringing -> 200 OK, dialog confirmed
Jul  6 19:54:54 ims kamailio-scscf[3067]: INFO: registrar [save.c:498]: 401 challenge -> REGISTER w/ auth -> 200 OK for sip:+999700000002536@ims.mnc070.mcc999.3gpp.network.org
Jul  6 19:55:18 ims kamailio-scscf[3067]: INFO: registrar [save.c:498]: 401 challenge -> REGISTER w/ auth -> 200 OK for sip:+999700000004027@ims.mnc070.mcc999.3gpp.network.org
Jul  6 19:55:39 ims kamailio-scscf[3067]: INFO: registrar [save.c:498]: 401 challenge -> REGISTER w/ auth -> 200 OK for sip:+999700000004764@ims.mnc070.mcc999.3gpp.network.org
Jul  6 19:56:09 ims kamailio-scscf[3067]: INFO: registrar [save.c:498]: 401 challenge -> REGISTER w/ auth -> 200 OK for sip:+999700000004234@ims.mnc070.mcc999.3gpp.network.org
Jul  6 19:57:31 ims kamailio-scscf[3067]: INFO: registrar [save.c:498]: 401 challenge -> REGISTER w/ auth -> 200 OK for sip:+999700000000792@ims.mnc070.mcc999.3gpp.network.org
Jul  6 19:57:35 ims kamailio-scscf[3067]: INFO: tm [t_reply.c:900]: Call-ID: 2d277f3cac774e01@ims.mnc070.mcc999.3gpp.network.org 180 Ringing -> 200 OK, dialog confirmed
Jul  6 19:57:35 ims kamailio-scscf[3067]: INFO: tm [t_reply.c:900]: Call-ID: ef20f60e01944c76@ims.mnc070.mcc999.3gpp.network.org 180 Ringing -> 200 OK, dialog confirmed
Jul  6 19:57:38 ims kamailio-scscf[3067]: INFO: registrar [save.c:498]: 401 challenge -> REGISTER w/ auth -> 200 OK for sip:+999700000004503@ims.mnc070.mcc999.3gpp.network.org
Jul  6 19:59:07 ims kamailio-scscf[3067]: INFO: registrar [save.c:498]: 401 challenge -> REGISTER w/ auth -> 200 OK for sip:+999700000003102@ims.mnc070.mcc999.3gpp.network.org
Jul  6 19:59:44 ims kamailio-scscf[3067]: INFO: registrar [save.c:498]: 401 challenge -> REGISTER w/ auth -> 200 OK for sip:+999700000004044@ims.mnc070.mcc999.3gpp.network.org
Jul  6 20:02:05 ims kamailio-scscf[3067]: INFO: registrar [save.c:498]: 401 challenge -> REGISTER w/ auth -> 200 OK for sip:+999700000004955@ims.mnc070.mcc999.3gpp.network.org
Jul  6 20:02:14 ims kamailio-scscf[3067]: INFO: tm [t_reply.c:900]: Call-ID: 84fa637d68f2464e@ims.mnc070.mcc999.3gpp.network.org 180 Ringing -> 200 OK, dialog confirmed
Jul  6 20:02:20 ims kamailio-scscf[3067]: INFO: registrar [save.c:498]: 401 challenge -> REGISTER w/ auth -> 200 OK for sip:+999700000000528@ims.mnc070.mcc999.3gpp.network.org
Jul  6 20:02:25 ims kamailio-scscf[3067]: INFO: registrar [save.c:498]: 401 challenge -> REGISTER w/ auth -> 200 OK for sip:+999700000002599@ims.mnc070.mcc999.3gpp.network.org
Jul  6 20:03:42 ims kamailio-scscf[3067]: INFO: registrar [save.c:498]: 401 challenge -> REGISTER w/ auth -> 200 OK for sip:+999700000003266@ims.mnc070.mcc999.3gpp.network.org
Jul  6 20:04:49 ims kamailio-scscf[3067]: INFO: registrar [save.c:498]: 401 challenge -> REGISTER w/ auth -> 200 OK for sip:+999700000001638@ims.mnc070.mcc999.3gpp.network.org
Jul  6 20:06:04 ims kamailio-scscf[3067]: INFO: tm [t_reply.c:900]: Call-ID: 26c0db89ae4d4d44@ims.mnc070.mcc999.3gpp.network.org 180 Ringing -> 200 OK, dialog confirmed
Jul  6 20:06:21 ims kamailio-scscf[3067]: INFO: tm [t_reply.c:900]: Call-ID: 8a0c86e1dcfd4707@ims.mnc070.mcc999.3gpp.network.org 180 Ringing -> 200 OK, dialog confirmed
Jul  6 20:06:22 ims kamailio-scscf[3067]: INFO: registrar [save.c:498]: 401 challenge -> REGISTER w/ auth -> 200 OK for sip:+999700000003915@ims.mnc070.mcc999.3gpp.network.org
Jul  6 20:07:21 ims kamailio-scscf[3067]: INFO: registrar [save.c:498]: 401 challenge -> REGISTER w/ auth -> 200 OK for sip:+999700000000373@ims.mnc070.mcc999.3gpp.network.org
Jul  6 20:08:24 ims kamailio-scscf[3067]: INFO: registrar [save.c:498]: 401 challenge -> REGISTER w/ auth -> 200 OK for sip:+999700000004434@ims.mnc070.mcc999.3gpp.network.org
Jul  6 20:10:26 ims kamailio-scscf[3067]: INFO: tm [t_reply.c:900]: Call-ID: d4dae02f1a684d76@ims.mnc070.mcc999.3gpp.network.org 180 Ringing -> 200 OK, dialog confirmed
Jul  6 20:11:00 ims kamailio-scscf[3067]: INFO: tm [t_reply.c:900]: Call-ID: fe5e057bffc74a3a@ims.mnc070.mcc999.3gpp.network.org 180 Ringing -> 200 OK, dialog confirmed
Jul  6 20:12:00 ims kamailio-scscf[3067]: INFO: registrar [save.c:498]: 401 challenge -> REGISTER w/ auth -> 200 OK for sip:+999700000001271@ims.mnc070.mcc999.3gpp.network.org
Jul  6 20:12:20 ims kamailio-scscf[3067]: INFO: tm [t_reply.c:900]: Call-ID: 4b66db1ec3624e0b@ims.mnc070.mcc999.3gpp.network.org 180 Ringing -> 200 OK, dialog confirmed
Jul  6 20:12:20 ims kamailio-scscf[3067]: INFO: registrar [save.c:498]: 401 challenge -> REGISTER w/ auth -> 200 OK for sip:+999700000000846@ims.mnc070.mcc999.3gpp.network.org
Jul  6 20:14:13 ims kamailio-scscf[3067]: INFO: registrar [save.c:498]: 401 challenge -> REGISTER w/ auth -> 200 OK for sip:+999700000000281@ims.mnc070.mcc999.3gpp.network.org
Jul  6 20:15:10 ims kamailio-scscf[3067]: INFO: registrar [save.c:498]: 401 challenge -> REGISTER w/ auth -> 200 OK for sip:+999700000002518@ims.mnc070.mcc999.3gpp.network.org
Jul  6 20:16:33 ims kamailio-scscf[3067]: INFO: registrar [save.c:498]: 401 challenge -> REGISTER w/ auth -> 200 OK for sip:+999700000004155@ims.mnc070.mcc999.3gpp.network.org
Jul  6 20:16:39 ims kamailio-scscf[3067]: INFO: registrar [save.c:498]: 401 challenge -> REGISTER w/ auth -> 200 OK for sip:+999700000003999@ims.mnc070.mcc999.3gpp.network.org
Jul  6 20:16:56 ims kamailio-scscf[3067]: INFO: registrar [save.c:498]: 401 challenge -> REGISTER w/ auth -> 200 OK for sip:+999700000001312@ims.mnc070.mcc999.3gpp.network.org
Jul  6 20:17:05 ims kamailio-scscf[3067]: INFO: tm [t_reply.c:900]: Call-ID: 8e63b297e3744ab9@ims.mnc070.mcc999.3gpp.network.org 180 Ringing -> 200 OK, dialog confirmed
Jul  6 20:17:41 ims kamailio-scscf[3067]: INFO: tm [t_reply.c:900]: Call-ID: 75edfc1f362749b4@ims.mnc070.mcc999.3gpp.network.org 180 Ringing -> 200 OK, dialog confirmed
Jul  6 20:17:47 ims kamailio-scscf[3067]: INFO: tm [t_reply.c:900]: Call-ID: dde7d656d2a44cd7@ims.mnc070.mcc999.3gpp.network.org final reply 486 Busy Here
Jul  6 20:18:38 ims kamailio-scscf[3067]: INFO: registrar [save.c:498]: 401 challenge -> REGISTER w/ auth -> 200 OK for sip:+999700000003551@ims.mnc070.mcc999.3gpp.network.org
Jul  6 20:18:51 ims kamailio-scscf[3067]: INFO: tm [t_reply.c:900]: Call-ID: ef91c6ea69004c40@ims.mnc070.mcc999.3gpp.network.org final reply 486 Busy Here
Jul  6 20:19:47 ims kamailio-scscf[3067]: INFO: registrar [save.c:498]: 401 challenge -> REGISTER w/ auth -> 200 OK for sip:+999700000004837@ims.mnc070.mcc999.3gpp.network.org
Jul  6 20:20:02 ims kamailio-scscf[3067]: INFO: registrar [save.c:498]: 401 challenge -> REGISTER w/ auth -> 200 OK for sip:+999700000002920@ims.mnc070.mcc999.3gpp.network.org
Jul  6 20:21:05 ims kamailio-scscf[3067]: INFO: tm [t_reply.c:900]: Call-ID: b11406c8a102485c@ims.mnc070.mcc999.3gpp.network.org 180 Ringing -> 200 OK, dialog confirmed
Jul  6 20:22:14 ims kamailio-scscf[3067]: INFO: registrar [save.c:498]: 401 challenge -> REGISTER w/ auth -> 200 OK for sip:+999700000002272@ims.mnc070.mcc999.3gpp.network.org
Jul  6 20:23:12 ims kamailio-scscf[3067]: INFO: tm [t_reply.c:900]: Call-ID: 87a0c41074ba4520@ims.mnc070.mcc999.3gpp.network.org 180 Ringing -> 200 OK, dialog confirmed
Jul  6 20:23:20 ims kamailio-scscf[3067]: INFO: registrar [save.c:498]: 401 challenge -> REGISTER w/ auth -> 200 OK for sip:+999700000003992@ims.mnc070.mcc999.3gpp.network.org
Jul  6 20:23:42 ims kamailio-scscf[3067]: INFO: registrar [save.c:498]: 401 challenge -> REGISTER w/ auth -> 200 OK for sip:+999700000002194@ims.mnc070.mcc999.3gpp.network.org
Jul  6 20:25:21 ims kamailio-scscf[3067]: INFO: registrar [save.c:498]: 401 challenge -> REGISTER w/ auth -> 200 OK for sip:+999700000003201@ims.mnc070.mcc999.3gpp.network.org
Jul  6 20:25:36 ims kamailio-scscf[3067]: INFO: registrar [save.c:498]: 401 challenge -> REGISTER w/ auth -> 200 OK for sip:+999700000001241@ims.mnc070.mcc999.3gpp.network.org
Jul  6 20:26:56 ims kamailio-scscf[3067]: INFO: tm [t_reply.c:900]: Call-ID: 8f444d6a45504159@ims.mnc070.mcc999.3gpp.network.org 180 Ringing -> 200 OK, dialog confirmed
Jul  6 20:27:26 ims kamailio-scscf[3067]: INFO: registrar [save.c:498]: 401 challenge -> REGISTER w/ auth -> 200 OK for sip:+999700000002752@ims.mnc070.mcc999.3gpp.network.org
Jul  6 20:27:28 ims kamailio-scscf[3067]: INFO: registrar [save.c:498]: 401 challenge -> REGISTER w/ auth -> 200 OK for sip:+999700000004760@ims.mnc070.mcc999.3gpp.network.org
Jul  6 20:27:32 ims kamailio-scscf[3067]: INFO: tm [t_reply.c:900]: Call-ID: 8f9a0c335d744f53@ims.mnc070.mcc999.3gpp.network.org 180 Ringing -> 200 OK, dialog confirmed
Jul  6 20:29:28 ims kamailio-scscf[3067]: INFO: tm [t_reply.c:900]: Call-ID: d0e067a80e834b65@ims.mnc070.mcc999.3gpp.network.org 180 Ringing -> 200 OK, dialog confirmed
Jul  6 20:29:35 ims kamailio-scscf[3067]: INFO: registrar [save.c:498]: 401 challenge -> REGISTER w/ auth -> 200 OK for sip:+999700000003796@ims.mnc070.mcc999.3gpp.network.org
Jul  6 20:30:23 ims kamailio-scscf[3067]: INFO: tm [t_reply.c:900]: Call-ID: 02ceffe1cc6c45cf@ims.mnc070.mcc999.3gpp.network.org 180 Ringing -> 200 OK, dialog confirmed
Jul  6 20:32:11 ims kamailio-scscf[3067]: INFO: tm [t_reply.c:900]: Call-ID: 6c1c8386db1a4605@ims.mnc070.mcc999.3gpp.network.org 180 Ringing -> 200 OK, dialog confirmed
Jul  6 20:33:33 ims kamailio-scscf[3067]: INFO: registrar [save.c:498]: 401 challenge -> REGISTER w/ auth -> 200 OK for sip:+999700000001499@ims.mnc070.mcc999.3gpp.network.org
Jul  6 20:33:47 ims kamailio-scscf[3067]: INFO: tm [t_reply.c:900]: Call-ID: f70fe95c51cb4626@ims.mnc070.mcc999.3gpp.network.org 180 Ringing -> 200 OK, dialog confirmed
Jul  6 20:34:20 ims kamailio-scscf[3067]: INFO: tm [t_reply.c:900]: Call-ID: 5ee3b43efbfd415c@ims.mnc070.mcc999.3gpp.network.org 180 Ringing -> 200 OK, dialog confirmed
Jul  6 20:34:21 ims kamailio-scscf[3067]: INFO: registrar [save.c:498]: 401 challenge -> REGISTER w/ auth -> 200 OK for sip:+999700000002830@ims.mnc070.mcc999.3gpp.network.org
Jul  6 20:34:29 ims kamailio-scscf[3067]: INFO: registrar [save.c:498]: 401 challenge -> REGISTER w/ auth -> 200 OK for sip:+999700000003987@ims.mnc070.mcc999.3gpp.network.org
Jul  6 20:35:39 ims kamailio-scscf[3067]: INFO: registrar [save.c:498]: 401 challenge -> REGISTER w/ auth -> 200 OK for sip:+999700000004287@ims.mnc070.mcc999.3gpp.network.org
Jul  6 20:36:20 ims kamailio-scscf[3067]: INFO: registrar [save.c:498]: 401 challenge -> REGISTER w/ auth -> 200 OK for sip:+999700000003338@ims.mnc070.mcc999.3gpp.network.org
Jul  6 20:36:20 ims kamailio-scscf[3067]: INFO: registrar [save.c:498]: 401 challenge -> REGISTER w/ auth -> 200 OK for sip:+999700000004245@ims.mnc070.mcc999.3gpp.network.org
Jul  6 20:38:32 ims kamailio-scscf[3067]: INFO: tm [t_reply.c:900]: Call-ID: 175a2a8d39dd4314@ims.mnc070.mcc999.3gpp.network.org 180 Ringing -> 200 OK, dialog confirmed
Jul  6 20:38:48 ims kamailio-scscf[3067]: INFO: registrar [save.c:498]: 401 challenge -> REGISTER w/ auth -> 200 OK for sip:+999700000002770@ims.mnc070.mcc999.3gpp.network.org
Jul  6 20:40:03 ims kamailio-scscf[3067]: INFO: tm [t_reply.c:900]: Call-ID: 423f230e276a427c@ims.mnc070.mcc999.3gpp.network.org 180 Ringing -> 200 OK, dialog confirmed
Jul  6 20:40:50 ims kamailio-scscf[3067]: INFO: registrar [save.c:498]: 401 challenge -> REGISTER w/ auth -> 200 OK for sip:+999700000004111@ims.mnc070.mcc999.3gpp.network.org
Jul  6 20:42:43 ims kamailio-scscf[3067]: INFO: tm [t_reply.c:900]: Call-ID: da7e411d86214f3d@ims.mnc070.mcc999.3gpp.network.org 180 Ringing -> 200 OK, dialog confirmed
Jul  6 20:42:47 ims kamailio-scscf[3067]: INFO: registrar [save.c:498]: 401 challenge -> REGISTER w/ auth -> 200 OK for sip:+999700000003361@ims.mnc070.mcc999.3gpp.network.org
Jul  6 20:43:15 ims kamailio-scscf[3067]: INFO: tm [t_reply.c:900]: Call-ID: f38c7519a4ea41ee@ims.mnc070.mcc999.3gpp.network.org 180 Ringing -> 200 OK, dialog confirmed
Jul  6 20:44:14 ims kamailio-scscf[3067]: INFO: registrar [save.c:498]: 401 challenge -> REGISTER w/ auth -> 200 OK for sip:+999700000004238@ims.mnc070.mcc999.3gpp.network.org
Jul  6 20:44:25 ims kamailio-scscf[3067]: INFO: registrar [save.c:498]: 401 challenge -> REGISTER w/ auth -> 200 OK for sip:+999700000000125@ims.mnc070.mcc999.3gpp.network.org
Jul  6 20:45:01 ims kamailio-scscf[3067]: INFO: registrar [save.c:498]: 401 challenge -> REGISTER w/ auth -> 200 OK for sip:+999700000001017@ims.mnc070.mcc999.3gpp.network.org
Jul  6 20:45:33 ims kamailio-scscf[3067]: INFO: registrar [save.c:498]: 401 challenge -> REGISTER w/ auth -> 200 OK for sip:+999700000003336@ims.mnc070.mcc999.3gpp.network.org
Jul  6 20:45:34 ims kamailio-scscf[3067]: INFO: registrar [save.c:498]: 401 challenge -> REGISTER w/ auth -> 200 OK for sip:+999700000002680@ims.mnc070.mcc999.3gpp.network.org
Jul  6 20:45:41 ims kamailio-scscf[3067]: INFO: registrar [save.c:498]: 401 challenge -> REGISTER w/ auth -> 200 OK for sip:+999700000000008@ims.mnc070.mcc999.3gpp.network.org
Jul  6 20:45:54 ims kamailio-scscf[3067]: INFO: registrar [save.c:498]: 401 challenge -> REGISTER w/ auth -> 200 OK for sip:+999700000003535@ims.mnc070.mcc999.3gpp.network.org
Jul  6 20:47:15 ims kamailio-scscf[3067]: INFO: registrar [save.c:498]: 401 challenge -> REGISTER w/ auth -> 200 OK for sip:+999700000003852@ims.mnc070.mcc999.3gpp.network.org
Jul  6 20:47:16 ims kamailio-scscf[3067]: INFO: registrar [save.c:498]: 401 challenge -> REGISTER w/ auth -> 200 OK for sip:+999700000002758@ims.mnc070.mcc999.3gpp.network.org
Jul  6 20:47:17 ims kamailio-scscf[3067]: INFO: registrar [save.c:498]: 401 challenge -> REGISTER w/ auth -> 200 OK for sip:+999700000002445@ims.mnc070.mcc999.3gpp.network.org
Jul  6 20:47:19 ims kamailio-scscf[3067]: INFO: registrar [save.c:498]: 401 challenge -> REGISTER w/ auth -> 200 OK for sip:+999700000002026@ims.mnc070.mcc999.3gpp.network.org
Jul  6 20:48:07 ims kamailio-scscf[3067]: INFO: registrar [save.c:498]: 401 challenge -> REGISTER w/ auth -> 200 OK for sip:+999700000002952@ims.mnc070.mcc999.3gpp.network.org
Jul  6 20:49:08 ims kamailio-scscf[3067]: INFO: registrar [save.c:498]: 401 challenge -> REGISTER w/ auth -> 200 OK for sip:+999700000004545@ims.mnc070.mcc999.3gpp.network.org
Jul  6 20:49:17 ims kamailio-scscf[3067]: INFO: registrar [save.c:498]: 401 challenge -> REGISTER w/ auth -> 200 OK for sip:+999700000002043@ims.mnc070.mcc999.3gpp.network.org
Jul  6 20:50:52 ims kamailio-scscf[3067]: INFO: registrar [save.c:498]: 401 challenge -> REGISTER w/ auth -> 200 OK for sip:+999700000001164@ims.mnc070.mcc999.3gpp.network.org
Jul  6 20:51:40 ims kamailio-scscf[3067]: INFO: registrar [save.c:498]: 401 challenge -> REGISTER w/ auth -> 200 OK for sip:+999700000001105@ims.mnc070.mcc999.3gpp.network.org
Jul  6 20:51:47 ims kamailio-scscf[3067]: INFO: tm [t_reply.c:900]: Call-ID: 559e93fda9264dc2@ims.mnc070.mcc999.3gpp.network.org final reply 480 No Answer
Jul  6 20:52:46 ims kamailio-scscf[3067]: INFO: tm [t_reply.c:900]: Call-ID: 85b7200d292f4b38@ims.mnc070.mcc999.3gpp.network.org 180 Ringing -> 200 OK, dialog confirmed
Jul  6 20:55:08 ims kamailio-scscf[3067]: INFO: tm [t_reply.c:900]: Call-ID: 7ebbad90beec4ea0@ims.mnc070.mcc999.3gpp.network.org 180 Ringing -> 200 OK, dialog confirmed
Jul  6 20:56:16 ims kamailio-scscf[3067]: INFO: registrar [save.c:498]: 401 challenge -> REGISTER w/ auth -> 200 OK for sip:+999700000002207@ims.mnc070.mcc999.3gpp.network.org
Jul  6 20:56:48 ims kamailio-scscf[3067]: INFO: registrar [save.c:498]: 401 challenge -> REGISTER w/ auth -> 200 OK for sip:+999700000002625@ims.mnc070.mcc999.3gpp.network.org
Jul  6 20:57:26 ims kamailio-scscf[3067]: INFO: tm [t_reply.c:900]: Call-ID: 473b9eb138c44bbf@ims.mnc070.mcc999.3gpp.network.org final reply 480 No Answer
Jul  6 20:57:31 ims kamailio-scscf[3067]: INFO: tm [t_reply.c:900]: Call-ID: fc23f71010f944b7@ims.mnc070.mcc999.3gpp.network.org 180 Ringing -> 200 OK, dialog confirmed
Jul  6 20:58:07 ims kamailio-scscf[3067]: INFO: registrar [save.c:498]: 401 challenge -> REGISTER w/ auth -> 200 OK for sip:+999700000003139@ims.mnc070.mcc999.3gpp.network.org
Jul  6 20:58:44 ims kamailio-scscf[3067]: INFO: tm [t_reply.c:900]: Call-ID: 9e08f99fd1444a8a@ims.mnc070.mcc999.3gpp.network.org 180 Ringing -> 200 OK, dialog confirmed
Jul  6 21:02:03 ims kamailio-scscf[3067]: INFO: registrar [save.c:498]: 401 challenge -> REGISTER w/ auth -> 200 OK for sip:+999700000003935@ims.mnc070.mcc999.3gpp.network.org
Jul  6 21:02:26 ims kamailio-scscf[3067]: INFO: registrar [save.c:498]: 401 challenge -> REGISTER w/ auth -> 200 OK for sip:+999700000000241@ims.mnc070.mcc999.3gpp.network.org
Jul  6 21:02:58 ims kamailio-scscf[3067]: INFO: tm [t_reply.c:900]: Call-ID: ca7ceeafd61e41f5@ims.mnc070.mcc999.3gpp.network.org 180 Ringing -> 200 OK, dialog confirmed
Jul  6 21:03:36 ims kamailio-scscf[3067]: INFO: tm [t_reply.c:900]: Call-ID: 7a83f847780a4303@ims.mnc070.mcc999.3gpp.network.org 180 Ringing -> 200 OK, dialog confirmed
Jul  6 21:03:40 ims kamailio-scscf[3067]: INFO: registrar [save.c:498]: 401 challenge -> REGISTER w/ auth -> 200 OK for sip:+999700000003796@ims.mnc070.mcc999.3gpp.network.org
Jul  6 21:03:57 ims kamailio-scscf[3067]: INFO: registrar [save.c:498]: 401 challenge -> REGISTER w/ auth -> 200 OK for sip:+999700000000628@ims.mnc070.mcc999.3gpp.network.org
Jul  6 21:04:48 ims kamailio-scscf[3067]: INFO: registrar [save.c:498]: 401 challenge -> REGISTER w/ auth -> 200 OK for sip:+999700000003092@ims.mnc070.mcc999.3gpp.network.org
Jul  6 21:07:00 ims kamailio-scscf[3067]: INFO: tm [t_reply.c:900]: Call-ID: 2db88f8ef6ea4889@ims.mnc070.mcc999.3gpp.network.org 180 Ringing -> 200 OK, dialog confirmed
Jul  6 21:07:33 ims kamailio-scscf[3067]: INFO: registrar [save.c:498]: 401 challenge -> REGISTER w/ auth -> 200 OK for sip:+999700000004499@ims.mnc070.mcc999.3gpp.network.org
Jul  6 21:07:44 ims kamailio-scscf[3067]: INFO: tm [t_reply.c:900]: Call-ID: 183e9d00c75849e1@ims.mnc070.mcc999.3gpp.network.org 180 Ringing -> 200 OK, dialog confirmed
Jul  6 21:08:51 ims kamailio-scscf[3067]: INFO: registrar [save.c:498]: 401 challenge -> REGISTER w/ auth -> 200 OK for sip:+999700000001310@ims.mnc070.mcc999.3gpp.network.org
Jul  6 21:09:16 ims kamailio-scscf[3067]: INFO: registrar [save.c:498]: 401 challenge -> REGISTER w/ auth -> 200 OK for sip:+999700000002715@ims.mnc070.mcc999.3gpp.network.org
Jul  6 21:09:18 ims kamailio-scscf[3067]: INFO: tm [t_reply.c:900]: Call-ID: 6861c05d789143ae@ims.mnc070.mcc999.3gpp.network.org final reply 486 Busy Here
Jul  6 21:09:38 ims kamailio-scscf[3067]: INFO: registrar [save.c:498]: 401 challenge -> REGISTER w/ auth -> 200 OK for sip:+999700000003238@ims.mnc070.mcc999.3gpp.network.org
Jul  6 21:10:28 ims kamailio-scscf[3067]: INFO: tm [t_reply.c:900]: Call-ID: 7a79fc5b3e534d88@ims.mnc070.mcc999.3gpp.network.org 180 Ringing -> 200 OK, dialog confirmed
Jul  6 21:10:30 ims kamailio-scscf[3067]: INFO: registrar [save.c:498]: 401 challenge -> REGISTER w/ auth -> 200 OK for sip:+999700000001303@ims.mnc070.mcc999.3gpp.network.org
Jul  6 21:12:43 ims kamailio-scscf[3067]: INFO: registrar [save.c:498]: 401 challenge -> REGISTER w/ auth -> 200 OK for sip:+999700000001422@ims.mnc070.mcc999.3gpp.network.org
Jul  6 21:12:49 ims kamailio-scscf[3067]: INFO: tm [t_reply.c:900]: Call-ID: 75a50fb8d65b4106@ims.mnc070.mcc999.3gpp.network.org 180 Ringing -> 200 OK, dialog confirmed
Jul  6 21:14:08 ims kamailio-scscf[3067]: INFO: registrar [save.c:498]: 401 challenge -> REGISTER w/ auth -> 200 OK for sip:+999700000002608@ims.mnc070.mcc999.3gpp.network.org
Jul  6 21:14:18 ims kamailio-scscf[3067]: INFO: tm [t_reply.c:900]: Call-ID: 4d1bf0b3cdcb4613@ims.mnc070.mcc999.3gpp.network.org 180 Ringing -> 200 OK, dialog confirmed
Jul  6 21:15:39 ims kamailio-scscf[3067]: INFO: tm [t_reply.c:900]: Call-ID: 3ba0d99cdfb44c71@ims.mnc070.mcc999.3gpp.network.org final reply 486 Busy Here
Jul  6 21:16:13 ims kamailio-scscf[3067]: INFO: registrar [save.c:498]: 401 challenge -> REGISTER w/ auth -> 200 OK for sip:+999700000002196@ims.mnc070.mcc999.3gpp.network.org
Jul  6 21:17:45 ims kamailio-scscf[3067]: INFO: registrar [save.c:498]: 401 challenge -> REGISTER w/ auth -> 200 OK for sip:+999700000002534@ims.mnc070.mcc999.3gpp.network.org
Jul  6 21:17:55 ims kamailio-scscf[3067]: INFO: tm [t_reply.c:900]: Call-ID: 3c947f8e1d08480f@ims.mnc070.mcc999.3gpp.network.org 180 Ringing -> 200 OK, dialog confirmed
Jul  6 21:19:01 ims kamailio-scscf[3067]: INFO: registrar [save.c:498]: 401 challenge -> REGISTER w/ auth -> 200 OK for sip:+999700000001675@ims.mnc070.mcc999.3gpp.network.org
Jul  6 21:19:29 ims kamailio-scscf[3067]: INFO: registrar [save.c:498]: 401 challenge -> REGISTER w/ auth -> 200 OK for sip:+999700000001665@ims.mnc070.mcc999.3gpp.network.org
Jul  6 21:20:09 ims kamailio-scscf[3067]: INFO: registrar [save.c:498]: 401 challenge -> REGISTER w/ auth -> 200 OK for sip:+999700000000270@ims.mnc070.mcc999.3gpp.network.org
Jul  6 21:22:12 ims kamailio-scscf[3067]: INFO: tm [t_reply.c:900]: Call-ID: 59fe82c016354ee3@ims.mnc070.mcc999.3gpp.network.org final reply 486 Busy Here
Jul  6 21:23:53 ims kamailio-scscf[3067]: INFO: registrar [save.c:498]: 401 challenge -> REGISTER w/ auth -> 200 OK for sip:+999700000001033@ims.mnc070.mcc999.3gpp.network.org
Jul  6 21:24:09 ims kamailio-scscf[3067]: INFO: registrar [save.c:498]: 401 challenge -> REGISTER w/ auth -> 200 OK for sip:+999700000003322@ims.mnc070.mcc999.3gpp.network.org
Jul  6 21:24:18 ims kamailio-scscf[3067]: INFO: registrar [save.c:498]: 401 challenge -> REGISTER w/ auth -> 200 OK for sip:+999700000004054@ims.mnc070.mcc999.3gpp.network.org
Jul  6 21:24:30 ims kamailio-scscf[3067]: INFO: registrar [save.c:498]: 401 challenge -> REGISTER w/ auth -> 200 OK for sip:+999700000000411@ims.mnc070.mcc999.3gpp.network.org
Jul  6 21:25:21 ims kamailio-scscf[3067]: INFO: registrar [save.c:498]: 401 challenge -> REGISTER w/ auth -> 200 OK for sip:+999700000001688@ims.mnc070.mcc999.3gpp.network.org
Jul  6 21:25:36 ims kamailio-scscf[3067]: INFO: tm [t_reply.c:900]: Call-ID: 95af3db30f714379@ims.mnc070.mcc999.3gpp.network.org 180 Ringing -> 200 OK, dialog confirmed
Jul  6 21:25:57 ims kamailio-scscf[3067]: INFO: tm [t_reply.c:900]: Call-ID: 991f9c64febe47fe@ims.mnc070.mcc999.3gpp.network.org 180 Ringing -> 200 OK, dialog confirmed
Jul  6 21:27:18 ims kamailio-scscf[3067]: INFO: tm [t_reply.c:900]: Call-ID: 07d62e408c7247d0@ims.mnc070.mcc999.3gpp.network.org final reply 486 Busy Here
Jul  6 21:27:38 ims kamailio-scscf[3067]: INFO: registrar [save.c:498]: 401 challenge -> REGISTER w/ auth -> 200 OK for sip:+999700000001982@ims.mnc070.mcc999.3gpp.network.org
Jul  6 21:28:01 ims kamailio-scscf[3067]: INFO: registrar [save.c:498]: 401 challenge -> REGISTER w/ auth -> 200 OK for sip:+999700000001402@ims.mnc070.mcc999.3gpp.network.org
Jul  6 21:29:47 ims kamailio-scscf[3067]: INFO: registrar [save.c:498]: 401 challenge -> REGISTER w/ auth -> 200 OK for sip:+999700000003134@ims.mnc070.mcc999.3gpp.network.org
Jul  6 21:32:15 ims kamailio-scscf[3067]: INFO: registrar [save.c:498]: 401 challenge -> REGISTER w/ auth -> 200 OK for sip:+999700000003683@ims.mnc070.mcc999.3gpp.network.org
Jul  6 21:35:40 ims kamailio-scscf[3067]: INFO: tm [t_reply.c:900]: Call-ID: b05f669723de48d1@ims.mnc070.mcc999.3gpp.network.org 180 Ringing -> 200 OK, dialog confirmed
Jul  6 21:35:42 ims kamailio-scscf[3067]: INFO: registrar [save.c:498]: 401 challenge -> REGISTER w/ auth -> 200 OK for sip:+999700000003740@ims.mnc070.mcc999.3gpp.network.org
Jul  6 21:35:52 ims kamailio-scscf[3067]: INFO: tm [t_reply.c:900]: Call-ID: e6b0c4b5c7d34bf6@ims.mnc070.mcc999.3gpp.network.org 180 Ringing -> 200 OK, dialog confirmed
Jul  6 21:38:11 ims kamailio-scscf[3067]: INFO: registrar [save.c:498]: 401 challenge -> REGISTER w/ auth -> 200 OK for sip:+999700000002692@ims.mnc070.mcc999.3gpp.network.org
Jul  6 21:38:11 ims kamailio-scscf[3067]: INFO: registrar [save.c:498]: 401 challenge -> REGISTER w/ auth -> 200 OK for sip:+999700000004235@ims.mnc070.mcc999.3gpp.network.org
Jul  6 21:38:52 ims kamailio-scscf[3067]: INFO: registrar [save.c:498]: 401 challenge -> REGISTER w/ auth -> 200 OK for sip:+999700000003588@ims.mnc070.mcc999.3gpp.network.org
Jul  6 21:39:26 ims kamailio-scscf[3067]: INFO: tm [t_reply.c:900]: Call-ID: 3dcf13bd73894038@ims.mnc070.mcc999.3gpp.network.org 180 Ringing -> 200 OK, dialog confirmed
Jul  6 21:40:21 ims kamailio-scscf[3067]: INFO: registrar [save.c:498]: 401 challenge -> REGISTER w/ auth -> 200 OK for sip:+999700000001375@ims.mnc070.mcc999.3gpp.network.org
Jul  6 21:43:01 ims kamailio-scscf[3067]: INFO: tm [t_reply.c:900]: Call-ID: e85ae3fef3294c05@ims.mnc070.mcc999.3gpp.network.org 180 Ringing -> 200 OK, dialog confirmed
Jul  6 21:43:10 ims kamailio-scscf[3067]: INFO: registrar [save.c:498]: 401 challenge -> REGISTER w/ auth -> 200 OK for sip:+999700000003992@ims.mnc070.mcc999.3gpp.network.org
Jul  6 21:43:25 ims kamailio-scscf[3067]: INFO: tm [t_reply.c:900]: Call-ID: ad451171c73041e8@ims.mnc070.mcc999.3gpp.network.org 180 Ringing -> 200 OK, dialog confirmed
Jul  6 21:43:31 ims kamailio-scscf[3067]: INFO: registrar [save.c:498]: 401 challenge -> REGISTER w/ auth -> 200 OK for sip:+999700000002821@ims.mnc070.mcc999.3gpp.network.org
Jul  6 21:44:18 ims kamailio-scscf[3067]: INFO: registrar [save.c:498]: 401 challenge -> REGISTER w/ auth -> 200 OK for sip:+999700000002442@ims.mnc070.mcc999.3gpp.network.org
Jul  6 21:44:20 ims kamailio-scscf[3067]: INFO: tm [t_reply.c:900]: Call-ID: 0fe6acec05c84159@ims.mnc070.mcc999.3gpp.network.org 180 Ringing -> 200 OK, dialog confirmed
Jul  6 21:44:49 ims kamailio-scscf[3067]: INFO: registrar [save.c:498]: 401 challenge -> REGISTER w/ auth -> 200 OK for sip:+999700000002110@ims.mnc070.mcc999.3gpp.network.org
Jul  6 21:45:06 ims kamailio-scscf[3067]: INFO: registrar [save.c:498]: 401 challenge -> REGISTER w/ auth -> 200 OK for sip:+999700000000466@ims.mnc070.mcc999.3gpp.network.org
Jul  6 21:45:19 ims kamailio-scscf[3067]: INFO: registrar [save.c:498]: 401 challenge -> REGISTER w/ auth -> 200 OK for sip:+999700000004332@ims.mnc070.mcc999.3gpp.network.org
Jul  6 21:46:26 ims kamailio-scscf[3067]: INFO: registrar [save.c:498]: 401 challenge -> REGISTER w/ auth -> 200 OK for sip:+999700000000183@ims.mnc070.mcc999.3gpp.network.org
Jul  6 21:47:41 ims kamailio-scscf[3067]: INFO: tm [t_reply.c:900]: Call-ID: ef7856230d6e45bc@ims.mnc070.mcc999.3gpp.network.org 180 Ringing -> 200 OK, dialog confirmed
Jul  6 21:47:51 ims kamailio-scscf[3067]: INFO: tm [t_reply.c:900]: Call-ID: 59d4b53c7a8f4c6a@ims.mnc070.mcc999.3gpp.network.org 180 Ringing -> 200 OK, dialog confirmed
Jul  6 21:48:00 ims kamailio-scscf[3067]: INFO: registrar [save.c:498]: 401 challenge -> REGISTER w/ auth -> 200 OK for sip:+999700000004382@ims.mnc070.mcc999.3gpp.network.org
Jul  6 21:49:07 ims kamailio-scscf[3067]: INFO: tm [t_reply.c:900]: Call-ID: 9e61f8255f424146@ims.mnc070.mcc999.3gpp.network.org 180 Ringing -> 200 OK, dialog confirmed
Jul  6 21:49:20 ims kamailio-scscf[3067]: INFO: tm [t_reply.c:900]: Call-ID: f6896a626ccf42cb@ims.mnc070.mcc999.3gpp.network.org 180 Ringing -> 200 OK, dialog confirmed
Jul  6 21:51:34 ims kamailio-scscf[3067]: INFO: tm [t_reply.c:900]: Call-ID: 233e48c5cf8d4d6c@ims.mnc070.mcc999.3gpp.network.org 180 Ringing -> 200 OK, dialog confirmed
Jul  6 21:53:06 ims kamailio-scscf[3067]: INFO: registrar [save.c:498]: 401 challenge -> REGISTER w/ auth -> 200 OK for sip:+999700000004823@ims.mnc070.mcc999.3gpp.network.org
Jul  6 21:53:40 ims kamailio-scscf[3067]: INFO: registrar [save.c:498]: 401 challenge -> REGISTER w/ auth -> 200 OK for sip:+999700000003196@ims.mnc070.mcc999.3gpp.network.org
Jul  6 21:54:12 ims kamailio-scscf[3067]: INFO: registrar [save.c:498]: 401 challenge -> REGISTER w/ auth -> 200 OK for sip:+999700000004753@ims.mnc070.mcc999.3gpp.network.org
Jul  6 21:54:25 ims kamailio-scscf[3067]: INFO: registrar [save.c:498]: 401 challenge -> REGISTER w/ auth -> 200 OK for sip:+999700000002611@ims.mnc070.mcc999.3gpp.network.org
Jul  6 21:55:32 ims kamailio-scscf[3067]: INFO: registrar [save.c:498]: 401 challenge -> REGISTER w/ auth -> 200 OK for sip:+999700000001637@ims.mnc070.mcc999.3gpp.network.org
Jul  6 21:57:20 ims kamailio-scscf[3067]: INFO: registrar [save.c:498]: 401 challenge -> REGISTER w/ auth -> 200 OK for sip:+999700000003893@ims.mnc070.mcc999.3gpp.network.org
Jul  6 21:59:59 ims kamailio-scscf[3067]: INFO: registrar [save.c:498]: 401 challenge -> REGISTER w/ auth -> 200 OK for sip:+999700000000904@ims.mnc070.mcc999.3gpp.network.org
Jul  6 22:00:25 ims kamailio-scscf[3067]: INFO: registrar [save.c:498]: 401 challenge -> REGISTER w/ auth -> 200 OK for sip:+999700000001852@ims.mnc070.mcc999.3gpp.network.org
Jul  6 22:00:31 ims kamailio-scscf[3067]: INFO: tm [t_reply.c:900]: Call-ID: 60d121f811fa48a4@ims.mnc070.mcc999.3gpp.network.org 180 Ringing -> 200 OK, dialog confirmed
Jul  6 22:00:54 ims kamailio-scscf[3067]: INFO: registrar [save.c:498]: 401 challenge -> REGISTER w/ auth -> 200 OK for sip:+999700000002978@ims.mnc070.mcc999.3gpp.network.org
Jul  6 22:01:13 ims kamailio-scscf[3067]: INFO: registrar [save.c:498]: 401 challenge -> REGISTER w/ auth -> 200 OK for sip:+999700000000168@ims.mnc070.mcc999.3gpp.network.org
Jul  6 22:02:28 ims kamailio-scscf[3067]: INFO: tm [t_reply.c:900]: Call-ID: 897d6920a06b4c45@ims.mnc070.mcc999.3gpp.network.org 180 Ringing -> 200 OK, dialog confirmed
Jul  6 22:02:55 ims kamailio-scscf[3067]: INFO: registrar [save.c:498]: 401 challenge -> REGISTER w/ auth -> 200 OK for sip:+999700000003530@ims.mnc070.mcc999.3gpp.network.org
Jul  6 22:03:03 ims kamailio-scscf[3067]: INFO: registrar [save.c:498]: 401 challenge -> REGISTER w/ auth -> 200 OK for sip:+999700000002420@ims.mnc070.mcc999.3gpp.network.org
Jul  6 22:04:19 ims kamailio-scscf[3067]: INFO: registrar [save.c:498]: 401 challenge -> REGISTER w/ auth -> 200 OK for sip:+999700000003962@ims.mnc070.mcc999.3gpp.network.org
Jul  6 22:05:04 ims kamailio-scscf[3067]: INFO: registrar [save.c:498]: 401 challenge -> REGISTER w/ auth -> 200 OK for sip:+999700000002308@ims.mnc070.mcc999.3gpp.network.org
Jul  6 22:06:02 ims kamailio-scscf[3067]: INFO: tm [t_reply.c:900]: Call-ID: e237ddc4583b4a97@ims.mnc070.mcc999.3gpp.network.org 180 Ringing -> 200 OK, dialog confirmed
Jul  6 22:07:19 ims kamailio-scscf[3067]: INFO: registrar [save.c:498]: 401 challenge -> REGISTER w/ auth -> 200 OK for sip:+999700000003049@ims.mnc070.mcc999.3gpp.network.org
Jul  6 22:10:32 ims kamailio-scscf[3067]: INFO: tm [t_reply.c:900]: Call-ID: 798aaf9c5676490a@ims.mnc070.mcc999.3gpp.network.org 180 Ringing -> 200 OK, dialog confirmed
Jul  6 22:11:22 ims kamailio-scscf[3067]: INFO: tm [t_reply.c:900]: Call-ID: 3eb1c486a577406a@ims.mnc070.mcc999.3gpp.network.org 180 Ringing -> 200 OK, dialog confirmed
Jul  6 22:12:51 ims kamailio-scscf[3067]: INFO: registrar [save.c:498]: 401 challenge -> REGISTER w/ auth -> 200 OK for sip:+999700000001321@ims.mnc070.mcc999.3gpp.network.org
Jul  6 22:14:12 ims kamailio-scscf[3067]: INFO: registrar [save.c:498]: 401 challenge -> REGISTER w/ auth -> 200 OK for sip:+999700000002887@ims.mnc070.mcc999.3gpp.network.org
Jul  6 22:14:23 ims kamailio-scscf[3067]: INFO: registrar [save.c:498]: 401 challenge -> REGISTER w/ auth -> 200 OK for sip:+999700000000095@ims.mnc070.mcc999.3gpp.network.org
Jul  6 22:15:28 ims kamailio-scscf[3067]: INFO: tm [t_reply.c:900]: Call-ID: 1a5bad1f00cb43ca@ims.mnc070.mcc999.3gpp.network.org 180 Ringing -> 200 OK, dialog confirmed
Jul  6 22:16:45 ims kamailio-scscf[3067]: INFO: registrar [save.c:498]: 401 challenge -> REGISTER w/ auth -> 200 OK for sip:+999700000000149@ims.mnc070.mcc999.3gpp.network.org
Jul  6 22:16:50 ims kamailio-scscf[3067]: INFO: tm [t_reply.c:900]: Call-ID: a2711af0662b41ec@ims.mnc070.mcc999.3gpp.network.org final reply 486 Busy Here
Jul  6 22:18:41 ims kamailio-scscf[3067]: INFO: registrar [save.c:498]: 401 challenge -> REGISTER w/ auth -> 200 OK for sip:+999700000001568@ims.mnc070.mcc999.3gpp.network.org
Jul  6 22:19:40 ims kamailio-scscf[3067]: INFO: registrar [save.c:498]: 401 challenge -> REGISTER w/ auth -> 200 OK for sip:+999700000002672@ims.mnc070.mcc999.3gpp.network.org
Jul  6 22:20:04 ims kamailio-scscf[3067]: INFO: registrar [save.c:498]: 401 challenge -> REGISTER w/ auth -> 200 OK for sip:+999700000003931@ims.mnc070.mcc999.3gpp.network.org
Jul  6 22:21:39 ims kamailio-scscf[3067]: INFO: registrar [save.c:498]: 401 challenge -> REGISTER w/ auth -> 200 OK for sip:+999700000001991@ims.mnc070.mcc999.3gpp.network.org
Jul  6 22:21:58 ims kamailio-scscf[3067]: INFO: registrar [save.c:498]: 401 challenge -> REGISTER w/ auth -> 200 OK for sip:+999700000002758@ims.mnc070.mcc999.3gpp.network.org
Jul  6 22:23:27 ims kamailio-scscf[3067]: INFO: tm [t_reply.c:900]: Call-ID: 1986710f2cff4ab6@ims.mnc070.mcc999.3gpp.network.org 180 Ringing -> 200 OK, dialog confirmed
Jul  6 22:25:00 ims kamailio-scscf[3067]: INFO: registrar [save.c:498]: 401 challenge -> REGISTER w/ auth -> 200 OK for sip:+999700000002165@ims.mnc070.mcc999.3gpp.network.org
Jul  6 22:25:05 ims kamailio-scscf[3067]: INFO: tm [t_reply.c:900]: Call-ID: 8e86bc62ac304b0f@ims.mnc070.mcc999.3gpp.network.org 180 Ringing -> 200 OK, dialog confirmed
Jul  6 22:25:10 ims kamailio-scscf[3067]: INFO: registrar [save.c:498]: 401 challenge -> REGISTER w/ auth -> 200 OK for sip:+999700000003330@ims.mnc070.mcc999.3gpp.network.org
Jul  6 22:25:49 ims kamailio-scscf[3067]: INFO: tm [t_reply.c:900]: Call-ID: bc7bd3d2668443a6@ims.mnc070.mcc999.3gpp.network.org 180 Ringing -> 200 OK, dialog confirmed
Jul  6 22:26:29 ims kamailio-scscf[3067]: INFO: registrar [save.c:498]: 401 challenge -> REGISTER w/ auth -> 200 OK for sip:+999700000003656@ims.mnc070.mcc999.3gpp.network.org
Jul  6 22:26:43 ims kamailio-scscf[3067]: INFO: tm [t_reply.c:900]: Call-ID: 823f4abc851e4aa3@ims.mnc070.mcc999.3gpp.network.org 180 Ringing -> 200 OK, dialog confirmed
Jul  6 22:28:36 ims kamailio-scscf[3067]: INFO: registrar [save.c:498]: 401 challenge -> REGISTER w/ auth -> 200 OK for sip:+999700000001192@ims.mnc070.mcc999.3gpp.network.org
Jul  6 22:28:43 ims kamailio-scscf[3067]: INFO: registrar [save.c:498]: 401 challenge -> REGISTER w/ auth -> 200 OK for sip:+999700000001344@ims.mnc070.mcc999.3gpp.network.org
Jul  6 22:29:13 ims kamailio-scscf[3067]: INFO: registrar [save.c:498]: 401 challenge -> REGISTER w/ auth -> 200 OK for sip:+999700000004615@ims.mnc070.mcc999.3gpp.network.org
Jul  6 22:29:22 ims kamailio-scscf[3067]: INFO: registrar [save.c:498]: 401 challenge -> REGISTER w/ auth -> 200 OK for sip:+999700000000254@ims.mnc070.mcc999.3gpp.network.org
Jul  6 22:31:15 ims kamailio-scscf[3067]: INFO: registrar [save.c:498]: 401 challenge -> REGISTER w/ auth -> 200 OK for sip:+999700000003619@ims.mnc070.mcc999.3gpp.network.org
Jul  6 22:31:28 ims kamailio-scscf[3067]: INFO: registrar [save.c:498]: 401 challenge -> REGISTER w/ auth -> 200 OK for sip:+999700000000700@ims.mnc070.mcc999.3gpp.network.org
Jul  6 22:32:12 ims kamailio-scscf[3067]: INFO: registrar [save.c:498]: 401 challenge -> REGISTER w/ auth -> 200 OK for sip:+999700000004412@ims.mnc070.mcc999.3gpp.network.org
Jul  6 22:34:09 ims kamailio-scscf[3067]: WARNING: tm [t_reply.c:1201]: INVITE Call-ID: 54ce8e79958c4836@ims.mnc070.mcc999.3gpp.network.org failed, 503/timeout downstream
Jul  6 22:35:40 ims kamailio-scscf[3067]: INFO: registrar [save.c:498]: 401 challenge -> REGISTER w/ auth -> 200 OK for sip:+999700000003306@ims.mnc070.mcc999.3gpp.network.org
Jul  6 22:36:29 ims kamailio-scscf[3067]: INFO: tm [t_reply.c:900]: Call-ID: 2e0b1d9a21774c76@ims.mnc070.mcc999.3gpp.network.org 180 Ringing -> 200 OK, dialog confirmed
Jul  6 22:37:59 ims kamailio-scscf[3067]: INFO: registrar [save.c:498]: 401 challenge -> REGISTER w/ auth -> 200 OK for sip:+999700000000918@ims.mnc070.mcc999.3gpp.network.org
Jul  6 22:38:29 ims kamailio-scscf[3067]: WARNING: tm [t_funcs.c:110]: high transaction load, replying 503 Retry-After=30
Jul  6 22:39:35 ims kamailio-scscf[3067]: INFO: registrar [save.c:498]: 401 challenge -> REGISTER w/ auth -> 200 OK for sip:+999700000003121@ims.mnc070.mcc999.3gpp.network.org
Jul  6 22:40:38 ims kamailio-scscf[3067]: INFO: tm [t_reply.c:900]: Call-ID: ba95db142fca4ed1@ims.mnc070.mcc999.3gpp.network.org 180 Ringing -> 200 OK, dialog confirmed
Jul  6 22:41:57 ims kamailio-scscf[3067]: INFO: registrar [save.c:498]: 401 challenge -> REGISTER w/ auth -> 200 OK for sip:+999700000002465@ims.mnc070.mcc999.3gpp.network.org
Jul  6 22:42:07 ims kamailio-scscf[3067]: INFO: tm [t_reply.c:900]: Call-ID: 3b65508389aa4bff@ims.mnc070.mcc999.3gpp.network.org 180 Ringing -> 200 OK, dialog confirmed
Jul  6 22:42:39 ims kamailio-scscf[3067]: INFO: registrar [save.c:498]: 401 challenge -> REGISTER w/ auth -> 200 OK for sip:+999700000004503@ims.mnc070.mcc999.3gpp.network.org
Jul  6 22:43:08 ims kamailio-scscf[3067]: INFO: registrar [save.c:498]: 401 challenge -> REGISTER w/ auth -> 200 OK for sip:+999700000003362@ims.mnc070.mcc999.3gpp.network.org
Jul  6 22:43:17 ims kamailio-scscf[3067]: INFO: registrar [save.c:498]: 401 challenge -> REGISTER w/ auth -> 200 OK for sip:+999700000000676@ims.mnc070.mcc999.3gpp.network.org
Jul  6 22:44:54 ims kamailio-scscf[3067]: INFO: registrar [save.c:498]: 401 challenge -> REGISTER w/ auth -> 200 OK for sip:+999700000003780@ims.mnc070.mcc999.3gpp.network.org
Jul  6 22:45:19 ims kamailio-scscf[3067]: INFO: registrar [save.c:498]: 401 challenge -> REGISTER w/ auth -> 200 OK for sip:+999700000000932@ims.mnc070.mcc999.3gpp.network.org
Jul  6 22:45:29 ims kamailio-scscf[3067]: WARNING: registrar [save.c:512]: authentication failed for sip:+999700000000862@ims.mnc070.mcc999.3gpp.network.org, replying 403 Forbidden
Jul  6 22:47:37 ims kamailio-scscf[3067]: INFO: tm [t_reply.c:900]: Call-ID: a6e1a5d753b64f84@ims.mnc070.mcc999.3gpp.network.org 180 Ringing -> 200 OK, dialog confirmed
Jul  6 22:47:40 ims kamailio-scscf[3067]: INFO: registrar [save.c:498]: 401 challenge -> REGISTER w/ auth -> 200 OK for sip:+999700000002063@ims.mnc070.mcc999.3gpp.network.org
Jul  6 22:48:00 ims kamailio-scscf[3067]: INFO: tm [t_reply.c:900]: Call-ID: deb184bc13bb460e@ims.mnc070.mcc999.3gpp.network.org 180 Ringing -> 200 OK, dialog confirmed
Jul  6 22:48:46 ims kamailio-scscf[3067]: INFO: registrar [save.c:498]: 401 challenge -> REGISTER w/ auth -> 200 OK for sip:+999700000002087@ims.mnc070.mcc999.3gpp.network.org
Jul  6 22:50:05 ims kamailio-scscf[3067]: INFO: registrar [save.c:498]: 401 challenge -> REGISTER w/ auth -> 200 OK for sip:+999700000000224@ims.mnc070.mcc999.3gpp.network.org
Jul  6 22:50:33 ims kamailio-scscf[3067]: INFO: registrar [save.c:498]: 401 challenge -> REGISTER w/ auth -> 200 OK for sip:+999700000003579@ims.mnc070.mcc999.3gpp.network.org
Jul  6 22:53:33 ims kamailio-scscf[3067]: INFO: tm [t_reply.c:900]: Call-ID: b74a81d949da4357@ims.mnc070.mcc999.3gpp.network.org 180 Ringing -> 200 OK, dialog confirmed
Jul  6 22:53:44 ims kamailio-scscf[3067]: INFO: registrar [save.c:498]: 401 challenge -> REGISTER w/ auth -> 200 OK for sip:+999700000000750@ims.mnc070.mcc999.3gpp.network.org
Jul  6 22:56:03 ims kamailio-scscf[3067]: WARNING: tm [t_funcs.c:110]: high transaction load, replying 503 Retry-After=30
Jul  6 22:56:04 ims kamailio-scscf[3067]: INFO: registrar [save.c:498]: 401 challenge -> REGISTER w/ auth -> 200 OK for sip:+999700000000890@ims.mnc070.mcc999.3gpp.network.org
Jul  6 22:57:37 ims kamailio-scscf[3067]: INFO: tm [t_reply.c:900]: Call-ID: b8fdf41a4a6b4d4b@ims.mnc070.mcc999.3gpp.network.org final reply 480 No Answer
Jul  6 22:58:20 ims kamailio-scscf[3067]: INFO: registrar [save.c:498]: 401 challenge -> REGISTER w/ auth -> 200 OK for sip:+999700000004053@ims.mnc070.mcc999.3gpp.network.org
Jul  6 22:59:29 ims kamailio-scscf[3067]: WARNING: registrar [save.c:512]: authentication failed for sip:+999700000004564@ims.mnc070.mcc999.3gpp.network.org, replying 403 Forbidden
Jul  6 22:59:58 ims kamailio-scscf[3067]: INFO: registrar [save.c:498]: 401 challenge -> REGISTER w/ auth -> 200 OK for sip:+999700000001316@ims.mnc070.mcc999.3gpp.network.org
Jul  6 23:00:31 ims kamailio-scscf[3067]: WARNING: tm [t_funcs.c:110]: high transaction load, replying 503 Retry-After=30
Jul  6 23:03:00 ims kamailio-scscf[3067]: INFO: tm [t_reply.c:900]: Call-ID: eca59a9bd7134ad6@ims.mnc070.mcc999.3gpp.network.org 180 Ringing -> 200 OK, dialog confirmed
Jul  6 23:04:28 ims kamailio-scscf[3067]: INFO: registrar [save.c:498]: 401 challenge -> REGISTER w/ auth -> 200 OK for sip:+999700000000804@ims.mnc070.mcc999.3gpp.network.org
Jul  6 23:07:22 ims kamailio-scscf[3067]: INFO: registrar [save.c:498]: 401 challenge -> REGISTER w/ auth -> 200 OK for sip:+999700000003905@ims.mnc070.mcc999.3gpp.network.org
Jul  6 23:08:20 ims kamailio-scscf[3067]: INFO: registrar [save.c:498]: 401 challenge -> REGISTER w/ auth -> 200 OK for sip:+999700000004171@ims.mnc070.mcc999.3gpp.network.org
Jul  6 23:08:50 ims kamailio-scscf[3067]: INFO: registrar [save.c:498]: 401 challenge -> REGISTER w/ auth -> 200 OK for sip:+999700000003876@ims.mnc070.mcc999.3gpp.network.org
Jul  6 23:09:17 ims kamailio-scscf[3067]: INFO: registrar [save.c:498]: 401 challenge -> REGISTER w/ auth -> 200 OK for sip:+999700000001495@ims.mnc070.mcc999.3gpp.network.org
Jul  6 23:10:44 ims kamailio-scscf[3067]: INFO: registrar [save.c:498]: 401 challenge -> REGISTER w/ auth -> 200 OK for sip:+999700000002674@ims.mnc070.mcc999.3gpp.network.org
Jul  6 23:11:21 ims kamailio-scscf[3067]: INFO: registrar [save.c:498]: 401 challenge -> REGISTER w/ auth -> 200 OK for sip:+999700000001745@ims.mnc070.mcc999.3gpp.network.org
Jul  6 23:11:37 ims kamailio-scscf[3067]: INFO: registrar [save.c:498]: 401 challenge -> REGISTER w/ auth -> 200 OK for sip:+999700000002309@ims.mnc070.mcc999.3gpp.network.org
Jul  6 23:11:48 ims kamailio-scscf[3067]: INFO: tm [t_reply.c:900]: Call-ID: 0f501f02fdac4276@ims.mnc070.mcc999.3gpp.network.org 180 Ringing -> 200 OK, dialog confirmed
Jul  6 23:13:00 ims kamailio-scscf[3067]: INFO: tm [t_reply.c:900]: Call-ID: 753c8a6796fe4b08@ims.mnc070.mcc999.3gpp.network.org 180 Ringing -> 200 OK, dialog confirmed
Jul  6 23:13:12 ims kamailio-scscf[3067]: INFO: tm [t_reply.c:900]: Call-ID: 3076b3a93b434ca6@ims.mnc070.mcc999.3gpp.network.org 180 Ringing -> 200 OK, dialog confirmed
Jul  6 23:14:02 ims kamailio-scscf[3067]: WARNING: registrar [save.c:512]: authentication failed for sip:+999700000003618@ims.mnc070.mcc999.3gpp.network.org, replying 403 Forbidden
Jul  6 23:15:05 ims kamailio-scscf[3067]: WARNING: registrar [save.c:512]: authentication failed for sip:+999700000001482@ims.mnc070.mcc999.3gpp.network.org, replying 403 Forbidden
Jul  6 23:16:29 ims kamailio-scscf[3067]: INFO: tm [t_reply.c:900]: Call-ID: 00afc28ca52d4909@ims.mnc070.mcc999.3gpp.network.org 180 Ringing -> 200 OK, dialog confirmed
Jul  6 23:16:33 ims kamailio-scscf[3067]: INFO: tm [t_reply.c:900]: Call-ID: e1b480cda21e442f@ims.mnc070.mcc999.3gpp.network.org 180 Ringing -> 200 OK, dialog confirmed
Jul  6 23:16:33 ims kamailio-scscf[3067]: INFO: registrar [save.c:498]: 401 challenge -> REGISTER w/ auth -> 200 OK for sip:+999700000004632@ims.mnc070.mcc999.3gpp.network.org
Jul  6 23:17:35 ims kamailio-scscf[3067]: INFO: registrar [save.c:498]: 401 challenge -> REGISTER w/ auth -> 200 OK for sip:+999700000004655@ims.mnc070.mcc999.3gpp.network.org
Jul  6 23:18:21 ims kamailio-scscf[3067]: INFO: registrar [save.c:498]: 401 challenge -> REGISTER w/ auth -> 200 OK for sip:+999700000000293@ims.mnc070.mcc999.3gpp.network.org
Jul  6 23:18:23 ims kamailio-scscf[3067]: INFO: tm [t_reply.c:900]: Call-ID: 8288bb7ac2b3489f@ims.mnc070.mcc999.3gpp.network.org 180 Ringing -> 200 OK, dialog confirmed
Jul  6 23:18:48 ims kamailio-scscf[3067]: INFO: tm [t_reply.c:900]: Call-ID: f7caceacdc5a4a3c@ims.mnc070.mcc999.3gpp.network.org 180 Ringing -> 200 OK, dialog confirmed
Jul  6 23:19:31 ims kamailio-scscf[3067]: INFO: registrar [save.c:498]: 401 challenge -> REGISTER w/ auth -> 200 OK for sip:+999700000000775@ims.mnc070.mcc999.3gpp.network.org
Jul  6 23:20:57 ims kamailio-scscf[3067]: INFO: registrar [save.c:498]: 401 challenge -> REGISTER w/ auth -> 200 OK for sip:+999700000002361@ims.mnc070.mcc999.3gpp.network.org
Jul  6 23:24:13 ims kamailio-scscf[3067]: INFO: registrar [save.c:498]: 401 challenge -> REGISTER w/ auth -> 200 OK for sip:+999700000000914@ims.mnc070.mcc999.3gpp.network.org
Jul  6 23:24:33 ims kamailio-scscf[3067]: INFO: registrar [save.c:498]: 401 challenge -> REGISTER w/ auth -> 200 OK for sip:+999700000002798@ims.mnc070.mcc999.3gpp.network.org
Jul  6 23:25:43 ims kamailio-scscf[3067]: INFO: registrar [save.c:498]: 401 challenge -> REGISTER w/ auth -> 200 OK for sip:+999700000001310@ims.mnc070.mcc999.3gpp.network.org
Jul  6 23:27:00 ims kamailio-scscf[3067]: WARNING: tm [t_funcs.c:110]: high transaction load, replying 503 Retry-After=30
Jul  6 23:27:21 ims kamailio-scscf[3067]: INFO: registrar [save.c:498]: 401 challenge -> REGISTER w/ auth -> 200 OK for sip:+999700000004758@ims.mnc070.mcc999.3gpp.network.org
Jul  6 23:29:47 ims kamailio-scscf[3067]: INFO: tm [t_reply.c:900]: Call-ID: 350a98a14876489b@ims.mnc070.mcc999.3gpp.network.org 180 Ringing -> 200 OK, dialog confirmed
Jul  6 23:31:15 ims kamailio-scscf[3067]: INFO: tm [t_reply.c:900]: Call-ID: 7439186cee694e92@ims.mnc070.mcc999.3gpp.network.org 180 Ringing -> 200 OK, dialog confirmed
Jul  6 23:31:33 ims kamailio-scscf[3067]: INFO: registrar [save.c:498]: 401 challenge -> REGISTER w/ auth -> 200 OK for sip:+999700000001853@ims.mnc070.mcc999.3gpp.network.org
Jul  6 23:33:21 ims kamailio-scscf[3067]: INFO: tm [t_reply.c:900]: Call-ID: db5a9613026945d6@ims.mnc070.mcc999.3gpp.network.org 180 Ringing -> 200 OK, dialog confirmed
Jul  6 23:33:48 ims kamailio-scscf[3067]: WARNING: tm [t_funcs.c:110]: high transaction load, replying 503 Retry-After=30
Jul  6 23:35:45 ims kamailio-scscf[3067]: INFO: registrar [save.c:498]: 401 challenge -> REGISTER w/ auth -> 200 OK for sip:+999700000004713@ims.mnc070.mcc999.3gpp.network.org
Jul  6 23:37:52 ims kamailio-scscf[3067]: INFO: tm [t_reply.c:900]: Call-ID: 1f18d2a3f86d4c97@ims.mnc070.mcc999.3gpp.network.org 180 Ringing -> 200 OK, dialog confirmed
Jul  6 23:38:52 ims kamailio-scscf[3067]: INFO: registrar [save.c:498]: 401 challenge -> REGISTER w/ auth -> 200 OK for sip:+999700000002713@ims.mnc070.mcc999.3gpp.network.org
Jul  6 23:39:09 ims kamailio-scscf[3067]: INFO: registrar [save.c:498]: 401 challenge -> REGISTER w/ auth -> 200 OK for sip:+999700000004390@ims.mnc070.mcc999.3gpp.network.org
Jul  6 23:39:13 ims kamailio-scscf[3067]: INFO: registrar [save.c:498]: 401 challenge -> REGISTER w/ auth -> 200 OK for sip:+999700000004332@ims.mnc070.mcc999.3gpp.network.org
Jul  6 23:40:39 ims kamailio-scscf[3067]: INFO: registrar [save.c:498]: 401 challenge -> REGISTER w/ auth -> 200 OK for sip:+999700000004400@ims.mnc070.mcc999.3gpp.network.org
Jul  6 23:41:00 ims kamailio-scscf[3067]: INFO: registrar [save.c:498]: 401 challenge -> REGISTER w/ auth -> 200 OK for sip:+999700000002238@ims.mnc070.mcc999.3gpp.network.org
Jul  6 23:42:25 ims kamailio-scscf[3067]: INFO: registrar [save.c:498]: 401 challenge -> REGISTER w/ auth -> 200 OK for sip:+999700000003675@ims.mnc070.mcc999.3gpp.network.org
Jul  6 23:43:51 ims kamailio-scscf[3067]: INFO: registrar [save.c:498]: 401 challenge -> REGISTER w/ auth -> 200 OK for sip:+999700000003255@ims.mnc070.mcc999.3gpp.network.org
Jul  6 23:44:00 ims kamailio-scscf[3067]: INFO: registrar [save.c:498]: 401 challenge -> REGISTER w/ auth -> 200 OK for sip:+999700000003870@ims.mnc070.mcc999.3gpp.network.org
Jul  6 23:44:19 ims kamailio-scscf[3067]: INFO: registrar [save.c:498]: 401 challenge -> REGISTER w/ auth -> 200 OK for sip:+999700000004372@ims.mnc070.mcc999.3gpp.network.org
Jul  6 23:47:52 ims kamailio-scscf[3067]: INFO: tm [t_reply.c:900]: Call-ID: 06efd2f4d8ac4bb7@ims.mnc070.mcc999.3gpp.network.org final reply 480 No Answer
Jul  6 23:49:19 ims kamailio-scscf[3067]: INFO: registrar [save.c:498]: 401 challenge -> REGISTER w/ auth -> 200 OK for sip:+999700000001644@ims.mnc070.mcc999.3gpp.network.org
Jul  6 23:50:13 ims kamailio-scscf[3067]: INFO: tm [t_reply.c:900]: Call-ID: 872d06b827f740c3@ims.mnc070.mcc999.3gpp.network.org 180 Ringing -> 200 OK, dialog confirmed
Jul  6 23:50:28 ims kamailio-scscf[3067]: INFO: registrar [save.c:498]: 401 challenge -> REGISTER w/ auth -> 200 OK for sip:+999700000004568@ims.mnc070.mcc999.3gpp.network.org
Jul  6 23:50:40 ims kamailio-scscf[3067]: INFO: registrar [save.c:498]: 401 challenge -> REGISTER w/ auth -> 200 OK for sip:+999700000000484@ims.mnc070.mcc999.3gpp.network.org
Jul  6 23:50:43 ims kamailio-scscf[3067]: INFO: tm [t_reply.c:900]: Call-ID: a34bc07254ba40a4@ims.mnc070.mcc999.3gpp.network.org final reply 486 Busy Here
Jul  6 23:53:54 ims kamailio-scscf[3067]: INFO: registrar [save.c:498]: 401 challenge -> REGISTER w/ auth -> 200 OK for sip:+999700000001592@ims.mnc070.mcc999.3gpp.network.org
Jul  6 23:56:13 ims kamailio-scscf[3067]: INFO: registrar [save.c:498]: 401 challenge -> REGISTER w/ auth -> 200 OK for sip:+999700000001342@ims.mnc070.mcc999.3gpp.network.org
Jul  6 23:56:34 ims kamailio-scscf[3067]: INFO: registrar [save.c:498]: 401 challenge -> REGISTER w/ auth -> 200 OK for sip:+999700000003399@ims.mnc070.mcc999.3gpp.network.org
Jul  6 23:58:13 ims kamailio-scscf[3067]: INFO: registrar [save.c:498]: 401 challenge -> REGISTER w/ auth -> 200 OK for sip:+999700000003889@ims.mnc070.mcc999.3gpp.network.org
Jul  6 23:58:38 ims kamailio-scscf[3067]: INFO: registrar [save.c:498]: 401 challenge -> REGISTER w/ auth -> 200 OK for sip:+999700000001951@ims.mnc070.mcc999.3gpp.network.org
Jul  6 23:59:19 ims kamailio-scscf[3067]: INFO: registrar [save.c:498]: 401 challenge -> REGISTER w/ auth -> 200 OK for sip:+999700000004198@ims.mnc070.mcc999.3gpp.network.org
Jul  7 00:00:01 ims kamailio-scscf[3067]: INFO: tm [t_reply.c:900]: Call-ID: bb344190cc3c473a@ims.mnc070.mcc999.3gpp.network.org 180 Ringing -> 200 OK, dialog confirmed
Jul  7 00:00:10 ims kamailio-scscf[3067]: INFO: registrar [save.c:498]: 401 challenge -> REGISTER w/ auth -> 200 OK for sip:+999700000002890@ims.mnc070.mcc999.3gpp.network.org
Jul  7 00:01:23 ims kamailio-scscf[3067]: INFO: registrar [save.c:498]: 401 challenge -> REGISTER w/ auth -> 200 OK for sip:+999700000000679@ims.mnc070.mcc999.3gpp.network.org
Jul  7 00:02:32 ims kamailio-scscf[3067]: INFO: registrar [save.c:498]: 401 challenge -> REGISTER w/ auth -> 200 OK for sip:+999700000000794@ims.mnc070.mcc999.3gpp.network.org
Jul  7 00:02:43 ims kamailio-scscf[3067]: WARNING: registrar [save.c:512]: authentication failed for sip:+999700000000807@ims.mnc070.mcc999.3gpp.network.org, replying 403 Forbidden
Jul  7 00:04:17 ims kamailio-scscf[3067]: INFO: registrar [save.c:498]: 401 challenge -> REGISTER w/ auth -> 200 OK for sip:+999700000003732@ims.mnc070.mcc999.3gpp.network.org
Jul  7 00:06:29 ims kamailio-scscf[3067]: INFO: tm [t_reply.c:900]: Call-ID: 33b47d9000ec4659@ims.mnc070.mcc999.3gpp.network.org 180 Ringing -> 200 OK, dialog confirmed
Jul  7 00:07:11 ims kamailio-scscf[3067]: INFO: registrar [save.c:498]: 401 challenge -> REGISTER w/ auth -> 200 OK for sip:+999700000000269@ims.mnc070.mcc999.3gpp.network.org
Jul  7 00:10:30 ims kamailio-scscf[3067]: INFO: registrar [save.c:498]: 401 challenge -> REGISTER w/ auth -> 200 OK for sip:+999700000004542@ims.mnc070.mcc999.3gpp.network.org
Jul  7 00:11:43 ims kamailio-scscf[3067]: INFO: registrar [save.c:498]: 401 challenge -> REGISTER w/ auth -> 200 OK for sip:+999700000000228@ims.mnc070.mcc999.3gpp.network.org
Jul  7 00:12:01 ims kamailio-scscf[3067]: INFO: registrar [save.c:498]: 401 challenge -> REGISTER w/ auth -> 200 OK for sip:+999700000001110@ims.mnc070.mcc999.3gpp.network.org
Jul  7 00:14:43 ims kamailio-scscf[3067]: INFO: registrar [save.c:498]: 401 challenge -> REGISTER w/ auth -> 200 OK for sip:+999700000003846@ims.mnc070.mcc999.3gpp.network.org
Jul  7 00:16:17 ims kamailio-scscf[3067]: INFO: registrar [save.c:498]: 401 challenge -> REGISTER w/ auth -> 200 OK for sip:+999700000002675@ims.mnc070.mcc999.3gpp.network.org
Jul  7 00:18:32 ims kamailio-scscf[3067]: INFO: registrar [save.c:498]: 401 challenge -> REGISTER w/ auth -> 200 OK for sip:+999700000004999@ims.mnc070.mcc999.3gpp.network.org
Jul  7 00:19:08 ims kamailio-scscf[3067]: INFO: registrar [save.c:498]: 401 challenge -> REGISTER w/ auth -> 200 OK for sip:+999700000001469@ims.mnc070.mcc999.3gpp.network.org
Jul  7 00:23:06 ims kamailio-scscf[3067]: INFO: registrar [save.c:498]: 401 challenge -> REGISTER w/ auth -> 200 OK for sip:+999700000002303@ims.mnc070.mcc999.3gpp.network.org
Jul  7 00:25:08 ims kamailio-scscf[3067]: INFO: registrar [save.c:498]: 401 challenge -> REGISTER w/ auth -> 200 OK for sip:+999700000000579@ims.mnc070.mcc999.3gpp.network.org
Jul  7 00:25:38 ims kamailio-scscf[3067]: INFO: tm [t_reply.c:900]: Call-ID: 23fbfc7684f4436f@ims.mnc070.mcc999.3gpp.network.org 180 Ringing -> 200 OK, dialog confirmed
Jul  7 00:26:20 ims kamailio-scscf[3067]: INFO: registrar [save.c:498]: 401 challenge -> REGISTER w/ auth -> 200 OK for sip:+999700000003418@ims.mnc070.mcc999.3gpp.network.org
Jul  7 00:26:31 ims kamailio-scscf[3067]: INFO: tm [t_reply.c:900]: Call-ID: b111ae8c89f5437c@ims.mnc070.mcc999.3gpp.network.org final reply 480 No Answer
Jul  7 00:27:32 ims kamailio-scscf[3067]: INFO: registrar [save.c:498]: 401 challenge -> REGISTER w/ auth -> 200 OK for sip:+999700000002056@ims.mnc070.mcc999.3gpp.network.org
Jul  7 00:29:10 ims kamailio-scscf[3067]: INFO: registrar [save.c:498]: 401 challenge -> REGISTER w/ auth -> 200 OK for sip:+999700000001740@ims.mnc070.mcc999.3gpp.network.org
Jul  7 00:29:52 ims kamailio-scscf[3067]: INFO: registrar [save.c:498]: 401 challenge -> REGISTER w/ auth -> 200 OK for sip:+999700000001306@ims.mnc070.mcc999.3gpp.network.org
Jul  7 00:32:06 ims kamailio-scscf[3067]: INFO: registrar [save.c:498]: 401 challenge -> REGISTER w/ auth -> 200 OK for sip:+999700000000796@ims.mnc070.mcc999.3gpp.network.org
Jul  7 00:32:25 ims kamailio-scscf[3067]: INFO: registrar [save.c:498]: 401 challenge -> REGISTER w/ auth -> 200 OK for sip:+999700000000068@ims.mnc070.mcc999.3gpp.network.org
Jul  7 00:33:22 ims kamailio-scscf[3067]: INFO: registrar [save.c:498]: 401 challenge -> REGISTER w/ auth -> 200 OK for sip:+999700000004972@ims.mnc070.mcc999.3gpp.network.org
Jul  7 00:33:40 ims kamailio-scscf[3067]: INFO: registrar [save.c:498]: 401 challenge -> REGISTER w/ auth -> 200 OK for sip:+999700000000245@ims.mnc070.mcc999.3gpp.network.org
Jul  7 00:37:16 ims kamailio-scscf[3067]: INFO: tm [t_reply.c:900]: Call-ID: 3736ba0490884e3b@ims.mnc070.mcc999.3gpp.network.org 180 Ringing -> 200 OK, dialog confirmed
Jul  7 00:38:17 ims kamailio-scscf[3067]: INFO: tm [t_reply.c:900]: Call-ID: 46cdbfa328e34547@ims.mnc070.mcc999.3gpp.network.org final reply 486 Busy Here
Jul  7 00:41:04 ims kamailio-scscf[3067]: INFO: tm [t_reply.c:900]: Call-ID: 09f0b770462f4f7d@ims.mnc070.mcc999.3gpp.network.org 180 Ringing -> 200 OK, dialog confirmed
Jul  7 00:41:52 ims kamailio-scscf[3067]: INFO: registrar [save.c:498]: 401 challenge -> REGISTER w/ auth -> 200 OK for sip:+999700000002934@ims.mnc070.mcc999.3gpp.network.org
Jul  7 00:42:47 ims kamailio-scscf[3067]: INFO: registrar [save.c:498]: 401 challenge -> REGISTER w/ auth -> 200 OK for sip:+999700000000533@ims.mnc070.mcc999.3gpp.network.org
Jul  7 00:44:23 ims kamailio-scscf[3067]: INFO: registrar [save.c:498]: 401 challenge -> REGISTER w/ auth -> 200 OK for sip:+999700000004624@ims.mnc070.mcc999.3gpp.network.org
Jul  7 00:44:35 ims kamailio-scscf[3067]: INFO: registrar [save.c:498]: 401 challenge -> REGISTER w/ auth -> 200 OK for sip:+999700000003298@ims.mnc070.mcc999.3gpp.network.org
Jul  7 00:45:36 ims kamailio-scscf[3067]: INFO: registrar [save.c:498]: 401 challenge -> REGISTER w/ auth -> 200 OK for sip:+999700000003468@ims.mnc070.mcc999.3gpp.network.org
Jul  7 00:45:49 ims kamailio-scscf[3067]: INFO: registrar [save.c:498]: 401 challenge -> REGISTER w/ auth -> 200 OK for sip:+999700000004338@ims.mnc070.mcc999.3gpp.network.org
Jul  7 00:47:46 ims kamailio-scscf[3067]: INFO: registrar [save.c:498]: 401 challenge -> REGISTER w/ auth -> 200 OK for sip:+999700000001131@ims.mnc070.mcc999.3gpp.network.org
Jul  7 00:50:38 ims kamailio-scscf[3067]: INFO: registrar [save.c:498]: 401 challenge -> REGISTER w/ auth -> 200 OK for sip:+999700000002987@ims.mnc070.mcc999.3gpp.network.org
Jul  7 00:53:19 ims kamailio-scscf[3067]: INFO: tm [t_reply.c:900]: Call-ID: fa2f7fba36d24039@ims.mnc070.mcc999.3gpp.network.org 180 Ringing -> 200 OK, dialog confirmed
Jul  7 00:55:25 ims kamailio-scscf[3067]: INFO: tm [t_reply.c:900]: Call-ID: 9b8cb83b3bc84d21@ims.mnc070.mcc999.3gpp.network.org 180 Ringing -> 200 OK, dialog confirmed
Jul  7 00:55:29 ims kamailio-scscf[3067]: INFO: registrar [save.c:498]: 401 challenge -> REGISTER w/ auth -> 200 OK for sip:+999700000002112@ims.mnc070.mcc999.3gpp.network.org
Jul  7 00:56:56 ims kamailio-scscf[3067]: INFO: registrar [save.c:498]: 401 challenge -> REGISTER w/ auth -> 200 OK for sip:+999700000000526@ims.mnc070.mcc999.3gpp.network.org
Jul  7 00:57:56 ims kamailio-scscf[3067]: INFO: registrar [save.c:498]: 401 challenge -> REGISTER w/ auth -> 200 OK for sip:+999700000001757@ims.mnc070.mcc999.3gpp.network.org
Jul  7 00:57:57 ims kamailio-scscf[3067]: INFO: registrar [save.c:498]: 401 challenge -> REGISTER w/ auth -> 200 OK for sip:+999700000004510@ims.mnc070.mcc999.3gpp.network.org
Jul  7 01:00:50 ims kamailio-scscf[3067]: INFO: registrar [save.c:498]: 401 challenge -> REGISTER w/ auth -> 200 OK for sip:+999700000004333@ims.mnc070.mcc999.3gpp.network.org
Jul  7 01:01:35 ims kamailio-scscf[3067]: INFO: tm [t_reply.c:900]: Call-ID: 0602ddd5d8b2490a@ims.mnc070.mcc999.3gpp.network.org 180 Ringing -> 200 OK, dialog confirmed
Jul  7 01:02:15 ims kamailio-scscf[3067]: INFO: registrar [save.c:498]: 401 challenge -> REGISTER w/ auth -> 200 OK for sip:+999700000004561@ims.mnc070.mcc999.3gpp.network.org
Jul  7 01:04:07 ims kamailio-scscf[3067]: INFO: registrar [save.c:498]: 401 challenge -> REGISTER w/ auth -> 200 OK for sip:+999700000002859@ims.mnc070.mcc999.3gpp.network.org
Jul  7 01:06:25 ims kamailio-scscf[3067]: WARNING: registrar [save.c:512]: authentication failed for sip:+999700000001963@ims.mnc070.mcc999.3gpp.network.org, replying 403 Forbidden
Jul  7 01:06:47 ims kamailio-scscf[3067]: INFO: registrar [save.c:498]: 401 challenge -> REGISTER w/ auth -> 200 OK for sip:+999700000002178@ims.mnc070.mcc999.3gpp.network.org
Jul  7 01:08:08 ims kamailio-scscf[3067]: INFO: registrar [save.c:498]: 401 challenge -> REGISTER w/ auth -> 200 OK for sip:+999700000001206@ims.mnc070.mcc999.3gpp.network.org
Jul  7 01:14:16 ims kamailio-scscf[3067]: INFO: tm [t_reply.c:900]: Call-ID: c50bc4c8c79f4441@ims.mnc070.mcc999.3gpp.network.org 180 Ringing -> 200 OK, dialog confirmed
Jul  7 01:14:24 ims kamailio-scscf[3067]: INFO: registrar [save.c:498]: 401 challenge -> REGISTER w/ auth -> 200 OK for sip:+999700000000767@ims.mnc070.mcc999.3gpp.network.org
Jul  7 01:14:37 ims kamailio-scscf[3067]: INFO: registrar [save.c:498]: 401 challenge -> REGISTER w/ auth -> 200 OK for sip:+999700000004575@ims.mnc070.mcc999.3gpp.network.org
Jul  7 01:14:48 ims kamailio-scscf[3067]: INFO: registrar [save.c:498]: 401 challenge -> REGISTER w/ auth -> 200 OK for sip:+999700000000746@ims.mnc070.mcc999.3gpp.network.org
Jul  7 01:15:40 ims kamailio-scscf[3067]: INFO: registrar [save.c:498]: 401 challenge -> REGISTER w/ auth -> 200 OK for sip:+999700000001912@ims.mnc070.mcc999.3gpp.network.org
Jul  7 01:15:52 ims kamailio-scscf[3067]: INFO: registrar [save.c:498]: 401 challenge -> REGISTER w/ auth -> 200 OK for sip:+999700000004215@ims.mnc070.mcc999.3gpp.network.org
Jul  7 01:17:24 ims kamailio-scscf[3067]: INFO: registrar [save.c:498]: 401 challenge -> REGISTER w/ auth -> 200 OK for sip:+999700000002227@ims.mnc070.mcc999.3gpp.network.org
Jul  7 01:18:09 ims kamailio-scscf[3067]: INFO: registrar [save.c:498]: 401 challenge -> REGISTER w/ auth -> 200 OK for sip:+999700000003294@ims.mnc070.mcc999.3gpp.network.org
Jul  7 01:19:00 ims kamailio-scscf[3067]: INFO: tm [t_reply.c:900]: Call-ID: 6809004f9a62499e@ims.mnc070.mcc999.3gpp.network.org 180 Ringing -> 200 OK, dialog confirmed
Jul  7 01:21:43 ims kamailio-scscf[3067]: INFO: registrar [save.c:498]: 401 challenge -> REGISTER w/ auth -> 200 OK for sip:+999700000003305@ims.mnc070.mcc999.3gpp.network.org
Jul  7 01:23:27 ims kamailio-scscf[3067]: INFO: registrar [save.c:498]: 401 challenge -> REGISTER w/ auth -> 200 OK for sip:+999700000001880@ims.mnc070.mcc999.3gpp.network.org
Jul  7 01:24:21 ims kamailio-scscf[3067]: INFO: registrar [save.c:498]: 401 challenge -> REGISTER w/ auth -> 200 OK for sip:+999700000004313@ims.mnc070.mcc999.3gpp.network.org
Jul  7 01:24:39 ims kamailio-scscf[3067]: INFO: registrar [save.c:498]: 401 challenge -> REGISTER w/ auth -> 200 OK for sip:+999700000003206@ims.mnc070.mcc999.3gpp.network.org
Jul  7 01:27:25 ims kamailio-scscf[3067]: INFO: tm [t_reply.c:900]: Call-ID: a7df5fb00cba43b4@ims.mnc070.mcc999.3gpp.network.org 180 Ringing -> 200 OK, dialog confirmed
Jul  7 01:32:16 ims kamailio-scscf[3067]: INFO: registrar [save.c:498]: 401 challenge -> REGISTER w/ auth -> 200 OK for sip:+999700000004914@ims.mnc070.mcc999.3gpp.network.org
Jul  7 01:33:04 ims kamailio-scscf[3067]: INFO: tm [t_reply.c:900]: Call-ID: 4e37dbab134344fd@ims.mnc070.mcc999.3gpp.network.org 180 Ringing -> 200 OK, dialog confirmed
Jul  7 01:33:52 ims kamailio-scscf[3067]: INFO: registrar [save.c:498]: 401 challenge -> REGISTER w/ auth -> 200 OK for sip:+999700000002252@ims.mnc070.mcc999.3gpp.network.org
Jul  7 01:34:33 ims kamailio-scscf[3067]: INFO: registrar [save.c:498]: 401 challenge -> REGISTER w/ auth -> 200 OK for sip:+999700000001052@ims.mnc070.mcc999.3gpp.network.org
Jul  7 01:34:40 ims kamailio-scscf[3067]: INFO: tm [t_reply.c:900]: Call-ID: 8c1f77de92e446ce@ims.mnc070.mcc999.3gpp.network.org 180 Ringing -> 200 OK, dialog confirmed
Jul  7 01:34:53 ims kamailio-scscf[3067]: INFO: registrar [save.c:498]: 401 challenge -> REGISTER w/ auth -> 200 OK for sip:+999700000004685@ims.mnc070.mcc999.3gpp.network.org
Jul  7 01:38:32 ims kamailio-scscf[3067]: INFO: registrar [save.c:498]: 401 challenge -> REGISTER w/ auth -> 200 OK for sip:+999700000000001@ims.mnc070.mcc999.3gpp.network.org
Jul  7 01:39:43 ims kamailio-scscf[3067]: INFO: registrar [save.c:498]: 401 challenge -> REGISTER w/ auth -> 200 OK for sip:+999700000003170@ims.mnc070.mcc999.3gpp.network.org
Jul  7 01:41:25 ims kamailio-scscf[3067]: INFO: registrar [save.c:498]: 401 challenge -> REGISTER w/ auth -> 200 OK for sip:+999700000003246@ims.mnc070.mcc999.3gpp.network.org
Jul  7 01:44:14 ims kamailio-scscf[3067]: INFO: registrar [save.c:498]: 401 challenge -> REGISTER w/ auth -> 200 OK for sip:+999700000002807@ims.mnc070.mcc999.3gpp.network.org
Jul  7 01:46:57 ims kamailio-scscf[3067]: INFO: registrar [save.c:498]: 401 challenge -> REGISTER w/ auth -> 200 OK for sip:+999700000002520@ims.mnc070.mcc999.3gpp.network.org
Jul  7 01:47:47 ims kamailio-scscf[3067]: INFO: tm [t_reply.c:900]: Call-ID: 1d142bbca34c41c0@ims.mnc070.mcc999.3gpp.network.org final reply 486 Busy Here
Jul  7 01:48:22 ims kamailio-scscf[3067]: INFO: registrar [save.c:498]: 401 challenge -> REGISTER w/ auth -> 200 OK for sip:+999700000004878@ims.mnc070.mcc999.3gpp.network.org
Jul  7 01:49:07 ims kamailio-scscf[3067]: INFO: tm [t_reply.c:900]: Call-ID: cc00fcfeb347473d@ims.mnc070.mcc999.3gpp.network.org 180 Ringing -> 200 OK, dialog confirmed
Jul  7 01:50:23 ims kamailio-scscf[3067]: INFO: registrar [save.c:498]: 401 challenge -> REGISTER w/ auth -> 200 OK for sip:+999700000003904@ims.mnc070.mcc999.3gpp.network.org
Jul  7 01:51:13 ims kamailio-scscf[3067]: INFO: registrar [save.c:498]: 401 challenge -> REGISTER w/ auth -> 200 OK for sip:+999700000003791@ims.mnc070.mcc999.3gpp.network.org
Jul  7 01:54:42 ims kamailio-scscf[3067]: INFO: registrar [save.c:498]: 401 challenge -> REGISTER w/ auth -> 200 OK for sip:+999700000001063@ims.mnc070.mcc999.3gpp.network.org
Jul  7 01:55:31 ims kamailio-scscf[3067]: INFO: registrar [save.c:498]: 401 challenge -> REGISTER w/ auth -> 200 OK for sip:+999700000000355@ims.mnc070.mcc999.3gpp.network.org
Jul  7 01:59:55 ims kamailio-scscf[3067]: INFO: registrar [save.c:498]: 401 challenge -> REGISTER w/ auth -> 200 OK for sip:+999700000003665@ims.mnc070.mcc999.3gpp.network.org
Jul  7 02:02:55 ims kamailio-scscf[3067]: INFO: registrar [save.c:498]: 401 challenge -> REGISTER w/ auth -> 200 OK for sip:+999700000000739@ims.mnc070.mcc999.3gpp.network.org
Jul  7 02:03:18 ims kamailio-scscf[3067]: INFO: registrar [save.c:498]: 401 challenge -> REGISTER w/ auth -> 200 OK for sip:+999700000000167@ims.mnc070.mcc999.3gpp.network.org
Jul  7 02:04:00 ims kamailio-scscf[3067]: INFO: tm [t_reply.c:900]: Call-ID: d044fe8538f647de@ims.mnc070.mcc999.3gpp.network.org 180 Ringing -> 200 OK, dialog confirmed
Jul  7 02:05:34 ims kamailio-scscf[3067]: INFO: registrar [save.c:498]: 401 challenge -> REGISTER w/ auth -> 200 OK for sip:+999700000002321@ims.mnc070.mcc999.3gpp.network.org
Jul  7 02:06:07 ims kamailio-scscf[3067]: INFO: registrar [save.c:498]: 401 challenge -> REGISTER w/ auth -> 200 OK for sip:+999700000003675@ims.mnc070.mcc999.3gpp.network.org
Jul  7 02:07:10 ims kamailio-scscf[3067]: INFO: registrar [save.c:498]: 401 challenge -> REGISTER w/ auth -> 200 OK for sip:+999700000004979@ims.mnc070.mcc999.3gpp.network.org
Jul  7 02:08:37 ims kamailio-scscf[3067]: INFO: registrar [save.c:498]: 401 challenge -> REGISTER w/ auth -> 200 OK for sip:+999700000000285@ims.mnc070.mcc999.3gpp.network.org
Jul  7 02:08:46 ims kamailio-scscf[3067]: INFO: registrar [save.c:498]: 401 challenge -> REGISTER w/ auth -> 200 OK for sip:+999700000002322@ims.mnc070.mcc999.3gpp.network.org
Jul  7 02:08:53 ims kamailio-scscf[3067]: INFO: registrar [save.c:498]: 401 challenge -> REGISTER w/ auth -> 200 OK for sip:+999700000001439@ims.mnc070.mcc999.3gpp.network.org
Jul  7 02:16:42 ims kamailio-scscf[3067]: INFO: registrar [save.c:498]: 401 challenge -> REGISTER w/ auth -> 200 OK for sip:+999700000000224@ims.mnc070.mcc999.3gpp.network.org
Jul  7 02:17:16 ims kamailio-scscf[3067]: INFO: registrar [save.c:498]: 401 challenge -> REGISTER w/ auth -> 200 OK for sip:+999700000001247@ims.mnc070.mcc999.3gpp.network.org
Jul  7 02:18:07 ims kamailio-scscf[3067]: INFO: registrar [save.c:498]: 401 challenge -> REGISTER w/ auth -> 200 OK for sip:+999700000003546@ims.mnc070.mcc999.3gpp.network.org
Jul  7 02:20:24 ims kamailio-scscf[3067]: INFO: registrar [save.c:498]: 401 challenge -> REGISTER w/ auth -> 200 OK for sip:+999700000001214@ims.mnc070.mcc999.3gpp.network.org
Jul  7 02:21:15 ims kamailio-scscf[3067]: INFO: tm [t_reply.c:900]: Call-ID: 1fb64107f49e408b@ims.mnc070.mcc999.3gpp.network.org 180 Ringing -> 200 OK, dialog confirmed
Jul  7 02:25:37 ims kamailio-scscf[3067]: INFO: registrar [save.c:498]: 401 challenge -> REGISTER w/ auth -> 200 OK for sip:+999700000000809@ims.mnc070.mcc999.3gpp.network.org
Jul  7 02:25:49 ims kamailio-scscf[3067]: INFO: registrar [save.c:498]: 401 challenge -> REGISTER w/ auth -> 200 OK for sip:+999700000000841@ims.mnc070.mcc999.3gpp.network.org
Jul  7 02:28:42 ims kamailio-scscf[3067]: INFO: tm [t_reply.c:900]: Call-ID: 428cb2bbb04e40f3@ims.mnc070.mcc999.3gpp.network.org 180 Ringing -> 200 OK, dialog confirmed
Jul  7 02:29:31 ims kamailio-scscf[3067]: INFO: registrar [save.c:498]: 401 challenge -> REGISTER w/ auth -> 200 OK for sip:+999700000002217@ims.mnc070.mcc999.3gpp.network.org
Jul  7 02:30:00 ims kamailio-scscf[3067]: INFO: tm [t_reply.c:900]: Call-ID: 6f5b4f1d8f8047ab@ims.mnc070.mcc999.3gpp.network.org 180 Ringing -> 200 OK, dialog confirmed
Jul  7 02:30:16 ims kamailio-scscf[3067]: INFO: registrar [save.c:498]: 401 challenge -> REGISTER w/ auth -> 200 OK for sip:+999700000003026@ims.mnc070.mcc999.3gpp.network.org
Jul  7 02:30:24 ims kamailio-scscf[3067]: WARNING: registrar [save.c:512]: authentication failed for sip:+999700000003614@ims.mnc070.mcc999.3gpp.network.org, replying 403 Forbidden
Jul  7 02:36:11 ims kamailio-scscf[3067]: INFO: registrar [save.c:498]: 401 challenge -> REGISTER w/ auth -> 200 OK for sip:+999700000003215@ims.mnc070.mcc999.3gpp.network.org
Jul  7 02:36:21 ims kamailio-scscf[3067]: INFO: registrar [save.c:498]: 401 challenge -> REGISTER w/ auth -> 200 OK for sip:+999700000003879@ims.mnc070.mcc999.3gpp.network.org
Jul  7 02:37:37 ims kamailio-scscf[3067]: INFO: registrar [save.c:498]: 401 challenge -> REGISTER w/ auth -> 200 OK for sip:+999700000004852@ims.mnc070.mcc999.3gpp.network.org
Jul  7 02:38:56 ims kamailio-scscf[3067]: INFO: registrar [save.c:498]: 401 challenge -> REGISTER w/ auth -> 200 OK for sip:+999700000000406@ims.mnc070.mcc999.3gpp.network.org
Jul  7 02:39:19 ims kamailio-scscf[3067]: INFO: registrar [save.c:498]: 401 challenge -> REGISTER w/ auth -> 200 OK for sip:+999700000001215@ims.mnc070.mcc999.3gpp.network.org
Jul  7 02:45:28 ims kamailio-scscf[3067]: INFO: registrar [save.c:498]: 401 challenge -> REGISTER w/ auth -> 200 OK for sip:+999700000001482@ims.mnc070.mcc999.3gpp.network.org
Jul  7 02:46:14 ims kamailio-scscf[3067]: INFO: tm [t_reply.c:900]: Call-ID: 7c46b03d15f747aa@ims.mnc070.mcc999.3gpp.network.org 180 Ringing -> 200 OK, dialog confirmed
Jul  7 02:47:15 ims kamailio-scscf[3067]: INFO: registrar [save.c:498]: 401 challenge -> REGISTER w/ auth -> 200 OK for sip:+999700000002753@ims.mnc070.mcc999.3gpp.network.org
Jul  7 02:54:48 ims kamailio-scscf[3067]: INFO: registrar [save.c:498]: 401 challenge -> REGISTER w/ auth -> 200 OK for sip:+999700000001990@ims.mnc070.mcc999.3gpp.network.org
Jul  7 02:55:02 ims kamailio-scscf[3067]: INFO: registrar [save.c:498]: 401 challenge -> REGISTER w/ auth -> 200 OK for sip:+999700000001779@ims.mnc070.mcc999.3gpp.network.org
Jul  7 02:55:55 ims kamailio-scscf[3067]: INFO: registrar [save.c:498]: 401 challenge -> REGISTER w/ auth -> 200 OK for sip:+999700000000485@ims.mnc070.mcc999.3gpp.network.org
Jul  7 02:58:57 ims kamailio-scscf[3067]: INFO: tm [t_reply.c:900]: Call-ID: ed3b70c76c2a4ea8@ims.mnc070.mcc999.3gpp.network.org 180 Ringing -> 200 OK, dialog confirmed
Jul  7 02:59:15 ims kamailio-scscf[3067]: INFO: registrar [save.c:498]: 401 challenge -> REGISTER w/ auth -> 200 OK for sip:+999700000002421@ims.mnc070.mcc999.3gpp.network.org
Jul  7 02:59:27 ims kamailio-scscf[3067]: INFO: registrar [save.c:498]: 401 challenge -> REGISTER w/ auth -> 200 OK for sip:+999700000004548@ims.mnc070.mcc999.3gpp.network.org
Jul  7 03:01:45 ims kamailio-scscf[3067]: INFO: registrar [save.c:498]: 401 challenge -> REGISTER w/ auth -> 200 OK for sip:+999700000003163@ims.mnc070.mcc999.3gpp.network.org
Jul  7 03:01:49 ims kamailio-scscf[3067]: INFO: registrar [save.c:498]: 401 challenge -> REGISTER w/ auth -> 200 OK for sip:+999700000002971@ims.mnc070.mcc999.3gpp.network.org
Jul  7 03:05:30 ims kamailio-scscf[3067]: INFO: registrar [save.c:498]: 401 challenge -> REGISTER w/ auth -> 200 OK for sip:+999700000001274@ims.mnc070.mcc999.3gpp.network.org
Jul  7 03:06:35 ims kamailio-scscf[3067]: INFO: tm [t_reply.c:900]: Call-ID: aaac9674dc614d9e@ims.mnc070.mcc999.3gpp.network.org 180 Ringing -> 200 OK, dialog confirmed
Jul  7 03:07:04 ims kamailio-scscf[3067]: INFO: registrar [save.c:498]: 401 challenge -> REGISTER w/ auth -> 200 OK for sip:+999700000002917@ims.mnc070.mcc999.3gpp.network.org
Jul  7 03:07:42 ims kamailio-scscf[3067]: INFO: registrar [save.c:498]: 401 challenge -> REGISTER w/ auth -> 200 OK for sip:+999700000000200@ims.mnc070.mcc999.3gpp.network.org
Jul  7 03:08:55 ims kamailio-scscf[3067]: INFO: registrar [save.c:498]: 401 challenge -> REGISTER w/ auth -> 200 OK for sip:+999700000002502@ims.mnc070.mcc999.3gpp.network.org
Jul  7 03:08:56 ims kamailio-scscf[3067]: INFO: tm [t_reply.c:900]: Call-ID: 8ff6356bb48e4ee6@ims.mnc070.mcc999.3gpp.network.org final reply 480 No Answer
Jul  7 03:11:57 ims kamailio-scscf[3067]: INFO: registrar [save.c:498]: 401 challenge -> REGISTER w/ auth -> 200 OK for sip:+999700000001859@ims.mnc070.mcc999.3gpp.network.org
Jul  7 03:15:16 ims kamailio-scscf[3067]: INFO: tm [t_reply.c:900]: Call-ID: a26a762a4b314d0c@ims.mnc070.mcc999.3gpp.network.org 180 Ringing -> 200 OK, dialog confirmed
Jul  7 03:15:20 ims kamailio-scscf[3067]: INFO: registrar [save.c:498]: 401 challenge -> REGISTER w/ auth -> 200 OK for sip:+999700000000385@ims.mnc070.mcc999.3gpp.network.org
Jul  7 03:17:24 ims kamailio-scscf[3067]: INFO: registrar [save.c:498]: 401 challenge -> REGISTER w/ auth -> 200 OK for sip:+999700000003045@ims.mnc070.mcc999.3gpp.network.org
Jul  7 03:22:05 ims kamailio-scscf[3067]: INFO: registrar [save.c:498]: 401 challenge -> REGISTER w/ auth -> 200 OK for sip:+999700000003566@ims.mnc070.mcc999.3gpp.network.org
Jul  7 03:25:52 ims kamailio-scscf[3067]: INFO: registrar [save.c:498]: 401 challenge -> REGISTER w/ auth -> 200 OK for sip:+999700000001424@ims.mnc070.mcc999.3gpp.network.org
Jul  7 03:27:13 ims kamailio-scscf[3067]: INFO: registrar [save.c:498]: 401 challenge -> REGISTER w/ auth -> 200 OK for sip:+999700000004646@ims.mnc070.mcc999.3gpp.network.org
Jul  7 03:27:18 ims kamailio-scscf[3067]: INFO: registrar [save.c:498]: 401 challenge -> REGISTER w/ auth -> 200 OK for sip:+999700000000738@ims.mnc070.mcc999.3gpp.network.org
Jul  7 03:27:19 ims kamailio-scscf[3067]: INFO: registrar [save.c:498]: 401 challenge -> REGISTER w/ auth -> 200 OK for sip:+999700000002267@ims.mnc070.mcc999.3gpp.network.org
Jul  7 03:31:24 ims kamailio-scscf[3067]: INFO: tm [t_reply.c:900]: Call-ID: f2189387d22a4dfa@ims.mnc070.mcc999.3gpp.network.org 180 Ringing -> 200 OK, dialog confirmed
Jul  7 03:33:06 ims kamailio-scscf[3067]: INFO: tm [t_reply.c:900]: Call-ID: 28b26c4e4e614d86@ims.mnc070.mcc999.3gpp.network.org 180 Ringing -> 200 OK, dialog confirmed
Jul  7 03:34:31 ims kamailio-scscf[3067]: INFO: registrar [save.c:498]: 401 challenge -> REGISTER w/ auth -> 200 OK for sip:+999700000002496@ims.mnc070.mcc999.3gpp.network.org
Jul  7 03:36:01 ims kamailio-scscf[3067]: INFO: registrar [save.c:498]: 401 challenge -> REGISTER w/ auth -> 200 OK for sip:+999700000004584@ims.mnc070.mcc999.3gpp.network.org
Jul  7 03:36:40 ims kamailio-scscf[3067]: INFO: registrar [save.c:498]: 401 challenge -> REGISTER w/ auth -> 200 OK for sip:+999700000001651@ims.mnc070.mcc999.3gpp.network.org
Jul  7 03:37:17 ims kamailio-scscf[3067]: INFO: registrar [save.c:498]: 401 challenge -> REGISTER w/ auth -> 200 OK for sip:+999700000001771@ims.mnc070.mcc999.3gpp.network.org
Jul  7 03:37:19 ims kamailio-scscf[3067]: INFO: registrar [save.c:498]: 401 challenge -> REGISTER w/ auth -> 200 OK for sip:+999700000002022@ims.mnc070.mcc999.3gpp.network.org
Jul  7 03:41:27 ims kamailio-scscf[3067]: INFO: registrar [save.c:498]: 401 challenge -> REGISTER w/ auth -> 200 OK for sip:+999700000000937@ims.mnc070.mcc999.3gpp.network.org
Jul  7 03:42:44 ims kamailio-scscf[3067]: INFO: registrar [save.c:498]: 401 challenge -> REGISTER w/ auth -> 200 OK for sip:+999700000003908@ims.mnc070.mcc999.3gpp.network.org
Jul  7 03:44:08 ims kamailio-scscf[3067]: INFO: registrar [save.c:498]: 401 challenge -> REGISTER w/ auth -> 200 OK for sip:+999700000002537@ims.mnc070.mcc999.3gpp.network.org
Jul  7 03:45:44 ims kamailio-scscf[3067]: INFO: registrar [save.c:498]: 401 challenge -> REGISTER w/ auth -> 200 OK for sip:+999700000004457@ims.mnc070.mcc999.3gpp.network.org
Jul  7 03:46:53 ims kamailio-scscf[3067]: INFO: registrar [save.c:498]: 401 challenge -> REGISTER w/ auth -> 200 OK for sip:+999700000002439@ims.mnc070.mcc999.3gpp.network.org
Jul  7 03:51:03 ims kamailio-scscf[3067]: INFO: tm [t_reply.c:900]: Call-ID: 635e64ee061847e2@ims.mnc070.mcc999.3gpp.network.org 180 Ringing -> 200 OK, dialog confirmed
Jul  7 03:51:20 ims kamailio-scscf[3067]: INFO: registrar [save.c:498]: 401 challenge -> REGISTER w/ auth -> 200 OK for sip:+999700000001420@ims.mnc070.mcc999.3gpp.network.org
Jul  7 03:53:08 ims kamailio-scscf[3067]: INFO: registrar [save.c:498]: 401 challenge -> REGISTER w/ auth -> 200 OK for sip:+999700000002937@ims.mnc070.mcc999.3gpp.network.org
Jul  7 03:53:13 ims kamailio-scscf[3067]: INFO: registrar [save.c:498]: 401 challenge -> REGISTER w/ auth -> 200 OK for sip:+999700000000464@ims.mnc070.mcc999.3gpp.network.org
Jul  7 03:54:22 ims kamailio-scscf[3067]: INFO: registrar [save.c:498]: 401 challenge -> REGISTER w/ auth -> 200 OK for sip:+999700000002880@ims.mnc070.mcc999.3gpp.network.org
Jul  7 03:55:59 ims kamailio-scscf[3067]: INFO: registrar [save.c:498]: 401 challenge -> REGISTER w/ auth -> 200 OK for sip:+999700000004640@ims.mnc070.mcc999.3gpp.network.org
Jul  7 04:00:43 ims kamailio-scscf[3067]: INFO: registrar [save.c:498]: 401 challenge -> REGISTER w/ auth -> 200 OK for sip:+999700000002930@ims.mnc070.mcc999.3gpp.network.org
Jul  7 04:02:02 ims kamailio-scscf[3067]: INFO: registrar [save.c:498]: 401 challenge -> REGISTER w/ auth -> 200 OK for sip:+999700000001010@ims.mnc070.mcc999.3gpp.network.org
Jul  7 04:02:28 ims kamailio-scscf[3067]: INFO: registrar [save.c:498]: 401 challenge -> REGISTER w/ auth -> 200 OK for sip:+999700000001872@ims.mnc070.mcc999.3gpp.network.org
Jul  7 04:05:26 ims kamailio-scscf[3067]: INFO: registrar [save.c:498]: 401 challenge -> REGISTER w/ auth -> 200 OK for sip:+999700000002754@ims.mnc070.mcc999.3gpp.network.org
Jul  7 04:06:45 ims kamailio-scscf[3067]: INFO: registrar [save.c:498]: 401 challenge -> REGISTER w/ auth -> 200 OK for sip:+999700000000595@ims.mnc070.mcc999.3gpp.network.org
Jul  7 04:13:15 ims kamailio-scscf[3067]: INFO: registrar [save.c:498]: 401 challenge -> REGISTER w/ auth -> 200 OK for sip:+999700000001934@ims.mnc070.mcc999.3gpp.network.org
Jul  7 04:13:58 ims kamailio-scscf[3067]: INFO: registrar [save.c:498]: 401 challenge -> REGISTER w/ auth -> 200 OK for sip:+999700000002341@ims.mnc070.mcc999.3gpp.network.org
Jul  7 04:14:21 ims kamailio-scscf[3067]: INFO: tm [t_reply.c:900]: Call-ID: c373ad78f1534b91@ims.mnc070.mcc999.3gpp.network.org 180 Ringing -> 200 OK, dialog confirmed
Jul  7 04:17:27 ims kamailio-scscf[3067]: INFO: registrar [save.c:498]: 401 challenge -> REGISTER w/ auth -> 200 OK for sip:+999700000001950@ims.mnc070.mcc999.3gpp.network.org
Jul  7 04:19:53 ims kamailio-scscf[3067]: INFO: registrar [save.c:498]: 401 challenge -> REGISTER w/ auth -> 200 OK for sip:+999700000000011@ims.mnc070.mcc999.3gpp.network.org
Jul  7 04:21:45 ims kamailio-scscf[3067]: INFO: registrar [save.c:498]: 401 challenge -> REGISTER w/ auth -> 200 OK for sip:+999700000000642@ims.mnc070.mcc999.3gpp.network.org
Jul  7 04:21:59 ims kamailio-scscf[3067]: INFO: registrar [save.c:498]: 401 challenge -> REGISTER w/ auth -> 200 OK for sip:+999700000003181@ims.mnc070.mcc999.3gpp.network.org
Jul  7 04:22:27 ims kamailio-scscf[3067]: INFO: registrar [save.c:498]: 401 challenge -> REGISTER w/ auth -> 200 OK for sip:+999700000002200@ims.mnc070.mcc999.3gpp.network.org
Jul  7 04:23:27 ims kamailio-scscf[3067]: INFO: registrar [save.c:498]: 401 challenge -> REGISTER w/ auth -> 200 OK for sip:+999700000003882@ims.mnc070.mcc999.3gpp.network.org
Jul  7 04:24:18 ims kamailio-scscf[3067]: INFO: registrar [save.c:498]: 401 challenge -> REGISTER w/ auth -> 200 OK for sip:+999700000001060@ims.mnc070.mcc999.3gpp.network.org
Jul  7 04:25:06 ims kamailio-scscf[3067]: INFO: tm [t_reply.c:900]: Call-ID: b8a772a66bdd4a2a@ims.mnc070.mcc999.3gpp.network.org 180 Ringing -> 200 OK, dialog confirmed
Jul  7 04:27:42 ims kamailio-scscf[3067]: INFO: registrar [save.c:498]: 401 challenge -> REGISTER w/ auth -> 200 OK for sip:+999700000001293@ims.mnc070.mcc999.3gpp.network.org
Jul  7 04:30:22 ims kamailio-scscf[3067]: INFO: tm [t_reply.c:900]: Call-ID: 6ad89455d9684977@ims.mnc070.mcc999.3gpp.network.org 180 Ringing -> 200 OK, dialog confirmed
Jul  7 04:31:31 ims kamailio-scscf[3067]: INFO: registrar [save.c:498]: 401 challenge -> REGISTER w/ auth -> 200 OK for sip:+999700000003270@ims.mnc070.mcc999.3gpp.network.org
Jul  7 04:33:30 ims kamailio-scscf[3067]: INFO: registrar [save.c:498]: 401 challenge -> REGISTER w/ auth -> 200 OK for sip:+999700000000235@ims.mnc070.mcc999.3gpp.network.org
Jul  7 04:34:55 ims kamailio-scscf[3067]: INFO: registrar [save.c:498]: 401 challenge -> REGISTER w/ auth -> 200 OK for sip:+999700000000303@ims.mnc070.mcc999.3gpp.network.org
Jul  7 04:37:05 ims kamailio-scscf[3067]: WARNING: registrar [save.c:512]: authentication failed for sip:+999700000000009@ims.mnc070.mcc999.3gpp.network.org, replying 403 Forbidden
Jul  7 04:37:05 ims kamailio-scscf[3067]: INFO: registrar [save.c:498]: 401 challenge -> REGISTER w/ auth -> 200 OK for sip:+999700000000820@ims.mnc070.mcc999.3gpp.network.org
Jul  7 04:38:09 ims kamailio-scscf[3067]: INFO: registrar [save.c:498]: 401 challenge -> REGISTER w/ auth -> 200 OK for sip:+999700000002664@ims.mnc070.mcc999.3gpp.network.org
Jul  7 04:39:58 ims kamailio-scscf[3067]: INFO: registrar [save.c:498]: 401 challenge -> REGISTER w/ auth -> 200 OK for sip:+999700000001522@ims.mnc070.mcc999.3gpp.network.org
Jul  7 04:41:56 ims kamailio-scscf[3067]: INFO: registrar [save.c:498]: 401 challenge -> REGISTER w/ auth -> 200 OK for sip:+999700000004096@ims.mnc070.mcc999.3gpp.network.org
Jul  7 04:51:06 ims kamailio-scscf[3067]: INFO: registrar [save.c:498]: 401 challenge -> REGISTER w/ auth -> 200 OK for sip:+999700000002266@ims.mnc070.mcc999.3gpp.network.org
Jul  7 04:51:22 ims kamailio-scscf[3067]: INFO: registrar [save.c:498]: 401 challenge -> REGISTER w/ auth -> 200 OK for sip:+999700000000028@ims.mnc070.mcc999.3gpp.network.org
Jul  7 04:52:08 ims kamailio-scscf[3067]: INFO: registrar [save.c:498]: 401 challenge -> REGISTER w/ auth -> 200 OK for sip:+999700000004841@ims.mnc070.mcc999.3gpp.network.org
Jul  7 04:52:15 ims kamailio-scscf[3067]: INFO: tm [t_reply.c:900]: Call-ID: 45e67b05709a4196@ims.mnc070.mcc999.3gpp.network.org 180 Ringing -> 200 OK, dialog confirmed
Jul  7 04:52:53 ims kamailio-scscf[3067]: INFO: registrar [save.c:498]: 401 challenge -> REGISTER w/ auth -> 200 OK for sip:+999700000000445@ims.mnc070.mcc999.3gpp.network.org
Jul  7 04:52:58 ims kamailio-scscf[3067]: INFO: registrar [save.c:498]: 401 challenge -> REGISTER w/ auth -> 200 OK for sip:+999700000004396@ims.mnc070.mcc999.3gpp.network.org
Jul  7 04:54:00 ims kamailio-scscf[3067]: INFO: registrar [save.c:498]: 401 challenge -> REGISTER w/ auth -> 200 OK for sip:+999700000002068@ims.mnc070.mcc999.3gpp.network.org
Jul  7 04:59:19 ims kamailio-scscf[3067]: INFO: registrar [save.c:498]: 401 challenge -> REGISTER w/ auth -> 200 OK for sip:+999700000000516@ims.mnc070.mcc999.3gpp.network.org
Jul  7 04:59:22 ims kamailio-scscf[3067]: INFO: tm [t_reply.c:900]: Call-ID: 0b2f67a3c01d4e73@ims.mnc070.mcc999.3gpp.network.org 180 Ringing -> 200 OK, dialog confirmed
Jul  7 05:00:21 ims kamailio-scscf[3067]: INFO: registrar [save.c:498]: 401 challenge -> REGISTER w/ auth -> 200 OK for sip:+999700000002372@ims.mnc070.mcc999.3gpp.network.org
Jul  7 05:00:37 ims kamailio-scscf[3067]: INFO: registrar [save.c:498]: 401 challenge -> REGISTER w/ auth -> 200 OK for sip:+999700000003483@ims.mnc070.mcc999.3gpp.network.org
Jul  7 05:04:43 ims kamailio-scscf[3067]: INFO: registrar [save.c:498]: 401 challenge -> REGISTER w/ auth -> 200 OK for sip:+999700000000311@ims.mnc070.mcc999.3gpp.network.org
Jul  7 05:05:20 ims kamailio-scscf[3067]: INFO: registrar [save.c:498]: 401 challenge -> REGISTER w/ auth -> 200 OK for sip:+999700000004942@ims.mnc070.mcc999.3gpp.network.org
Jul  7 05:10:03 ims kamailio-scscf[3067]: INFO: registrar [save.c:498]: 401 challenge -> REGISTER w/ auth -> 200 OK for sip:+999700000004617@ims.mnc070.mcc999.3gpp.network.org
Jul  7 05:11:27 ims kamailio-scscf[3067]: INFO: registrar [save.c:498]: 401 challenge -> REGISTER w/ auth -> 200 OK for sip:+999700000003899@ims.mnc070.mcc999.3gpp.network.org
Jul  7 05:12:53 ims kamailio-scscf[3067]: INFO: registrar [save.c:498]: 401 challenge -> REGISTER w/ auth -> 200 OK for sip:+999700000002629@ims.mnc070.mcc999.3gpp.network.org
Jul  7 05:13:07 ims kamailio-scscf[3067]: INFO: registrar [save.c:498]: 401 challenge -> REGISTER w/ auth -> 200 OK for sip:+999700000003565@ims.mnc070.mcc999.3gpp.network.org
Jul  7 05:14:14 ims kamailio-scscf[3067]: INFO: tm [t_reply.c:900]: Call-ID: 5b8aadf5c4134d7f@ims.mnc070.mcc999.3gpp.network.org 180 Ringing -> 200 OK, dialog confirmed
Jul  7 05:16:40 ims kamailio-scscf[3067]: INFO: registrar [save.c:498]: 401 challenge -> REGISTER w/ auth -> 200 OK for sip:+999700000005000@ims.mnc070.mcc999.3gpp.network.org
Jul  7 05:18:03 ims kamailio-scscf[3067]: INFO: registrar [save.c:498]: 401 challenge -> REGISTER w/ auth -> 200 OK for sip:+999700000002694@ims.mnc070.mcc999.3gpp.network.org
Jul  7 05:18:39 ims kamailio-scscf[3067]: INFO: registrar [save.c:498]: 401 challenge -> REGISTER w/ auth -> 200 OK for sip:+999700000002498@ims.mnc070.mcc999.3gpp.network.org
Jul  7 05:19:06 ims kamailio-scscf[3067]: INFO: registrar [save.c:498]: 401 challenge -> REGISTER w/ auth -> 200 OK for sip:+999700000002136@ims.mnc070.mcc999.3gpp.network.org
Jul  7 05:23:18 ims kamailio-scscf[3067]: INFO: tm [t_reply.c:900]: Call-ID: 68e5a3a7cb464793@ims.mnc070.mcc999.3gpp.network.org 180 Ringing -> 200 OK, dialog confirmed
Jul  7 05:24:25 ims kamailio-scscf[3067]: INFO: registrar [save.c:498]: 401 challenge -> REGISTER w/ auth -> 200 OK for sip:+999700000000641@ims.mnc070.mcc999.3gpp.network.org
Jul  7 05:26:29 ims kamailio-scscf[3067]: INFO: tm [t_reply.c:900]: Call-ID: 1d5ea11f8d904b07@ims.mnc070.mcc999.3gpp.network.org 180 Ringing -> 200 OK, dialog confirmed
Jul  7 05:26:35 ims kamailio-scscf[3067]: INFO: registrar [save.c:498]: 401 challenge -> REGISTER w/ auth -> 200 OK for sip:+999700000003742@ims.mnc070.mcc999.3gpp.network.org
Jul  7 05:28:06 ims kamailio-scscf[3067]: INFO: registrar [save.c:498]: 401 challenge -> REGISTER w/ auth -> 200 OK for sip:+999700000004708@ims.mnc070.mcc999.3gpp.network.org
Jul  7 05:32:14 ims kamailio-scscf[3067]: INFO: registrar [save.c:498]: 401 challenge -> REGISTER w/ auth -> 200 OK for sip:+999700000003012@ims.mnc070.mcc999.3gpp.network.org
Jul  7 05:33:55 ims kamailio-scscf[3067]: WARNING: registrar [save.c:512]: authentication failed for sip:+999700000003456@ims.mnc070.mcc999.3gpp.network.org, replying 403 Forbidden
Jul  7 05:34:19 ims kamailio-scscf[3067]: INFO: registrar [save.c:498]: 401 challenge -> REGISTER w/ auth -> 200 OK for sip:+999700000003691@ims.mnc070.mcc999.3gpp.network.org
Jul  7 05:34:45 ims kamailio-scscf[3067]: INFO: registrar [save.c:498]: 401 challenge -> REGISTER w/ auth -> 200 OK for sip:+999700000004509@ims.mnc070.mcc999.3gpp.network.org
Jul  7 05:35:11 ims kamailio-scscf[3067]: INFO: registrar [save.c:498]: 401 challenge -> REGISTER w/ auth -> 200 OK for sip:+999700000004768@ims.mnc070.mcc999.3gpp.network.org
Jul  7 05:36:08 ims kamailio-scscf[3067]: INFO: registrar [save.c:498]: 401 challenge -> REGISTER w/ auth -> 200 OK for sip:+999700000004558@ims.mnc070.mcc999.3gpp.network.org
Jul  7 05:36:09 ims kamailio-scscf[3067]: INFO: registrar [save.c:498]: 401 challenge -> REGISTER w/ auth -> 200 OK for sip:+999700000001927@ims.mnc070.mcc999.3gpp.network.org
Jul  7 05:37:13 ims kamailio-scscf[3067]: INFO: registrar [save.c:498]: 401 challenge -> REGISTER w/ auth -> 200 OK for sip:+999700000004169@ims.mnc070.mcc999.3gpp.network.org
Jul  7 05:37:18 ims kamailio-scscf[3067]: INFO: registrar [save.c:498]: 401 challenge -> REGISTER w/ auth -> 200 OK for sip:+999700000001040@ims.mnc070.mcc999.3gpp.network.org
Jul  7 05:38:55 ims kamailio-scscf[3067]: INFO: tm [t_reply.c:900]: Call-ID: f4fd9f9d480a4aad@ims.mnc070.mcc999.3gpp.network.org 180 Ringing -> 200 OK, dialog confirmed
Jul  7 05:45:36 ims kamailio-scscf[3067]: INFO: tm [t_reply.c:900]: Call-ID: 3d7486480e0a4bf3@ims.mnc070.mcc999.3gpp.network.org 180 Ringing -> 200 OK, dialog confirmed
Jul  7 05:48:14 ims kamailio-scscf[3067]: INFO: tm [t_reply.c:900]: Call-ID: 4c0925fc85354819@ims.mnc070.mcc999.3gpp.network.org final reply 480 No Answer
Jul  7 05:48:51 ims kamailio-scscf[3067]: INFO: registrar [save.c:498]: 401 challenge -> REGISTER w/ auth -> 200 OK for sip:+999700000000128@ims.mnc070.mcc999.3gpp.network.org
Jul  7 05:50:11 ims kamailio-scscf[3067]: INFO: registrar [save.c:498]: 401 challenge -> REGISTER w/ auth -> 200 OK for sip:+999700000004645@ims.mnc070.mcc999.3gpp.network.org
Jul  7 05:50:17 ims kamailio-scscf[3067]: INFO: registrar [save.c:498]: 401 challenge -> REGISTER w/ auth -> 200 OK for sip:+999700000002608@ims.mnc070.mcc999.3gpp.network.org
Jul  7 05:50:42 ims kamailio-scscf[3067]: INFO: registrar [save.c:498]: 401 challenge -> REGISTER w/ auth -> 200 OK for sip:+999700000004674@ims.mnc070.mcc999.3gpp.network.org
Jul  7 05:53:03 ims kamailio-scscf[3067]: INFO: registrar [save.c:498]: 401 challenge -> REGISTER w/ auth -> 200 OK for sip:+999700000003465@ims.mnc070.mcc999.3gpp.network.org
Jul  7 05:53:12 ims kamailio-scscf[3067]: INFO: registrar [save.c:498]: 401 challenge -> REGISTER w/ auth -> 200 OK for sip:+999700000001735@ims.mnc070.mcc999.3gpp.network.org
Jul  7 05:57:57 ims kamailio-scscf[3067]: INFO: registrar [save.c:498]: 401 challenge -> REGISTER w/ auth -> 200 OK for sip:+999700000003280@ims.mnc070.mcc999.3gpp.network.org
Jul  7 06:01:20 ims kamailio-scscf[3067]: INFO: registrar [save.c:498]: 401 challenge -> REGISTER w/ auth -> 200 OK for sip:+999700000000936@ims.mnc070.mcc999.3gpp.network.org
Jul  7 06:01:34 ims kamailio-scscf[3067]: INFO: registrar [save.c:498]: 401 challenge -> REGISTER w/ auth -> 200 OK for sip:+999700000000967@ims.mnc070.mcc999.3gpp.network.org
Jul  7 06:02:05 ims kamailio-scscf[3067]: INFO: tm [t_reply.c:900]: Call-ID: ea7ee4470ddf4429@ims.mnc070.mcc999.3gpp.network.org 180 Ringing -> 200 OK, dialog confirmed
Jul  7 06:02:20 ims kamailio-scscf[3067]: INFO: registrar [save.c:498]: 401 challenge -> REGISTER w/ auth -> 200 OK for sip:+999700000000589@ims.mnc070.mcc999.3gpp.network.org
Jul  7 06:02:59 ims kamailio-scscf[3067]: INFO: registrar [save.c:498]: 401 challenge -> REGISTER w/ auth -> 200 OK for sip:+999700000003900@ims.mnc070.mcc999.3gpp.network.org
Jul  7 06:03:11 ims kamailio-scscf[3067]: INFO: registrar [save.c:498]: 401 challenge -> REGISTER w/ auth -> 200 OK for sip:+999700000001482@ims.mnc070.mcc999.3gpp.network.org
Jul  7 06:03:30 ims kamailio-scscf[3067]: INFO: registrar [save.c:498]: 401 challenge -> REGISTER w/ auth -> 200 OK for sip:+999700000004492@ims.mnc070.mcc999.3gpp.network.org
Jul  7 06:13:25 ims kamailio-scscf[3067]: INFO: registrar [save.c:498]: 401 challenge -> REGISTER w/ auth -> 200 OK for sip:+999700000000602@ims.mnc070.mcc999.3gpp.network.org
Jul  7 06:18:20 ims kamailio-scscf[3067]: INFO: registrar [save.c:498]: 401 challenge -> REGISTER w/ auth -> 200 OK for sip:+999700000000204@ims.mnc070.mcc999.3gpp.network.org
Jul  7 06:21:08 ims kamailio-scscf[3067]: INFO: registrar [save.c:498]: 401 challenge -> REGISTER w/ auth -> 200 OK for sip:+999700000001875@ims.mnc070.mcc999.3gpp.network.org
Jul  7 06:22:50 ims kamailio-scscf[3067]: INFO: registrar [save.c:498]: 401 challenge -> REGISTER w/ auth -> 200 OK for sip:+999700000001876@ims.mnc070.mcc999.3gpp.network.org
Jul  7 06:29:24 ims kamailio-scscf[3067]: INFO: registrar [save.c:498]: 401 challenge -> REGISTER w/ auth -> 200 OK for sip:+999700000000084@ims.mnc070.mcc999.3gpp.network.org
Jul  7 06:33:54 ims kamailio-scscf[3067]: INFO: registrar [save.c:498]: 401 challenge -> REGISTER w/ auth -> 200 OK for sip:+999700000004123@ims.mnc070.mcc999.3gpp.network.org
Jul  7 06:34:04 ims kamailio-scscf[3067]: INFO: registrar [save.c:498]: 401 challenge -> REGISTER w/ auth -> 200 OK for sip:+999700000000098@ims.mnc070.mcc999.3gpp.network.org
Jul  7 06:36:40 ims kamailio-scscf[3067]: INFO: registrar [save.c:498]: 401 challenge -> REGISTER w/ auth -> 200 OK for sip:+999700000004336@ims.mnc070.mcc999.3gpp.network.org
Jul  7 06:37:33 ims kamailio-scscf[3067]: INFO: tm [t_reply.c:900]: Call-ID: 63dd71333d6c4bad@ims.mnc070.mcc999.3gpp.network.org final reply 486 Busy Here
Jul  7 06:38:37 ims kamailio-scscf[3067]: INFO: tm [t_reply.c:900]: Call-ID: 891f782779924297@ims.mnc070.mcc999.3gpp.network.org 180 Ringing -> 200 OK, dialog confirmed
Jul  7 06:40:24 ims kamailio-scscf[3067]: INFO: registrar [save.c:498]: 401 challenge -> REGISTER w/ auth -> 200 OK for sip:+999700000001734@ims.mnc070.mcc999.3gpp.network.org
Jul  7 06:42:01 ims kamailio-scscf[3067]: INFO: registrar [save.c:498]: 401 challenge -> REGISTER w/ auth -> 200 OK for sip:+999700000001438@ims.mnc070.mcc999.3gpp.network.org
Jul  7 06:43:02 ims kamailio-scscf[3067]: INFO: registrar [save.c:498]: 401 challenge -> REGISTER w/ auth -> 200 OK for sip:+999700000001825@ims.mnc070.mcc999.3gpp.network.org
Jul  7 06:43:40 ims kamailio-scscf[3067]: INFO: registrar [save.c:498]: 401 challenge -> REGISTER w/ auth -> 200 OK for sip:+999700000001321@ims.mnc070.mcc999.3gpp.network.org
Jul  7 06:45:09 ims kamailio-scscf[3067]: INFO: registrar [save.c:498]: 401 challenge -> REGISTER w/ auth -> 200 OK for sip:+999700000004287@ims.mnc070.mcc999.3gpp.network.org
Jul  7 06:47:01 ims kamailio-scscf[3067]: INFO: registrar [save.c:498]: 401 challenge -> REGISTER w/ auth -> 200 OK for sip:+999700000000265@ims.mnc070.mcc999.3gpp.network.org
Jul  7 06:47:37 ims kamailio-scscf[3067]: INFO: registrar [save.c:498]: 401 challenge -> REGISTER w/ auth -> 200 OK for sip:+999700000001652@ims.mnc070.mcc999.3gpp.network.org
Jul  7 06:48:29 ims kamailio-scscf[3067]: INFO: registrar [save.c:498]: 401 challenge -> REGISTER w/ auth -> 200 OK for sip:+999700000000706@ims.mnc070.mcc999.3gpp.network.org
Jul  7 06:48:53 ims kamailio-scscf[3067]: INFO: registrar [save.c:498]: 401 challenge -> REGISTER w/ auth -> 200 OK for sip:+999700000003902@ims.mnc070.mcc999.3gpp.network.org
Jul  7 06:49:38 ims kamailio-scscf[3067]: INFO: registrar [save.c:498]: 401 challenge -> REGISTER w/ auth -> 200 OK for sip:+999700000002187@ims.mnc070.mcc999.3gpp.network.org
Jul  7 06:49:47 ims kamailio-scscf[3067]: INFO: tm [t_reply.c:900]: Call-ID: 89a4832552b14212@ims.mnc070.mcc999.3gpp.network.org 180 Ringing -> 200 OK, dialog confirmed
Jul  7 06:50:07 ims kamailio-scscf[3067]: INFO: registrar [save.c:498]: 401 challenge -> REGISTER w/ auth -> 200 OK for sip:+999700000002703@ims.mnc070.mcc999.3gpp.network.org
Jul  7 06:52:27 ims kamailio-scscf[3067]: INFO: registrar [save.c:498]: 401 challenge -> REGISTER w/ auth -> 200 OK for sip:+999700000001968@ims.mnc070.mcc999.3gpp.network.org
Jul  7 06:56:54 ims kamailio-scscf[3067]: INFO: registrar [save.c:498]: 401 challenge -> REGISTER w/ auth -> 200 OK for sip:+999700000004213@ims.mnc070.mcc999.3gpp.network.org
Jul  7 06:57:40 ims kamailio-scscf[3067]: INFO: registrar [save.c:498]: 401 challenge -> REGISTER w/ auth -> 200 OK for sip:+999700000004278@ims.mnc070.mcc999.3gpp.network.org
Jul  7 06:58:33 ims kamailio-scscf[3067]: INFO: tm [t_reply.c:900]: Call-ID: 423cb75a99844c6c@ims.mnc070.mcc999.3gpp.network.org 180 Ringing -> 200 OK, dialog confirmed
Jul  7 07:04:43 ims kamailio-scscf[3067]: INFO: registrar [save.c:498]: 401 challenge -> REGISTER w/ auth -> 200 OK for sip:+999700000004700@ims.mnc070.mcc999.3gpp.network.org
Jul  7 07:05:04 ims kamailio-scscf[3067]: INFO: registrar [save.c:498]: 401 challenge -> REGISTER w/ auth -> 200 OK for sip:+999700000000459@ims.mnc070.mcc999.3gpp.network.org
Jul  7 07:05:06 ims kamailio-scscf[3067]: INFO: registrar [save.c:498]: 401 challenge -> REGISTER w/ auth -> 200 OK for sip:+999700000000527@ims.mnc070.mcc999.3gpp.network.org
Jul  7 07:05:46 ims kamailio-scscf[3067]: INFO: registrar [save.c:498]: 401 challenge -> REGISTER w/ auth -> 200 OK for sip:+999700000002481@ims.mnc070.mcc999.3gpp.network.org
Jul  7 07:06:48 ims kamailio-scscf[3067]: INFO: registrar [save.c:498]: 401 challenge -> REGISTER w/ auth -> 200 OK for sip:+999700000000619@ims.mnc070.mcc999.3gpp.network.org
Jul  7 07:09:26 ims kamailio-scscf[3067]: INFO: registrar [save.c:498]: 401 challenge -> REGISTER w/ auth -> 200 OK for sip:+999700000001434@ims.mnc070.mcc999.3gpp.network.org
Jul  7 07:09:32 ims kamailio-scscf[3067]: INFO: registrar [save.c:498]: 401 challenge -> REGISTER w/ auth -> 200 OK for sip:+999700000000562@ims.mnc070.mcc999.3gpp.network.org
Jul  7 07:09:33 ims kamailio-scscf[3067]: INFO: registrar [save.c:498]: 401 challenge -> REGISTER w/ auth -> 200 OK for sip:+999700000004774@ims.mnc070.mcc999.3gpp.network.org
Jul  7 07:10:27 ims kamailio-scscf[3067]: INFO: tm [t_reply.c:900]: Call-ID: 14c7b8af603a405f@ims.mnc070.mcc999.3gpp.network.org 180 Ringing -> 200 OK, dialog confirmed
Jul  7 07:11:41 ims kamailio-scscf[3067]: INFO: registrar [save.c:498]: 401 challenge -> REGISTER w/ auth -> 200 OK for sip:+999700000002344@ims.mnc070.mcc999.3gpp.network.org
Jul  7 07:15:05 ims kamailio-scscf[3067]: INFO: registrar [save.c:498]: 401 challenge -> REGISTER w/ auth -> 200 OK for sip:+999700000003795@ims.mnc070.mcc999.3gpp.network.org
Jul  7 07:19:28 ims kamailio-scscf[3067]: INFO: registrar [save.c:498]: 401 challenge -> REGISTER w/ auth -> 200 OK for sip:+999700000004424@ims.mnc070.mcc999.3gpp.network.org
Jul  7 07:21:43 ims kamailio-scscf[3067]: INFO: registrar [save.c:498]: 401 challenge -> REGISTER w/ auth -> 200 OK for sip:+999700000003515@ims.mnc070.mcc999.3gpp.network.org
Jul  7 07:23:20 ims kamailio-scscf[3067]: INFO: registrar [save.c:498]: 401 challenge -> REGISTER w/ auth -> 200 OK for sip:+999700000002030@ims.mnc070.mcc999.3gpp.network.org
Jul  7 07:24:25 ims kamailio-scscf[3067]: INFO: registrar [save.c:498]: 401 challenge -> REGISTER w/ auth -> 200 OK for sip:+999700000002021@ims.mnc070.mcc999.3gpp.network.org
Jul  7 07:26:14 ims kamailio-scscf[3067]: INFO: registrar [save.c:498]: 401 challenge -> REGISTER w/ auth -> 200 OK for sip:+999700000004298@ims.mnc070.mcc999.3gpp.network.org
Jul  7 07:27:38 ims kamailio-scscf[3067]: INFO: tm [t_reply.c:900]: Call-ID: e9ae9ed2f13a4d44@ims.mnc070.mcc999.3gpp.network.org 180 Ringing -> 200 OK, dialog confirmed
Jul  7 07:29:59 ims kamailio-scscf[3067]: INFO: registrar [save.c:498]: 401 challenge -> REGISTER w/ auth -> 200 OK for sip:+999700000003458@ims.mnc070.mcc999.3gpp.network.org
Jul  7 07:30:41 ims kamailio-scscf[3067]: INFO: registrar [save.c:498]: 401 challenge -> REGISTER w/ auth -> 200 OK for sip:+999700000002273@ims.mnc070.mcc999.3gpp.network.org
Jul  7 07:35:56 ims kamailio-scscf[3067]: INFO: registrar [save.c:498]: 401 challenge -> REGISTER w/ auth -> 200 OK for sip:+999700000001894@ims.mnc070.mcc999.3gpp.network.org
Jul  7 07:38:00 ims kamailio-scscf[3067]: INFO: tm [t_reply.c:900]: Call-ID: 67475a044fdc4b08@ims.mnc070.mcc999.3gpp.network.org 180 Ringing -> 200 OK, dialog confirmed
Jul  7 07:38:59 ims kamailio-scscf[3067]: INFO: registrar [save.c:498]: 401 challenge -> REGISTER w/ auth -> 200 OK for sip:+999700000000086@ims.mnc070.mcc999.3gpp.network.org
Jul  7 07:40:34 ims kamailio-scscf[3067]: INFO: registrar [save.c:498]: 401 challenge -> REGISTER w/ auth -> 200 OK for sip:+999700000003792@ims.mnc070.mcc999.3gpp.network.org
Jul  7 07:41:33 ims kamailio-scscf[3067]: INFO: registrar [save.c:498]: 401 challenge -> REGISTER w/ auth -> 200 OK for sip:+999700000004074@ims.mnc070.mcc999.3gpp.network.org
Jul  7 07:42:27 ims kamailio-scscf[3067]: INFO: registrar [save.c:498]: 401 challenge -> REGISTER w/ auth -> 200 OK for sip:+999700000003188@ims.mnc070.mcc999.3gpp.network.org
Jul  7 07:42:38 ims kamailio-scscf[3067]: INFO: registrar [save.c:498]: 401 challenge -> REGISTER w/ auth -> 200 OK for sip:+999700000001262@ims.mnc070.mcc999.3gpp.network.org
Jul  7 07:44:18 ims kamailio-scscf[3067]: INFO: tm [t_reply.c:900]: Call-ID: a34e8958ad524486@ims.mnc070.mcc999.3gpp.network.org 180 Ringing -> 200 OK, dialog confirmed
Jul  7 07:45:37 ims kamailio-scscf[3067]: INFO: registrar [save.c:498]: 401 challenge -> REGISTER w/ auth -> 200 OK for sip:+999700000000904@ims.mnc070.mcc999.3gpp.network.org
Jul  7 07:46:03 ims kamailio-scscf[3067]: INFO: registrar [save.c:498]: 401 challenge -> REGISTER w/ auth -> 200 OK for sip:+999700000002210@ims.mnc070.mcc999.3gpp.network.org
Jul  7 07:46:06 ims kamailio-scscf[3067]: INFO: registrar [save.c:498]: 401 challenge -> REGISTER w/ auth -> 200 OK for sip:+999700000001187@ims.mnc070.mcc999.3gpp.network.org
Jul  7 07:49:04 ims kamailio-scscf[3067]: INFO: registrar [save.c:498]: 401 challenge -> REGISTER w/ auth -> 200 OK for sip:+999700000000463@ims.mnc070.mcc999.3gpp.network.org
Jul  7 07:49:53 ims kamailio-scscf[3067]: INFO: tm [t_reply.c:900]: Call-ID: 65a7b4cc0da445e0@ims.mnc070.mcc999.3gpp.network.org 180 Ringing -> 200 OK, dialog confirmed
Jul  7 07:51:43 ims kamailio-scscf[3067]: INFO: registrar [save.c:498]: 401 challenge -> REGISTER w/ auth -> 200 OK for sip:+999700000004434@ims.mnc070.mcc999.3gpp.network.org
Jul  7 07:53:10 ims kamailio-scscf[3067]: INFO: registrar [save.c:498]: 401 challenge -> REGISTER w/ auth -> 200 OK for sip:+999700000003938@ims.mnc070.mcc999.3gpp.network.org
Jul  7 07:53:36 ims kamailio-scscf[3067]: INFO: registrar [save.c:498]: 401 challenge -> REGISTER w/ auth -> 200 OK for sip:+999700000003581@ims.mnc070.mcc999.3gpp.network.org
Jul  7 07:53:51 ims kamailio-scscf[3067]: INFO: registrar [save.c:498]: 401 challenge -> REGISTER w/ auth -> 200 OK for sip:+999700000001163@ims.mnc070.mcc999.3gpp.network.org
Jul  7 07:58:06 ims kamailio-scscf[3067]: INFO: registrar [save.c:498]: 401 challenge -> REGISTER w/ auth -> 200 OK for sip:+999700000004752@ims.mnc070.mcc999.3gpp.network.org
Jul  7 07:58:25 ims kamailio-scscf[3067]: INFO: tm [t_reply.c:900]: Call-ID: eb0012e179714fa1@ims.mnc070.mcc999.3gpp.network.org 180 Ringing -> 200 OK, dialog confirmed
Jul  7 08:00:36 ims kamailio-scscf[3067]: INFO: tm [t_reply.c:900]: Call-ID: a1053051bbc34eba@ims.mnc070.mcc999.3gpp.network.org 180 Ringing -> 200 OK, dialog confirmed
Jul  7 08:02:13 ims kamailio-scscf[3067]: INFO: registrar [save.c:498]: 401 challenge -> REGISTER w/ auth -> 200 OK for sip:+999700000002013@ims.mnc070.mcc999.3gpp.network.org
Jul  7 08:05:12 ims kamailio-scscf[3067]: INFO: registrar [save.c:498]: 401 challenge -> REGISTER w/ auth -> 200 OK for sip:+999700000000231@ims.mnc070.mcc999.3gpp.network.org
Jul  7 08:06:16 ims kamailio-scscf[3067]: INFO: registrar [save.c:498]: 401 challenge -> REGISTER w/ auth -> 200 OK for sip:+999700000004386@ims.mnc070.mcc999.3gpp.network.org
Jul  7 08:07:25 ims kamailio-scscf[3067]: INFO: registrar [save.c:498]: 401 challenge -> REGISTER w/ auth -> 200 OK for sip:+999700000003466@ims.mnc070.mcc999.3gpp.network.org
Jul  7 08:07:51 ims kamailio-scscf[3067]: WARNING: registrar [save.c:512]: authentication failed for sip:+999700000004424@ims.mnc070.mcc999.3gpp.network.org, replying 403 Forbidden
Jul  7 08:09:51 ims kamailio-scscf[3067]: INFO: registrar [save.c:498]: 401 challenge -> REGISTER w/ auth -> 200 OK for sip:+999700000000790@ims.mnc070.mcc999.3gpp.network.org
Jul  7 08:10:11 ims kamailio-scscf[3067]: INFO: tm [t_reply.c:900]: Call-ID: d50c769d00c0446e@ims.mnc070.mcc999.3gpp.network.org 180 Ringing -> 200 OK, dialog confirmed
Jul  7 08:11:12 ims kamailio-scscf[3067]: INFO: registrar [save.c:498]: 401 challenge -> REGISTER w/ auth -> 200 OK for sip:+999700000002826@ims.mnc070.mcc999.3gpp.network.org
Jul  7 08:13:56 ims kamailio-scscf[3067]: INFO: tm [t_reply.c:900]: Call-ID: bf6bc6e5c8de414f@ims.mnc070.mcc999.3gpp.network.org 180 Ringing -> 200 OK, dialog confirmed
Jul  7 08:14:26 ims kamailio-scscf[3067]: INFO: registrar [save.c:498]: 401 challenge -> REGISTER w/ auth -> 200 OK for sip:+999700000003038@ims.mnc070.mcc999.3gpp.network.org
Jul  7 08:16:05 ims kamailio-scscf[3067]: INFO: tm [t_reply.c:900]: Call-ID: 32fbb1fd60024a73@ims.mnc070.mcc999.3gpp.network.org final reply 486 Busy Here
Jul  7 08:16:09 ims kamailio-scscf[3067]: INFO: registrar [save.c:498]: 401 challenge -> REGISTER w/ auth -> 200 OK for sip:+999700000001428@ims.mnc070.mcc999.3gpp.network.org
Jul  7 08:16:46 ims kamailio-scscf[3067]: INFO: registrar [save.c:498]: 401 challenge -> REGISTER w/ auth -> 200 OK for sip:+999700000002062@ims.mnc070.mcc999.3gpp.network.org
Jul  7 08:18:46 ims kamailio-scscf[3067]: INFO: registrar [save.c:498]: 401 challenge -> REGISTER w/ auth -> 200 OK for sip:+999700000003282@ims.mnc070.mcc999.3gpp.network.org
Jul  7 08:19:23 ims kamailio-scscf[3067]: INFO: tm [t_reply.c:900]: Call-ID: c00442f937384053@ims.mnc070.mcc999.3gpp.network.org 180 Ringing -> 200 OK, dialog confirmed
Jul  7 08:20:08 ims kamailio-scscf[3067]: INFO: registrar [save.c:498]: 401 challenge -> REGISTER w/ auth -> 200 OK for sip:+999700000001801@ims.mnc070.mcc999.3gpp.network.org
Jul  7 08:23:05 ims kamailio-scscf[3067]: INFO: registrar [save.c:498]: 401 challenge -> REGISTER w/ auth -> 200 OK for sip:+999700000002273@ims.mnc070.mcc999.3gpp.network.org
Jul  7 08:24:04 ims kamailio-scscf[3067]: INFO: registrar [save.c:498]: 401 challenge -> REGISTER w/ auth -> 200 OK for sip:+999700000003052@ims.mnc070.mcc999.3gpp.network.org
Jul  7 08:25:41 ims kamailio-scscf[3067]: INFO: registrar [save.c:498]: 401 challenge -> REGISTER w/ auth -> 200 OK for sip:+999700000003482@ims.mnc070.mcc999.3gpp.network.org
Jul  7 08:28:06 ims kamailio-scscf[3067]: INFO: tm [t_reply.c:900]: Call-ID: 7f99561a8539436b@ims.mnc070.mcc999.3gpp.network.org 180 Ringing -> 200 OK, dialog confirmed
Jul  7 08:28:07 ims kamailio-scscf[3067]: INFO: registrar [save.c:498]: 401 challenge -> REGISTER w/ auth -> 200 OK for sip:+999700000000105@ims.mnc070.mcc999.3gpp.network.org
Jul  7 08:29:06 ims kamailio-scscf[3067]: INFO: registrar [save.c:498]: 401 challenge -> REGISTER w/ auth -> 200 OK for sip:+999700000003761@ims.mnc070.mcc999.3gpp.network.org
Jul  7 08:29:16 ims kamailio-scscf[3067]: INFO: registrar [save.c:498]: 401 challenge -> REGISTER w/ auth -> 200 OK for sip:+999700000003481@ims.mnc070.mcc999.3gpp.network.org
Jul  7 08:30:32 ims kamailio-scscf[3067]: INFO: tm [t_reply.c:900]: Call-ID: 3aa7ba7ed23e4104@ims.mnc070.mcc999.3gpp.network.org 180 Ringing -> 200 OK, dialog confirmed
Jul  7 08:31:19 ims kamailio-scscf[3067]: INFO: registrar [save.c:498]: 401 challenge -> REGISTER w/ auth -> 200 OK for sip:+999700000000945@ims.mnc070.mcc999.3gpp.network.org
Jul  7 08:31:28 ims kamailio-scscf[3067]: INFO: registrar [save.c:498]: 401 challenge -> REGISTER w/ auth -> 200 OK for sip:+999700000001434@ims.mnc070.mcc999.3gpp.network.org
Jul  7 08:35:12 ims kamailio-scscf[3067]: INFO: registrar [save.c:498]: 401 challenge -> REGISTER w/ auth -> 200 OK for sip:+999700000003521@ims.mnc070.mcc999.3gpp.network.org
Jul  7 08:35:18 ims kamailio-scscf[3067]: INFO: registrar [save.c:498]: 401 challenge -> REGISTER w/ auth -> 200 OK for sip:+999700000000323@ims.mnc070.mcc999.3gpp.network.org
Jul  7 08:38:35 ims kamailio-scscf[3067]: INFO: registrar [save.c:498]: 401 challenge -> REGISTER w/ auth -> 200 OK for sip:+999700000002187@ims.mnc070.mcc999.3gpp.network.org
Jul  7 08:39:30 ims kamailio-scscf[3067]: INFO: registrar [save.c:498]: 401 challenge -> REGISTER w/ auth -> 200 OK for sip:+999700000004143@ims.mnc070.mcc999.3gpp.network.org
Jul  7 08:42:05 ims kamailio-scscf[3067]: INFO: tm [t_reply.c:900]: Call-ID: 8da243baf58d44b3@ims.mnc070.mcc999.3gpp.network.org 180 Ringing -> 200 OK, dialog confirmed
Jul  7 08:42:32 ims kamailio-scscf[3067]: INFO: registrar [save.c:498]: 401 challenge -> REGISTER w/ auth -> 200 OK for sip:+999700000002841@ims.mnc070.mcc999.3gpp.network.org
Jul  7 08:43:14 ims kamailio-scscf[3067]: INFO: tm [t_reply.c:900]: Call-ID: eb697e7c3a7a4ebe@ims.mnc070.mcc999.3gpp.network.org 180 Ringing -> 200 OK, dialog confirmed
Jul  7 08:44:15 ims kamailio-scscf[3067]: INFO: registrar [save.c:498]: 401 challenge -> REGISTER w/ auth -> 200 OK for sip:+999700000004773@ims.mnc070.mcc999.3gpp.network.org
Jul  7 08:44:30 ims kamailio-scscf[3067]: INFO: registrar [save.c:498]: 401 challenge -> REGISTER w/ auth -> 200 OK for sip:+999700000001346@ims.mnc070.mcc999.3gpp.network.org
Jul  7 08:46:36 ims kamailio-scscf[3067]: INFO: registrar [save.c:498]: 401 challenge -> REGISTER w/ auth -> 200 OK for sip:+999700000000393@ims.mnc070.mcc999.3gpp.network.org
Jul  7 08:47:29 ims kamailio-scscf[3067]: INFO: registrar [save.c:498]: 401 challenge -> REGISTER w/ auth -> 200 OK for sip:+999700000002839@ims.mnc070.mcc999.3gpp.network.org
Jul  7 08:48:45 ims kamailio-scscf[3067]: INFO: registrar [save.c:498]: 401 challenge -> REGISTER w/ auth -> 200 OK for sip:+999700000000211@ims.mnc070.mcc999.3gpp.network.org
Jul  7 08:50:46 ims kamailio-scscf[3067]: INFO: registrar [save.c:498]: 401 challenge -> REGISTER w/ auth -> 200 OK for sip:+999700000001650@ims.mnc070.mcc999.3gpp.network.org
Jul  7 08:51:38 ims kamailio-scscf[3067]: INFO: tm [t_reply.c:900]: Call-ID: 12db0f9eb55f4a37@ims.mnc070.mcc999.3gpp.network.org final reply 486 Busy Here
Jul  7 08:54:37 ims kamailio-scscf[3067]: INFO: registrar [save.c:498]: 401 challenge -> REGISTER w/ auth -> 200 OK for sip:+999700000002970@ims.mnc070.mcc999.3gpp.network.org
Jul  7 08:55:26 ims kamailio-scscf[3067]: INFO: tm [t_reply.c:900]: Call-ID: a875c03fc7c8437a@ims.mnc070.mcc999.3gpp.network.org 180 Ringing -> 200 OK, dialog confirmed
Jul  7 08:55:38 ims kamailio-scscf[3067]: INFO: registrar [save.c:498]: 401 challenge -> REGISTER w/ auth -> 200 OK for sip:+999700000001362@ims.mnc070.mcc999.3gpp.network.org
Jul  7 08:55:50 ims kamailio-scscf[3067]: INFO: registrar [save.c:498]: 401 challenge -> REGISTER w/ auth -> 200 OK for sip:+999700000004261@ims.mnc070.mcc999.3gpp.network.org
Jul  7 08:56:56 ims kamailio-scscf[3067]: INFO: tm [t_reply.c:900]: Call-ID: 14781c27cd0d40a5@ims.mnc070.mcc999.3gpp.network.org final reply 486 Busy Here
Jul  7 08:57:33 ims kamailio-scscf[3067]: INFO: registrar [save.c:498]: 401 challenge -> REGISTER w/ auth -> 200 OK for sip:+999700000004467@ims.mnc070.mcc999.3gpp.network.org
Jul  7 08:58:02 ims kamailio-scscf[3067]: INFO: registrar [save.c:498]: 401 challenge -> REGISTER w/ auth -> 200 OK for sip:+999700000003876@ims.mnc070.mcc999.3gpp.network.org
Jul  7 08:59:46 ims kamailio-scscf[3067]: INFO: registrar [save.c:498]: 401 challenge -> REGISTER w/ auth -> 200 OK for sip:+999700000003512@ims.mnc070.mcc999.3gpp.network.org
Jul  7 09:00:17 ims kamailio-scscf[3067]: INFO: registrar [save.c:498]: 401 challenge -> REGISTER w/ auth -> 200 OK for sip:+999700000001730@ims.mnc070.mcc999.3gpp.network.org
Jul  7 09:01:38 ims kamailio-scscf[3067]: INFO: registrar [save.c:498]: 401 challenge -> REGISTER w/ auth -> 200 OK for sip:+999700000003228@ims.mnc070.mcc999.3gpp.network.org
Jul  7 09:01:43 ims kamailio-scscf[3067]: INFO: registrar [save.c:498]: 401 challenge -> REGISTER w/ auth -> 200 OK for sip:+999700000002490@ims.mnc070.mcc999.3gpp.network.org
Jul  7 09:02:06 ims kamailio-scscf[3067]: INFO: registrar [save.c:498]: 401 challenge -> REGISTER w/ auth -> 200 OK for sip:+999700000002663@ims.mnc070.mcc999.3gpp.network.org
Jul  7 09:04:04 ims kamailio-scscf[3067]: INFO: tm [t_reply.c:900]: Call-ID: 0118c646ccc34432@ims.mnc070.mcc999.3gpp.network.org 180 Ringing -> 200 OK, dialog confirmed
Jul  7 09:05:09 ims kamailio-scscf[3067]: INFO: registrar [save.c:498]: 401 challenge -> REGISTER w/ auth -> 200 OK for sip:+999700000000054@ims.mnc070.mcc999.3gpp.network.org
Jul  7 09:05:40 ims kamailio-scscf[3067]: INFO: registrar [save.c:498]: 401 challenge -> REGISTER w/ auth -> 200 OK for sip:+999700000001712@ims.mnc070.mcc999.3gpp.network.org
Jul  7 09:06:02 ims kamailio-scscf[3067]: INFO: registrar [save.c:498]: 401 challenge -> REGISTER w/ auth -> 200 OK for sip:+999700000004866@ims.mnc070.mcc999.3gpp.network.org
Jul  7 09:06:28 ims kamailio-scscf[3067]: INFO: registrar [save.c:498]: 401 challenge -> REGISTER w/ auth -> 200 OK for sip:+999700000004463@ims.mnc070.mcc999.3gpp.network.org
Jul  7 09:08:34 ims kamailio-scscf[3067]: INFO: registrar [save.c:498]: 401 challenge -> REGISTER w/ auth -> 200 OK for sip:+999700000004874@ims.mnc070.mcc999.3gpp.network.org
Jul  7 09:08:59 ims kamailio-scscf[3067]: INFO: tm [t_reply.c:900]: Call-ID: 8de64adaaf7c4f34@ims.mnc070.mcc999.3gpp.network.org final reply 486 Busy Here
Jul  7 09:11:36 ims kamailio-scscf[3067]: INFO: registrar [save.c:498]: 401 challenge -> REGISTER w/ auth -> 200 OK for sip:+999700000003911@ims.mnc070.mcc999.3gpp.network.org
Jul  7 09:13:24 ims kamailio-scscf[3067]: INFO: tm [t_reply.c:900]: Call-ID: e5bda77d2caa4011@ims.mnc070.mcc999.3gpp.network.org 180 Ringing -> 200 OK, dialog confirmed
Jul  7 09:13:37 ims kamailio-scscf[3067]: INFO: tm [t_reply.c:900]: Call-ID: a2a2fc610ad6487a@ims.mnc070.mcc999.3gpp.network.org final reply 480 No Answer
Jul  7 09:16:25 ims kamailio-scscf[3067]: INFO: registrar [save.c:498]: 401 challenge -> REGISTER w/ auth -> 200 OK for sip:+999700000001473@ims.mnc070.mcc999.3gpp.network.org
Jul  7 09:17:26 ims kamailio-scscf[3067]: INFO: registrar [save.c:498]: 401 challenge -> REGISTER w/ auth -> 200 OK for sip:+999700000001704@ims.mnc070.mcc999.3gpp.network.org
Jul  7 09:18:05 ims kamailio-scscf[3067]: INFO: registrar [save.c:498]: 401 challenge -> REGISTER w/ auth -> 200 OK for sip:+999700000002958@ims.mnc070.mcc999.3gpp.network.org
Jul  7 09:19:12 ims kamailio-scscf[3067]: INFO: registrar [save.c:498]: 401 challenge -> REGISTER w/ auth -> 200 OK for sip:+999700000002216@ims.mnc070.mcc999.3gpp.network.org
Jul  7 09:20:29 ims kamailio-scscf[3067]: INFO: registrar [save.c:498]: 401 challenge -> REGISTER w/ auth -> 200 OK for sip:+999700000003578@ims.mnc070.mcc999.3gpp.network.org
Jul  7 09:21:01 ims kamailio-scscf[3067]: INFO: registrar [save.c:498]: 401 challenge -> REGISTER w/ auth -> 200 OK for sip:+999700000003288@ims.mnc070.mcc999.3gpp.network.org
Jul  7 09:23:19 ims kamailio-scscf[3067]: INFO: registrar [save.c:498]: 401 challenge -> REGISTER w/ auth -> 200 OK for sip:+999700000004929@ims.mnc070.mcc999.3gpp.network.org
Jul  7 09:24:26 ims kamailio-scscf[3067]: INFO: registrar [save.c:498]: 401 challenge -> REGISTER w/ auth -> 200 OK for sip:+999700000003791@ims.mnc070.mcc999.3gpp.network.org
Jul  7 09:26:28 ims kamailio-scscf[3067]: INFO: registrar [save.c:498]: 401 challenge -> REGISTER w/ auth -> 200 OK for sip:+999700000000623@ims.mnc070.mcc999.3gpp.network.org
Jul  7 09:27:06 ims kamailio-scscf[3067]: INFO: registrar [save.c:498]: 401 challenge -> REGISTER w/ auth -> 200 OK for sip:+999700000003942@ims.mnc070.mcc999.3gpp.network.org
Jul  7 09:27:59 ims kamailio-scscf[3067]: INFO: tm [t_reply.c:900]: Call-ID: 82cebb53c89849f9@ims.mnc070.mcc999.3gpp.network.org 180 Ringing -> 200 OK, dialog confirmed
Jul  7 09:28:05 ims kamailio-scscf[3067]: INFO: tm [t_reply.c:900]: Call-ID: 0b334bafd7e042b6@ims.mnc070.mcc999.3gpp.network.org 180 Ringing -> 200 OK, dialog confirmed
Jul  7 09:28:54 ims kamailio-scscf[3067]: INFO: tm [t_reply.c:900]: Call-ID: bf224259ab2d4e68@ims.mnc070.mcc999.3gpp.network.org 180 Ringing -> 200 OK, dialog confirmed
Jul  7 09:29:51 ims kamailio-scscf[3067]: INFO: tm [t_reply.c:900]: Call-ID: 35116e06c2204b2f@ims.mnc070.mcc999.3gpp.network.org final reply 486 Busy Here
Jul  7 09:30:28 ims kamailio-scscf[3067]: INFO: registrar [save.c:498]: 401 challenge -> REGISTER w/ auth -> 200 OK for sip:+999700000002031@ims.mnc070.mcc999.3gpp.network.org
Jul  7 09:30:53 ims kamailio-scscf[3067]: INFO: registrar [save.c:498]: 401 challenge -> REGISTER w/ auth -> 200 OK for sip:+999700000003511@ims.mnc070.mcc999.3gpp.network.org
Jul  7 09:30:55 ims kamailio-scscf[3067]: INFO: registrar [save.c:498]: 401 challenge -> REGISTER w/ auth -> 200 OK for sip:+999700000004225@ims.mnc070.mcc999.3gpp.network.org
Jul  7 09:34:15 ims kamailio-scscf[3067]: INFO: registrar [save.c:498]: 401 challenge -> REGISTER w/ auth -> 200 OK for sip:+999700000004827@ims.mnc070.mcc999.3gpp.network.org
Jul  7 09:34:41 ims kamailio-scscf[3067]: INFO: registrar [save.c:498]: 401 challenge -> REGISTER w/ auth -> 200 OK for sip:+999700000003343@ims.mnc070.mcc999.3gpp.network.org
Jul  7 09:35:52 ims kamailio-scscf[3067]: INFO: registrar [save.c:498]: 401 challenge -> REGISTER w/ auth -> 200 OK for sip:+999700000004522@ims.mnc070.mcc999.3gpp.network.org
Jul  7 09:36:08 ims kamailio-scscf[3067]: INFO: tm [t_reply.c:900]: Call-ID: 82930c557dde4b75@ims.mnc070.mcc999.3gpp.network.org 180 Ringing -> 200 OK, dialog confirmed
Jul  7 09:36:59 ims kamailio-scscf[3067]: INFO: registrar [save.c:498]: 401 challenge -> REGISTER w/ auth -> 200 OK for sip:+999700000002663@ims.mnc070.mcc999.3gpp.network.org
Jul  7 09:37:54 ims kamailio-scscf[3067]: INFO: registrar [save.c:498]: 401 challenge -> REGISTER w/ auth -> 200 OK for sip:+999700000001595@ims.mnc070.mcc999.3gpp.network.org
Jul  7 09:39:54 ims kamailio-scscf[3067]: INFO: registrar [save.c:498]: 401 challenge -> REGISTER w/ auth -> 200 OK for sip:+999700000004722@ims.mnc070.mcc999.3gpp.network.org
Jul  7 09:41:03 ims kamailio-scscf[3067]: INFO: registrar [save.c:498]: 401 challenge -> REGISTER w/ auth -> 200 OK for sip:+999700000001304@ims.mnc070.mcc999.3gpp.network.org
Jul  7 09:42:20 ims kamailio-scscf[3067]: INFO: tm [t_reply.c:900]: Call-ID: 5c337a4ca54a49bd@ims.mnc070.mcc999.3gpp.network.org 180 Ringing -> 200 OK, dialog confirmed
Jul  7 09:42:50 ims kamailio-scscf[3067]: INFO: tm [t_reply.c:900]: Call-ID: 4acac59c8c884a0e@ims.mnc070.mcc999.3gpp.network.org 180 Ringing -> 200 OK, dialog confirmed
Jul  7 09:44:14 ims kamailio-scscf[3067]: INFO: registrar [save.c:498]: 401 challenge -> REGISTER w/ auth -> 200 OK for sip:+999700000000895@ims.mnc070.mcc999.3gpp.network.org
Jul  7 09:44:54 ims kamailio-scscf[3067]: INFO: tm [t_reply.c:900]: Call-ID: 8f11d8c684d7439a@ims.mnc070.mcc999.3gpp.network.org 180 Ringing -> 200 OK, dialog confirmed
Jul  7 09:45:36 ims kamailio-scscf[3067]: INFO: registrar [save.c:498]: 401 challenge -> REGISTER w/ auth -> 200 OK for sip:+999700000003717@ims.mnc070.mcc999.3gpp.network.org
Jul  7 09:48:31 ims kamailio-scscf[3067]: INFO: tm [t_reply.c:900]: Call-ID: e0d1494b5ae54b8c@ims.mnc070.mcc999.3gpp.network.org 180 Ringing -> 200 OK, dialog confirmed
Jul  7 09:50:02 ims kamailio-scscf[3067]: INFO: tm [t_reply.c:900]: Call-ID: a56bb3d7b8224755@ims.mnc070.mcc999.3gpp.network.org 180 Ringing -> 200 OK, dialog confirmed
Jul  7 09:51:14 ims kamailio-scscf[3067]: INFO: registrar [save.c:498]: 401 challenge -> REGISTER w/ auth -> 200 OK for sip:+999700000002831@ims.mnc070.mcc999.3gpp.network.org
Jul  7 09:51:43 ims kamailio-scscf[3067]: INFO: registrar [save.c:498]: 401 challenge -> REGISTER w/ auth -> 200 OK for sip:+999700000002419@ims.mnc070.mcc999.3gpp.network.org
Jul  7 09:53:33 ims kamailio-scscf[3067]: INFO: registrar [save.c:498]: 401 challenge -> REGISTER w/ auth -> 200 OK for sip:+999700000002318@ims.mnc070.mcc999.3gpp.network.org
Jul  7 09:55:04 ims kamailio-scscf[3067]: INFO: registrar [save.c:498]: 401 challenge -> REGISTER w/ auth -> 200 OK for sip:+999700000001582@ims.mnc070.mcc999.3gpp.network.org
Jul  7 09:55:50 ims kamailio-scscf[3067]: INFO: registrar [save.c:498]: 401 challenge -> REGISTER w/ auth -> 200 OK for sip:+999700000004634@ims.mnc070.mcc999.3gpp.network.org
Jul  7 09:56:17 ims kamailio-scscf[3067]: INFO: tm [t_reply.c:900]: Call-ID: 5b42b3a2afc24300@ims.mnc070.mcc999.3gpp.network.org 180 Ringing -> 200 OK, dialog confirmed
Jul  7 09:57:11 ims kamailio-scscf[3067]: INFO: registrar [save.c:498]: 401 challenge -> REGISTER w/ auth -> 200 OK for sip:+999700000001647@ims.mnc070.mcc999.3gpp.network.org
Jul  7 09:57:14 ims kamailio-scscf[3067]: INFO: tm [t_reply.c:900]: Call-ID: 8972be826d8448cf@ims.mnc070.mcc999.3gpp.network.org 180 Ringing -> 200 OK, dialog confirmed
Jul  7 09:57:23 ims kamailio-scscf[3067]: INFO: registrar [save.c:498]: 401 challenge -> REGISTER w/ auth -> 200 OK for sip:+999700000003064@ims.mnc070.mcc999.3gpp.network.org
Jul  7 09:59:06 ims kamailio-scscf[3067]: INFO: registrar [save.c:498]: 401 challenge -> REGISTER w/ auth -> 200 OK for sip:+999700000003615@ims.mnc070.mcc999.3gpp.network.org
Jul  7 09:59:11 ims kamailio-scscf[3067]: INFO: tm [t_reply.c:900]: Call-ID: 4c4e2ae769ec4a92@ims.mnc070.mcc999.3gpp.network.org 180 Ringing -> 200 OK, dialog confirmed
Jul  7 09:59:29 ims kamailio-scscf[3067]: INFO: registrar [save.c:498]: 401 challenge -> REGISTER w/ auth -> 200 OK for sip:+999700000003762@ims.mnc070.mcc999.3gpp.network.org
Jul  7 09:59:47 ims kamailio-scscf[3067]: INFO: registrar [save.c:498]: 401 challenge -> REGISTER w/ auth -> 200 OK for sip:+999700000001978@ims.mnc070.mcc999.3gpp.network.org
Jul  7 10:03:33 ims kamailio-scscf[3067]: INFO: registrar [save.c:498]: 401 challenge -> REGISTER w/ auth -> 200 OK for sip:+999700000000172@ims.mnc070.mcc999.3gpp.network.org
Jul  7 10:04:14 ims kamailio-scscf[3067]: INFO: registrar [save.c:498]: 401 challenge -> REGISTER w/ auth -> 200 OK for sip:+999700000002087@ims.mnc070.mcc999.3gpp.network.org
Jul  7 10:04:26 ims kamailio-scscf[3067]: INFO: tm [t_reply.c:900]: Call-ID: c6cbc7797f444d32@ims.mnc070.mcc999.3gpp.network.org 180 Ringing -> 200 OK, dialog confirmed
Jul  7 10:06:56 ims kamailio-scscf[3067]: INFO: registrar [save.c:498]: 401 challenge -> REGISTER w/ auth -> 200 OK for sip:+999700000001201@ims.mnc070.mcc999.3gpp.network.org
Jul  7 10:07:20 ims kamailio-scscf[3067]: INFO: registrar [save.c:498]: 401 challenge -> REGISTER w/ auth -> 200 OK for sip:+999700000001738@ims.mnc070.mcc999.3gpp.network.org
Jul  7 10:07:42 ims kamailio-scscf[3067]: INFO: registrar [save.c:498]: 401 challenge -> REGISTER w/ auth -> 200 OK for sip:+999700000000341@ims.mnc070.mcc999.3gpp.network.org
Jul  7 10:08:22 ims kamailio-scscf[3067]: INFO: registrar [save.c:498]: 401 challenge -> REGISTER w/ auth -> 200 OK for sip:+999700000004523@ims.mnc070.mcc999.3gpp.network.org
Jul  7 10:10:07 ims kamailio-scscf[3067]: INFO: registrar [save.c:498]: 401 challenge -> REGISTER w/ auth -> 200 OK for sip:+999700000001197@ims.mnc070.mcc999.3gpp.network.org
Jul  7 10:10:43 ims kamailio-scscf[3067]: INFO: registrar [save.c:498]: 401 challenge -> REGISTER w/ auth -> 200 OK for sip:+999700000000314@ims.mnc070.mcc999.3gpp.network.org
Jul  7 10:10:51 ims kamailio-scscf[3067]: INFO: tm [t_reply.c:900]: Call-ID: 3e22ce2ae6e54d53@ims.mnc070.mcc999.3gpp.network.org 180 Ringing -> 200 OK, dialog confirmed
Jul  7 10:11:23 ims kamailio-scscf[3067]: INFO: tm [t_reply.c:900]: Call-ID: 58e72fa7cc9d4ad0@ims.mnc070.mcc999.3gpp.network.org 180 Ringing -> 200 OK, dialog confirmed
Jul  7 10:13:44 ims kamailio-scscf[3067]: INFO: registrar [save.c:498]: 401 challenge -> REGISTER w/ auth -> 200 OK for sip:+999700000000235@ims.mnc070.mcc999.3gpp.network.org
Jul  7 10:13:47 ims kamailio-scscf[3067]: INFO: registrar [save.c:498]: 401 challenge -> REGISTER w/ auth -> 200 OK for sip:+999700000001722@ims.mnc070.mcc999.3gpp.network.org
Jul  7 10:14:26 ims kamailio-scscf[3067]: INFO: registrar [save.c:498]: 401 challenge -> REGISTER w/ auth -> 200 OK for sip:+999700000004868@ims.mnc070.mcc999.3gpp.network.org
Jul  7 10:14:34 ims kamailio-scscf[3067]: INFO: tm [t_reply.c:900]: Call-ID: 7a201922d4c64257@ims.mnc070.mcc999.3gpp.network.org final reply 480 No Answer
Jul  7 10:15:24 ims kamailio-scscf[3067]: INFO: tm [t_reply.c:900]: Call-ID: cbf7726958ff432c@ims.mnc070.mcc999.3gpp.network.org 180 Ringing -> 200 OK, dialog confirmed
Jul  7 10:15:59 ims kamailio-scscf[3067]: INFO: registrar [save.c:498]: 401 challenge -> REGISTER w/ auth -> 200 OK for sip:+999700000001837@ims.mnc070.mcc999.3gpp.network.org
Jul  7 10:16:48 ims kamailio-scscf[3067]: INFO: registrar [save.c:498]: 401 challenge -> REGISTER w/ auth -> 200 OK for sip:+999700000002719@ims.mnc070.mcc999.3gpp.network.org
Jul  7 10:16:52 ims kamailio-scscf[3067]: INFO: registrar [save.c:498]: 401 challenge -> REGISTER w/ auth -> 200 OK for sip:+999700000004564@ims.mnc070.mcc999.3gpp.network.org
Jul  7 10:17:07 ims kamailio-scscf[3067]: INFO: tm [t_reply.c:900]: Call-ID: d7d69a3545474ca9@ims.mnc070.mcc999.3gpp.network.org final reply 480 No Answer
Jul  7 10:17:11 ims kamailio-scscf[3067]: WARNING: registrar [save.c:512]: authentication failed for sip:+999700000003797@ims.mnc070.mcc999.3gpp.network.org, replying 403 Forbidden
Jul  7 10:17:18 ims kamailio-scscf[3067]: INFO: registrar [save.c:498]: 401 challenge -> REGISTER w/ auth -> 200 OK for sip:+999700000001963@ims.mnc070.mcc999.3gpp.network.org
Jul  7 10:18:28 ims kamailio-scscf[3067]: INFO: tm [t_reply.c:900]: Call-ID: e1d9fba18514417c@ims.mnc070.mcc999.3gpp.network.org final reply 486 Busy Here
Jul  7 10:19:14 ims kamailio-scscf[3067]: WARNING: registrar [save.c:512]: authentication failed for sip:+999700000001728@ims.mnc070.mcc999.3gpp.network.org, replying 403 Forbidden
Jul  7 10:19:56 ims kamailio-scscf[3067]: ERROR: cdp [routing.c:280]: Cx MAR timeout, no answer from hss.ims.mnc070.mcc999.3gpp.network.org
Jul  7 10:24:07 ims kamailio-scscf[3067]: WARNING: registrar [save.c:512]: authentication failed for sip:+999700000000485@ims.mnc070.mcc999.3gpp.network.org, replying 403 Forbidden
Jul  7 10:24:11 ims kamailio-scscf[3067]: INFO: registrar [save.c:498]: 401 challenge -> REGISTER w/ auth -> 200 OK for sip:+999700000000662@ims.mnc070.mcc999.3gpp.network.org
Jul  7 10:24:22 ims kamailio-scscf[3067]: INFO: tm [t_reply.c:900]: Call-ID: c9771a498d73446d@ims.mnc070.mcc999.3gpp.network.org 180 Ringing -> 200 OK, dialog confirmed
Jul  7 10:26:52 ims kamailio-scscf[3067]: INFO: registrar [save.c:498]: 401 challenge -> REGISTER w/ auth -> 200 OK for sip:+999700000003549@ims.mnc070.mcc999.3gpp.network.org
Jul  7 10:27:18 ims kamailio-scscf[3067]: INFO: tm [t_reply.c:900]: Call-ID: 45c667dc12b5465c@ims.mnc070.mcc999.3gpp.network.org final reply 486 Busy Here
Jul  7 10:27:23 ims kamailio-scscf[3067]: INFO: registrar [save.c:498]: 401 challenge -> REGISTER w/ auth -> 200 OK for sip:+999700000000272@ims.mnc070.mcc999.3gpp.network.org
Jul  7 10:29:18 ims kamailio-scscf[3067]: INFO: tm [t_reply.c:900]: Call-ID: 9bb0b53f44d247c3@ims.mnc070.mcc999.3gpp.network.org 180 Ringing -> 200 OK, dialog confirmed
Jul  7 10:29:49 ims kamailio-scscf[3067]: INFO: registrar [save.c:498]: 401 challenge -> REGISTER w/ auth -> 200 OK for sip:+999700000000295@ims.mnc070.mcc999.3gpp.network.org
Jul  7 10:29:51 ims kamailio-scscf[3067]: INFO: registrar [save.c:498]: 401 challenge -> REGISTER w/ auth -> 200 OK for sip:+999700000003884@ims.mnc070.mcc999.3gpp.network.org
Jul  7 10:29:59 ims kamailio-scscf[3067]: WARNING: registrar [save.c:512]: authentication failed for sip:+999700000004484@ims.mnc070.mcc999.3gpp.network.org, replying 403 Forbidden
Jul  7 10:30:15 ims kamailio-scscf[3067]: INFO: registrar [save.c:498]: 401 challenge -> REGISTER w/ auth -> 200 OK for sip:+999700000001163@ims.mnc070.mcc999.3gpp.network.org
Jul  7 10:31:59 ims kamailio-scscf[3067]: INFO: tm [t_reply.c:900]: Call-ID: c1b1dc2427824bc9@ims.mnc070.mcc999.3gpp.network.org 180 Ringing -> 200 OK, dialog confirmed
Jul  7 10:32:06 ims kamailio-scscf[3067]: WARNING: tm [t_reply.c:1201]: INVITE Call-ID: 4e53ed1ad8c042ed@ims.mnc070.mcc999.3gpp.network.org failed, 503/timeout downstream
Jul  7 10:33:30 ims kamailio-scscf[3067]: INFO: registrar [save.c:498]: 401 challenge -> REGISTER w/ auth -> 200 OK for sip:+999700000004500@ims.mnc070.mcc999.3gpp.network.org
Jul  7 10:33:53 ims kamailio-scscf[3067]: INFO: registrar [save.c:498]: 401 challenge -> REGISTER w/ auth -> 200 OK for sip:+999700000004435@ims.mnc070.mcc999.3gpp.network.org
Jul  7 10:36:05 ims kamailio-scscf[3067]: INFO: registrar [save.c:498]: 401 challenge -> REGISTER w/ auth -> 200 OK for sip:+999700000004878@ims.mnc070.mcc999.3gpp.network.org
Jul  7 10:36:23 ims kamailio-scscf[3067]: INFO: registrar [save.c:498]: 401 challenge -> REGISTER w/ auth -> 200 OK for sip:+999700000001066@ims.mnc070.mcc999.3gpp.network.org
Jul  7 10:36:25 ims kamailio-scscf[3067]: INFO: tm [t_reply.c:900]: Call-ID: d482d01b845b49ee@ims.mnc070.mcc999.3gpp.network.org 180 Ringing -> 200 OK, dialog confirmed
Jul  7 10:36:53 ims kamailio-scscf[3067]: INFO: registrar [save.c:498]: 401 challenge -> REGISTER w/ auth -> 200 OK for sip:+999700000000524@ims.mnc070.mcc999.3gpp.network.org
Jul  7 10:37:40 ims kamailio-scscf[3067]: INFO: tm [t_reply.c:900]: Call-ID: 373ad78ed8fe4e17@ims.mnc070.mcc999.3gpp.network.org 180 Ringing -> 200 OK, dialog confirmed
Jul  7 10:38:20 ims kamailio-scscf[3067]: INFO: registrar [save.c:498]: 401 challenge -> REGISTER w/ auth -> 200 OK for sip:+999700000001507@ims.mnc070.mcc999.3gpp.network.org
Jul  7 10:40:18 ims kamailio-scscf[3067]: INFO: registrar [save.c:498]: 401 challenge -> REGISTER w/ auth -> 200 OK for sip:+999700000001193@ims.mnc070.mcc999.3gpp.network.org
Jul  7 10:40:43 ims kamailio-scscf[3067]: INFO: tm [t_reply.c:900]: Call-ID: d42cf1d3c6cf487d@ims.mnc070.mcc999.3gpp.network.org 180 Ringing -> 200 OK, dialog confirmed
Jul  7 10:43:16 ims kamailio-scscf[3067]: INFO: tm [t_reply.c:900]: Call-ID: 8299df18073e496c@ims.mnc070.mcc999.3gpp.network.org 180 Ringing -> 200 OK, dialog confirmed
Jul  7 10:43:29 ims kamailio-scscf[3067]: INFO: registrar [save.c:498]: 401 challenge -> REGISTER w/ auth -> 200 OK for sip:+999700000000264@ims.mnc070.mcc999.3gpp.network.org
Jul  7 10:44:12 ims kamailio-scscf[3067]: INFO: registrar [save.c:498]: 401 challenge -> REGISTER w/ auth -> 200 OK for sip:+999700000002986@ims.mnc070.mcc999.3gpp.network.org
Jul  7 10:45:18 ims kamailio-scscf[3067]: INFO: tm [t_reply.c:900]: Call-ID: e2b025e4c450401c@ims.mnc070.mcc999.3gpp.network.org 180 Ringing -> 200 OK, dialog confirmed
Jul  7 10:47:33 ims kamailio-scscf[3067]: INFO: registrar [save.c:498]: 401 challenge -> REGISTER w/ auth -> 200 OK for sip:+999700000002521@ims.mnc070.mcc999.3gpp.network.org
Jul  7 10:49:00 ims kamailio-scscf[3067]: INFO: registrar [save.c:498]: 401 challenge -> REGISTER w/ auth -> 200 OK for sip:+999700000002394@ims.mnc070.mcc999.3gpp.network.org
Jul  7 10:49:26 ims kamailio-scscf[3067]: INFO: registrar [save.c:498]: 401 challenge -> REGISTER w/ auth -> 200 OK for sip:+999700000000489@ims.mnc070.mcc999.3gpp.network.org
Jul  7 10:50:38 ims kamailio-scscf[3067]: INFO: tm [t_reply.c:900]: Call-ID: d3ba1bfc05084f71@ims.mnc070.mcc999.3gpp.network.org 180 Ringing -> 200 OK, dialog confirmed
Jul  7 10:51:23 ims kamailio-scscf[3067]: INFO: registrar [save.c:498]: 401 challenge -> REGISTER w/ auth -> 200 OK for sip:+999700000004448@ims.mnc070.mcc999.3gpp.network.org
Jul  7 10:51:35 ims kamailio-scscf[3067]: INFO: tm [t_reply.c:900]: Call-ID: 2bf76edbe2ce4a1f@ims.mnc070.mcc999.3gpp.network.org 180 Ringing -> 200 OK, dialog confirmed
Jul  7 10:52:08 ims kamailio-scscf[3067]: INFO: registrar [save.c:498]: 401 challenge -> REGISTER w/ auth -> 200 OK for sip:+999700000004332@ims.mnc070.mcc999.3gpp.network.org
Jul  7 10:52:42 ims kamailio-scscf[3067]: INFO: registrar [save.c:498]: 401 challenge -> REGISTER w/ auth -> 200 OK for sip:+999700000004402@ims.mnc070.mcc999.3gpp.network.org
Jul  7 10:53:08 ims kamailio-scscf[3067]: INFO: tm [t_reply.c:900]: Call-ID: a36583fd369348ad@ims.mnc070.mcc999.3gpp.network.org 180 Ringing -> 200 OK, dialog confirmed
Jul  7 10:56:28 ims kamailio-scscf[3067]: INFO: registrar [save.c:498]: 401 challenge -> REGISTER w/ auth -> 200 OK for sip:+999700000004085@ims.mnc070.mcc999.3gpp.network.org
Jul  7 10:56:58 ims kamailio-scscf[3067]: INFO: tm [t_reply.c:900]: Call-ID: 628f9d54465d4cf8@ims.mnc070.mcc999.3gpp.network.org 180 Ringing -> 200 OK, dialog confirmed
Jul  7 10:57:35 ims kamailio-scscf[3067]: INFO: registrar [save.c:498]: 401 challenge -> REGISTER w/ auth -> 200 OK for sip:+999700000000463@ims.mnc070.mcc999.3gpp.network.org
Jul  7 10:57:38 ims kamailio-scscf[3067]: INFO: registrar [save.c:498]: 401 challenge -> REGISTER w/ auth -> 200 OK for sip:+999700000003873@ims.mnc070.mcc999.3gpp.network.org
Jul  7 10:58:19 ims kamailio-scscf[3067]: INFO: registrar [save.c:498]: 401 challenge -> REGISTER w/ auth -> 200 OK for sip:+999700000001148@ims.mnc070.mcc999.3gpp.network.org
Jul  7 10:58:44 ims kamailio-scscf[3067]: INFO: registrar [save.c:498]: 401 challenge -> REGISTER w/ auth -> 200 OK for sip:+999700000001985@ims.mnc070.mcc999.3gpp.network.org
Jul  7 10:58:45 ims kamailio-scscf[3067]: INFO: registrar [save.c:498]: 401 challenge -> REGISTER w/ auth -> 200 OK for sip:+999700000003793@ims.mnc070.mcc999.3gpp.network.org
Jul  7 10:59:50 ims kamailio-scscf[3067]: INFO: tm [t_reply.c:900]: Call-ID: f99a40c4a29e4edf@ims.mnc070.mcc999.3gpp.network.org final reply 480 No Answer
Jul  7 11:01:45 ims kamailio-scscf[3067]: INFO: registrar [save.c:498]: 401 challenge -> REGISTER w/ auth -> 200 OK for sip:+999700000002429@ims.mnc070.mcc999.3gpp.network.org
Jul  7 11:02:13 ims kamailio-scscf[3067]: INFO: registrar [save.c:498]: 401 challenge -> REGISTER w/ auth -> 200 OK for sip:+999700000004924@ims.mnc070.mcc999.3gpp.network.org
Jul  7 11:05:18 ims kamailio-scscf[3067]: INFO: tm [t_reply.c:900]: Call-ID: c0af8fe543f2436e@ims.mnc070.mcc999.3gpp.network.org 180 Ringing -> 200 OK, dialog confirmed
Jul  7 11:06:09 ims kamailio-scscf[3067]: INFO: registrar [save.c:498]: 401 challenge -> REGISTER w/ auth -> 200 OK for sip:+999700000003297@ims.mnc070.mcc999.3gpp.network.org
Jul  7 11:06:47 ims kamailio-scscf[3067]: INFO: tm [t_reply.c:900]: Call-ID: 8c7fc7d9d92e42d4@ims.mnc070.mcc999.3gpp.network.org 180 Ringing -> 200 OK, dialog confirmed
Jul  7 11:08:34 ims kamailio-scscf[3067]: INFO: registrar [save.c:498]: 401 challenge -> REGISTER w/ auth -> 200 OK for sip:+999700000001301@ims.mnc070.mcc999.3gpp.network.org
Jul  7 11:09:16 ims kamailio-scscf[3067]: INFO: tm [t_reply.c:900]: Call-ID: ab8d1cf84b1a4b8c@ims.mnc070.mcc999.3gpp.network.org 180 Ringing -> 200 OK, dialog confirmed
Jul  7 11:09:33 ims kamailio-scscf[3067]: INFO: registrar [save.c:498]: 401 challenge -> REGISTER w/ auth -> 200 OK for sip:+999700000000911@ims.mnc070.mcc999.3gpp.network.org
Jul  7 11:10:13 ims kamailio-scscf[3067]: INFO: tm [t_reply.c:900]: Call-ID: 754c2713b09c48e5@ims.mnc070.mcc999.3gpp.network.org final reply 486 Busy Here
Jul  7 11:10:23 ims kamailio-scscf[3067]: INFO: registrar [save.c:498]: 401 challenge -> REGISTER w/ auth -> 200 OK for sip:+999700000002373@ims.mnc070.mcc999.3gpp.network.org
Jul  7 11:10:28 ims kamailio-scscf[3067]: INFO: registrar [save.c:498]: 401 challenge -> REGISTER w/ auth -> 200 OK for sip:+999700000000638@ims.mnc070.mcc999.3gpp.network.org
Jul  7 11:10:31 ims kamailio-scscf[3067]: INFO: registrar [save.c:498]: 401 challenge -> REGISTER w/ auth -> 200 OK for sip:+999700000001778@ims.mnc070.mcc999.3gpp.network.org
Jul  7 11:11:27 ims kamailio-scscf[3067]: INFO: registrar [save.c:498]: 401 challenge -> REGISTER w/ auth -> 200 OK for sip:+999700000002806@ims.mnc070.mcc999.3gpp.network.org
Jul  7 11:11:57 ims kamailio-scscf[3067]: INFO: tm [t_reply.c:900]: Call-ID: 61abab19867c416c@ims.mnc070.mcc999.3gpp.network.org 180 Ringing -> 200 OK, dialog confirmed
Jul  7 11:12:18 ims kamailio-scscf[3067]: INFO: registrar [save.c:498]: 401 challenge -> REGISTER w/ auth -> 200 OK for sip:+999700000002807@ims.mnc070.mcc999.3gpp.network.org
Jul  7 11:13:45 ims kamailio-scscf[3067]: INFO: tm [t_reply.c:900]: Call-ID: c82eee78016047f9@ims.mnc070.mcc999.3gpp.network.org 180 Ringing -> 200 OK, dialog confirmed
Jul  7 11:14:40 ims kamailio-scscf[3067]: INFO: registrar [save.c:498]: 401 challenge -> REGISTER w/ auth -> 200 OK for sip:+999700000000764@ims.mnc070.mcc999.3gpp.network.org
Jul  7 11:15:34 ims kamailio-scscf[3067]: INFO: registrar [save.c:498]: 401 challenge -> REGISTER w/ auth -> 200 OK for sip:+999700000003670@ims.mnc070.mcc999.3gpp.network.org
Jul  7 11:16:06 ims kamailio-scscf[3067]: INFO: tm [t_reply.c:900]: Call-ID: 51c54d8dc7ba4b58@ims.mnc070.mcc999.3gpp.network.org 180 Ringing -> 200 OK, dialog confirmed
Jul  7 11:16:06 ims kamailio-scscf[3067]: INFO: registrar [save.c:498]: 401 challenge -> REGISTER w/ auth -> 200 OK for sip:+999700000000719@ims.mnc070.mcc999.3gpp.network.org
Jul  7 11:16:16 ims kamailio-scscf[3067]: INFO: registrar [save.c:498]: 401 challenge -> REGISTER w/ auth -> 200 OK for sip:+999700000002888@ims.mnc070.mcc999.3gpp.network.org
Jul  7 11:18:11 ims kamailio-scscf[3067]: INFO: tm [t_reply.c:900]: Call-ID: d5ba71864e064252@ims.mnc070.mcc999.3gpp.network.org 180 Ringing -> 200 OK, dialog confirmed
Jul  7 11:20:25 ims kamailio-scscf[3067]: INFO: registrar [save.c:498]: 401 challenge -> REGISTER w/ auth -> 200 OK for sip:+999700000003554@ims.mnc070.mcc999.3gpp.network.org
Jul  7 11:20:35 ims kamailio-scscf[3067]: INFO: tm [t_reply.c:900]: Call-ID: 883da9ffe8e24407@ims.mnc070.mcc999.3gpp.network.org 180 Ringing -> 200 OK, dialog confirmed
Jul  7 11:21:10 ims kamailio-scscf[3067]: INFO: tm [t_reply.c:900]: Call-ID: 999fa71749d949b6@ims.mnc070.mcc999.3gpp.network.org 180 Ringing -> 200 OK, dialog confirmed
Jul  7 11:24:02 ims kamailio-scscf[3067]: INFO: tm [t_reply.c:900]: Call-ID: 13644678bd9142e2@ims.mnc070.mcc999.3gpp.network.org 180 Ringing -> 200 OK, dialog confirmed
Jul  7 11:24:34 ims kamailio-scscf[3067]: INFO: registrar [save.c:498]: 401 challenge -> REGISTER w/ auth -> 200 OK for sip:+999700000002264@ims.mnc070.mcc999.3gpp.network.org
Jul  7 11:25:26 ims kamailio-scscf[3067]: INFO: registrar [save.c:498]: 401 challenge -> REGISTER w/ auth -> 200 OK for sip:+999700000004941@ims.mnc070.mcc999.3gpp.network.org
Jul  7 11:27:36 ims kamailio-scscf[3067]: INFO: registrar [save.c:498]: 401 challenge -> REGISTER w/ auth -> 200 OK for sip:+999700000000749@ims.mnc070.mcc999.3gpp.network.org
Jul  7 11:28:45 ims kamailio-scscf[3067]: INFO: tm [t_reply.c:900]: Call-ID: 89944148f11d42e7@ims.mnc070.mcc999.3gpp.network.org 180 Ringing -> 200 OK, dialog confirmed
Jul  7 11:29:00 ims kamailio-scscf[3067]: INFO: registrar [save.c:498]: 401 challenge -> REGISTER w/ auth -> 200 OK for sip:+999700000003665@ims.mnc070.mcc999.3gpp.network.org
Jul  7 11:29:05 ims kamailio-scscf[3067]: INFO: registrar [save.c:498]: 401 challenge -> REGISTER w/ auth -> 200 OK for sip:+999700000003009@ims.mnc070.mcc999.3gpp.network.org
Jul  7 11:29:26 ims kamailio-scscf[3067]: INFO: registrar [save.c:498]: 401 challenge -> REGISTER w/ auth -> 200 OK for sip:+999700000001688@ims.mnc070.mcc999.3gpp.network.org
Jul  7 11:30:57 ims kamailio-scscf[3067]: INFO: registrar [save.c:498]: 401 challenge -> REGISTER w/ auth -> 200 OK for sip:+999700000004894@ims.mnc070.mcc999.3gpp.network.org
Jul  7 11:31:12 ims kamailio-scscf[3067]: INFO: registrar [save.c:498]: 401 challenge -> REGISTER w/ auth -> 200 OK for sip:+999700000002838@ims.mnc070.mcc999.3gpp.network.org
Jul  7 11:31:56 ims kamailio-scscf[3067]: INFO: tm [t_reply.c:900]: Call-ID: 680fee915f824345@ims.mnc070.mcc999.3gpp.network.org 180 Ringing -> 200 OK, dialog confirmed
Jul  7 11:32:51 ims kamailio-scscf[3067]: INFO: tm [t_reply.c:900]: Call-ID: 25fb75b04cdf4a48@ims.mnc070.mcc999.3gpp.network.org 180 Ringing -> 200 OK, dialog confirmed
Jul  7 11:34:20 ims kamailio-scscf[3067]: INFO: tm [t_reply.c:900]: Call-ID: 15ea6cfcd4f14cfd@ims.mnc070.mcc999.3gpp.network.org 180 Ringing -> 200 OK, dialog confirmed
Jul  7 11:34:26 ims kamailio-scscf[3067]: INFO: tm [t_reply.c:900]: Call-ID: c79bd739608c4ce5@ims.mnc070.mcc999.3gpp.network.org 180 Ringing -> 200 OK, dialog confirmed
Jul  7 11:34:30 ims kamailio-scscf[3067]: INFO: registrar [save.c:498]: 401 challenge -> REGISTER w/ auth -> 200 OK for sip:+999700000000965@ims.mnc070.mcc999.3gpp.network.org
Jul  7 11:34:53 ims kamailio-scscf[3067]: INFO: registrar [save.c:498]: 401 challenge -> REGISTER w/ auth -> 200 OK for sip:+999700000003955@ims.mnc070.mcc999.3gpp.network.org
Jul  7 11:36:21 ims kamailio-scscf[3067]: INFO: registrar [save.c:498]: 401 challenge -> REGISTER w/ auth -> 200 OK for sip:+999700000003805@ims.mnc070.mcc999.3gpp.network.org
Jul  7 11:38:01 ims kamailio-scscf[3067]: INFO: registrar [save.c:498]: 401 challenge -> REGISTER w/ auth -> 200 OK for sip:+999700000001415@ims.mnc070.mcc999.3gpp.network.org
Jul  7 11:38:07 ims kamailio-scscf[3067]: INFO: registrar [save.c:498]: 401 challenge -> REGISTER w/ auth -> 200 OK for sip:+999700000003994@ims.mnc070.mcc999.3gpp.network.org
Jul  7 11:38:20 ims kamailio-scscf[3067]: INFO: tm [t_reply.c:900]: Call-ID: af507b30754648dc@ims.mnc070.mcc999.3gpp.network.org 180 Ringing -> 200 OK, dialog confirmed
Jul  7 11:38:28 ims kamailio-scscf[3067]: INFO: registrar [save.c:498]: 401 challenge -> REGISTER w/ auth -> 200 OK for sip:+999700000003807@ims.mnc070.mcc999.3gpp.network.org
Jul  7 11:39:27 ims kamailio-scscf[3067]: INFO: registrar [save.c:498]: 401 challenge -> REGISTER w/ auth -> 200 OK for sip:+999700000001303@ims.mnc070.mcc999.3gpp.network.org
Jul  7 11:42:19 ims kamailio-scscf[3067]: INFO: registrar [save.c:498]: 401 challenge -> REGISTER w/ auth -> 200 OK for sip:+999700000002216@ims.mnc070.mcc999.3gpp.network.org
Jul  7 11:42:57 ims kamailio-scscf[3067]: INFO: registrar [save.c:498]: 401 challenge -> REGISTER w/ auth -> 200 OK for sip:+999700000002034@ims.mnc070.mcc999.3gpp.network.org
Jul  7 11:43:15 ims kamailio-scscf[3067]: INFO: registrar [save.c:498]: 401 challenge -> REGISTER w/ auth -> 200 OK for sip:+999700000000874@ims.mnc070.mcc999.3gpp.network.org
Jul  7 11:43:24 ims kamailio-scscf[3067]: INFO: registrar [save.c:498]: 401 challenge -> REGISTER w/ auth -> 200 OK for sip:+999700000002689@ims.mnc070.mcc999.3gpp.network.org
Jul  7 11:43:24 ims kamailio-scscf[3067]: INFO: tm [t_reply.c:900]: Call-ID: e45a938ceefb4bfd@ims.mnc070.mcc999.3gpp.network.org 180 Ringing -> 200 OK, dialog confirmed
Jul  7 11:43:35 ims kamailio-scscf[3067]: INFO: tm [t_reply.c:900]: Call-ID: ba65418a5f064349@ims.mnc070.mcc999.3gpp.network.org 180 Ringing -> 200 OK, dialog confirmed
Jul  7 11:44:39 ims kamailio-scscf[3067]: INFO: tm [t_reply.c:900]: Call-ID: 06a100b57f1f421d@ims.mnc070.mcc999.3gpp.network.org final reply 480 No Answer
Jul  7 11:48:37 ims kamailio-scscf[3067]: INFO: tm [t_reply.c:900]: Call-ID: c972dfccca45421a@ims.mnc070.mcc999.3gpp.network.org 180 Ringing -> 200 OK, dialog confirmed
Jul  7 11:50:37 ims kamailio-scscf[3067]: INFO: registrar [save.c:498]: 401 challenge -> REGISTER w/ auth -> 200 OK for sip:+999700000002704@ims.mnc070.mcc999.3gpp.network.org
Jul  7 11:50:49 ims kamailio-scscf[3067]: INFO: registrar [save.c:498]: 401 challenge -> REGISTER w/ auth -> 200 OK for sip:+999700000002646@ims.mnc070.mcc999.3gpp.network.org
Jul  7 11:51:13 ims kamailio-scscf[3067]: INFO: registrar [save.c:498]: 401 challenge -> REGISTER w/ auth -> 200 OK for sip:+999700000002392@ims.mnc070.mcc999.3gpp.network.org
Jul  7 11:51:33 ims kamailio-scscf[3067]: INFO: registrar [save.c:498]: 401 challenge -> REGISTER w/ auth -> 200 OK for sip:+999700000003708@ims.mnc070.mcc999.3gpp.network.org
Jul  7 11:52:10 ims kamailio-scscf[3067]: INFO: registrar [save.c:498]: 401 challenge -> REGISTER w/ auth -> 200 OK for sip:+999700000004639@ims.mnc070.mcc999.3gpp.network.org
Jul  7 11:52:25 ims kamailio-scscf[3067]: INFO: registrar [save.c:498]: 401 challenge -> REGISTER w/ auth -> 200 OK for sip:+999700000003361@ims.mnc070.mcc999.3gpp.network.org
Jul  7 11:52:41 ims kamailio-scscf[3067]: INFO: tm [t_reply.c:900]: Call-ID: e30eb5d15e4c4dc9@ims.mnc070.mcc999.3gpp.network.org 180 Ringing -> 200 OK, dialog confirmed
Jul  7 11:53:21 ims kamailio-scscf[3067]: INFO: tm [t_reply.c:900]: Call-ID: fc61438c67f24625@ims.mnc070.mcc999.3gpp.network.org 180 Ringing -> 200 OK, dialog confirmed
Jul  7 11:53:52 ims kamailio-scscf[3067]: INFO: tm [t_reply.c:900]: Call-ID: 8cad1b0a45134cf2@ims.mnc070.mcc999.3gpp.network.org 180 Ringing -> 200 OK, dialog confirmed
Jul  7 11:53:57 ims kamailio-scscf[3067]: INFO: registrar [save.c:498]: 401 challenge -> REGISTER w/ auth -> 200 OK for sip:+999700000003776@ims.mnc070.mcc999.3gpp.network.org
Jul  7 11:54:09 ims kamailio-scscf[3067]: INFO: registrar [save.c:498]: 401 challenge -> REGISTER w/ auth -> 200 OK for sip:+999700000001119@ims.mnc070.mcc999.3gpp.network.org
Jul  7 11:54:14 ims kamailio-scscf[3067]: INFO: registrar [save.c:498]: 401 challenge -> REGISTER w/ auth -> 200 OK for sip:+999700000004370@ims.mnc070.mcc999.3gpp.network.org
Jul  7 11:54:23 ims kamailio-scscf[3067]: INFO: registrar [save.c:498]: 401 challenge -> REGISTER w/ auth -> 200 OK for sip:+999700000003299@ims.mnc070.mcc999.3gpp.network.org
Jul  7 11:54:56 ims kamailio-scscf[3067]: INFO: registrar [save.c:498]: 401 challenge -> REGISTER w/ auth -> 200 OK for sip:+999700000004015@ims.mnc070.mcc999.3gpp.network.org
Jul  7 11:54:58 ims kamailio-scscf[3067]: INFO: tm [t_reply.c:900]: Call-ID: 428f3c94921b407e@ims.mnc070.mcc999.3gpp.network.org 180 Ringing -> 200 OK, dialog confirmed
Jul  7 11:56:41 ims kamailio-scscf[3067]: INFO: registrar [save.c:498]: 401 challenge -> REGISTER w/ auth -> 200 OK for sip:+999700000004574@ims.mnc070.mcc999.3gpp.network.org
Jul  7 11:57:18 ims kamailio-scscf[3067]: INFO: tm [t_reply.c:900]: Call-ID: e8c12fc021034321@ims.mnc070.mcc999.3gpp.network.org 180 Ringing -> 200 OK, dialog confirmed
Jul  7 11:57:42 ims kamailio-scscf[3067]: INFO: registrar [save.c:498]: 401 challenge -> REGISTER w/ auth -> 200 OK for sip:+999700000000602@ims.mnc070.mcc999.3gpp.network.org
Jul  7 11:58:27 ims kamailio-scscf[3067]: INFO: registrar [save.c:498]: 401 challenge -> REGISTER w/ auth -> 200 OK for sip:+999700000004464@ims.mnc070.mcc999.3gpp.network.org
Jul  7 11:59:23 ims kamailio-scscf[3067]: INFO: tm [t_reply.c:900]: Call-ID: 22c98a9cfbf84af2@ims.mnc070.mcc999.3gpp.network.org 180 Ringing -> 200 OK, dialog confirmed
Jul  7 11:59:52 ims kamailio-scscf[3067]: INFO: registrar [save.c:498]: 401 challenge -> REGISTER w/ auth -> 200 OK for sip:+999700000000042@ims.mnc070.mcc999.3gpp.network.org
Jul  7 12:00:37 ims kamailio-scscf[3067]: INFO: tm [t_reply.c:900]: Call-ID: fb86d61d682b41a3@ims.mnc070.mcc999.3gpp.network.org 180 Ringing -> 200 OK, dialog confirmed
Jul  7 12:01:40 ims kamailio-scscf[3067]: INFO: tm [t_reply.c:900]: Call-ID: 6a8412ee96494f8b@ims.mnc070.mcc999.3gpp.network.org 180 Ringing -> 200 OK, dialog confirmed
Jul  7 12:02:10 ims kamailio-scscf[3067]: INFO: registrar [save.c:498]: 401 challenge -> REGISTER w/ auth -> 200 OK for sip:+999700000003528@ims.mnc070.mcc999.3gpp.network.org
Jul  7 12:02:21 ims kamailio-scscf[3067]: INFO: registrar [save.c:498]: 401 challenge -> REGISTER w/ auth -> 200 OK for sip:+999700000002603@ims.mnc070.mcc999.3gpp.network.org
Jul  7 12:02:24 ims kamailio-scscf[3067]: INFO: registrar [save.c:498]: 401 challenge -> REGISTER w/ auth -> 200 OK for sip:+999700000004220@ims.mnc070.mcc999.3gpp.network.org
Jul  7 12:02:55 ims kamailio-scscf[3067]: INFO: tm [t_reply.c:900]: Call-ID: 6bac97ae47034f18@ims.mnc070.mcc999.3gpp.network.org 180 Ringing -> 200 OK, dialog confirmed
Jul  7 12:03:41 ims kamailio-scscf[3067]: INFO: registrar [save.c:498]: 401 challenge -> REGISTER w/ auth -> 200 OK for sip:+999700000004709@ims.mnc070.mcc999.3gpp.network.org
Jul  7 12:05:05 ims kamailio-scscf[3067]: INFO: tm [t_reply.c:900]: Call-ID: 6270ac80c2e34fa4@ims.mnc070.mcc999.3gpp.network.org 180 Ringing -> 200 OK, dialog confirmed
Jul  7 12:05:45 ims kamailio-scscf[3067]: INFO: registrar [save.c:498]: 401 challenge -> REGISTER w/ auth -> 200 OK for sip:+999700000002992@ims.mnc070.mcc999.3gpp.network.org
Jul  7 12:06:18 ims kamailio-scscf[3067]: INFO: registrar [save.c:498]: 401 challenge -> REGISTER w/ auth -> 200 OK for sip:+999700000002694@ims.mnc070.mcc999.3gpp.network.org
Jul  7 12:06:22 ims kamailio-scscf[3067]: INFO: tm [t_reply.c:900]: Call-ID: af1ce5bf87e34377@ims.mnc070.mcc999.3gpp.network.org 180 Ringing -> 200 OK, dialog confirmed
Jul  7 12:06:58 ims kamailio-scscf[3067]: INFO: registrar [save.c:498]: 401 challenge -> REGISTER w/ auth -> 200 OK for sip:+999700000000026@ims.mnc070.mcc999.3gpp.network.org
Jul  7 12:08:38 ims kamailio-scscf[3067]: INFO: registrar [save.c:498]: 401 challenge -> REGISTER w/ auth -> 200 OK for sip:+999700000003994@ims.mnc070.mcc999.3gpp.network.org
Jul  7 12:09:09 ims kamailio-scscf[3067]: INFO: registrar [save.c:498]: 401 challenge -> REGISTER w/ auth -> 200 OK for sip:+999700000002662@ims.mnc070.mcc999.3gpp.network.org
Jul  7 12:10:01 ims kamailio-scscf[3067]: INFO: registrar [save.c:498]: 401 challenge -> REGISTER w/ auth -> 200 OK for sip:+999700000004503@ims.mnc070.mcc999.3gpp.network.org
Jul  7 12:10:11 ims kamailio-scscf[3067]: INFO: registrar [save.c:498]: 401 challenge -> REGISTER w/ auth -> 200 OK for sip:+999700000004571@ims.mnc070.mcc999.3gpp.network.org
Jul  7 12:10:26 ims kamailio-scscf[3067]: INFO: registrar [save.c:498]: 401 challenge -> REGISTER w/ auth -> 200 OK for sip:+999700000002126@ims.mnc070.mcc999.3gpp.network.org
Jul  7 12:10:58 ims kamailio-scscf[3067]: INFO: tm [t_reply.c:900]: Call-ID: 8069249df1c44678@ims.mnc070.mcc999.3gpp.network.org 180 Ringing -> 200 OK, dialog confirmed
Jul  7 12:11:03 ims kamailio-scscf[3067]: INFO: registrar [save.c:498]: 401 challenge -> REGISTER w/ auth -> 200 OK for sip:+999700000003094@ims.mnc070.mcc999.3gpp.network.org
Jul  7 12:13:54 ims kamailio-scscf[3067]: INFO: registrar [save.c:498]: 401 challenge -> REGISTER w/ auth -> 200 OK for sip:+999700000002875@ims.mnc070.mcc999.3gpp.network.org
Jul  7 12:14:31 ims kamailio-scscf[3067]: INFO: tm [t_reply.c:900]: Call-ID: b9d4e6e69ba74c97@ims.mnc070.mcc999.3gpp.network.org 180 Ringing -> 200 OK, dialog confirmed
Jul  7 12:14:31 ims kamailio-scscf[3067]: INFO: registrar [save.c:498]: 401 challenge -> REGISTER w/ auth -> 200 OK for sip:+999700000001101@ims.mnc070.mcc999.3gpp.network.org
Jul  7 12:14:34 ims kamailio-scscf[3067]: INFO: tm [t_reply.c:900]: Call-ID: 80ab9b649bac4649@ims.mnc070.mcc999.3gpp.network.org 180 Ringing -> 200 OK, dialog confirmed
Jul  7 12:15:42 ims kamailio-scscf[3067]: INFO: registrar [save.c:498]: 401 challenge -> REGISTER w/ auth -> 200 OK for sip:+999700000002598@ims.mnc070.mcc999.3gpp.network.org
Jul  7 12:15:42 ims kamailio-scscf[3067]: INFO: tm [t_reply.c:900]: Call-ID: 330ef384e14a4bb6@ims.mnc070.mcc999.3gpp.network.org 180 Ringing -> 200 OK, dialog confirmed
Jul  7 12:15:59 ims kamailio-scscf[3067]: INFO: registrar [save.c:498]: 401 challenge -> REGISTER w/ auth -> 200 OK for sip:+999700000000596@ims.mnc070.mcc999.3gpp.network.org
Jul  7 12:16:02 ims kamailio-scscf[3067]: INFO: tm [t_reply.c:900]: Call-ID: 65524c7804cb4f4b@ims.mnc070.mcc999.3gpp.network.org 180 Ringing -> 200 OK, dialog confirmed
Jul  7 12:16:18 ims kamailio-scscf[3067]: INFO: registrar [save.c:498]: 401 challenge -> REGISTER w/ auth -> 200 OK for sip:+999700000002771@ims.mnc070.mcc999.3gpp.network.org
Jul  7 12:20:06 ims kamailio-scscf[3067]: INFO: registrar [save.c:498]: 401 challenge -> REGISTER w/ auth -> 200 OK for sip:+999700000002782@ims.mnc070.mcc999.3gpp.network.org
Jul  7 12:20:53 ims kamailio-scscf[3067]: INFO: registrar [save.c:498]: 401 challenge -> REGISTER w/ auth -> 200 OK for sip:+999700000004648@ims.mnc070.mcc999.3gpp.network.org
Jul  7 12:21:54 ims kamailio-scscf[3067]: INFO: registrar [save.c:498]: 401 challenge -> REGISTER w/ auth -> 200 OK for sip:+999700000000210@ims.mnc070.mcc999.3gpp.network.org
Jul  7 12:22:18 ims kamailio-scscf[3067]: INFO: registrar [save.c:498]: 401 challenge -> REGISTER w/ auth -> 200 OK for sip:+999700000001856@ims.mnc070.mcc999.3gpp.network.org
Jul  7 12:22:49 ims kamailio-scscf[3067]: INFO: registrar [save.c:498]: 401 challenge -> REGISTER w/ auth -> 200 OK for sip:+999700000004275@ims.mnc070.mcc999.3gpp.network.org
Jul  7 12:22:53 ims kamailio-scscf[3067]: INFO: registrar [save.c:498]: 401 challenge -> REGISTER w/ auth -> 200 OK for sip:+999700000002708@ims.mnc070.mcc999.3gpp.network.org
Jul  7 12:23:22 ims kamailio-scscf[3067]: INFO: registrar [save.c:498]: 401 challenge -> REGISTER w/ auth -> 200 OK for sip:+999700000000458@ims.mnc070.mcc999.3gpp.network.org
Jul  7 12:23:42 ims kamailio-scscf[3067]: INFO: tm [t_reply.c:900]: Call-ID: 2d64957d25a141e3@ims.mnc070.mcc999.3gpp.network.org 180 Ringing -> 200 OK, dialog confirmed
Jul  7 12:24:04 ims kamailio-scscf[3067]: INFO: registrar [save.c:498]: 401 challenge -> REGISTER w/ auth -> 200 OK for sip:+999700000002776@ims.mnc070.mcc999.3gpp.network.org
Jul  7 12:24:18 ims kamailio-scscf[3067]: INFO: tm [t_reply.c:900]: Call-ID: fb49671549414d50@ims.mnc070.mcc999.3gpp.network.org 180 Ringing -> 200 OK, dialog confirmed
Jul  7 12:25:27 ims kamailio-scscf[3067]: INFO: registrar [save.c:498]: 401 challenge -> REGISTER w/ auth -> 200 OK for sip:+999700000000211@ims.mnc070.mcc999.3gpp.network.org
Jul  7 12:26:53 ims kamailio-scscf[3067]: INFO: registrar [save.c:498]: 401 challenge -> REGISTER w/ auth -> 200 OK for sip:+999700000000025@ims.mnc070.mcc999.3gpp.network.org
Jul  7 12:27:10 ims kamailio-scscf[3067]: INFO: registrar [save.c:498]: 401 challenge -> REGISTER w/ auth -> 200 OK for sip:+999700000004648@ims.mnc070.mcc999.3gpp.network.org
Jul  7 12:27:16 ims kamailio-scscf[3067]: INFO: tm [t_reply.c:900]: Call-ID: 1dea3a64ea784142@ims.mnc070.mcc999.3gpp.network.org 180 Ringing -> 200 OK, dialog confirmed
Jul  7 12:27:23 ims kamailio-scscf[3067]: INFO: tm [t_reply.c:900]: Call-ID: 54b4ba23603241ae@ims.mnc070.mcc999.3gpp.network.org 180 Ringing -> 200 OK, dialog confirmed
Jul  7 12:27:59 ims kamailio-scscf[3067]: INFO: tm [t_reply.c:900]: Call-ID: 5510da0e0b0b4710@ims.mnc070.mcc999.3gpp.network.org final reply 486 Busy Here
Jul  7 12:28:15 ims kamailio-scscf[3067]: INFO: tm [t_reply.c:900]: Call-ID: 41e33b6486d24530@ims.mnc070.mcc999.3gpp.network.org 180 Ringing -> 200 OK, dialog confirmed
Jul  7 12:30:28 ims kamailio-scscf[3067]: INFO: registrar [save.c:498]: 401 challenge -> REGISTER w/ auth -> 200 OK for sip:+999700000004080@ims.mnc070.mcc999.3gpp.network.org
Jul  7 12:30:49 ims kamailio-scscf[3067]: INFO: tm [t_reply.c:900]: Call-ID: cff930e694334248@ims.mnc070.mcc999.3gpp.network.org 180 Ringing -> 200 OK, dialog confirmed
Jul  7 12:31:17 ims kamailio-scscf[3067]: INFO: registrar [save.c:498]: 401 challenge -> REGISTER w/ auth -> 200 OK for sip:+999700000000502@ims.mnc070.mcc999.3gpp.network.org
Jul  7 12:31:17 ims kamailio-scscf[3067]: INFO: registrar [save.c:498]: 401 challenge -> REGISTER w/ auth -> 200 OK for sip:+999700000003301@ims.mnc070.mcc999.3gpp.network.org
Jul  7 12:33:18 ims kamailio-scscf[3067]: INFO: registrar [save.c:498]: 401 challenge -> REGISTER w/ auth -> 200 OK for sip:+999700000001744@ims.mnc070.mcc999.3gpp.network.org
Jul  7 12:33:29 ims kamailio-scscf[3067]: INFO: registrar [save.c:498]: 401 challenge -> REGISTER w/ auth -> 200 OK for sip:+999700000001829@ims.mnc070.mcc999.3gpp.network.org
Jul  7 12:34:40 ims kamailio-scscf[3067]: INFO: tm [t_reply.c:900]: Call-ID: 2ee8c8c3ef8949df@ims.mnc070.mcc999.3gpp.network.org 180 Ringing -> 200 OK, dialog confirmed
Jul  7 12:34:57 ims kamailio-scscf[3067]: INFO: tm [t_reply.c:900]: Call-ID: 4b31c0418eb24724@ims.mnc070.mcc999.3gpp.network.org final reply 486 Busy Here
Jul  7 12:35:01 ims kamailio-scscf[3067]: INFO: registrar [save.c:498]: 401 challenge -> REGISTER w/ auth -> 200 OK for sip:+999700000004900@ims.mnc070.mcc999.3gpp.network.org
Jul  7 12:36:15 ims kamailio-scscf[3067]: INFO: tm [t_reply.c:900]: Call-ID: 6461c4042193489b@ims.mnc070.mcc999.3gpp.network.org 180 Ringing -> 200 OK, dialog confirmed
Jul  7 12:36:17 ims kamailio-scscf[3067]: INFO: tm [t_reply.c:900]: Call-ID: b4ca150a9e70409d@ims.mnc070.mcc999.3gpp.network.org 180 Ringing -> 200 OK, dialog confirmed
Jul  7 12:36:47 ims kamailio-scscf[3067]: INFO: registrar [save.c:498]: 401 challenge -> REGISTER w/ auth -> 200 OK for sip:+999700000004256@ims.mnc070.mcc999.3gpp.network.org
Jul  7 12:37:03 ims kamailio-scscf[3067]: INFO: tm [t_reply.c:900]: Call-ID: e8fb6f5a29464a33@ims.mnc070.mcc999.3gpp.network.org 180 Ringing -> 200 OK, dialog confirmed
Jul  7 12:37:45 ims kamailio-scscf[3067]: INFO: tm [t_reply.c:900]: Call-ID: 920c3205c42646ef@ims.mnc070.mcc999.3gpp.network.org 180 Ringing -> 200 OK, dialog confirmed
Jul  7 12:37:48 ims kamailio-scscf[3067]: INFO: registrar [save.c:498]: 401 challenge -> REGISTER w/ auth -> 200 OK for sip:+999700000001580@ims.mnc070.mcc999.3gpp.network.org
Jul  7 12:39:54 ims kamailio-scscf[3067]: INFO: registrar [save.c:498]: 401 challenge -> REGISTER w/ auth -> 200 OK for sip:+999700000003194@ims.mnc070.mcc999.3gpp.network.org
Jul  7 12:41:09 ims kamailio-scscf[3067]: INFO: tm [t_reply.c:900]: Call-ID: 9ee6dedd26534520@ims.mnc070.mcc999.3gpp.network.org 180 Ringing -> 200 OK, dialog confirmed
Jul  7 12:41:12 ims kamailio-scscf[3067]: INFO: registrar [save.c:498]: 401 challenge -> REGISTER w/ auth -> 200 OK for sip:+999700000003269@ims.mnc070.mcc999.3gpp.network.org
Jul  7 12:42:03 ims kamailio-scscf[3067]: INFO: registrar [save.c:498]: 401 challenge -> REGISTER w/ auth -> 200 OK for sip:+999700000004684@ims.mnc070.mcc999.3gpp.network.org
Jul  7 12:42:21 ims kamailio-scscf[3067]: INFO: registrar [save.c:498]: 401 challenge -> REGISTER w/ auth -> 200 OK for sip:+999700000000325@ims.mnc070.mcc999.3gpp.network.org
Jul  7 12:42:30 ims kamailio-scscf[3067]: INFO: tm [t_reply.c:900]: Call-ID: 75f4b10f46b547de@ims.mnc070.mcc999.3gpp.network.org 180 Ringing -> 200 OK, dialog confirmed
Jul  7 12:42:59 ims kamailio-scscf[3067]: INFO: registrar [save.c:498]: 401 challenge -> REGISTER w/ auth -> 200 OK for sip:+999700000000742@ims.mnc070.mcc999.3gpp.network.org
Jul  7 12:43:18 ims kamailio-scscf[3067]: INFO: registrar [save.c:498]: 401 challenge -> REGISTER w/ auth -> 200 OK for sip:+999700000000296@ims.mnc070.mcc999.3gpp.network.org
Jul  7 12:43:45 ims kamailio-scscf[3067]: INFO: tm [t_reply.c:900]: Call-ID: c667b761a3ad4c99@ims.mnc070.mcc999.3gpp.network.org 180 Ringing -> 200 OK, dialog confirmed
Jul  7 12:43:58 ims kamailio-scscf[3067]: INFO: registrar [save.c:498]: 401 challenge -> REGISTER w/ auth -> 200 OK for sip:+999700000000353@ims.mnc070.mcc999.3gpp.network.org
Jul  7 12:44:55 ims kamailio-scscf[3067]: INFO: registrar [save.c:498]: 401 challenge -> REGISTER w/ auth -> 200 OK for sip:+999700000001073@ims.mnc070.mcc999.3gpp.network.org
Jul  7 12:44:57 ims kamailio-scscf[3067]: INFO: registrar [save.c:498]: 401 challenge -> REGISTER w/ auth -> 200 OK for sip:+999700000004122@ims.mnc070.mcc999.3gpp.network.org
Jul  7 12:45:54 ims kamailio-scscf[3067]: INFO: registrar [save.c:498]: 401 challenge -> REGISTER w/ auth -> 200 OK for sip:+999700000002548@ims.mnc070.mcc999.3gpp.network.org
Jul  7 12:46:00 ims kamailio-scscf[3067]: INFO: registrar [save.c:498]: 401 challenge -> REGISTER w/ auth -> 200 OK for sip:+999700000000885@ims.mnc070.mcc999.3gpp.network.org
Jul  7 12:47:49 ims kamailio-scscf[3067]: INFO: registrar [save.c:498]: 401 challenge -> REGISTER w/ auth -> 200 OK for sip:+999700000003793@ims.mnc070.mcc999.3gpp.network.org
Jul  7 12:48:54 ims kamailio-scscf[3067]: INFO: tm [t_reply.c:900]: Call-ID: 85250680a7af44a8@ims.mnc070.mcc999.3gpp.network.org 180 Ringing -> 200 OK, dialog confirmed
Jul  7 12:49:38 ims kamailio-scscf[3067]: INFO: registrar [save.c:498]: 401 challenge -> REGISTER w/ auth -> 200 OK for sip:+999700000000518@ims.mnc070.mcc999.3gpp.network.org
Jul  7 12:50:35 ims kamailio-scscf[3067]: INFO: tm [t_reply.c:900]: Call-ID: 849edc35511848a0@ims.mnc070.mcc999.3gpp.network.org 180 Ringing -> 200 OK, dialog confirmed
Jul  7 12:51:17 ims kamailio-scscf[3067]: INFO: registrar [save.c:498]: 401 challenge -> REGISTER w/ auth -> 200 OK for sip:+999700000003303@ims.mnc070.mcc999.3gpp.network.org
Jul  7 12:52:20 ims kamailio-scscf[3067]: INFO: registrar [save.c:498]: 401 challenge -> REGISTER w/ auth -> 200 OK for sip:+999700000004089@ims.mnc070.mcc999.3gpp.network.org
Jul  7 12:52:45 ims kamailio-scscf[3067]: INFO: tm [t_reply.c:900]: Call-ID: a6f903a5aa5146dd@ims.mnc070.mcc999.3gpp.network.org 180 Ringing -> 200 OK, dialog confirmed
Jul  7 12:53:25 ims kamailio-scscf[3067]: INFO: registrar [save.c:498]: 401 challenge -> REGISTER w/ auth -> 200 OK for sip:+999700000003041@ims.mnc070.mcc999.3gpp.network.org
Jul  7 12:54:54 ims kamailio-scscf[3067]: INFO: registrar [save.c:498]: 401 challenge -> REGISTER w/ auth -> 200 OK for sip:+999700000000156@ims.mnc070.mcc999.3gpp.network.org
Jul  7 12:55:22 ims kamailio-scscf[3067]: INFO: registrar [save.c:498]: 401 challenge -> REGISTER w/ auth -> 200 OK for sip:+999700000004021@ims.mnc070.mcc999.3gpp.network.org
Jul  7 12:55:30 ims kamailio-scscf[3067]: INFO: tm [t_reply.c:900]: Call-ID: c2da0a2146464e09@ims.mnc070.mcc999.3gpp.network.org 180 Ringing -> 200 OK, dialog confirmed
Jul  7 12:55:54 ims kamailio-scscf[3067]: INFO: tm [t_reply.c:900]: Call-ID: e9a1dcb7a0584892@ims.mnc070.mcc999.3gpp.network.org final reply 486 Busy Here
Jul  7 12:56:02 ims kamailio-scscf[3067]: INFO: registrar [save.c:498]: 401 challenge -> REGISTER w/ auth -> 200 OK for sip:+999700000001918@ims.mnc070.mcc999.3gpp.network.org
Jul  7 12:56:05 ims kamailio-scscf[3067]: WARNING: tm [t_reply.c:1201]: INVITE Call-ID: 079bd982aebd41cc@ims.mnc070.mcc999.3gpp.network.org failed, 503/timeout downstream
Jul  7 12:56:10 ims kamailio-scscf[3067]: INFO: tm [t_reply.c:900]: Call-ID: a19ed85a81db46e3@ims.mnc070.mcc999.3gpp.network.org 180 Ringing -> 200 OK, dialog confirmed
Jul  7 12:57:35 ims kamailio-scscf[3067]: INFO: tm [t_reply.c:900]: Call-ID: 18311b5eb1d24adf@ims.mnc070.mcc999.3gpp.network.org 180 Ringing -> 200 OK, dialog confirmed
Jul  7 12:57:39 ims kamailio-scscf[3067]: INFO: registrar [save.c:498]: 401 challenge -> REGISTER w/ auth -> 200 OK for sip:+999700000003665@ims.mnc070.mcc999.3gpp.network.org
Jul  7 12:57:42 ims kamailio-scscf[3067]: INFO: tm [t_reply.c:900]: Call-ID: 94b828d00d054280@ims.mnc070.mcc999.3gpp.network.org 180 Ringing -> 200 OK, dialog confirmed
Jul  7 12:58:06 ims kamailio-scscf[3067]: INFO: registrar [save.c:498]: 401 challenge -> REGISTER w/ auth -> 200 OK for sip:+999700000002547@ims.mnc070.mcc999.3gpp.network.org
Jul  7 12:59:08 ims kamailio-scscf[3067]: INFO: registrar [save.c:498]: 401 challenge -> REGISTER w/ auth -> 200 OK for sip:+999700000004580@ims.mnc070.mcc999.3gpp.network.org
Jul  7 12:59:21 ims kamailio-scscf[3067]: INFO: registrar [save.c:498]: 401 challenge -> REGISTER w/ auth -> 200 OK for sip:+999700000001998@ims.mnc070.mcc999.3gpp.network.org
Jul  7 12:59:47 ims kamailio-scscf[3067]: INFO: tm [t_reply.c:900]: Call-ID: 9d13ce596f2c413c@ims.mnc070.mcc999.3gpp.network.org 180 Ringing -> 200 OK, dialog confirmed
Jul  7 13:01:24 ims kamailio-scscf[3067]: INFO: registrar [save.c:498]: 401 challenge -> REGISTER w/ auth -> 200 OK for sip:+999700000003580@ims.mnc070.mcc999.3gpp.network.org
Jul  7 13:01:53 ims kamailio-scscf[3067]: INFO: tm [t_reply.c:900]: Call-ID: f199af0fa5194795@ims.mnc070.mcc999.3gpp.network.org 180 Ringing -> 200 OK, dialog confirmed
Jul  7 13:01:57 ims kamailio-scscf[3067]: INFO: registrar [save.c:498]: 401 challenge -> REGISTER w/ auth -> 200 OK for sip:+999700000002385@ims.mnc070.mcc999.3gpp.network.org
Jul  7 13:02:16 ims kamailio-scscf[3067]: INFO: registrar [save.c:498]: 401 challenge -> REGISTER w/ auth -> 200 OK for sip:+999700000004387@ims.mnc070.mcc999.3gpp.network.org
Jul  7 13:02:46 ims kamailio-scscf[3067]: INFO: registrar [save.c:498]: 401 challenge -> REGISTER w/ auth -> 200 OK for sip:+999700000001939@ims.mnc070.mcc999.3gpp.network.org
Jul  7 13:03:09 ims kamailio-scscf[3067]: INFO: tm [t_reply.c:900]: Call-ID: 7c849852858e46b3@ims.mnc070.mcc999.3gpp.network.org final reply 486 Busy Here
Jul  7 13:05:17 ims kamailio-scscf[3067]: INFO: registrar [save.c:498]: 401 challenge -> REGISTER w/ auth -> 200 OK for sip:+999700000004261@ims.mnc070.mcc999.3gpp.network.org
Jul  7 13:06:31 ims kamailio-scscf[3067]: INFO: registrar [save.c:498]: 401 challenge -> REGISTER w/ auth -> 200 OK for sip:+999700000001468@ims.mnc070.mcc999.3gpp.network.org
Jul  7 13:06:34 ims kamailio-scscf[3067]: INFO: registrar [save.c:498]: 401 challenge -> REGISTER w/ auth -> 200 OK for sip:+999700000002441@ims.mnc070.mcc999.3gpp.network.org
Jul  7 13:07:19 ims kamailio-scscf[3067]: INFO: registrar [save.c:498]: 401 challenge -> REGISTER w/ auth -> 200 OK for sip:+999700000002143@ims.mnc070.mcc999.3gpp.network.org
Jul  7 13:08:16 ims kamailio-scscf[3067]: INFO: tm [t_reply.c:900]: Call-ID: d81b5c38e54d4537@ims.mnc070.mcc999.3gpp.network.org 180 Ringing -> 200 OK, dialog confirmed
Jul  7 13:08:31 ims kamailio-scscf[3067]: INFO: tm [t_reply.c:900]: Call-ID: ff1c4f43ae3b4b9a@ims.mnc070.mcc999.3gpp.network.org 180 Ringing -> 200 OK, dialog confirmed
Jul  7 13:08:44 ims kamailio-scscf[3067]: INFO: registrar [save.c:498]: 401 challenge -> REGISTER w/ auth -> 200 OK for sip:+999700000004585@ims.mnc070.mcc999.3gpp.network.org
Jul  7 13:08:53 ims kamailio-scscf[3067]: INFO: tm [t_reply.c:900]: Call-ID: 19b83f7b9b5e420b@ims.mnc070.mcc999.3gpp.network.org 180 Ringing -> 200 OK, dialog confirmed
Jul  7 13:09:28 ims kamailio-scscf[3067]: INFO: registrar [save.c:498]: 401 challenge -> REGISTER w/ auth -> 200 OK for sip:+999700000003033@ims.mnc070.mcc999.3gpp.network.org
Jul  7 13:10:20 ims kamailio-scscf[3067]: INFO: registrar [save.c:498]: 401 challenge -> REGISTER w/ auth -> 200 OK for sip:+999700000002827@ims.mnc070.mcc999.3gpp.network.org
Jul  7 13:10:53 ims kamailio-scscf[3067]: INFO: registrar [save.c:498]: 401 challenge -> REGISTER w/ auth -> 200 OK for sip:+999700000002954@ims.mnc070.mcc999.3gpp.network.org
Jul  7 13:11:04 ims kamailio-scscf[3067]: INFO: registrar [save.c:498]: 401 challenge -> REGISTER w/ auth -> 200 OK for sip:+999700000004955@ims.mnc070.mcc999.3gpp.network.org
Jul  7 13:11:32 ims kamailio-scscf[3067]: INFO: tm [t_reply.c:900]: Call-ID: d870ec7a2c9346e2@ims.mnc070.mcc999.3gpp.network.org 180 Ringing -> 200 OK, dialog confirmed
Jul  7 13:12:11 ims kamailio-scscf[3067]: INFO: registrar [save.c:498]: 401 challenge -> REGISTER w/ auth -> 200 OK for sip:+999700000004326@ims.mnc070.mcc999.3gpp.network.org
Jul  7 13:13:17 ims kamailio-scscf[3067]: INFO: registrar [save.c:498]: 401 challenge -> REGISTER w/ auth -> 200 OK for sip:+999700000000542@ims.mnc070.mcc999.3gpp.network.org
Jul  7 13:13:40 ims kamailio-scscf[3067]: INFO: tm [t_reply.c:900]: Call-ID: 212dfb432ceb459f@ims.mnc070.mcc999.3gpp.network.org 180 Ringing -> 200 OK, dialog confirmed
Jul  7 13:14:05 ims kamailio-scscf[3067]: INFO: tm [t_reply.c:900]: Call-ID: 13095b030a084a08@ims.mnc070.mcc999.3gpp.network.org 180 Ringing -> 200 OK, dialog confirmed
Jul  7 13:15:05 ims kamailio-scscf[3067]: INFO: tm [t_reply.c:900]: Call-ID: 5a1f656ac5604304@ims.mnc070.mcc999.3gpp.network.org 180 Ringing -> 200 OK, dialog confirmed
Jul  7 13:16:30 ims kamailio-scscf[3067]: INFO: tm [t_reply.c:900]: Call-ID: bdbbb712e3e840ef@ims.mnc070.mcc999.3gpp.network.org 180 Ringing -> 200 OK, dialog confirmed
Jul  7 13:16:52 ims kamailio-scscf[3067]: INFO: tm [t_reply.c:900]: Call-ID: 2b7ad9c29d1a48f1@ims.mnc070.mcc999.3gpp.network.org 180 Ringing -> 200 OK, dialog confirmed
Jul  7 13:17:43 ims kamailio-scscf[3067]: INFO: registrar [save.c:498]: 401 challenge -> REGISTER w/ auth -> 200 OK for sip:+999700000003722@ims.mnc070.mcc999.3gpp.network.org
Jul  7 13:18:02 ims kamailio-scscf[3067]: INFO: tm [t_reply.c:900]: Call-ID: 89abaf6d736347a1@ims.mnc070.mcc999.3gpp.network.org final reply 486 Busy Here
Jul  7 13:18:26 ims kamailio-scscf[3067]: INFO: tm [t_reply.c:900]: Call-ID: 02d0f701fdf8444a@ims.mnc070.mcc999.3gpp.network.org final reply 480 No Answer
Jul  7 13:21:07 ims kamailio-scscf[3067]: INFO: registrar [save.c:498]: 401 challenge -> REGISTER w/ auth -> 200 OK for sip:+999700000000550@ims.mnc070.mcc999.3gpp.network.org
Jul  7 13:21:12 ims kamailio-scscf[3067]: INFO: tm [t_reply.c:900]: Call-ID: 02cac3f0b1fc4f25@ims.mnc070.mcc999.3gpp.network.org 180 Ringing -> 200 OK, dialog confirmed
Jul  7 13:22:52 ims kamailio-scscf[3067]: INFO: registrar [save.c:498]: 401 challenge -> REGISTER w/ auth -> 200 OK for sip:+999700000001372@ims.mnc070.mcc999.3gpp.network.org
Jul  7 13:23:26 ims kamailio-scscf[3067]: INFO: registrar [save.c:498]: 401 challenge -> REGISTER w/ auth -> 200 OK for sip:+999700000004683@ims.mnc070.mcc999.3gpp.network.org
Jul  7 13:23:39 ims kamailio-scscf[3067]: INFO: registrar [save.c:498]: 401 challenge -> REGISTER w/ auth -> 200 OK for sip:+999700000004382@ims.mnc070.mcc999.3gpp.network.org
Jul  7 13:24:00 ims kamailio-scscf[3067]: INFO: tm [t_reply.c:900]: Call-ID: 9d84ba8693b749fc@ims.mnc070.mcc999.3gpp.network.org 180 Ringing -> 200 OK, dialog confirmed
Jul  7 13:24:18 ims kamailio-scscf[3067]: INFO: registrar [save.c:498]: 401 challenge -> REGISTER w/ auth -> 200 OK for sip:+999700000002336@ims.mnc070.mcc999.3gpp.network.org
Jul  7 13:24:32 ims kamailio-scscf[3067]: INFO: registrar [save.c:498]: 401 challenge -> REGISTER w/ auth -> 200 OK for sip:+999700000002592@ims.mnc070.mcc999.3gpp.network.org
Jul  7 13:24:39 ims kamailio-scscf[3067]: INFO: tm [t_reply.c:900]: Call-ID: eb6e556d957f4706@ims.mnc070.mcc999.3gpp.network.org final reply 480 No Answer
Jul  7 13:26:40 ims kamailio-scscf[3067]: INFO: registrar [save.c:498]: 401 challenge -> REGISTER w/ auth -> 200 OK for sip:+999700000003035@ims.mnc070.mcc999.3gpp.network.org
Jul  7 13:27:07 ims kamailio-scscf[3067]: INFO: registrar [save.c:498]: 401 challenge -> REGISTER w/ auth -> 200 OK for sip:+999700000003744@ims.mnc070.mcc999.3gpp.network.org
Jul  7 13:27:58 ims kamailio-scscf[3067]: INFO: registrar [save.c:498]: 401 challenge -> REGISTER w/ auth -> 200 OK for sip:+999700000001915@ims.mnc070.mcc999.3gpp.network.org
Jul  7 13:28:03 ims kamailio-scscf[3067]: INFO: registrar [save.c:498]: 401 challenge -> REGISTER w/ auth -> 200 OK for sip:+999700000002632@ims.mnc070.mcc999.3gpp.network.org
Jul  7 13:28:04 ims kamailio-scscf[3067]: INFO: tm [t_reply.c:900]: Call-ID: 18d21baaf330449c@ims.mnc070.mcc999.3gpp.network.org final reply 486 Busy Here
Jul  7 13:29:22 ims kamailio-scscf[3067]: INFO: tm [t_reply.c:900]: Call-ID: 1c109a7e556a4e22@ims.mnc070.mcc999.3gpp.network.org final reply 480 No Answer
Jul  7 13:29:54 ims kamailio-scscf[3067]: INFO: registrar [save.c:498]: 401 challenge -> REGISTER w/ auth -> 200 OK for sip:+999700000002506@ims.mnc070.mcc999.3gpp.network.org
Jul  7 13:30:20 ims kamailio-scscf[3067]: INFO: registrar [save.c:498]: 401 challenge -> REGISTER w/ auth -> 200 OK for sip:+999700000002710@ims.mnc070.mcc999.3gpp.network.org
Jul  7 13:30:36 ims kamailio-scscf[3067]: INFO: tm [t_reply.c:900]: Call-ID: 7e0496eda39c4b4e@ims.mnc070.mcc999.3gpp.network.org 180 Ringing -> 200 OK, dialog confirmed
Jul  7 13:31:08 ims kamailio-scscf[3067]: INFO: registrar [save.c:498]: 401 challenge -> REGISTER w/ auth -> 200 OK for sip:+999700000003513@ims.mnc070.mcc999.3gpp.network.org
Jul  7 13:31:08 ims kamailio-scscf[3067]: INFO: registrar [save.c:498]: 401 challenge -> REGISTER w/ auth -> 200 OK for sip:+999700000000080@ims.mnc070.mcc999.3gpp.network.org
Jul  7 13:31:27 ims kamailio-scscf[3067]: INFO: registrar [save.c:498]: 401 challenge -> REGISTER w/ auth -> 200 OK for sip:+999700000004639@ims.mnc070.mcc999.3gpp.network.org
Jul  7 13:32:42 ims kamailio-scscf[3067]: INFO: registrar [save.c:498]: 401 challenge -> REGISTER w/ auth -> 200 OK for sip:+999700000002068@ims.mnc070.mcc999.3gpp.network.org
Jul  7 13:32:45 ims kamailio-scscf[3067]: INFO: registrar [save.c:498]: 401 challenge -> REGISTER w/ auth -> 200 OK for sip:+999700000000181@ims.mnc070.mcc999.3gpp.network.org
Jul  7 13:33:07 ims kamailio-scscf[3067]: INFO: registrar [save.c:498]: 401 challenge -> REGISTER w/ auth -> 200 OK for sip:+999700000001573@ims.mnc070.mcc999.3gpp.network.org
Jul  7 13:33:47 ims kamailio-scscf[3067]: INFO: tm [t_reply.c:900]: Call-ID: cd57455a64b84262@ims.mnc070.mcc999.3gpp.network.org 180 Ringing -> 200 OK, dialog confirmed
Jul  7 13:34:26 ims kamailio-scscf[3067]: INFO: tm [t_reply.c:900]: Call-ID: 413110d80a9f4723@ims.mnc070.mcc999.3gpp.network.org 180 Ringing -> 200 OK, dialog confirmed
Jul  7 13:35:43 ims kamailio-scscf[3067]: INFO: tm [t_reply.c:900]: Call-ID: c56d25baad044500@ims.mnc070.mcc999.3gpp.network.org final reply 486 Busy Here
Jul  7 13:35:55 ims kamailio-scscf[3067]: INFO: tm [t_reply.c:900]: Call-ID: 4bf6ec1a4ec34916@ims.mnc070.mcc999.3gpp.network.org 180 Ringing -> 200 OK, dialog confirmed
Jul  7 13:36:01 ims kamailio-scscf[3067]: INFO: registrar [save.c:498]: 401 challenge -> REGISTER w/ auth -> 200 OK for sip:+999700000004857@ims.mnc070.mcc999.3gpp.network.org
Jul  7 13:36:30 ims kamailio-scscf[3067]: INFO: tm [t_reply.c:900]: Call-ID: 9b9be8b3d5fc442a@ims.mnc070.mcc999.3gpp.network.org 180 Ringing -> 200 OK, dialog confirmed
Jul  7 13:37:31 ims kamailio-scscf[3067]: INFO: tm [t_reply.c:900]: Call-ID: 6b55054dc8be439b@ims.mnc070.mcc999.3gpp.network.org 180 Ringing -> 200 OK, dialog confirmed
Jul  7 13:37:34 ims kamailio-scscf[3067]: INFO: registrar [save.c:498]: 401 challenge -> REGISTER w/ auth -> 200 OK for sip:+999700000003268@ims.mnc070.mcc999.3gpp.network.org
Jul  7 13:39:01 ims kamailio-scscf[3067]: INFO: registrar [save.c:498]: 401 challenge -> REGISTER w/ auth -> 200 OK for sip:+999700000002376@ims.mnc070.mcc999.3gpp.network.org
Jul  7 13:39:28 ims kamailio-scscf[3067]: INFO: registrar [save.c:498]: 401 challenge -> REGISTER w/ auth -> 200 OK for sip:+999700000002488@ims.mnc070.mcc999.3gpp.network.org
Jul  7 13:40:11 ims kamailio-scscf[3067]: INFO: registrar [save.c:498]: 401 challenge -> REGISTER w/ auth -> 200 OK for sip:+999700000002161@ims.mnc070.mcc999.3gpp.network.org
Jul  7 13:40:23 ims kamailio-scscf[3067]: INFO: registrar [save.c:498]: 401 challenge -> REGISTER w/ auth -> 200 OK for sip:+999700000000022@ims.mnc070.mcc999.3gpp.network.org
Jul  7 13:41:19 ims kamailio-scscf[3067]: INFO: registrar [save.c:498]: 401 challenge -> REGISTER w/ auth -> 200 OK for sip:+999700000003919@ims.mnc070.mcc999.3gpp.network.org
Jul  7 13:41:27 ims kamailio-scscf[3067]: INFO: tm [t_reply.c:900]: Call-ID: cb08ab30056443d3@ims.mnc070.mcc999.3gpp.network.org 180 Ringing -> 200 OK, dialog confirmed
Jul  7 13:42:20 ims kamailio-scscf[3067]: INFO: registrar [save.c:498]: 401 challenge -> REGISTER w/ auth -> 200 OK for sip:+999700000003143@ims.mnc070.mcc999.3gpp.network.org
Jul  7 13:42:56 ims kamailio-scscf[3067]: INFO: registrar [save.c:498]: 401 challenge -> REGISTER w/ auth -> 200 OK for sip:+999700000000744@ims.mnc070.mcc999.3gpp.network.org
Jul  7 13:43:11 ims kamailio-scscf[3067]: INFO: registrar [save.c:498]: 401 challenge -> REGISTER w/ auth -> 200 OK for sip:+999700000004989@ims.mnc070.mcc999.3gpp.network.org
Jul  7 13:43:42 ims kamailio-scscf[3067]: INFO: tm [t_reply.c:900]: Call-ID: 0351307d34cd47e3@ims.mnc070.mcc999.3gpp.network.org 180 Ringing -> 200 OK, dialog confirmed
Jul  7 13:44:22 ims kamailio-scscf[3067]: INFO: tm [t_reply.c:900]: Call-ID: fe7f5984c11d47a1@ims.mnc070.mcc999.3gpp.network.org 180 Ringing -> 200 OK, dialog confirmed
Jul  7 13:44:26 ims kamailio-scscf[3067]: INFO: tm [t_reply.c:900]: Call-ID: 932a536d90164b4f@ims.mnc070.mcc999.3gpp.network.org 180 Ringing -> 200 OK, dialog confirmed
Jul  7 13:45:53 ims kamailio-scscf[3067]: INFO: tm [t_reply.c:900]: Call-ID: 6dbb59c5f2aa4a33@ims.mnc070.mcc999.3gpp.network.org final reply 480 No Answer
Jul  7 13:46:36 ims kamailio-scscf[3067]: INFO: registrar [save.c:498]: 401 challenge -> REGISTER w/ auth -> 200 OK for sip:+999700000002226@ims.mnc070.mcc999.3gpp.network.org
Jul  7 13:46:48 ims kamailio-scscf[3067]: INFO: tm [t_reply.c:900]: Call-ID: e66f3410ff8d4fe2@ims.mnc070.mcc999.3gpp.network.org 180 Ringing -> 200 OK, dialog confirmed
Jul  7 13:47:00 ims kamailio-scscf[3067]: INFO: registrar [save.c:498]: 401 challenge -> REGISTER w/ auth -> 200 OK for sip:+999700000004596@ims.mnc070.mcc999.3gpp.network.org
Jul  7 13:48:17 ims kamailio-scscf[3067]: INFO: registrar [save.c:498]: 401 challenge -> REGISTER w/ auth -> 200 OK for sip:+999700000004278@ims.mnc070.mcc999.3gpp.network.org
Jul  7 13:48:31 ims kamailio-scscf[3067]: INFO: registrar [save.c:498]: 401 challenge -> REGISTER w/ auth -> 200 OK for sip:+999700000001296@ims.mnc070.mcc999.3gpp.network.org
Jul  7 13:50:36 ims kamailio-scscf[3067]: INFO: tm [t_reply.c:900]: Call-ID: 7cc99365c6e94a89@ims.mnc070.mcc999.3gpp.network.org 180 Ringing -> 200 OK, dialog confirmed
Jul  7 13:51:25 ims kamailio-scscf[3067]: INFO: registrar [save.c:498]: 401 challenge -> REGISTER w/ auth -> 200 OK for sip:+999700000003386@ims.mnc070.mcc999.3gpp.network.org
Jul  7 13:51:45 ims kamailio-scscf[3067]: INFO: registrar [save.c:498]: 401 challenge -> REGISTER w/ auth -> 200 OK for sip:+999700000001852@ims.mnc070.mcc999.3gpp.network.org
Jul  7 13:52:32 ims kamailio-scscf[3067]: INFO: registrar [save.c:498]: 401 challenge -> REGISTER w/ auth -> 200 OK for sip:+999700000000907@ims.mnc070.mcc999.3gpp.network.org
Jul  7 13:52:38 ims kamailio-scscf[3067]: INFO: registrar [save.c:498]: 401 challenge -> REGISTER w/ auth -> 200 OK for sip:+999700000000581@ims.mnc070.mcc999.3gpp.network.org
Jul  7 13:52:51 ims kamailio-scscf[3067]: INFO: registrar [save.c:498]: 401 challenge -> REGISTER w/ auth -> 200 OK for sip:+999700000000293@ims.mnc070.mcc999.3gpp.network.org
Jul  7 13:54:08 ims kamailio-scscf[3067]: INFO: registrar [save.c:498]: 401 challenge -> REGISTER w/ auth -> 200 OK for sip:+999700000000661@ims.mnc070.mcc999.3gpp.network.org
Jul  7 13:54:18 ims kamailio-scscf[3067]: INFO: registrar [save.c:498]: 401 challenge -> REGISTER w/ auth -> 200 OK for sip:+999700000001011@ims.mnc070.mcc999.3gpp.network.org
Jul  7 13:54:27 ims kamailio-scscf[3067]: INFO: registrar [save.c:498]: 401 challenge -> REGISTER w/ auth -> 200 OK for sip:+999700000000840@ims.mnc070.mcc999.3gpp.network.org
Jul  7 13:54:49 ims kamailio-scscf[3067]: INFO: registrar [save.c:498]: 401 challenge -> REGISTER w/ auth -> 200 OK for sip:+999700000003665@ims.mnc070.mcc999.3gpp.network.org
Jul  7 13:56:17 ims kamailio-scscf[3067]: INFO: registrar [save.c:498]: 401 challenge -> REGISTER w/ auth -> 200 OK for sip:+999700000004835@ims.mnc070.mcc999.3gpp.network.org
Jul  7 13:57:11 ims kamailio-scscf[3067]: INFO: tm [t_reply.c:900]: Call-ID: f1861cdc32dc4e56@ims.mnc070.mcc999.3gpp.network.org 180 Ringing -> 200 OK, dialog confirmed
Jul  7 13:57:12 ims kamailio-scscf[3067]: INFO: tm [t_reply.c:900]: Call-ID: 2f0fde22f1b74048@ims.mnc070.mcc999.3gpp.network.org 180 Ringing -> 200 OK, dialog confirmed
Jul  7 13:57:49 ims kamailio-scscf[3067]: INFO: tm [t_reply.c:900]: Call-ID: 572683050e1a40b6@ims.mnc070.mcc999.3gpp.network.org 180 Ringing -> 200 OK, dialog confirmed
Jul  7 13:57:58 ims kamailio-scscf[3067]: INFO: tm [t_reply.c:900]: Call-ID: 525031b4c9c44b32@ims.mnc070.mcc999.3gpp.network.org 180 Ringing -> 200 OK, dialog confirmed
Jul  7 13:58:05 ims kamailio-scscf[3067]: INFO: tm [t_reply.c:900]: Call-ID: 3038ae2ad0684b01@ims.mnc070.mcc999.3gpp.network.org 180 Ringing -> 200 OK, dialog confirmed
Jul  7 13:58:11 ims kamailio-scscf[3067]: INFO: tm [t_reply.c:900]: Call-ID: a7ad71336fb649e5@ims.mnc070.mcc999.3gpp.network.org 180 Ringing -> 200 OK, dialog confirmed
Jul  7 13:58:12 ims kamailio-scscf[3067]: INFO: registrar [save.c:498]: 401 challenge -> REGISTER w/ auth -> 200 OK for sip:+999700000004185@ims.mnc070.mcc999.3gpp.network.org
Jul  7 13:58:34 ims kamailio-scscf[3067]: INFO: registrar [save.c:498]: 401 challenge -> REGISTER w/ auth -> 200 OK for sip:+999700000002912@ims.mnc070.mcc999.3gpp.network.org
Jul  7 13:59:59 ims kamailio-scscf[3067]: INFO: tm [t_reply.c:900]: Call-ID: 21b6a657a71c4464@ims.mnc070.mcc999.3gpp.network.org 180 Ringing -> 200 OK, dialog confirmed
Jul  7 14:00:22 ims kamailio-scscf[3067]: INFO: registrar [save.c:498]: 401 challenge -> REGISTER w/ auth -> 200 OK for sip:+999700000002337@ims.mnc070.mcc999.3gpp.network.org
Jul  7 14:01:12 ims kamailio-scscf[3067]: INFO: registrar [save.c:498]: 401 challenge -> REGISTER w/ auth -> 200 OK for sip:+999700000002202@ims.mnc070.mcc999.3gpp.network.org
Jul  7 14:02:04 ims kamailio-scscf[3067]: INFO: tm [t_reply.c:900]: Call-ID: e30e91a1aa974ac0@ims.mnc070.mcc999.3gpp.network.org 180 Ringing -> 200 OK, dialog confirmed
Jul  7 14:02:06 ims kamailio-scscf[3067]: INFO: tm [t_reply.c:900]: Call-ID: c349b6e42ece4577@ims.mnc070.mcc999.3gpp.network.org final reply 480 No Answer
Jul  7 14:02:34 ims kamailio-scscf[3067]: INFO: registrar [save.c:498]: 401 challenge -> REGISTER w/ auth -> 200 OK for sip:+999700000003628@ims.mnc070.mcc999.3gpp.network.org
Jul  7 14:03:21 ims kamailio-scscf[3067]: INFO: registrar [save.c:498]: 401 challenge -> REGISTER w/ auth -> 200 OK for sip:+999700000001455@ims.mnc070.mcc999.3gpp.network.org
Jul  7 14:03:40 ims kamailio-scscf[3067]: INFO: registrar [save.c:498]: 401 challenge -> REGISTER w/ auth -> 200 OK for sip:+999700000004920@ims.mnc070.mcc999.3gpp.network.org
Jul  7 14:03:52 ims kamailio-scscf[3067]: INFO: registrar [save.c:498]: 401 challenge -> REGISTER w/ auth -> 200 OK for sip:+999700000000551@ims.mnc070.mcc999.3gpp.network.org
Jul  7 14:03:54 ims kamailio-scscf[3067]: INFO: registrar [save.c:498]: 401 challenge -> REGISTER w/ auth -> 200 OK for sip:+999700000004128@ims.mnc070.mcc999.3gpp.network.org
Jul  7 14:04:10 ims kamailio-scscf[3067]: INFO: registrar [save.c:498]: 401 challenge -> REGISTER w/ auth -> 200 OK for sip:+999700000004265@ims.mnc070.mcc999.3gpp.network.org
Jul  7 14:04:48 ims kamailio-scscf[3067]: INFO: tm [t_reply.c:900]: Call-ID: 08a8643a47164d81@ims.mnc070.mcc999.3gpp.network.org 180 Ringing -> 200 OK, dialog confirmed
Jul  7 14:04:52 ims kamailio-scscf[3067]: INFO: tm [t_reply.c:900]: Call-ID: 3df98147d4a04e0c@ims.mnc070.mcc999.3gpp.network.org 180 Ringing -> 200 OK, dialog confirmed
Jul  7 14:05:07 ims kamailio-scscf[3067]: INFO: registrar [save.c:498]: 401 challenge -> REGISTER w/ auth -> 200 OK for sip:+999700000003104@ims.mnc070.mcc999.3gpp.network.org
Jul  7 14:05:43 ims kamailio-scscf[3067]: INFO: tm [t_reply.c:900]: Call-ID: 96e2619643db475c@ims.mnc070.mcc999.3gpp.network.org 180 Ringing -> 200 OK, dialog confirmed
Jul  7 14:06:01 ims kamailio-scscf[3067]: INFO: registrar [save.c:498]: 401 challenge -> REGISTER w/ auth -> 200 OK for sip:+999700000003814@ims.mnc070.mcc999.3gpp.network.org
Jul  7 14:08:17 ims kamailio-scscf[3067]: INFO: registrar [save.c:498]: 401 challenge -> REGISTER w/ auth -> 200 OK for sip:+999700000004972@ims.mnc070.mcc999.3gpp.network.org
Jul  7 14:08:29 ims kamailio-scscf[3067]: INFO: tm [t_reply.c:900]: Call-ID: 9475c62ea3ad469f@ims.mnc070.mcc999.3gpp.network.org 180 Ringing -> 200 OK, dialog confirmed
Jul  7 14:09:25 ims kamailio-scscf[3067]: INFO: tm [t_reply.c:900]: Call-ID: d27a93cf41864c70@ims.mnc070.mcc999.3gpp.network.org final reply 486 Busy Here
Jul  7 14:09:38 ims kamailio-scscf[3067]: INFO: tm [t_reply.c:900]: Call-ID: b563ad2a9a3643d6@ims.mnc070.mcc999.3gpp.network.org 180 Ringing -> 200 OK, dialog confirmed
Jul  7 14:09:40 ims kamailio-scscf[3067]: INFO: tm [t_reply.c:900]: Call-ID: 5a662a3a9f3049f8@ims.mnc070.mcc999.3gpp.network.org 180 Ringing -> 200 OK, dialog confirmed
Jul  7 14:10:10 ims kamailio-scscf[3067]: INFO: registrar [save.c:498]: 401 challenge -> REGISTER w/ auth -> 200 OK for sip:+999700000001930@ims.mnc070.mcc999.3gpp.network.org
Jul  7 14:10:21 ims kamailio-scscf[3067]: INFO: registrar [save.c:498]: 401 challenge -> REGISTER w/ auth -> 200 OK for sip:+999700000003753@ims.mnc070.mcc999.3gpp.network.org
Jul  7 14:10:33 ims kamailio-scscf[3067]: INFO: registrar [save.c:498]: 401 challenge -> REGISTER w/ auth -> 200 OK for sip:+999700000000569@ims.mnc070.mcc999.3gpp.network.org
Jul  7 14:13:06 ims kamailio-scscf[3067]: INFO: registrar [save.c:498]: 401 challenge -> REGISTER w/ auth -> 200 OK for sip:+999700000001540@ims.mnc070.mcc999.3gpp.network.org
Jul  7 14:14:06 ims kamailio-scscf[3067]: INFO: registrar [save.c:498]: 401 challenge -> REGISTER w/ auth -> 200 OK for sip:+999700000002296@ims.mnc070.mcc999.3gpp.network.org
Jul  7 14:14:24 ims kamailio-scscf[3067]: INFO: tm [t_reply.c:900]: Call-ID: 3b0a456047104e49@ims.mnc070.mcc999.3gpp.network.org 180 Ringing -> 200 OK, dialog confirmed
Jul  7 14:14:43 ims kamailio-scscf[3067]: INFO: registrar [save.c:498]: 401 challenge -> REGISTER w/ auth -> 200 OK for sip:+999700000000357@ims.mnc070.mcc999.3gpp.network.org
Jul  7 14:15:11 ims kamailio-scscf[3067]: INFO: registrar [save.c:498]: 401 challenge -> REGISTER w/ auth -> 200 OK for sip:+999700000002564@ims.mnc070.mcc999.3gpp.network.org
Jul  7 14:15:18 ims kamailio-scscf[3067]: INFO: tm [t_reply.c:900]: Call-ID: 6875498779a1404b@ims.mnc070.mcc999.3gpp.network.org 180 Ringing -> 200 OK, dialog confirmed
Jul  7 14:16:29 ims kamailio-scscf[3067]: INFO: registrar [save.c:498]: 401 challenge -> REGISTER w/ auth -> 200 OK for sip:+999700000004071@ims.mnc070.mcc999.3gpp.network.org
Jul  7 14:16:34 ims kamailio-scscf[3067]: INFO: tm [t_reply.c:900]: Call-ID: 4c042f490817456f@ims.mnc070.mcc999.3gpp.network.org final reply 480 No Answer
Jul  7 14:16:38 ims kamailio-scscf[3067]: INFO: registrar [save.c:498]: 401 challenge -> REGISTER w/ auth -> 200 OK for sip:+999700000003675@ims.mnc070.mcc999.3gpp.network.org
Jul  7 14:16:51 ims kamailio-scscf[3067]: INFO: registrar [save.c:498]: 401 challenge -> REGISTER w/ auth -> 200 OK for sip:+999700000000429@ims.mnc070.mcc999.3gpp.network.org
Jul  7 14:17:01 ims kamailio-scscf[3067]: INFO: tm [t_reply.c:900]: Call-ID: 7732974bb9514e65@ims.mnc070.mcc999.3gpp.network.org 180 Ringing -> 200 OK, dialog confirmed
Jul  7 14:17:13 ims kamailio-scscf[3067]: INFO: registrar [save.c:498]: 401 challenge -> REGISTER w/ auth -> 200 OK for sip:+999700000003058@ims.mnc070.mcc999.3gpp.network.org
Jul  7 14:17:20 ims kamailio-scscf[3067]: INFO: registrar [save.c:498]: 401 challenge -> REGISTER w/ auth -> 200 OK for sip:+999700000000151@ims.mnc070.mcc999.3gpp.network.org
Jul  7 14:18:49 ims kamailio-scscf[3067]: INFO: tm [t_reply.c:900]: Call-ID: 5c498b24bc82403e@ims.mnc070.mcc999.3gpp.network.org 180 Ringing -> 200 OK, dialog confirmed
Jul  7 14:18:58 ims kamailio-scscf[3067]: INFO: registrar [save.c:498]: 401 challenge -> REGISTER w/ auth -> 200 OK for sip:+999700000004600@ims.mnc070.mcc999.3gpp.network.org
Jul  7 14:19:31 ims kamailio-scscf[3067]: INFO: tm [t_reply.c:900]: Call-ID: 77961f02e79e4765@ims.mnc070.mcc999.3gpp.network.org 180 Ringing -> 200 OK, dialog confirmed
Jul  7 14:22:01 ims kamailio-scscf[3067]: INFO: tm [t_reply.c:900]: Call-ID: d0831dfb75ee49da@ims.mnc070.mcc999.3gpp.network.org 180 Ringing -> 200 OK, dialog confirmed
Jul  7 14:22:54 ims kamailio-scscf[3067]: INFO: registrar [save.c:498]: 401 challenge -> REGISTER w/ auth -> 200 OK for sip:+999700000000525@ims.mnc070.mcc999.3gpp.network.org
Jul  7 14:23:57 ims kamailio-scscf[3067]: INFO: registrar [save.c:498]: 401 challenge -> REGISTER w/ auth -> 200 OK for sip:+999700000004105@ims.mnc070.mcc999.3gpp.network.org
Jul  7 14:24:40 ims kamailio-scscf[3067]: INFO: registrar [save.c:498]: 401 challenge -> REGISTER w/ auth -> 200 OK for sip:+999700000004158@ims.mnc070.mcc999.3gpp.network.org
Jul  7 14:24:43 ims kamailio-scscf[3067]: INFO: registrar [save.c:498]: 401 challenge -> REGISTER w/ auth -> 200 OK for sip:+999700000003845@ims.mnc070.mcc999.3gpp.network.org
Jul  7 14:24:54 ims kamailio-scscf[3067]: INFO: registrar [save.c:498]: 401 challenge -> REGISTER w/ auth -> 200 OK for sip:+999700000000500@ims.mnc070.mcc999.3gpp.network.org
Jul  7 14:25:33 ims kamailio-scscf[3067]: INFO: tm [t_reply.c:900]: Call-ID: 229b314a70d045d3@ims.mnc070.mcc999.3gpp.network.org 180 Ringing -> 200 OK, dialog confirmed
Jul  7 14:25:56 ims kamailio-scscf[3067]: INFO: registrar [save.c:498]: 401 challenge -> REGISTER w/ auth -> 200 OK for sip:+999700000002084@ims.mnc070.mcc999.3gpp.network.org
Jul  7 14:26:28 ims kamailio-scscf[3067]: INFO: registrar [save.c:498]: 401 challenge -> REGISTER w/ auth -> 200 OK for sip:+999700000000208@ims.mnc070.mcc999.3gpp.network.org
Jul  7 14:27:33 ims kamailio-scscf[3067]: INFO: registrar [save.c:498]: 401 challenge -> REGISTER w/ auth -> 200 OK for sip:+999700000000306@ims.mnc070.mcc999.3gpp.network.org
Jul  7 14:28:27 ims kamailio-scscf[3067]: INFO: tm [t_reply.c:900]: Call-ID: 0017a222c12d4215@ims.mnc070.mcc999.3gpp.network.org 180 Ringing -> 200 OK, dialog confirmed
Jul  7 14:28:52 ims kamailio-scscf[3067]: INFO: registrar [save.c:498]: 401 challenge -> REGISTER w/ auth -> 200 OK for sip:+999700000000524@ims.mnc070.mcc999.3gpp.network.org
Jul  7 14:29:12 ims kamailio-scscf[3067]: INFO: tm [t_reply.c:900]: Call-ID: d4786e3618f84dd3@ims.mnc070.mcc999.3gpp.network.org 180 Ringing -> 200 OK, dialog confirmed
Jul  7 14:29:14 ims kamailio-scscf[3067]: INFO: registrar [save.c:498]: 401 challenge -> REGISTER w/ auth -> 200 OK for sip:+999700000001900@ims.mnc070.mcc999.3gpp.network.org
Jul  7 14:29:57 ims kamailio-scscf[3067]: INFO: registrar [save.c:498]: 401 challenge -> REGISTER w/ auth -> 200 OK for sip:+999700000003658@ims.mnc070.mcc999.3gpp.network.org
Jul  7 14:30:14 ims kamailio-scscf[3067]: INFO: tm [t_reply.c:900]: Call-ID: e26dd04662364435@ims.mnc070.mcc999.3gpp.network.org 180 Ringing -> 200 OK, dialog confirmed
Jul  7 14:30:40 ims kamailio-scscf[3067]: INFO: registrar [save.c:498]: 401 challenge -> REGISTER w/ auth -> 200 OK for sip:+999700000003703@ims.mnc070.mcc999.3gpp.network.org
Jul  7 14:31:02 ims kamailio-scscf[3067]: INFO: registrar [save.c:498]: 401 challenge -> REGISTER w/ auth -> 200 OK for sip:+999700000003947@ims.mnc070.mcc999.3gpp.network.org
Jul  7 14:34:38 ims kamailio-scscf[3067]: INFO: tm [t_reply.c:900]: Call-ID: 929ee0dff3b3414b@ims.mnc070.mcc999.3gpp.network.org 180 Ringing -> 200 OK, dialog confirmed
Jul  7 14:34:39 ims kamailio-scscf[3067]: INFO: registrar [save.c:498]: 401 challenge -> REGISTER w/ auth -> 200 OK for sip:+999700000001619@ims.mnc070.mcc999.3gpp.network.org
Jul  7 14:34:45 ims kamailio-scscf[3067]: INFO: tm [t_reply.c:900]: Call-ID: c03f0108715f4f20@ims.mnc070.mcc999.3gpp.network.org 180 Ringing -> 200 OK, dialog confirmed
Jul  7 14:35:58 ims kamailio-scscf[3067]: INFO: registrar [save.c:498]: 401 challenge -> REGISTER w/ auth -> 200 OK for sip:+999700000004529@ims.mnc070.mcc999.3gpp.network.org
Jul  7 14:36:41 ims kamailio-scscf[3067]: INFO: tm [t_reply.c:900]: Call-ID: 0dee90e62be1416a@ims.mnc070.mcc999.3gpp.network.org final reply 480 No Answer
Jul  7 14:36:47 ims kamailio-scscf[3067]: INFO: registrar [save.c:498]: 401 challenge -> REGISTER w/ auth -> 200 OK for sip:+999700000002500@ims.mnc070.mcc999.3gpp.network.org
Jul  7 14:37:06 ims kamailio-scscf[3067]: INFO: tm [t_reply.c:900]: Call-ID: a8d113a566074b75@ims.mnc070.mcc999.3gpp.network.org final reply 480 No Answer
Jul  7 14:37:19 ims kamailio-scscf[3067]: INFO: registrar [save.c:498]: 401 challenge -> REGISTER w/ auth -> 200 OK for sip:+999700000003850@ims.mnc070.mcc999.3gpp.network.org
Jul  7 14:37:32 ims kamailio-scscf[3067]: INFO: registrar [save.c:498]: 401 challenge -> REGISTER w/ auth -> 200 OK for sip:+999700000000282@ims.mnc070.mcc999.3gpp.network.org
Jul  7 14:38:04 ims kamailio-scscf[3067]: INFO: registrar [save.c:498]: 401 challenge -> REGISTER w/ auth -> 200 OK for sip:+999700000003886@ims.mnc070.mcc999.3gpp.network.org
Jul  7 14:38:10 ims kamailio-scscf[3067]: INFO: registrar [save.c:498]: 401 challenge -> REGISTER w/ auth -> 200 OK for sip:+999700000004623@ims.mnc070.mcc999.3gpp.network.org
Jul  7 14:39:13 ims kamailio-scscf[3067]: INFO: registrar [save.c:498]: 401 challenge -> REGISTER w/ auth -> 200 OK for sip:+999700000002893@ims.mnc070.mcc999.3gpp.network.org
Jul  7 14:39:51 ims kamailio-scscf[3067]: INFO: tm [t_reply.c:900]: Call-ID: ecb5e0ea65de48b1@ims.mnc070.mcc999.3gpp.network.org final reply 480 No Answer
Jul  7 14:40:07 ims kamailio-scscf[3067]: INFO: registrar [save.c:498]: 401 challenge -> REGISTER w/ auth -> 200 OK for sip:+999700000003655@ims.mnc070.mcc999.3gpp.network.org
Jul  7 14:40:14 ims kamailio-scscf[3067]: INFO: registrar [save.c:498]: 401 challenge -> REGISTER w/ auth -> 200 OK for sip:+999700000000118@ims.mnc070.mcc999.3gpp.network.org
Jul  7 14:40:23 ims kamailio-scscf[3067]: INFO: tm [t_reply.c:900]: Call-ID: 7d0dc461a74c4908@ims.mnc070.mcc999.3gpp.network.org 180 Ringing -> 200 OK, dialog confirmed
Jul  7 14:40:25 ims kamailio-scscf[3067]: INFO: registrar [save.c:498]: 401 challenge -> REGISTER w/ auth -> 200 OK for sip:+999700000000147@ims.mnc070.mcc999.3gpp.network.org
Jul  7 14:41:10 ims kamailio-scscf[3067]: INFO: tm [t_reply.c:900]: Call-ID: 29328cab3ad040fb@ims.mnc070.mcc999.3gpp.network.org 180 Ringing -> 200 OK, dialog confirmed
Jul  7 14:41:50 ims kamailio-scscf[3067]: WARNING: tm [t_reply.c:1201]: INVITE Call-ID: c7ff339e77574fdb@ims.mnc070.mcc999.3gpp.network.org failed, 503/timeout downstream
Jul  7 14:42:19 ims kamailio-scscf[3067]: INFO: registrar [save.c:498]: 401 challenge -> REGISTER w/ auth -> 200 OK for sip:+999700000001363@ims.mnc070.mcc999.3gpp.network.org
Jul  7 14:42:20 ims kamailio-scscf[3067]: INFO: registrar [save.c:498]: 401 challenge -> REGISTER w/ auth -> 200 OK for sip:+999700000001663@ims.mnc070.mcc999.3gpp.network.org
Jul  7 14:42:23 ims kamailio-scscf[3067]: INFO: registrar [save.c:498]: 401 challenge -> REGISTER w/ auth -> 200 OK for sip:+999700000003827@ims.mnc070.mcc999.3gpp.network.org
Jul  7 14:42:33 ims kamailio-scscf[3067]: INFO: tm [t_reply.c:900]: Call-ID: b432c9471877473c@ims.mnc070.mcc999.3gpp.network.org 180 Ringing -> 200 OK, dialog confirmed
Jul  7 14:42:39 ims kamailio-scscf[3067]: INFO: registrar [save.c:498]: 401 challenge -> REGISTER w/ auth -> 200 OK for sip:+999700000002282@ims.mnc070.mcc999.3gpp.network.org
Jul  7 14:42:41 ims kamailio-scscf[3067]: INFO: registrar [save.c:498]: 401 challenge -> REGISTER w/ auth -> 200 OK for sip:+999700000002238@ims.mnc070.mcc999.3gpp.network.org
Jul  7 14:44:57 ims kamailio-scscf[3067]: INFO: tm [t_reply.c:900]: Call-ID: dbdddfacdcdf4b84@ims.mnc070.mcc999.3gpp.network.org 180 Ringing -> 200 OK, dialog confirmed
Jul  7 14:45:10 ims kamailio-scscf[3067]: INFO: registrar [save.c:498]: 401 challenge -> REGISTER w/ auth -> 200 OK for sip:+999700000004005@ims.mnc070.mcc999.3gpp.network.org
Jul  7 14:48:23 ims kamailio-scscf[3067]: INFO: tm [t_reply.c:900]: Call-ID: 813967b1f20f419c@ims.mnc070.mcc999.3gpp.network.org final reply 486 Busy Here
Jul  7 14:48:48 ims kamailio-scscf[3067]: INFO: registrar [save.c:498]: 401 challenge -> REGISTER w/ auth -> 200 OK for sip:+999700000003806@ims.mnc070.mcc999.3gpp.network.org
Jul  7 14:49:01 ims kamailio-scscf[3067]: INFO: tm [t_reply.c:900]: Call-ID: 75a3325c952f4f8d@ims.mnc070.mcc999.3gpp.network.org 180 Ringing -> 200 OK, dialog confirmed
Jul  7 14:49:13 ims kamailio-scscf[3067]: INFO: registrar [save.c:498]: 401 challenge -> REGISTER w/ auth -> 200 OK for sip:+999700000004491@ims.mnc070.mcc999.3gpp.network.org
Jul  7 14:49:34 ims kamailio-scscf[3067]: INFO: registrar [save.c:498]: 401 challenge -> REGISTER w/ auth -> 200 OK for sip:+999700000000411@ims.mnc070.mcc999.3gpp.network.org
Jul  7 14:49:51 ims kamailio-scscf[3067]: INFO: registrar [save.c:498]: 401 challenge -> REGISTER w/ auth -> 200 OK for sip:+999700000004813@ims.mnc070.mcc999.3gpp.network.org
Jul  7 14:49:51 ims kamailio-scscf[3067]: INFO: tm [t_reply.c:900]: Call-ID: ed8945145878412c@ims.mnc070.mcc999.3gpp.network.org 180 Ringing -> 200 OK, dialog confirmed
Jul  7 14:49:56 ims kamailio-scscf[3067]: INFO: registrar [save.c:498]: 401 challenge -> REGISTER w/ auth -> 200 OK for sip:+999700000000279@ims.mnc070.mcc999.3gpp.network.org
Jul  7 14:49:58 ims kamailio-scscf[3067]: INFO: registrar [save.c:498]: 401 challenge -> REGISTER w/ auth -> 200 OK for sip:+999700000001183@ims.mnc070.mcc999.3gpp.network.org
Jul  7 14:51:21 ims kamailio-scscf[3067]: INFO: registrar [save.c:498]: 401 challenge -> REGISTER w/ auth -> 200 OK for sip:+999700000003551@ims.mnc070.mcc999.3gpp.network.org
Jul  7 14:51:22 ims kamailio-scscf[3067]: INFO: registrar [save.c:498]: 401 challenge -> REGISTER w/ auth -> 200 OK for sip:+999700000001241@ims.mnc070.mcc999.3gpp.network.org
Jul  7 14:52:23 ims kamailio-scscf[3067]: INFO: registrar [save.c:498]: 401 challenge -> REGISTER w/ auth -> 200 OK for sip:+999700000000055@ims.mnc070.mcc999.3gpp.network.org
Jul  7 14:52:41 ims kamailio-scscf[3067]: INFO: tm [t_reply.c:900]: Call-ID: d4a9c3e1771f436a@ims.mnc070.mcc999.3gpp.network.org 180 Ringing -> 200 OK, dialog confirmed
Jul  7 14:52:47 ims kamailio-scscf[3067]: INFO: tm [t_reply.c:900]: Call-ID: 29c37654c547499a@ims.mnc070.mcc999.3gpp.network.org 180 Ringing -> 200 OK, dialog confirmed
Jul  7 14:53:03 ims kamailio-scscf[3067]: INFO: registrar [save.c:498]: 401 challenge -> REGISTER w/ auth -> 200 OK for sip:+999700000002236@ims.mnc070.mcc999.3gpp.network.org
Jul  7 14:54:02 ims kamailio-scscf[3067]: INFO: tm [t_reply.c:900]: Call-ID: d37c5ee485554725@ims.mnc070.mcc999.3gpp.network.org 180 Ringing -> 200 OK, dialog confirmed
Jul  7 14:55:01 ims kamailio-scscf[3067]: INFO: tm [t_reply.c:900]: Call-ID: 098ded1aed5d4fe8@ims.mnc070.mcc999.3gpp.network.org 180 Ringing -> 200 OK, dialog confirmed
Jul  7 14:55:10 ims kamailio-scscf[3067]: INFO: registrar [save.c:498]: 401 challenge -> REGISTER w/ auth -> 200 OK for sip:+999700000000775@ims.mnc070.mcc999.3gpp.network.org
Jul  7 14:55:11 ims kamailio-scscf[3067]: WARNING: registrar [save.c:512]: authentication failed for sip:+999700000001836@ims.mnc070.mcc999.3gpp.network.org, replying 403 Forbidden
Jul  7 14:55:30 ims kamailio-scscf[3067]: INFO: registrar [save.c:498]: 401 challenge -> REGISTER w/ auth -> 200 OK for sip:+999700000003535@ims.mnc070.mcc999.3gpp.network.org
Jul  7 14:55:41 ims kamailio-scscf[3067]: INFO: tm [t_reply.c:900]: Call-ID: 8080dbd5b248433d@ims.mnc070.mcc999.3gpp.network.org 180 Ringing -> 200 OK, dialog confirmed
Jul  7 14:56:59 ims kamailio-scscf[3067]: INFO: registrar [save.c:498]: 401 challenge -> REGISTER w/ auth -> 200 OK for sip:+999700000002674@ims.mnc070.mcc999.3gpp.network.org
Jul  7 14:59:26 ims kamailio-scscf[3067]: INFO: tm [t_reply.c:900]: Call-ID: f480db37d69a43c3@ims.mnc070.mcc999.3gpp.network.org 180 Ringing -> 200 OK, dialog confirmed
Jul  7 14:59:43 ims kamailio-scscf[3067]: INFO: tm [t_reply.c:900]: Call-ID: 17907d95798e4a31@ims.mnc070.mcc999.3gpp.network.org 180 Ringing -> 200 OK, dialog confirmed
Jul  7 15:00:30 ims kamailio-scscf[3067]: INFO: tm [t_reply.c:900]: Call-ID: da52685348424ab6@ims.mnc070.mcc999.3gpp.network.org 180 Ringing -> 200 OK, dialog confirmed
Jul  7 15:01:45 ims kamailio-scscf[3067]: INFO: tm [t_reply.c:900]: Call-ID: 37945fadfcbc47f1@ims.mnc070.mcc999.3gpp.network.org 180 Ringing -> 200 OK, dialog confirmed
Jul  7 15:02:05 ims kamailio-scscf[3067]: INFO: registrar [save.c:498]: 401 challenge -> REGISTER w/ auth -> 200 OK for sip:+999700000003058@ims.mnc070.mcc999.3gpp.network.org
Jul  7 15:02:07 ims kamailio-scscf[3067]: INFO: tm [t_reply.c:900]: Call-ID: 6450a1c658ae40d9@ims.mnc070.mcc999.3gpp.network.org 180 Ringing -> 200 OK, dialog confirmed
Jul  7 15:02:10 ims kamailio-scscf[3067]: INFO: registrar [save.c:498]: 401 challenge -> REGISTER w/ auth -> 200 OK for sip:+999700000004029@ims.mnc070.mcc999.3gpp.network.org
Jul  7 15:02:26 ims kamailio-scscf[3067]: INFO: registrar [save.c:498]: 401 challenge -> REGISTER w/ auth -> 200 OK for sip:+999700000002704@ims.mnc070.mcc999.3gpp.network.org
Jul  7 15:03:22 ims kamailio-scscf[3067]: INFO: registrar [save.c:498]: 401 challenge -> REGISTER w/ auth -> 200 OK for sip:+999700000001531@ims.mnc070.mcc999.3gpp.network.org
Jul  7 15:03:32 ims kamailio-scscf[3067]: INFO: tm [t_reply.c:900]: Call-ID: eaf055794d224147@ims.mnc070.mcc999.3gpp.network.org 180 Ringing -> 200 OK, dialog confirmed
Jul  7 15:03:35 ims kamailio-scscf[3067]: INFO: registrar [save.c:498]: 401 challenge -> REGISTER w/ auth -> 200 OK for sip:+999700000001986@ims.mnc070.mcc999.3gpp.network.org
Jul  7 15:03:55 ims kamailio-scscf[3067]: INFO: tm [t_reply.c:900]: Call-ID: a5a2a55fc352478b@ims.mnc070.mcc999.3gpp.network.org 180 Ringing -> 200 OK, dialog confirmed
Jul  7 15:04:33 ims kamailio-scscf[3067]: INFO: registrar [save.c:498]: 401 challenge -> REGISTER w/ auth -> 200 OK for sip:+999700000002962@ims.mnc070.mcc999.3gpp.network.org
Jul  7 15:05:54 ims kamailio-scscf[3067]: INFO: registrar [save.c:498]: 401 challenge -> REGISTER w/ auth -> 200 OK for sip:+999700000000058@ims.mnc070.mcc999.3gpp.network.org
Jul  7 15:07:01 ims kamailio-scscf[3067]: INFO: registrar [save.c:498]: 401 challenge -> REGISTER w/ auth -> 200 OK for sip:+999700000002149@ims.mnc070.mcc999.3gpp.network.org
Jul  7 15:07:03 ims kamailio-scscf[3067]: INFO: tm [t_reply.c:900]: Call-ID: 16c2ec8bf83e47b0@ims.mnc070.mcc999.3gpp.network.org 180 Ringing -> 200 OK, dialog confirmed
Jul  7 15:07:07 ims kamailio-scscf[3067]: INFO: tm [t_reply.c:900]: Call-ID: cb8b69023b3b4ae2@ims.mnc070.mcc999.3gpp.network.org 180 Ringing -> 200 OK, dialog confirmed
Jul  7 15:07:10 ims kamailio-scscf[3067]: INFO: registrar [save.c:498]: 401 challenge -> REGISTER w/ auth -> 200 OK for sip:+999700000002426@ims.mnc070.mcc999.3gpp.network.org
Jul  7 15:07:49 ims kamailio-scscf[3067]: INFO: registrar [save.c:498]: 401 challenge -> REGISTER w/ auth -> 200 OK for sip:+999700000000608@ims.mnc070.mcc999.3gpp.network.org
Jul  7 15:07:51 ims kamailio-scscf[3067]: INFO: registrar [save.c:498]: 401 challenge -> REGISTER w/ auth -> 200 OK for sip:+999700000004701@ims.mnc070.mcc999.3gpp.network.org
Jul  7 15:07:57 ims kamailio-scscf[3067]: INFO: registrar [save.c:498]: 401 challenge -> REGISTER w/ auth -> 200 OK for sip:+999700000002439@ims.mnc070.mcc999.3gpp.network.org
Jul  7 15:08:42 ims kamailio-scscf[3067]: INFO: tm [t_reply.c:900]: Call-ID: b4c1b7b76bb543d8@ims.mnc070.mcc999.3gpp.network.org 180 Ringing -> 200 OK, dialog confirmed
Jul  7 15:08:52 ims kamailio-scscf[3067]: INFO: registrar [save.c:498]: 401 challenge -> REGISTER w/ auth -> 200 OK for sip:+999700000002621@ims.mnc070.mcc999.3gpp.network.org
Jul  7 15:08:56 ims kamailio-scscf[3067]: INFO: tm [t_reply.c:900]: Call-ID: 5e9dec27ab4d46b9@ims.mnc070.mcc999.3gpp.network.org 180 Ringing -> 200 OK, dialog confirmed
Jul  7 15:09:30 ims kamailio-scscf[3067]: INFO: registrar [save.c:498]: 401 challenge -> REGISTER w/ auth -> 200 OK for sip:+999700000004059@ims.mnc070.mcc999.3gpp.network.org
Jul  7 15:09:58 ims kamailio-scscf[3067]: INFO: registrar [save.c:498]: 401 challenge -> REGISTER w/ auth -> 200 OK for sip:+999700000003003@ims.mnc070.mcc999.3gpp.network.org
Jul  7 15:10:37 ims kamailio-scscf[3067]: INFO: tm [t_reply.c:900]: Call-ID: 19806ec2d2414a5f@ims.mnc070.mcc999.3gpp.network.org 180 Ringing -> 200 OK, dialog confirmed
Jul  7 15:10:50 ims kamailio-scscf[3067]: INFO: tm [t_reply.c:900]: Call-ID: 92fe452653a34b33@ims.mnc070.mcc999.3gpp.network.org 180 Ringing -> 200 OK, dialog confirmed
Jul  7 15:12:45 ims kamailio-scscf[3067]: INFO: registrar [save.c:498]: 401 challenge -> REGISTER w/ auth -> 200 OK for sip:+999700000004608@ims.mnc070.mcc999.3gpp.network.org
Jul  7 15:15:55 ims kamailio-scscf[3067]: INFO: registrar [save.c:498]: 401 challenge -> REGISTER w/ auth -> 200 OK for sip:+999700000002448@ims.mnc070.mcc999.3gpp.network.org
Jul  7 15:16:19 ims kamailio-scscf[3067]: INFO: registrar [save.c:498]: 401 challenge -> REGISTER w/ auth -> 200 OK for sip:+999700000004628@ims.mnc070.mcc999.3gpp.network.org
Jul  7 15:16:56 ims kamailio-scscf[3067]: WARNING: tm [t_reply.c:1201]: INVITE Call-ID: 071a012e583e47a3@ims.mnc070.mcc999.3gpp.network.org failed, 503/timeout downstream
Jul  7 15:17:52 ims kamailio-scscf[3067]: INFO: tm [t_reply.c:900]: Call-ID: 9f2fa451690a4217@ims.mnc070.mcc999.3gpp.network.org 180 Ringing -> 200 OK, dialog confirmed
Jul  7 15:18:51 ims kamailio-scscf[3067]: INFO: registrar [save.c:498]: 401 challenge -> REGISTER w/ auth -> 200 OK for sip:+999700000000417@ims.mnc070.mcc999.3gpp.network.org
Jul  7 15:19:00 ims kamailio-scscf[3067]: INFO: registrar [save.c:498]: 401 challenge -> REGISTER w/ auth -> 200 OK for sip:+999700000002213@ims.mnc070.mcc999.3gpp.network.org
Jul  7 15:19:08 ims kamailio-scscf[3067]: INFO: tm [t_reply.c:900]: Call-ID: 8ba984441e524601@ims.mnc070.mcc999.3gpp.network.org 180 Ringing -> 200 OK, dialog confirmed
Jul  7 15:19:34 ims kamailio-scscf[3067]: INFO: tm [t_reply.c:900]: Call-ID: 357ce768f6ce4f47@ims.mnc070.mcc999.3gpp.network.org final reply 486 Busy Here
Jul  7 15:19:35 ims kamailio-scscf[3067]: INFO: tm [t_reply.c:900]: Call-ID: f459b4afd61643b2@ims.mnc070.mcc999.3gpp.network.org final reply 486 Busy Here
Jul  7 15:19:40 ims kamailio-scscf[3067]: INFO: registrar [save.c:498]: 401 challenge -> REGISTER w/ auth -> 200 OK for sip:+999700000001152@ims.mnc070.mcc999.3gpp.network.org
Jul  7 15:19:46 ims kamailio-scscf[3067]: INFO: tm [t_reply.c:900]: Call-ID: 5fdfe138352c4a48@ims.mnc070.mcc999.3gpp.network.org 180 Ringing -> 200 OK, dialog confirmed
Jul  7 15:20:01 ims kamailio-scscf[3067]: INFO: registrar [save.c:498]: 401 challenge -> REGISTER w/ auth -> 200 OK for sip:+999700000002700@ims.mnc070.mcc999.3gpp.network.org
Jul  7 15:20:52 ims kamailio-scscf[3067]: INFO: registrar [save.c:498]: 401 challenge -> REGISTER w/ auth -> 200 OK for sip:+999700000000241@ims.mnc070.mcc999.3gpp.network.org
Jul  7 15:22:29 ims kamailio-scscf[3067]: INFO: registrar [save.c:498]: 401 challenge -> REGISTER w/ auth -> 200 OK for sip:+999700000003796@ims.mnc070.mcc999.3gpp.network.org
Jul  7 15:22:36 ims kamailio-scscf[3067]: INFO: tm [t_reply.c:900]: Call-ID: a1f807be7b504529@ims.mnc070.mcc999.3gpp.network.org 180 Ringing -> 200 OK, dialog confirmed
Jul  7 15:22:45 ims kamailio-scscf[3067]: INFO: registrar [save.c:498]: 401 challenge -> REGISTER w/ auth -> 200 OK for sip:+999700000003734@ims.mnc070.mcc999.3gpp.network.org
Jul  7 15:22:55 ims kamailio-scscf[3067]: INFO: tm [t_reply.c:900]: Call-ID: 7c851fb7aeec4ab3@ims.mnc070.mcc999.3gpp.network.org final reply 480 No Answer
Jul  7 15:23:02 ims kamailio-scscf[3067]: INFO: registrar [save.c:498]: 401 challenge -> REGISTER w/ auth -> 200 OK for sip:+999700000001136@ims.mnc070.mcc999.3gpp.network.org
Jul  7 15:23:17 ims kamailio-scscf[3067]: WARNING: tm [t_reply.c:1201]: INVITE Call-ID: 77c3496b00d64bd2@ims.mnc070.mcc999.3gpp.network.org failed, 503/timeout downstream
Jul  7 15:23:35 ims kamailio-scscf[3067]: INFO: tm [t_reply.c:900]: Call-ID: cf1f4ac2d35040db@ims.mnc070.mcc999.3gpp.network.org 180 Ringing -> 200 OK, dialog confirmed
Jul  7 15:24:46 ims kamailio-scscf[3067]: INFO: registrar [save.c:498]: 401 challenge -> REGISTER w/ auth -> 200 OK for sip:+999700000002677@ims.mnc070.mcc999.3gpp.network.org
Jul  7 15:25:58 ims kamailio-scscf[3067]: INFO: registrar [save.c:498]: 401 challenge -> REGISTER w/ auth -> 200 OK for sip:+999700000002810@ims.mnc070.mcc999.3gpp.network.org
Jul  7 15:26:19 ims kamailio-scscf[3067]: INFO: tm [t_reply.c:900]: Call-ID: 81d5dc6d5d1445b4@ims.mnc070.mcc999.3gpp.network.org 180 Ringing -> 200 OK, dialog confirmed
Jul  7 15:26:51 ims kamailio-scscf[3067]: INFO: registrar [save.c:498]: 401 challenge -> REGISTER w/ auth -> 200 OK for sip:+999700000001903@ims.mnc070.mcc999.3gpp.network.org
Jul  7 15:27:12 ims kamailio-scscf[3067]: INFO: tm [t_reply.c:900]: Call-ID: 9341ca303a204de1@ims.mnc070.mcc999.3gpp.network.org 180 Ringing -> 200 OK, dialog confirmed
Jul  7 15:27:54 ims kamailio-scscf[3067]: INFO: tm [t_reply.c:900]: Call-ID: bfb677d8245b4e98@ims.mnc070.mcc999.3gpp.network.org 180 Ringing -> 200 OK, dialog confirmed
Jul  7 15:28:57 ims kamailio-scscf[3067]: INFO: registrar [save.c:498]: 401 challenge -> REGISTER w/ auth -> 200 OK for sip:+999700000003676@ims.mnc070.mcc999.3gpp.network.org
Jul  7 15:29:51 ims kamailio-scscf[3067]: INFO: tm [t_reply.c:900]: Call-ID: 7c709b599e664fdc@ims.mnc070.mcc999.3gpp.network.org 180 Ringing -> 200 OK, dialog confirmed
Jul  7 15:29:58 ims kamailio-scscf[3067]: INFO: registrar [save.c:498]: 401 challenge -> REGISTER w/ auth -> 200 OK for sip:+999700000002807@ims.mnc070.mcc999.3gpp.network.org
Jul  7 15:30:53 ims kamailio-scscf[3067]: INFO: tm [t_reply.c:900]: Call-ID: 24ef91034f2443fa@ims.mnc070.mcc999.3gpp.network.org final reply 480 No Answer
Jul  7 15:31:16 ims kamailio-scscf[3067]: INFO: tm [t_reply.c:900]: Call-ID: 5ef29f7c3aef4786@ims.mnc070.mcc999.3gpp.network.org 180 Ringing -> 200 OK, dialog confirmed
Jul  7 15:31:31 ims kamailio-scscf[3067]: INFO: tm [t_reply.c:900]: Call-ID: e9b405f1228f4372@ims.mnc070.mcc999.3gpp.network.org 180 Ringing -> 200 OK, dialog confirmed
Jul  7 15:32:08 ims kamailio-scscf[3067]: INFO: tm [t_reply.c:900]: Call-ID: 33f902a8c95540aa@ims.mnc070.mcc999.3gpp.network.org 180 Ringing -> 200 OK, dialog confirmed
Jul  7 15:32:28 ims kamailio-scscf[3067]: INFO: tm [t_reply.c:900]: Call-ID: c8acf53561634e42@ims.mnc070.mcc999.3gpp.network.org 180 Ringing -> 200 OK, dialog confirmed
Jul  7 15:32:30 ims kamailio-scscf[3067]: INFO: tm [t_reply.c:900]: Call-ID: e43feb56220c4b90@ims.mnc070.mcc999.3gpp.network.org 180 Ringing -> 200 OK, dialog confirmed
Jul  7 15:33:01 ims kamailio-scscf[3067]: INFO: registrar [save.c:498]: 401 challenge -> REGISTER w/ auth -> 200 OK for sip:+999700000004729@ims.mnc070.mcc999.3gpp.network.org
Jul  7 15:34:21 ims kamailio-scscf[3067]: INFO: registrar [save.c:498]: 401 challenge -> REGISTER w/ auth -> 200 OK for sip:+999700000002348@ims.mnc070.mcc999.3gpp.network.org
Jul  7 15:34:24 ims kamailio-scscf[3067]: INFO: tm [t_reply.c:900]: Call-ID: 0d0f9c52a38443ce@ims.mnc070.mcc999.3gpp.network.org 180 Ringing -> 200 OK, dialog confirmed
Jul  7 15:34:43 ims kamailio-scscf[3067]: INFO: tm [t_reply.c:900]: Call-ID: 964fe277ee344326@ims.mnc070.mcc999.3gpp.network.org 180 Ringing -> 200 OK, dialog confirmed
Jul  7 15:35:10 ims kamailio-scscf[3067]: INFO: registrar [save.c:498]: 401 challenge -> REGISTER w/ auth -> 200 OK for sip:+999700000004569@ims.mnc070.mcc999.3gpp.network.org
Jul  7 15:36:32 ims kamailio-scscf[3067]: INFO: registrar [save.c:498]: 401 challenge -> REGISTER w/ auth -> 200 OK for sip:+999700000004838@ims.mnc070.mcc999.3gpp.network.org
Jul  7 15:37:39 ims kamailio-scscf[3067]: INFO: tm [t_reply.c:900]: Call-ID: d93d9b06f24d430a@ims.mnc070.mcc999.3gpp.network.org 180 Ringing -> 200 OK, dialog confirmed
Jul  7 15:38:33 ims kamailio-scscf[3067]: INFO: tm [t_reply.c:900]: Call-ID: e82b2e11c0b24c34@ims.mnc070.mcc999.3gpp.network.org 180 Ringing -> 200 OK, dialog confirmed
Jul  7 15:39:06 ims kamailio-scscf[3067]: INFO: tm [t_reply.c:900]: Call-ID: d6fd7b40fa1f4d32@ims.mnc070.mcc999.3gpp.network.org 180 Ringing -> 200 OK, dialog confirmed
Jul  7 15:39:36 ims kamailio-scscf[3067]: INFO: registrar [save.c:498]: 401 challenge -> REGISTER w/ auth -> 200 OK for sip:+999700000000840@ims.mnc070.mcc999.3gpp.network.org
Jul  7 15:40:20 ims kamailio-scscf[3067]: INFO: registrar [save.c:498]: 401 challenge -> REGISTER w/ auth -> 200 OK for sip:+999700000002024@ims.mnc070.mcc999.3gpp.network.org
Jul  7 15:40:31 ims kamailio-scscf[3067]: INFO: registrar [save.c:498]: 401 challenge -> REGISTER w/ auth -> 200 OK for sip:+999700000003017@ims.mnc070.mcc999.3gpp.network.org
Jul  7 15:40:31 ims kamailio-scscf[3067]: INFO: registrar [save.c:498]: 401 challenge -> REGISTER w/ auth -> 200 OK for sip:+999700000004786@ims.mnc070.mcc999.3gpp.network.org
Jul  7 15:41:49 ims kamailio-scscf[3067]: INFO: registrar [save.c:498]: 401 challenge -> REGISTER w/ auth -> 200 OK for sip:+999700000003932@ims.mnc070.mcc999.3gpp.network.org
Jul  7 15:42:29 ims kamailio-scscf[3067]: INFO: registrar [save.c:498]: 401 challenge -> REGISTER w/ auth -> 200 OK for sip:+999700000001640@ims.mnc070.mcc999.3gpp.network.org
Jul  7 15:42:51 ims kamailio-scscf[3067]: INFO: registrar [save.c:498]: 401 challenge -> REGISTER w/ auth -> 200 OK for sip:+999700000003602@ims.mnc070.mcc999.3gpp.network.org
Jul  7 15:43:03 ims kamailio-scscf[3067]: INFO: registrar [save.c:498]: 401 challenge -> REGISTER w/ auth -> 200 OK for sip:+999700000003903@ims.mnc070.mcc999.3gpp.network.org
Jul  7 15:43:46 ims kamailio-scscf[3067]: INFO: registrar [save.c:498]: 401 challenge -> REGISTER w/ auth -> 200 OK for sip:+999700000004604@ims.mnc070.mcc999.3gpp.network.org
Jul  7 15:44:49 ims kamailio-scscf[3067]: INFO: registrar [save.c:498]: 401 challenge -> REGISTER w/ auth -> 200 OK for sip:+999700000003455@ims.mnc070.mcc999.3gpp.network.org
Jul  7 15:45:16 ims kamailio-scscf[3067]: INFO: tm [t_reply.c:900]: Call-ID: 298e92967ae74089@ims.mnc070.mcc999.3gpp.network.org 180 Ringing -> 200 OK, dialog confirmed
Jul  7 15:45:23 ims kamailio-scscf[3067]: INFO: tm [t_reply.c:900]: Call-ID: f0c0703b8e9f4d8d@ims.mnc070.mcc999.3gpp.network.org final reply 486 Busy Here
Jul  7 15:45:38 ims kamailio-scscf[3067]: INFO: registrar [save.c:498]: 401 challenge -> REGISTER w/ auth -> 200 OK for sip:+999700000002173@ims.mnc070.mcc999.3gpp.network.org
Jul  7 15:45:45 ims kamailio-scscf[3067]: INFO: registrar [save.c:498]: 401 challenge -> REGISTER w/ auth -> 200 OK for sip:+999700000000539@ims.mnc070.mcc999.3gpp.network.org
Jul  7 15:46:09 ims kamailio-scscf[3067]: INFO: registrar [save.c:498]: 401 challenge -> REGISTER w/ auth -> 200 OK for sip:+999700000001926@ims.mnc070.mcc999.3gpp.network.org
Jul  7 15:46:40 ims kamailio-scscf[3067]: INFO: tm [t_reply.c:900]: Call-ID: 815dcc9f94874943@ims.mnc070.mcc999.3gpp.network.org 180 Ringing -> 200 OK, dialog confirmed
Jul  7 15:46:49 ims kamailio-scscf[3067]: INFO: registrar [save.c:498]: 401 challenge -> REGISTER w/ auth -> 200 OK for sip:+999700000000382@ims.mnc070.mcc999.3gpp.network.org
Jul  7 15:47:20 ims kamailio-scscf[3067]: INFO: registrar [save.c:498]: 401 challenge -> REGISTER w/ auth -> 200 OK for sip:+999700000000812@ims.mnc070.mcc999.3gpp.network.org
Jul  7 15:47:25 ims kamailio-scscf[3067]: INFO: registrar [save.c:498]: 401 challenge -> REGISTER w/ auth -> 200 OK for sip:+999700000000363@ims.mnc070.mcc999.3gpp.network.org
Jul  7 15:48:31 ims kamailio-scscf[3067]: INFO: tm [t_reply.c:900]: Call-ID: 23f31a821401447e@ims.mnc070.mcc999.3gpp.network.org 180 Ringing -> 200 OK, dialog confirmed
Jul  7 15:48:48 ims kamailio-scscf[3067]: INFO: registrar [save.c:498]: 401 challenge -> REGISTER w/ auth -> 200 OK for sip:+999700000001073@ims.mnc070.mcc999.3gpp.network.org
Jul  7 15:49:30 ims kamailio-scscf[3067]: INFO: tm [t_reply.c:900]: Call-ID: 3e835e6d9fec4398@ims.mnc070.mcc999.3gpp.network.org 180 Ringing -> 200 OK, dialog confirmed
Jul  7 15:49:36 ims kamailio-scscf[3067]: INFO: registrar [save.c:498]: 401 challenge -> REGISTER w/ auth -> 200 OK for sip:+999700000004770@ims.mnc070.mcc999.3gpp.network.org
Jul  7 15:50:58 ims kamailio-scscf[3067]: INFO: registrar [save.c:498]: 401 challenge -> REGISTER w/ auth -> 200 OK for sip:+999700000003503@ims.mnc070.mcc999.3gpp.network.org
Jul  7 15:51:56 ims kamailio-scscf[3067]: INFO: tm [t_reply.c:900]: Call-ID: 4cdf55d662784c1d@ims.mnc070.mcc999.3gpp.network.org 180 Ringing -> 200 OK, dialog confirmed
Jul  7 15:52:16 ims kamailio-scscf[3067]: INFO: registrar [save.c:498]: 401 challenge -> REGISTER w/ auth -> 200 OK for sip:+999700000002380@ims.mnc070.mcc999.3gpp.network.org
Jul  7 15:52:33 ims kamailio-scscf[3067]: INFO: registrar [save.c:498]: 401 challenge -> REGISTER w/ auth -> 200 OK for sip:+999700000003193@ims.mnc070.mcc999.3gpp.network.org
Jul  7 15:53:32 ims kamailio-scscf[3067]: WARNING: tm [t_reply.c:1201]: INVITE Call-ID: 7093b50b12464909@ims.mnc070.mcc999.3gpp.network.org failed, 503/timeout downstream
Jul  7 15:54:02 ims kamailio-scscf[3067]: INFO: registrar [save.c:498]: 401 challenge -> REGISTER w/ auth -> 200 OK for sip:+999700000003796@ims.mnc070.mcc999.3gpp.network.org
Jul  7 15:54:17 ims kamailio-scscf[3067]: INFO: tm [t_reply.c:900]: Call-ID: c4aade44841d4117@ims.mnc070.mcc999.3gpp.network.org 180 Ringing -> 200 OK, dialog confirmed
Jul  7 15:54:25 ims kamailio-scscf[3067]: INFO: registrar [save.c:498]: 401 challenge -> REGISTER w/ auth -> 200 OK for sip:+999700000001232@ims.mnc070.mcc999.3gpp.network.org
Jul  7 15:55:12 ims kamailio-scscf[3067]: INFO: registrar [save.c:498]: 401 challenge -> REGISTER w/ auth -> 200 OK for sip:+999700000000223@ims.mnc070.mcc999.3gpp.network.org
Jul  7 15:55:16 ims kamailio-scscf[3067]: INFO: tm [t_reply.c:900]: Call-ID: 7a09574980ac4f99@ims.mnc070.mcc999.3gpp.network.org final reply 486 Busy Here
Jul  7 15:55:49 ims kamailio-scscf[3067]: INFO: tm [t_reply.c:900]: Call-ID: 27da438897564e08@ims.mnc070.mcc999.3gpp.network.org 180 Ringing -> 200 OK, dialog confirmed
Jul  7 15:57:54 ims kamailio-scscf[3067]: INFO: tm [t_reply.c:900]: Call-ID: 1ac7621695164228@ims.mnc070.mcc999.3gpp.network.org 180 Ringing -> 200 OK, dialog confirmed
Jul  7 15:58:08 ims kamailio-scscf[3067]: INFO: registrar [save.c:498]: 401 challenge -> REGISTER w/ auth -> 200 OK for sip:+999700000002041@ims.mnc070.mcc999.3gpp.network.org
Jul  7 15:58:33 ims kamailio-scscf[3067]: INFO: registrar [save.c:498]: 401 challenge -> REGISTER w/ auth -> 200 OK for sip:+999700000001789@ims.mnc070.mcc999.3gpp.network.org
Jul  7 15:59:06 ims kamailio-scscf[3067]: INFO: registrar [save.c:498]: 401 challenge -> REGISTER w/ auth -> 200 OK for sip:+999700000004799@ims.mnc070.mcc999.3gpp.network.org
Jul  7 15:59:30 ims kamailio-scscf[3067]: INFO: tm [t_reply.c:900]: Call-ID: f7d351c2bfde48cc@ims.mnc070.mcc999.3gpp.network.org 180 Ringing -> 200 OK, dialog confirmed
Jul  7 15:59:50 ims kamailio-scscf[3067]: INFO: registrar [save.c:498]: 401 challenge -> REGISTER w/ auth -> 200 OK for sip:+999700000002176@ims.mnc070.mcc999.3gpp.network.org
Jul  7 16:00:07 ims kamailio-scscf[3067]: INFO: registrar [save.c:498]: 401 challenge -> REGISTER w/ auth -> 200 OK for sip:+999700000003914@ims.mnc070.mcc999.3gpp.network.org
Jul  7 16:01:43 ims kamailio-scscf[3067]: INFO: registrar [save.c:498]: 401 challenge -> REGISTER w/ auth -> 200 OK for sip:+999700000001302@ims.mnc070.mcc999.3gpp.network.org
Jul  7 16:02:12 ims kamailio-scscf[3067]: INFO: tm [t_reply.c:900]: Call-ID: 4cc035b7e6d4458a@ims.mnc070.mcc999.3gpp.network.org 180 Ringing -> 200 OK, dialog confirmed
Jul  7 16:02:14 ims kamailio-scscf[3067]: INFO: registrar [save.c:498]: 401 challenge -> REGISTER w/ auth -> 200 OK for sip:+999700000003826@ims.mnc070.mcc999.3gpp.network.org
Jul  7 16:02:28 ims kamailio-scscf[3067]: INFO: registrar [save.c:498]: 401 challenge -> REGISTER w/ auth -> 200 OK for sip:+999700000004274@ims.mnc070.mcc999.3gpp.network.org
Jul  7 16:02:44 ims kamailio-scscf[3067]: INFO: tm [t_reply.c:900]: Call-ID: 37c52068af2f4e0d@ims.mnc070.mcc999.3gpp.network.org 180 Ringing -> 200 OK, dialog confirmed
Jul  7 16:04:19 ims kamailio-scscf[3067]: INFO: registrar [save.c:498]: 401 challenge -> REGISTER w/ auth -> 200 OK for sip:+999700000004208@ims.mnc070.mcc999.3gpp.network.org
Jul  7 16:04:28 ims kamailio-scscf[3067]: INFO: tm [t_reply.c:900]: Call-ID: ddc6f88962cc4add@ims.mnc070.mcc999.3gpp.network.org final reply 480 No Answer
Jul  7 16:04:43 ims kamailio-scscf[3067]: INFO: registrar [save.c:498]: 401 challenge -> REGISTER w/ auth -> 200 OK for sip:+999700000003978@ims.mnc070.mcc999.3gpp.network.org
Jul  7 16:04:49 ims kamailio-scscf[3067]: INFO: tm [t_reply.c:900]: Call-ID: 0c8cfadfdb754b54@ims.mnc070.mcc999.3gpp.network.org 180 Ringing -> 200 OK, dialog confirmed
Jul  7 16:05:48 ims kamailio-scscf[3067]: INFO: registrar [save.c:498]: 401 challenge -> REGISTER w/ auth -> 200 OK for sip:+999700000001483@ims.mnc070.mcc999.3gpp.network.org
Jul  7 16:06:19 ims kamailio-scscf[3067]: INFO: registrar [save.c:498]: 401 challenge -> REGISTER w/ auth -> 200 OK for sip:+999700000004271@ims.mnc070.mcc999.3gpp.network.org
Jul  7 16:06:27 ims kamailio-scscf[3067]: INFO: tm [t_reply.c:900]: Call-ID: 3ca8d9e7d0a94534@ims.mnc070.mcc999.3gpp.network.org 180 Ringing -> 200 OK, dialog confirmed
Jul  7 16:06:50 ims kamailio-scscf[3067]: INFO: registrar [save.c:498]: 401 challenge -> REGISTER w/ auth -> 200 OK for sip:+999700000001569@ims.mnc070.mcc999.3gpp.network.org
Jul  7 16:07:12 ims kamailio-scscf[3067]: WARNING: tm [t_reply.c:1201]: INVITE Call-ID: 338096bba1264e60@ims.mnc070.mcc999.3gpp.network.org failed, 503/timeout downstream
Jul  7 16:07:36 ims kamailio-scscf[3067]: INFO: registrar [save.c:498]: 401 challenge -> REGISTER w/ auth -> 200 OK for sip:+999700000001206@ims.mnc070.mcc999.3gpp.network.org
Jul  7 16:07:57 ims kamailio-scscf[3067]: INFO: tm [t_reply.c:900]: Call-ID: e5dc122737d04f00@ims.mnc070.mcc999.3gpp.network.org 180 Ringing -> 200 OK, dialog confirmed
Jul  7 16:08:00 ims kamailio-scscf[3067]: INFO: registrar [save.c:498]: 401 challenge -> REGISTER w/ auth -> 200 OK for sip:+999700000003757@ims.mnc070.mcc999.3gpp.network.org
Jul  7 16:08:06 ims kamailio-scscf[3067]: INFO: tm [t_reply.c:900]: Call-ID: 0925c6c30e6949c2@ims.mnc070.mcc999.3gpp.network.org 180 Ringing -> 200 OK, dialog confirmed
Jul  7 16:09:28 ims kamailio-scscf[3067]: INFO: tm [t_reply.c:900]: Call-ID: 0eb5e36ee2654c0b@ims.mnc070.mcc999.3gpp.network.org 180 Ringing -> 200 OK, dialog confirmed
Jul  7 16:09:30 ims kamailio-scscf[3067]: INFO: tm [t_reply.c:900]: Call-ID: ed05298d799340b1@ims.mnc070.mcc999.3gpp.network.org 180 Ringing -> 200 OK, dialog confirmed
Jul  7 16:11:07 ims kamailio-scscf[3067]: INFO: tm [t_reply.c:900]: Call-ID: 65b38c7f8d1c49b0@ims.mnc070.mcc999.3gpp.network.org final reply 486 Busy Here
Jul  7 16:11:39 ims kamailio-scscf[3067]: INFO: registrar [save.c:498]: 401 challenge -> REGISTER w/ auth -> 200 OK for sip:+999700000000151@ims.mnc070.mcc999.3gpp.network.org
Jul  7 16:11:55 ims kamailio-scscf[3067]: INFO: registrar [save.c:498]: 401 challenge -> REGISTER w/ auth -> 200 OK for sip:+999700000004950@ims.mnc070.mcc999.3gpp.network.org
Jul  7 16:12:51 ims kamailio-scscf[3067]: INFO: registrar [save.c:498]: 401 challenge -> REGISTER w/ auth -> 200 OK for sip:+999700000001179@ims.mnc070.mcc999.3gpp.network.org
Jul  7 16:13:13 ims kamailio-scscf[3067]: INFO: registrar [save.c:498]: 401 challenge -> REGISTER w/ auth -> 200 OK for sip:+999700000000146@ims.mnc070.mcc999.3gpp.network.org
Jul  7 16:14:16 ims kamailio-scscf[3067]: INFO: registrar [save.c:498]: 401 challenge -> REGISTER w/ auth -> 200 OK for sip:+999700000003632@ims.mnc070.mcc999.3gpp.network.org
Jul  7 16:15:45 ims kamailio-scscf[3067]: INFO: registrar [save.c:498]: 401 challenge -> REGISTER w/ auth -> 200 OK for sip:+999700000000464@ims.mnc070.mcc999.3gpp.network.org
Jul  7 16:16:12 ims kamailio-scscf[3067]: INFO: registrar [save.c:498]: 401 challenge -> REGISTER w/ auth -> 200 OK for sip:+999700000001977@ims.mnc070.mcc999.3gpp.network.org
Jul  7 16:16:32 ims kamailio-scscf[3067]: INFO: tm [t_reply.c:900]: Call-ID: 2d61ad3c5b2f40a2@ims.mnc070.mcc999.3gpp.network.org 180 Ringing -> 200 OK, dialog confirmed
Jul  7 16:16:50 ims kamailio-scscf[3067]: INFO: tm [t_reply.c:900]: Call-ID: cb3017e3d07a40e7@ims.mnc070.mcc999.3gpp.network.org 180 Ringing -> 200 OK, dialog confirmed
Jul  7 16:16:52 ims kamailio-scscf[3067]: INFO: tm [t_reply.c:900]: Call-ID: 4c2e59113f7b421c@ims.mnc070.mcc999.3gpp.network.org 180 Ringing -> 200 OK, dialog confirmed
Jul  7 16:16:54 ims kamailio-scscf[3067]: INFO: tm [t_reply.c:900]: Call-ID: e5c26b73eeb543d6@ims.mnc070.mcc999.3gpp.network.org 180 Ringing -> 200 OK, dialog confirmed
Jul  7 16:17:02 ims kamailio-scscf[3067]: INFO: registrar [save.c:498]: 401 challenge -> REGISTER w/ auth -> 200 OK for sip:+999700000002710@ims.mnc070.mcc999.3gpp.network.org
Jul  7 16:17:19 ims kamailio-scscf[3067]: INFO: registrar [save.c:498]: 401 challenge -> REGISTER w/ auth -> 200 OK for sip:+999700000001552@ims.mnc070.mcc999.3gpp.network.org
Jul  7 16:17:43 ims kamailio-scscf[3067]: INFO: registrar [save.c:498]: 401 challenge -> REGISTER w/ auth -> 200 OK for sip:+999700000000153@ims.mnc070.mcc999.3gpp.network.org
Jul  7 16:17:45 ims kamailio-scscf[3067]: INFO: registrar [save.c:498]: 401 challenge -> REGISTER w/ auth -> 200 OK for sip:+999700000002342@ims.mnc070.mcc999.3gpp.network.org
Jul  7 16:18:27 ims kamailio-scscf[3067]: INFO: registrar [save.c:498]: 401 challenge -> REGISTER w/ auth -> 200 OK for sip:+999700000004882@ims.mnc070.mcc999.3gpp.network.org
Jul  7 16:19:16 ims kamailio-scscf[3067]: INFO: tm [t_reply.c:900]: Call-ID: e423e3b9a73f48bc@ims.mnc070.mcc999.3gpp.network.org 180 Ringing -> 200 OK, dialog confirmed
Jul  7 16:19:20 ims kamailio-scscf[3067]: INFO: tm [t_reply.c:900]: Call-ID: 589e3762d0784d92@ims.mnc070.mcc999.3gpp.network.org final reply 486 Busy Here
Jul  7 16:19:44 ims kamailio-scscf[3067]: INFO: registrar [save.c:498]: 401 challenge -> REGISTER w/ auth -> 200 OK for sip:+999700000001643@ims.mnc070.mcc999.3gpp.network.org
Jul  7 16:20:58 ims kamailio-scscf[3067]: INFO: registrar [save.c:498]: 401 challenge -> REGISTER w/ auth -> 200 OK for sip:+999700000002800@ims.mnc070.mcc999.3gpp.network.org
Jul  7 16:21:20 ims kamailio-scscf[3067]: INFO: tm [t_reply.c:900]: Call-ID: 5d3561daf22f4741@ims.mnc070.mcc999.3gpp.network.org 180 Ringing -> 200 OK, dialog confirmed
Jul  7 16:21:39 ims kamailio-scscf[3067]: INFO: tm [t_reply.c:900]: Call-ID: a8b6ed3b6df947e9@ims.mnc070.mcc999.3gpp.network.org 180 Ringing -> 200 OK, dialog confirmed
Jul  7 16:21:57 ims kamailio-scscf[3067]: INFO: registrar [save.c:498]: 401 challenge -> REGISTER w/ auth -> 200 OK for sip:+999700000002478@ims.mnc070.mcc999.3gpp.network.org
Jul  7 16:22:13 ims kamailio-scscf[3067]: INFO: registrar [save.c:498]: 401 challenge -> REGISTER w/ auth -> 200 OK for sip:+999700000000250@ims.mnc070.mcc999.3gpp.network.org
Jul  7 16:22:50 ims kamailio-scscf[3067]: INFO: tm [t_reply.c:900]: Call-ID: 8a6016aa72954618@ims.mnc070.mcc999.3gpp.network.org final reply 486 Busy Here
Jul  7 16:23:40 ims kamailio-scscf[3067]: INFO: registrar [save.c:498]: 401 challenge -> REGISTER w/ auth -> 200 OK for sip:+999700000004985@ims.mnc070.mcc999.3gpp.network.org
Jul  7 16:23:41 ims kamailio-scscf[3067]: INFO: registrar [save.c:498]: 401 challenge -> REGISTER w/ auth -> 200 OK for sip:+999700000001103@ims.mnc070.mcc999.3gpp.network.org
Jul  7 16:25:18 ims kamailio-scscf[3067]: INFO: registrar [save.c:498]: 401 challenge -> REGISTER w/ auth -> 200 OK for sip:+999700000002132@ims.mnc070.mcc999.3gpp.network.org
Jul  7 16:25:52 ims kamailio-scscf[3067]: INFO: registrar [save.c:498]: 401 challenge -> REGISTER w/ auth -> 200 OK for sip:+999700000003382@ims.mnc070.mcc999.3gpp.network.org
Jul  7 16:27:59 ims kamailio-scscf[3067]: INFO: tm [t_reply.c:900]: Call-ID: 4d2303a38c0d452b@ims.mnc070.mcc999.3gpp.network.org 180 Ringing -> 200 OK, dialog confirmed
Jul  7 16:29:00 ims kamailio-scscf[3067]: INFO: registrar [save.c:498]: 401 challenge -> REGISTER w/ auth -> 200 OK for sip:+999700000001149@ims.mnc070.mcc999.3gpp.network.org
Jul  7 16:32:20 ims kamailio-scscf[3067]: INFO: registrar [save.c:498]: 401 challenge -> REGISTER w/ auth -> 200 OK for sip:+999700000004054@ims.mnc070.mcc999.3gpp.network.org
Jul  7 16:32:34 ims kamailio-scscf[3067]: INFO: tm [t_reply.c:900]: Call-ID: 01324a3e3369463d@ims.mnc070.mcc999.3gpp.network.org final reply 480 No Answer
Jul  7 16:32:39 ims kamailio-scscf[3067]: INFO: tm [t_reply.c:900]: Call-ID: 57bd04c9d2e64c2d@ims.mnc070.mcc999.3gpp.network.org 180 Ringing -> 200 OK, dialog confirmed
Jul  7 16:32:46 ims kamailio-scscf[3067]: INFO: registrar [save.c:498]: 401 challenge -> REGISTER w/ auth -> 200 OK for sip:+999700000000318@ims.mnc070.mcc999.3gpp.network.org
Jul  7 16:32:51 ims kamailio-scscf[3067]: INFO: tm [t_reply.c:900]: Call-ID: d6e3029c648d4da5@ims.mnc070.mcc999.3gpp.network.org 180 Ringing -> 200 OK, dialog confirmed
Jul  7 16:32:58 ims kamailio-scscf[3067]: INFO: registrar [save.c:498]: 401 challenge -> REGISTER w/ auth -> 200 OK for sip:+999700000001352@ims.mnc070.mcc999.3gpp.network.org
Jul  7 16:34:02 ims kamailio-scscf[3067]: INFO: registrar [save.c:498]: 401 challenge -> REGISTER w/ auth -> 200 OK for sip:+999700000002280@ims.mnc070.mcc999.3gpp.network.org
Jul  7 16:34:04 ims kamailio-scscf[3067]: INFO: tm [t_reply.c:900]: Call-ID: fc19ac1832244d82@ims.mnc070.mcc999.3gpp.network.org 180 Ringing -> 200 OK, dialog confirmed
Jul  7 16:34:08 ims kamailio-scscf[3067]: INFO: registrar [save.c:498]: 401 challenge -> REGISTER w/ auth -> 200 OK for sip:+999700000000042@ims.mnc070.mcc999.3gpp.network.org
Jul  7 16:34:17 ims kamailio-scscf[3067]: INFO: registrar [save.c:498]: 401 challenge -> REGISTER w/ auth -> 200 OK for sip:+999700000002225@ims.mnc070.mcc999.3gpp.network.org
Jul  7 16:34:50 ims kamailio-scscf[3067]: INFO: registrar [save.c:498]: 401 challenge -> REGISTER w/ auth -> 200 OK for sip:+999700000001965@ims.mnc070.mcc999.3gpp.network.org
Jul  7 16:35:55 ims kamailio-scscf[3067]: INFO: tm [t_reply.c:900]: Call-ID: fa11b24889b84c4f@ims.mnc070.mcc999.3gpp.network.org 180 Ringing -> 200 OK, dialog confirmed
Jul  7 16:36:01 ims kamailio-scscf[3067]: INFO: registrar [save.c:498]: 401 challenge -> REGISTER w/ auth -> 200 OK for sip:+999700000002329@ims.mnc070.mcc999.3gpp.network.org
Jul  7 16:37:14 ims kamailio-scscf[3067]: INFO: tm [t_reply.c:900]: Call-ID: 3aa0764ee1274280@ims.mnc070.mcc999.3gpp.network.org 180 Ringing -> 200 OK, dialog confirmed
Jul  7 16:37:17 ims kamailio-scscf[3067]: INFO: tm [t_reply.c:900]: Call-ID: 0c88747f813b470f@ims.mnc070.mcc999.3gpp.network.org 180 Ringing -> 200 OK, dialog confirmed
Jul  7 16:37:45 ims kamailio-scscf[3067]: INFO: tm [t_reply.c:900]: Call-ID: f03cdc20e059453c@ims.mnc070.mcc999.3gpp.network.org 180 Ringing -> 200 OK, dialog confirmed
Jul  7 16:38:11 ims kamailio-scscf[3067]: INFO: tm [t_reply.c:900]: Call-ID: a1f2720a4d8e4b9f@ims.mnc070.mcc999.3gpp.network.org 180 Ringing -> 200 OK, dialog confirmed
Jul  7 16:38:15 ims kamailio-scscf[3067]: INFO: registrar [save.c:498]: 401 challenge -> REGISTER w/ auth -> 200 OK for sip:+999700000002964@ims.mnc070.mcc999.3gpp.network.org
Jul  7 16:38:52 ims kamailio-scscf[3067]: INFO: registrar [save.c:498]: 401 challenge -> REGISTER w/ auth -> 200 OK for sip:+999700000002575@ims.mnc070.mcc999.3gpp.network.org
Jul  7 16:39:19 ims kamailio-scscf[3067]: INFO: tm [t_reply.c:900]: Call-ID: 080b948172d640c8@ims.mnc070.mcc999.3gpp.network.org final reply 486 Busy Here
Jul  7 16:39:48 ims kamailio-scscf[3067]: INFO: registrar [save.c:498]: 401 challenge -> REGISTER w/ auth -> 200 OK for sip:+999700000000578@ims.mnc070.mcc999.3gpp.network.org
Jul  7 16:42:11 ims kamailio-scscf[3067]: INFO: registrar [save.c:498]: 401 challenge -> REGISTER w/ auth -> 200 OK for sip:+999700000003775@ims.mnc070.mcc999.3gpp.network.org
Jul  7 16:42:16 ims kamailio-scscf[3067]: INFO: tm [t_reply.c:900]: Call-ID: e6195eee643e489b@ims.mnc070.mcc999.3gpp.network.org 180 Ringing -> 200 OK, dialog confirmed
Jul  7 16:42:25 ims kamailio-scscf[3067]: INFO: registrar [save.c:498]: 401 challenge -> REGISTER w/ auth -> 200 OK for sip:+999700000000016@ims.mnc070.mcc999.3gpp.network.org
Jul  7 16:43:18 ims kamailio-scscf[3067]: INFO: registrar [save.c:498]: 401 challenge -> REGISTER w/ auth -> 200 OK for sip:+999700000001785@ims.mnc070.mcc999.3gpp.network.org
Jul  7 16:43:29 ims kamailio-scscf[3067]: INFO: registrar [save.c:498]: 401 challenge -> REGISTER w/ auth -> 200 OK for sip:+999700000004383@ims.mnc070.mcc999.3gpp.network.org
Jul  7 16:43:49 ims kamailio-scscf[3067]: INFO: registrar [save.c:498]: 401 challenge -> REGISTER w/ auth -> 200 OK for sip:+999700000003383@ims.mnc070.mcc999.3gpp.network.org
Jul  7 16:43:51 ims kamailio-scscf[3067]: INFO: tm [t_reply.c:900]: Call-ID: 651b8081d8e7406a@ims.mnc070.mcc999.3gpp.network.org 180 Ringing -> 200 OK, dialog confirmed
Jul  7 16:43:54 ims kamailio-scscf[3067]: INFO: registrar [save.c:498]: 401 challenge -> REGISTER w/ auth -> 200 OK for sip:+999700000004891@ims.mnc070.mcc999.3gpp.network.org
Jul  7 16:43:58 ims kamailio-scscf[3067]: INFO: registrar [save.c:498]: 401 challenge -> REGISTER w/ auth -> 200 OK for sip:+999700000001336@ims.mnc070.mcc999.3gpp.network.org
Jul  7 16:45:07 ims kamailio-scscf[3067]: INFO: registrar [save.c:498]: 401 challenge -> REGISTER w/ auth -> 200 OK for sip:+999700000002750@ims.mnc070.mcc999.3gpp.network.org
Jul  7 16:45:33 ims kamailio-scscf[3067]: INFO: registrar [save.c:498]: 401 challenge -> REGISTER w/ auth -> 200 OK for sip:+999700000004644@ims.mnc070.mcc999.3gpp.network.org
Jul  7 16:45:46 ims kamailio-scscf[3067]: INFO: tm [t_reply.c:900]: Call-ID: 159976b415e942ff@ims.mnc070.mcc999.3gpp.network.org 180 Ringing -> 200 OK, dialog confirmed
Jul  7 16:45:53 ims kamailio-scscf[3067]: INFO: registrar [save.c:498]: 401 challenge -> REGISTER w/ auth -> 200 OK for sip:+999700000002600@ims.mnc070.mcc999.3gpp.network.org
Jul  7 16:46:19 ims kamailio-scscf[3067]: INFO: registrar [save.c:498]: 401 challenge -> REGISTER w/ auth -> 200 OK for sip:+999700000003857@ims.mnc070.mcc999.3gpp.network.org
Jul  7 16:47:54 ims kamailio-scscf[3067]: INFO: tm [t_reply.c:900]: Call-ID: e2ec2f6975e245c1@ims.mnc070.mcc999.3gpp.network.org 180 Ringing -> 200 OK, dialog confirmed
Jul  7 16:49:12 ims kamailio-scscf[3067]: INFO: registrar [save.c:498]: 401 challenge -> REGISTER w/ auth -> 200 OK for sip:+999700000004125@ims.mnc070.mcc999.3gpp.network.org
Jul  7 16:50:57 ims kamailio-scscf[3067]: INFO: registrar [save.c:498]: 401 challenge -> REGISTER w/ auth -> 200 OK for sip:+999700000003651@ims.mnc070.mcc999.3gpp.network.org
Jul  7 16:51:06 ims kamailio-scscf[3067]: INFO: registrar [save.c:498]: 401 challenge -> REGISTER w/ auth -> 200 OK for sip:+999700000004683@ims.mnc070.mcc999.3gpp.network.org
Jul  7 16:51:10 ims kamailio-scscf[3067]: WARNING: tm [t_reply.c:1201]: INVITE Call-ID: 7b080b566be647e4@ims.mnc070.mcc999.3gpp.network.org failed, 503/timeout downstream
Jul  7 16:51:51 ims kamailio-scscf[3067]: INFO: tm [t_reply.c:900]: Call-ID: 8b396c0dc00140b1@ims.mnc070.mcc999.3gpp.network.org 180 Ringing -> 200 OK, dialog confirmed
Jul  7 16:52:46 ims kamailio-scscf[3067]: INFO: tm [t_reply.c:900]: Call-ID: 449d7778e8334e20@ims.mnc070.mcc999.3gpp.network.org 180 Ringing -> 200 OK, dialog confirmed
Jul  7 16:52:52 ims kamailio-scscf[3067]: INFO: tm [t_reply.c:900]: Call-ID: c1f64eb5260a4ac6@ims.mnc070.mcc999.3gpp.network.org final reply 486 Busy Here
Jul  7 16:54:21 ims kamailio-scscf[3067]: INFO: tm [t_reply.c:900]: Call-ID: d43cf314a6954b5a@ims.mnc070.mcc999.3gpp.network.org 180 Ringing -> 200 OK, dialog confirmed
Jul  7 16:54:45 ims kamailio-scscf[3067]: INFO: registrar [save.c:498]: 401 challenge -> REGISTER w/ auth -> 200 OK for sip:+999700000001955@ims.mnc070.mcc999.3gpp.network.org
Jul  7 16:55:04 ims kamailio-scscf[3067]: INFO: registrar [save.c:498]: 401 challenge -> REGISTER w/ auth -> 200 OK for sip:+999700000002582@ims.mnc070.mcc999.3gpp.network.org
Jul  7 16:55:20 ims kamailio-scscf[3067]: INFO: registrar [save.c:498]: 401 challenge -> REGISTER w/ auth -> 200 OK for sip:+999700000000313@ims.mnc070.mcc999.3gpp.network.org
Jul  7 16:55:20 ims kamailio-scscf[3067]: INFO: tm [t_reply.c:900]: Call-ID: d92bcd60dab346d6@ims.mnc070.mcc999.3gpp.network.org 180 Ringing -> 200 OK, dialog confirmed
Jul  7 16:55:21 ims kamailio-scscf[3067]: INFO: registrar [save.c:498]: 401 challenge -> REGISTER w/ auth -> 200 OK for sip:+999700000003659@ims.mnc070.mcc999.3gpp.network.org
Jul  7 16:55:29 ims kamailio-scscf[3067]: INFO: tm [t_reply.c:900]: Call-ID: c4fab723a3de4687@ims.mnc070.mcc999.3gpp.network.org 180 Ringing -> 200 OK, dialog confirmed
Jul  7 16:55:37 ims kamailio-scscf[3067]: INFO: registrar [save.c:498]: 401 challenge -> REGISTER w/ auth -> 200 OK for sip:+999700000004865@ims.mnc070.mcc999.3gpp.network.org
Jul  7 16:55:47 ims kamailio-scscf[3067]: INFO: registrar [save.c:498]: 401 challenge -> REGISTER w/ auth -> 200 OK for sip:+999700000004757@ims.mnc070.mcc999.3gpp.network.org
Jul  7 16:56:10 ims kamailio-scscf[3067]: INFO: registrar [save.c:498]: 401 challenge -> REGISTER w/ auth -> 200 OK for sip:+999700000001493@ims.mnc070.mcc999.3gpp.network.org
Jul  7 16:57:07 ims kamailio-scscf[3067]: INFO: registrar [save.c:498]: 401 challenge -> REGISTER w/ auth -> 200 OK for sip:+999700000000893@ims.mnc070.mcc999.3gpp.network.org
Jul  7 16:57:48 ims kamailio-scscf[3067]: INFO: registrar [save.c:498]: 401 challenge -> REGISTER w/ auth -> 200 OK for sip:+999700000002159@ims.mnc070.mcc999.3gpp.network.org
Jul  7 16:58:22 ims kamailio-scscf[3067]: INFO: registrar [save.c:498]: 401 challenge -> REGISTER w/ auth -> 200 OK for sip:+999700000000309@ims.mnc070.mcc999.3gpp.network.org
Jul  7 16:58:35 ims kamailio-scscf[3067]: INFO: registrar [save.c:498]: 401 challenge -> REGISTER w/ auth -> 200 OK for sip:+999700000004664@ims.mnc070.mcc999.3gpp.network.org
Jul  7 17:01:10 ims kamailio-scscf[3067]: INFO: registrar [save.c:498]: 401 challenge -> REGISTER w/ auth -> 200 OK for sip:+999700000002616@ims.mnc070.mcc999.3gpp.network.org
Jul  7 17:01:42 ims kamailio-scscf[3067]: INFO: registrar [save.c:498]: 401 challenge -> REGISTER w/ auth -> 200 OK for sip:+999700000001371@ims.mnc070.mcc999.3gpp.network.org
Jul  7 17:02:14 ims kamailio-scscf[3067]: INFO: registrar [save.c:498]: 401 challenge -> REGISTER w/ auth -> 200 OK for sip:+999700000001280@ims.mnc070.mcc999.3gpp.network.org
Jul  7 17:02:47 ims kamailio-scscf[3067]: INFO: registrar [save.c:498]: 401 challenge -> REGISTER w/ auth -> 200 OK for sip:+999700000003454@ims.mnc070.mcc999.3gpp.network.org
Jul  7 17:03:21 ims kamailio-scscf[3067]: INFO: tm [t_reply.c:900]: Call-ID: 19e852da813f499f@ims.mnc070.mcc999.3gpp.network.org 180 Ringing -> 200 OK, dialog confirmed
Jul  7 17:03:32 ims kamailio-scscf[3067]: WARNING: tm [t_reply.c:1201]: INVITE Call-ID: f3b6d3bee54e4e00@ims.mnc070.mcc999.3gpp.network.org failed, 503/timeout downstream
Jul  7 17:04:12 ims kamailio-scscf[3067]: INFO: tm [t_reply.c:900]: Call-ID: 9a3d9b0213cb4b49@ims.mnc070.mcc999.3gpp.network.org 180 Ringing -> 200 OK, dialog confirmed
Jul  7 17:05:01 ims kamailio-scscf[3067]: INFO: tm [t_reply.c:900]: Call-ID: e48d2135a07140b4@ims.mnc070.mcc999.3gpp.network.org final reply 486 Busy Here
Jul  7 17:05:03 ims kamailio-scscf[3067]: INFO: registrar [save.c:498]: 401 challenge -> REGISTER w/ auth -> 200 OK for sip:+999700000003779@ims.mnc070.mcc999.3gpp.network.org
Jul  7 17:05:10 ims kamailio-scscf[3067]: INFO: registrar [save.c:498]: 401 challenge -> REGISTER w/ auth -> 200 OK for sip:+999700000004826@ims.mnc070.mcc999.3gpp.network.org
Jul  7 17:05:20 ims kamailio-scscf[3067]: INFO: registrar [save.c:498]: 401 challenge -> REGISTER w/ auth -> 200 OK for sip:+999700000000608@ims.mnc070.mcc999.3gpp.network.org
Jul  7 17:06:11 ims kamailio-scscf[3067]: INFO: tm [t_reply.c:900]: Call-ID: 4f2246cd136c407d@ims.mnc070.mcc999.3gpp.network.org 180 Ringing -> 200 OK, dialog confirmed
Jul  7 17:06:45 ims kamailio-scscf[3067]: INFO: registrar [save.c:498]: 401 challenge -> REGISTER w/ auth -> 200 OK for sip:+999700000000969@ims.mnc070.mcc999.3gpp.network.org
Jul  7 17:06:54 ims kamailio-scscf[3067]: INFO: registrar [save.c:498]: 401 challenge -> REGISTER w/ auth -> 200 OK for sip:+999700000002490@ims.mnc070.mcc999.3gpp.network.org
Jul  7 17:08:00 ims kamailio-scscf[3067]: INFO: tm [t_reply.c:900]: Call-ID: 59e046e06e304bab@ims.mnc070.mcc999.3gpp.network.org 180 Ringing -> 200 OK, dialog confirmed
Jul  7 17:08:20 ims kamailio-scscf[3067]: INFO: registrar [save.c:498]: 401 challenge -> REGISTER w/ auth -> 200 OK for sip:+999700000002372@ims.mnc070.mcc999.3gpp.network.org
Jul  7 17:08:48 ims kamailio-scscf[3067]: INFO: tm [t_reply.c:900]: Call-ID: 5a9bdb6c056746e4@ims.mnc070.mcc999.3gpp.network.org 180 Ringing -> 200 OK, dialog confirmed
Jul  7 17:09:01 ims kamailio-scscf[3067]: INFO: tm [t_reply.c:900]: Call-ID: 6654d6c49a7049d6@ims.mnc070.mcc999.3gpp.network.org 180 Ringing -> 200 OK, dialog confirmed
Jul  7 17:09:04 ims kamailio-scscf[3067]: INFO: registrar [save.c:498]: 401 challenge -> REGISTER w/ auth -> 200 OK for sip:+999700000002405@ims.mnc070.mcc999.3gpp.network.org
Jul  7 17:09:06 ims kamailio-scscf[3067]: INFO: registrar [save.c:498]: 401 challenge -> REGISTER w/ auth -> 200 OK for sip:+999700000001133@ims.mnc070.mcc999.3gpp.network.org
Jul  7 17:09:15 ims kamailio-scscf[3067]: INFO: registrar [save.c:498]: 401 challenge -> REGISTER w/ auth -> 200 OK for sip:+999700000004841@ims.mnc070.mcc999.3gpp.network.org
Jul  7 17:09:25 ims kamailio-scscf[3067]: INFO: registrar [save.c:498]: 401 challenge -> REGISTER w/ auth -> 200 OK for sip:+999700000000642@ims.mnc070.mcc999.3gpp.network.org
Jul  7 17:09:55 ims kamailio-scscf[3067]: INFO: registrar [save.c:498]: 401 challenge -> REGISTER w/ auth -> 200 OK for sip:+999700000003327@ims.mnc070.mcc999.3gpp.network.org
Jul  7 17:10:45 ims kamailio-scscf[3067]: INFO: registrar [save.c:498]: 401 challenge -> REGISTER w/ auth -> 200 OK for sip:+999700000002791@ims.mnc070.mcc999.3gpp.network.org
Jul  7 17:10:54 ims kamailio-scscf[3067]: INFO: registrar [save.c:498]: 401 challenge -> REGISTER w/ auth -> 200 OK for sip:+999700000002531@ims.mnc070.mcc999.3gpp.network.org
Jul  7 17:12:06 ims kamailio-scscf[3067]: INFO: tm [t_reply.c:900]: Call-ID: 5cdbe11dba3a496a@ims.mnc070.mcc999.3gpp.network.org 180 Ringing -> 200 OK, dialog confirmed
Jul  7 17:12:40 ims kamailio-scscf[3067]: INFO: tm [t_reply.c:900]: Call-ID: 19eecd6e2ab24bef@ims.mnc070.mcc999.3gpp.network.org 180 Ringing -> 200 OK, dialog confirmed
Jul  7 17:13:28 ims kamailio-scscf[3067]: INFO: tm [t_reply.c:900]: Call-ID: b65d63339fc342fa@ims.mnc070.mcc999.3gpp.network.org 180 Ringing -> 200 OK, dialog confirmed
Jul  7 17:13:38 ims kamailio-scscf[3067]: INFO: registrar [save.c:498]: 401 challenge -> REGISTER w/ auth -> 200 OK for sip:+999700000001845@ims.mnc070.mcc999.3gpp.network.org
Jul  7 17:14:13 ims kamailio-scscf[3067]: INFO: tm [t_reply.c:900]: Call-ID: 2f2a9b1e48f14ee2@ims.mnc070.mcc999.3gpp.network.org final reply 486 Busy Here
Jul  7 17:14:27 ims kamailio-scscf[3067]: INFO: registrar [save.c:498]: 401 challenge -> REGISTER w/ auth -> 200 OK for sip:+999700000000890@ims.mnc070.mcc999.3gpp.network.org
Jul  7 17:15:36 ims kamailio-scscf[3067]: INFO: tm [t_reply.c:900]: Call-ID: cc6c8573a2f54211@ims.mnc070.mcc999.3gpp.network.org 180 Ringing -> 200 OK, dialog confirmed
Jul  7 17:15:43 ims kamailio-scscf[3067]: INFO: registrar [save.c:498]: 401 challenge -> REGISTER w/ auth -> 200 OK for sip:+999700000003393@ims.mnc070.mcc999.3gpp.network.org
Jul  7 17:16:02 ims kamailio-scscf[3067]: INFO: registrar [save.c:498]: 401 challenge -> REGISTER w/ auth -> 200 OK for sip:+999700000004986@ims.mnc070.mcc999.3gpp.network.org
Jul  7 17:17:11 ims kamailio-scscf[3067]: INFO: registrar [save.c:498]: 401 challenge -> REGISTER w/ auth -> 200 OK for sip:+999700000003032@ims.mnc070.mcc999.3gpp.network.org
Jul  7 17:17:30 ims kamailio-scscf[3067]: INFO: tm [t_reply.c:900]: Call-ID: 7826e77f0b994cf0@ims.mnc070.mcc999.3gpp.network.org 180 Ringing -> 200 OK, dialog confirmed
Jul  7 17:17:30 ims kamailio-scscf[3067]: INFO: tm [t_reply.c:900]: Call-ID: 906b34c7285c4bf8@ims.mnc070.mcc999.3gpp.network.org 180 Ringing -> 200 OK, dialog confirmed
Jul  7 17:17:55 ims kamailio-scscf[3067]: INFO: tm [t_reply.c:900]: Call-ID: b0adc6010303488d@ims.mnc070.mcc999.3gpp.network.org 180 Ringing -> 200 OK, dialog confirmed
Jul  7 17:18:00 ims kamailio-scscf[3067]: INFO: registrar [save.c:498]: 401 challenge -> REGISTER w/ auth -> 200 OK for sip:+999700000004395@ims.mnc070.mcc999.3gpp.network.org
Jul  7 17:18:48 ims kamailio-scscf[3067]: INFO: registrar [save.c:498]: 401 challenge -> REGISTER w/ auth -> 200 OK for sip:+999700000002533@ims.mnc070.mcc999.3gpp.network.org
Jul  7 17:19:05 ims kamailio-scscf[3067]: INFO: tm [t_reply.c:900]: Call-ID: e5a9e16335a843b7@ims.mnc070.mcc999.3gpp.network.org 180 Ringing -> 200 OK, dialog confirmed
Jul  7 17:19:52 ims kamailio-scscf[3067]: INFO: registrar [save.c:498]: 401 challenge -> REGISTER w/ auth -> 200 OK for sip:+999700000004898@ims.mnc070.mcc999.3gpp.network.org
Jul  7 17:19:55 ims kamailio-scscf[3067]: INFO: tm [t_reply.c:900]: Call-ID: 9c04e23f5c3c495e@ims.mnc070.mcc999.3gpp.network.org 180 Ringing -> 200 OK, dialog confirmed
Jul  7 17:20:33 ims kamailio-scscf[3067]: INFO: tm [t_reply.c:900]: Call-ID: 718a7efe740f46be@ims.mnc070.mcc999.3gpp.network.org final reply 486 Busy Here
Jul  7 17:21:04 ims kamailio-scscf[3067]: INFO: tm [t_reply.c:900]: Call-ID: 5aac5e024af3437a@ims.mnc070.mcc999.3gpp.network.org 180 Ringing -> 200 OK, dialog confirmed
Jul  7 17:22:36 ims kamailio-scscf[3067]: INFO: registrar [save.c:498]: 401 challenge -> REGISTER w/ auth -> 200 OK for sip:+999700000002613@ims.mnc070.mcc999.3gpp.network.org
Jul  7 17:24:03 ims kamailio-scscf[3067]: INFO: tm [t_reply.c:900]: Call-ID: 23d66a4fcc1843db@ims.mnc070.mcc999.3gpp.network.org 180 Ringing -> 200 OK, dialog confirmed
Jul  7 17:25:25 ims kamailio-scscf[3067]: INFO: tm [t_reply.c:900]: Call-ID: 3e160aa582334eae@ims.mnc070.mcc999.3gpp.network.org 180 Ringing -> 200 OK, dialog confirmed
Jul  7 17:27:24 ims kamailio-scscf[3067]: INFO: registrar [save.c:498]: 401 challenge -> REGISTER w/ auth -> 200 OK for sip:+999700000004953@ims.mnc070.mcc999.3gpp.network.org
Jul  7 17:28:10 ims kamailio-scscf[3067]: INFO: registrar [save.c:498]: 401 challenge -> REGISTER w/ auth -> 200 OK for sip:+999700000001593@ims.mnc070.mcc999.3gpp.network.org
Jul  7 17:28:39 ims kamailio-scscf[3067]: INFO: registrar [save.c:498]: 401 challenge -> REGISTER w/ auth -> 200 OK for sip:+999700000001220@ims.mnc070.mcc999.3gpp.network.org
Jul  7 17:28:40 ims kamailio-scscf[3067]: INFO: registrar [save.c:498]: 401 challenge -> REGISTER w/ auth -> 200 OK for sip:+999700000000435@ims.mnc070.mcc999.3gpp.network.org
Jul  7 17:28:41 ims kamailio-scscf[3067]: INFO: tm [t_reply.c:900]: Call-ID: 1199ce7059724b69@ims.mnc070.mcc999.3gpp.network.org 180 Ringing -> 200 OK, dialog confirmed
Jul  7 17:28:54 ims kamailio-scscf[3067]: INFO: registrar [save.c:498]: 401 challenge -> REGISTER w/ auth -> 200 OK for sip:+999700000001646@ims.mnc070.mcc999.3gpp.network.org
Jul  7 17:29:12 ims kamailio-scscf[3067]: INFO: registrar [save.c:498]: 401 challenge -> REGISTER w/ auth -> 200 OK for sip:+999700000002100@ims.mnc070.mcc999.3gpp.network.org
Jul  7 17:29:17 ims kamailio-scscf[3067]: INFO: registrar [save.c:498]: 401 challenge -> REGISTER w/ auth -> 200 OK for sip:+999700000004742@ims.mnc070.mcc999.3gpp.network.org
Jul  7 17:29:32 ims kamailio-scscf[3067]: INFO: registrar [save.c:498]: 401 challenge -> REGISTER w/ auth -> 200 OK for sip:+999700000001975@ims.mnc070.mcc999.3gpp.network.org
Jul  7 17:29:35 ims kamailio-scscf[3067]: WARNING: tm [t_reply.c:1201]: INVITE Call-ID: 5c0858ac75ed43a7@ims.mnc070.mcc999.3gpp.network.org failed, 503/timeout downstream
Jul  7 17:30:16 ims kamailio-scscf[3067]: INFO: tm [t_reply.c:900]: Call-ID: 0edbe92cb7eb4ebf@ims.mnc070.mcc999.3gpp.network.org 180 Ringing -> 200 OK, dialog confirmed
Jul  7 17:30:18 ims kamailio-scscf[3067]: INFO: registrar [save.c:498]: 401 challenge -> REGISTER w/ auth -> 200 OK for sip:+999700000001589@ims.mnc070.mcc999.3gpp.network.org
Jul  7 17:30:23 ims kamailio-scscf[3067]: WARNING: tm [t_reply.c:1201]: INVITE Call-ID: 82fe5890ed3c48c6@ims.mnc070.mcc999.3gpp.network.org failed, 503/timeout downstream
Jul  7 17:30:59 ims kamailio-scscf[3067]: INFO: tm [t_reply.c:900]: Call-ID: 693bde0ac1c64c6c@ims.mnc070.mcc999.3gpp.network.org 180 Ringing -> 200 OK, dialog confirmed
Jul  7 17:31:06 ims kamailio-scscf[3067]: INFO: registrar [save.c:498]: 401 challenge -> REGISTER w/ auth -> 200 OK for sip:+999700000003489@ims.mnc070.mcc999.3gpp.network.org
Jul  7 17:31:20 ims kamailio-scscf[3067]: INFO: registrar [save.c:498]: 401 challenge -> REGISTER w/ auth -> 200 OK for sip:+999700000003035@ims.mnc070.mcc999.3gpp.network.org
Jul  7 17:31:26 ims kamailio-scscf[3067]: INFO: registrar [save.c:498]: 401 challenge -> REGISTER w/ auth -> 200 OK for sip:+999700000003442@ims.mnc070.mcc999.3gpp.network.org
Jul  7 17:32:15 ims kamailio-scscf[3067]: INFO: tm [t_reply.c:900]: Call-ID: 76f35e1ab17d4622@ims.mnc070.mcc999.3gpp.network.org 180 Ringing -> 200 OK, dialog confirmed
Jul  7 17:32:25 ims kamailio-scscf[3067]: INFO: registrar [save.c:498]: 401 challenge -> REGISTER w/ auth -> 200 OK for sip:+999700000003221@ims.mnc070.mcc999.3gpp.network.org
Jul  7 17:32:38 ims kamailio-scscf[3067]: INFO: registrar [save.c:498]: 401 challenge -> REGISTER w/ auth -> 200 OK for sip:+999700000003125@ims.mnc070.mcc999.3gpp.network.org
Jul  7 17:33:25 ims kamailio-scscf[3067]: INFO: registrar [save.c:498]: 401 challenge -> REGISTER w/ auth -> 200 OK for sip:+999700000000072@ims.mnc070.mcc999.3gpp.network.org
Jul  7 17:33:57 ims kamailio-scscf[3067]: INFO: registrar [save.c:498]: 401 challenge -> REGISTER w/ auth -> 200 OK for sip:+999700000003424@ims.mnc070.mcc999.3gpp.network.org
Jul  7 17:34:57 ims kamailio-scscf[3067]: INFO: registrar [save.c:498]: 401 challenge -> REGISTER w/ auth -> 200 OK for sip:+999700000001278@ims.mnc070.mcc999.3gpp.network.org
Jul  7 17:35:57 ims kamailio-scscf[3067]: INFO: tm [t_reply.c:900]: Call-ID: 2b7a357b0793444e@ims.mnc070.mcc999.3gpp.network.org 180 Ringing -> 200 OK, dialog confirmed
Jul  7 17:35:57 ims kamailio-scscf[3067]: INFO: registrar [save.c:498]: 401 challenge -> REGISTER w/ auth -> 200 OK for sip:+999700000004182@ims.mnc070.mcc999.3gpp.network.org
Jul  7 17:35:58 ims kamailio-scscf[3067]: INFO: registrar [save.c:498]: 401 challenge -> REGISTER w/ auth -> 200 OK for sip:+999700000002755@ims.mnc070.mcc999.3gpp.network.org
Jul  7 17:37:10 ims kamailio-scscf[3067]: INFO: registrar [save.c:498]: 401 challenge -> REGISTER w/ auth -> 200 OK for sip:+999700000003215@ims.mnc070.mcc999.3gpp.network.org
Jul  7 17:37:59 ims kamailio-scscf[3067]: INFO: tm [t_reply.c:900]: Call-ID: e3e559067856477b@ims.mnc070.mcc999.3gpp.network.org 180 Ringing -> 200 OK, dialog confirmed
Jul  7 17:37:59 ims kamailio-scscf[3067]: INFO: registrar [save.c:498]: 401 challenge -> REGISTER w/ auth -> 200 OK for sip:+999700000001604@ims.mnc070.mcc999.3gpp.network.org
Jul  7 17:38:06 ims kamailio-scscf[3067]: INFO: tm [t_reply.c:900]: Call-ID: 68efa8e37bee4ba9@ims.mnc070.mcc999.3gpp.network.org 180 Ringing -> 200 OK, dialog confirmed
Jul  7 17:39:23 ims kamailio-scscf[3067]: INFO: tm [t_reply.c:900]: Call-ID: f5969364aff040b7@ims.mnc070.mcc999.3gpp.network.org 180 Ringing -> 200 OK, dialog confirmed
Jul  7 17:39:59 ims kamailio-scscf[3067]: INFO: tm [t_reply.c:900]: Call-ID: fd9ab98dab4d446b@ims.mnc070.mcc999.3gpp.network.org 180 Ringing -> 200 OK, dialog confirmed
Jul  7 17:40:12 ims kamailio-scscf[3067]: INFO: registrar [save.c:498]: 401 challenge -> REGISTER w/ auth -> 200 OK for sip:+999700000003267@ims.mnc070.mcc999.3gpp.network.org
Jul  7 17:40:19 ims kamailio-scscf[3067]: INFO: registrar [save.c:498]: 401 challenge -> REGISTER w/ auth -> 200 OK for sip:+999700000000401@ims.mnc070.mcc999.3gpp.network.org
Jul  7 17:41:03 ims kamailio-scscf[3067]: INFO: registrar [save.c:498]: 401 challenge -> REGISTER w/ auth -> 200 OK for sip:+999700000002608@ims.mnc070.mcc999.3gpp.network.org
Jul  7 17:41:55 ims kamailio-scscf[3067]: INFO: tm [t_reply.c:900]: Call-ID: 89b5cfb08a564655@ims.mnc070.mcc999.3gpp.network.org 180 Ringing -> 200 OK, dialog confirmed
Jul  7 17:43:40 ims kamailio-scscf[3067]: INFO: registrar [save.c:498]: 401 challenge -> REGISTER w/ auth -> 200 OK for sip:+999700000004137@ims.mnc070.mcc999.3gpp.network.org
Jul  7 17:44:22 ims kamailio-scscf[3067]: INFO: registrar [save.c:498]: 401 challenge -> REGISTER w/ auth -> 200 OK for sip:+999700000004930@ims.mnc070.mcc999.3gpp.network.org
Jul  7 17:46:28 ims kamailio-scscf[3067]: INFO: tm [t_reply.c:900]: Call-ID: 56515ca6d649409e@ims.mnc070.mcc999.3gpp.network.org final reply 480 No Answer
Jul  7 17:46:50 ims kamailio-scscf[3067]: INFO: tm [t_reply.c:900]: Call-ID: 38722729618d4012@ims.mnc070.mcc999.3gpp.network.org 180 Ringing -> 200 OK, dialog confirmed
Jul  7 17:46:59 ims kamailio-scscf[3067]: INFO: registrar [save.c:498]: 401 challenge -> REGISTER w/ auth -> 200 OK for sip:+999700000004789@ims.mnc070.mcc999.3gpp.network.org
Jul  7 17:47:30 ims kamailio-scscf[3067]: INFO: tm [t_reply.c:900]: Call-ID: efd5cdc321824bb1@ims.mnc070.mcc999.3gpp.network.org 180 Ringing -> 200 OK, dialog confirmed
Jul  7 17:48:20 ims kamailio-scscf[3067]: INFO: registrar [save.c:498]: 401 challenge -> REGISTER w/ auth -> 200 OK for sip:+999700000004232@ims.mnc070.mcc999.3gpp.network.org
Jul  7 17:48:25 ims kamailio-scscf[3067]: INFO: registrar [save.c:498]: 401 challenge -> REGISTER w/ auth -> 200 OK for sip:+999700000002554@ims.mnc070.mcc999.3gpp.network.org
Jul  7 17:48:48 ims kamailio-scscf[3067]: INFO: tm [t_reply.c:900]: Call-ID: f346fc4544f64829@ims.mnc070.mcc999.3gpp.network.org 180 Ringing -> 200 OK, dialog confirmed
Jul  7 17:48:59 ims kamailio-scscf[3067]: INFO: registrar [save.c:498]: 401 challenge -> REGISTER w/ auth -> 200 OK for sip:+999700000000400@ims.mnc070.mcc999.3gpp.network.org
Jul  7 17:49:00 ims kamailio-scscf[3067]: INFO: registrar [save.c:498]: 401 challenge -> REGISTER w/ auth -> 200 OK for sip:+999700000003035@ims.mnc070.mcc999.3gpp.network.org
Jul  7 17:49:11 ims kamailio-scscf[3067]: INFO: tm [t_reply.c:900]: Call-ID: b9803b931c524bc0@ims.mnc070.mcc999.3gpp.network.org 180 Ringing -> 200 OK, dialog confirmed
Jul  7 17:50:45 ims kamailio-scscf[3067]: INFO: registrar [save.c:498]: 401 challenge -> REGISTER w/ auth -> 200 OK for sip:+999700000003989@ims.mnc070.mcc999.3gpp.network.org
Jul  7 17:51:04 ims kamailio-scscf[3067]: INFO: registrar [save.c:498]: 401 challenge -> REGISTER w/ auth -> 200 OK for sip:+999700000001093@ims.mnc070.mcc999.3gpp.network.org
Jul  7 17:52:24 ims kamailio-scscf[3067]: INFO: registrar [save.c:498]: 401 challenge -> REGISTER w/ auth -> 200 OK for sip:+999700000001013@ims.mnc070.mcc999.3gpp.network.org
Jul  7 17:53:09 ims kamailio-scscf[3067]: INFO: registrar [save.c:498]: 401 challenge -> REGISTER w/ auth -> 200 OK for sip:+999700000000412@ims.mnc070.mcc999.3gpp.network.org
Jul  7 17:53:42 ims kamailio-scscf[3067]: INFO: tm [t_reply.c:900]: Call-ID: 59a773ae23ac4956@ims.mnc070.mcc999.3gpp.network.org 180 Ringing -> 200 OK, dialog confirmed
Jul  7 17:53:43 ims kamailio-scscf[3067]: INFO: registrar [save.c:498]: 401 challenge -> REGISTER w/ auth -> 200 OK for sip:+999700000003758@ims.mnc070.mcc999.3gpp.network.org
Jul  7 17:54:50 ims kamailio-scscf[3067]: INFO: registrar [save.c:498]: 401 challenge -> REGISTER w/ auth -> 200 OK for sip:+999700000001000@ims.mnc070.mcc999.3gpp.network.org
Jul  7 17:55:50 ims kamailio-scscf[3067]: INFO: registrar [save.c:498]: 401 challenge -> REGISTER w/ auth -> 200 OK for sip:+999700000000716@ims.mnc070.mcc999.3gpp.network.org
Jul  7 17:56:01 ims kamailio-scscf[3067]: INFO: registrar [save.c:498]: 401 challenge -> REGISTER w/ auth -> 200 OK for sip:+999700000004126@ims.mnc070.mcc999.3gpp.network.org
Jul  7 17:57:17 ims kamailio-scscf[3067]: INFO: tm [t_reply.c:900]: Call-ID: e0084f8893604b71@ims.mnc070.mcc999.3gpp.network.org 180 Ringing -> 200 OK, dialog confirmed
Jul  7 17:57:21 ims kamailio-scscf[3067]: INFO: tm [t_reply.c:900]: Call-ID: 5d19539fe17a4f6e@ims.mnc070.mcc999.3gpp.network.org 180 Ringing -> 200 OK, dialog confirmed
Jul  7 17:57:30 ims kamailio-scscf[3067]: INFO: registrar [save.c:498]: 401 challenge -> REGISTER w/ auth -> 200 OK for sip:+999700000003506@ims.mnc070.mcc999.3gpp.network.org
Jul  7 17:57:38 ims kamailio-scscf[3067]: INFO: tm [t_reply.c:900]: Call-ID: 84881aee5478453a@ims.mnc070.mcc999.3gpp.network.org 180 Ringing -> 200 OK, dialog confirmed
Jul  7 17:57:51 ims kamailio-scscf[3067]: INFO: tm [t_reply.c:900]: Call-ID: b2a65cfe4adf4ad5@ims.mnc070.mcc999.3gpp.network.org 180 Ringing -> 200 OK, dialog confirmed
Jul  7 17:58:22 ims kamailio-scscf[3067]: INFO: tm [t_reply.c:900]: Call-ID: 3b0746ae97ca4c3f@ims.mnc070.mcc999.3gpp.network.org 180 Ringing -> 200 OK, dialog confirmed
Jul  7 17:59:09 ims kamailio-scscf[3067]: INFO: registrar [save.c:498]: 401 challenge -> REGISTER w/ auth -> 200 OK for sip:+999700000003843@ims.mnc070.mcc999.3gpp.network.org
Jul  7 17:59:24 ims kamailio-scscf[3067]: INFO: registrar [save.c:498]: 401 challenge -> REGISTER w/ auth -> 200 OK for sip:+999700000004639@ims.mnc070.mcc999.3gpp.network.org
Jul  7 17:59:34 ims kamailio-scscf[3067]: INFO: registrar [save.c:498]: 401 challenge -> REGISTER w/ auth -> 200 OK for sip:+999700000000394@ims.mnc070.mcc999.3gpp.network.org
Jul  7 18:00:17 ims kamailio-scscf[3067]: INFO: registrar [save.c:498]: 401 challenge -> REGISTER w/ auth -> 200 OK for sip:+999700000000466@ims.mnc070.mcc999.3gpp.network.org
Jul  7 18:01:37 ims kamailio-scscf[3067]: INFO: registrar [save.c:498]: 401 challenge -> REGISTER w/ auth -> 200 OK for sip:+999700000003856@ims.mnc070.mcc999.3gpp.network.org
Jul  7 18:01:39 ims kamailio-scscf[3067]: INFO: registrar [save.c:498]: 401 challenge -> REGISTER w/ auth -> 200 OK for sip:+999700000004436@ims.mnc070.mcc999.3gpp.network.org
Jul  7 18:02:18 ims kamailio-scscf[3067]: INFO: registrar [save.c:498]: 401 challenge -> REGISTER w/ auth -> 200 OK for sip:+999700000001535@ims.mnc070.mcc999.3gpp.network.org
Jul  7 18:04:02 ims kamailio-scscf[3067]: INFO: registrar [save.c:498]: 401 challenge -> REGISTER w/ auth -> 200 OK for sip:+999700000001838@ims.mnc070.mcc999.3gpp.network.org
Jul  7 18:05:33 ims kamailio-scscf[3067]: INFO: registrar [save.c:498]: 401 challenge -> REGISTER w/ auth -> 200 OK for sip:+999700000003120@ims.mnc070.mcc999.3gpp.network.org
Jul  7 18:06:25 ims kamailio-scscf[3067]: INFO: tm [t_reply.c:900]: Call-ID: 596aa99d73a846c1@ims.mnc070.mcc999.3gpp.network.org 180 Ringing -> 200 OK, dialog confirmed
Jul  7 18:06:38 ims kamailio-scscf[3067]: INFO: tm [t_reply.c:900]: Call-ID: cd32e1edaf5a4afc@ims.mnc070.mcc999.3gpp.network.org 180 Ringing -> 200 OK, dialog confirmed
Jul  7 18:06:49 ims kamailio-scscf[3067]: INFO: registrar [save.c:498]: 401 challenge -> REGISTER w/ auth -> 200 OK for sip:+999700000001694@ims.mnc070.mcc999.3gpp.network.org
Jul  7 18:07:51 ims kamailio-scscf[3067]: INFO: tm [t_reply.c:900]: Call-ID: c905d80b3237420d@ims.mnc070.mcc999.3gpp.network.org 180 Ringing -> 200 OK, dialog confirmed
Jul  7 18:08:38 ims kamailio-scscf[3067]: INFO: tm [t_reply.c:900]: Call-ID: 1e1785bde10f4c45@ims.mnc070.mcc999.3gpp.network.org 180 Ringing -> 200 OK, dialog confirmed
Jul  7 18:09:19 ims kamailio-scscf[3067]: INFO: registrar [save.c:498]: 401 challenge -> REGISTER w/ auth -> 200 OK for sip:+999700000003823@ims.mnc070.mcc999.3gpp.network.org
Jul  7 18:10:04 ims kamailio-scscf[3067]: INFO: registrar [save.c:498]: 401 challenge -> REGISTER w/ auth -> 200 OK for sip:+999700000001250@ims.mnc070.mcc999.3gpp.network.org
Jul  7 18:10:04 ims kamailio-scscf[3067]: INFO: registrar [save.c:498]: 401 challenge -> REGISTER w/ auth -> 200 OK for sip:+999700000003639@ims.mnc070.mcc999.3gpp.network.org
Jul  7 18:11:05 ims kamailio-scscf[3067]: INFO: tm [t_reply.c:900]: Call-ID: b328e52075a74608@ims.mnc070.mcc999.3gpp.network.org 180 Ringing -> 200 OK, dialog confirmed
Jul  7 18:11:14 ims kamailio-scscf[3067]: INFO: registrar [save.c:498]: 401 challenge -> REGISTER w/ auth -> 200 OK for sip:+999700000003692@ims.mnc070.mcc999.3gpp.network.org
Jul  7 18:11:23 ims kamailio-scscf[3067]: INFO: tm [t_reply.c:900]: Call-ID: 569d27103cb24763@ims.mnc070.mcc999.3gpp.network.org 180 Ringing -> 200 OK, dialog confirmed
Jul  7 18:11:53 ims kamailio-scscf[3067]: INFO: registrar [save.c:498]: 401 challenge -> REGISTER w/ auth -> 200 OK for sip:+999700000002635@ims.mnc070.mcc999.3gpp.network.org
Jul  7 18:12:03 ims kamailio-scscf[3067]: INFO: tm [t_reply.c:900]: Call-ID: 76e2854db1614e84@ims.mnc070.mcc999.3gpp.network.org 180 Ringing -> 200 OK, dialog confirmed
Jul  7 18:12:40 ims kamailio-scscf[3067]: INFO: registrar [save.c:498]: 401 challenge -> REGISTER w/ auth -> 200 OK for sip:+999700000003321@ims.mnc070.mcc999.3gpp.network.org
Jul  7 18:12:51 ims kamailio-scscf[3067]: WARNING: tm [t_reply.c:1201]: INVITE Call-ID: 693a6a64c0b84ab5@ims.mnc070.mcc999.3gpp.network.org failed, 503/timeout downstream
Jul  7 18:14:06 ims kamailio-scscf[3067]: INFO: registrar [save.c:498]: 401 challenge -> REGISTER w/ auth -> 200 OK for sip:+999700000002611@ims.mnc070.mcc999.3gpp.network.org
Jul  7 18:14:08 ims kamailio-scscf[3067]: INFO: registrar [save.c:498]: 401 challenge -> REGISTER w/ auth -> 200 OK for sip:+999700000004890@ims.mnc070.mcc999.3gpp.network.org
Jul  7 18:14:40 ims kamailio-scscf[3067]: INFO: tm [t_reply.c:900]: Call-ID: a080f4442c1f4967@ims.mnc070.mcc999.3gpp.network.org 180 Ringing -> 200 OK, dialog confirmed
Jul  7 18:14:52 ims kamailio-scscf[3067]: INFO: registrar [save.c:498]: 401 challenge -> REGISTER w/ auth -> 200 OK for sip:+999700000001235@ims.mnc070.mcc999.3gpp.network.org
Jul  7 18:14:55 ims kamailio-scscf[3067]: INFO: tm [t_reply.c:900]: Call-ID: 09e180e6c5a0403c@ims.mnc070.mcc999.3gpp.network.org 180 Ringing -> 200 OK, dialog confirmed
Jul  7 18:15:21 ims kamailio-scscf[3067]: INFO: registrar [save.c:498]: 401 challenge -> REGISTER w/ auth -> 200 OK for sip:+999700000001247@ims.mnc070.mcc999.3gpp.network.org
Jul  7 18:15:52 ims kamailio-scscf[3067]: INFO: tm [t_reply.c:900]: Call-ID: 6fac3b7b4a5e4c93@ims.mnc070.mcc999.3gpp.network.org 180 Ringing -> 200 OK, dialog confirmed
Jul  7 18:16:01 ims kamailio-scscf[3067]: INFO: tm [t_reply.c:900]: Call-ID: 8ed1386783334f09@ims.mnc070.mcc999.3gpp.network.org final reply 486 Busy Here
Jul  7 18:16:14 ims kamailio-scscf[3067]: INFO: registrar [save.c:498]: 401 challenge -> REGISTER w/ auth -> 200 OK for sip:+999700000003375@ims.mnc070.mcc999.3gpp.network.org
Jul  7 18:17:58 ims kamailio-scscf[3067]: INFO: registrar [save.c:498]: 401 challenge -> REGISTER w/ auth -> 200 OK for sip:+999700000001428@ims.mnc070.mcc999.3gpp.network.org
Jul  7 18:19:04 ims kamailio-scscf[3067]: INFO: tm [t_reply.c:900]: Call-ID: 87bca84909d54f3c@ims.mnc070.mcc999.3gpp.network.org final reply 486 Busy Here
Jul  7 18:19:29 ims kamailio-scscf[3067]: INFO: tm [t_reply.c:900]: Call-ID: 5f104d30857a4c7f@ims.mnc070.mcc999.3gpp.network.org 180 Ringing -> 200 OK, dialog confirmed
Jul  7 18:19:53 ims kamailio-scscf[3067]: INFO: registrar [save.c:498]: 401 challenge -> REGISTER w/ auth -> 200 OK for sip:+999700000004560@ims.mnc070.mcc999.3gpp.network.org
Jul  7 18:20:35 ims kamailio-scscf[3067]: INFO: registrar [save.c:498]: 401 challenge -> REGISTER w/ auth -> 200 OK for sip:+999700000003615@ims.mnc070.mcc999.3gpp.network.org
Jul  7 18:20:45 ims kamailio-scscf[3067]: INFO: registrar [save.c:498]: 401 challenge -> REGISTER w/ auth -> 200 OK for sip:+999700000002264@ims.mnc070.mcc999.3gpp.network.org
Jul  7 18:20:57 ims kamailio-scscf[3067]: INFO: tm [t_reply.c:900]: Call-ID: 0a00db3c556e47d2@ims.mnc070.mcc999.3gpp.network.org 180 Ringing -> 200 OK, dialog confirmed
Jul  7 18:21:16 ims kamailio-scscf[3067]: INFO: tm [t_reply.c:900]: Call-ID: e45cc29f1e90483f@ims.mnc070.mcc999.3gpp.network.org final reply 486 Busy Here
Jul  7 18:23:36 ims kamailio-scscf[3067]: INFO: tm [t_reply.c:900]: Call-ID: 77998cc04baf43a0@ims.mnc070.mcc999.3gpp.network.org 180 Ringing -> 200 OK, dialog confirmed
Jul  7 18:23:41 ims kamailio-scscf[3067]: INFO: registrar [save.c:498]: 401 challenge -> REGISTER w/ auth -> 200 OK for sip:+999700000001512@ims.mnc070.mcc999.3gpp.network.org
Jul  7 18:23:50 ims kamailio-scscf[3067]: INFO: tm [t_reply.c:900]: Call-ID: f24fe6f6cf834f34@ims.mnc070.mcc999.3gpp.network.org final reply 486 Busy Here
Jul  7 18:24:08 ims kamailio-scscf[3067]: INFO: tm [t_reply.c:900]: Call-ID: ef56a49bd9634203@ims.mnc070.mcc999.3gpp.network.org 180 Ringing -> 200 OK, dialog confirmed
Jul  7 18:25:23 ims kamailio-scscf[3067]: INFO: tm [t_reply.c:900]: Call-ID: 32fc8078460f4092@ims.mnc070.mcc999.3gpp.network.org 180 Ringing -> 200 OK, dialog confirmed
Jul  7 18:25:47 ims kamailio-scscf[3067]: INFO: registrar [save.c:498]: 401 challenge -> REGISTER w/ auth -> 200 OK for sip:+999700000003965@ims.mnc070.mcc999.3gpp.network.org
Jul  7 18:26:08 ims kamailio-scscf[3067]: INFO: tm [t_reply.c:900]: Call-ID: f5b894afdd934d3a@ims.mnc070.mcc999.3gpp.network.org 180 Ringing -> 200 OK, dialog confirmed
Jul  7 18:26:09 ims kamailio-scscf[3067]: INFO: registrar [save.c:498]: 401 challenge -> REGISTER w/ auth -> 200 OK for sip:+999700000004703@ims.mnc070.mcc999.3gpp.network.org
Jul  7 18:26:20 ims kamailio-scscf[3067]: INFO: registrar [save.c:498]: 401 challenge -> REGISTER w/ auth -> 200 OK for sip:+999700000000306@ims.mnc070.mcc999.3gpp.network.org
Jul  7 18:26:35 ims kamailio-scscf[3067]: INFO: registrar [save.c:498]: 401 challenge -> REGISTER w/ auth -> 200 OK for sip:+999700000000429@ims.mnc070.mcc999.3gpp.network.org
Jul  7 18:26:59 ims kamailio-scscf[3067]: INFO: registrar [save.c:498]: 401 challenge -> REGISTER w/ auth -> 200 OK for sip:+999700000004476@ims.mnc070.mcc999.3gpp.network.org
Jul  7 18:27:09 ims kamailio-scscf[3067]: INFO: registrar [save.c:498]: 401 challenge -> REGISTER w/ auth -> 200 OK for sip:+999700000000753@ims.mnc070.mcc999.3gpp.network.org
Jul  7 18:29:19 ims kamailio-scscf[3067]: INFO: registrar [save.c:498]: 401 challenge -> REGISTER w/ auth -> 200 OK for sip:+999700000000838@ims.mnc070.mcc999.3gpp.network.org
Jul  7 18:30:02 ims kamailio-scscf[3067]: INFO: tm [t_reply.c:900]: Call-ID: 29eabbc0a6ff4ff0@ims.mnc070.mcc999.3gpp.network.org 180 Ringing -> 200 OK, dialog confirmed
Jul  7 18:30:31 ims kamailio-scscf[3067]: INFO: tm [t_reply.c:900]: Call-ID: 7a1f480ef7524659@ims.mnc070.mcc999.3gpp.network.org 180 Ringing -> 200 OK, dialog confirmed
Jul  7 18:31:00 ims kamailio-scscf[3067]: INFO: registrar [save.c:498]: 401 challenge -> REGISTER w/ auth -> 200 OK for sip:+999700000003711@ims.mnc070.mcc999.3gpp.network.org
Jul  7 18:31:14 ims kamailio-scscf[3067]: INFO: registrar [save.c:498]: 401 challenge -> REGISTER w/ auth -> 200 OK for sip:+999700000003884@ims.mnc070.mcc999.3gpp.network.org
Jul  7 18:31:49 ims kamailio-scscf[3067]: INFO: registrar [save.c:498]: 401 challenge -> REGISTER w/ auth -> 200 OK for sip:+999700000000315@ims.mnc070.mcc999.3gpp.network.org
Jul  7 18:32:41 ims kamailio-scscf[3067]: INFO: tm [t_reply.c:900]: Call-ID: 394aa625ffff4295@ims.mnc070.mcc999.3gpp.network.org 180 Ringing -> 200 OK, dialog confirmed
Jul  7 18:32:49 ims kamailio-scscf[3067]: INFO: registrar [save.c:498]: 401 challenge -> REGISTER w/ auth -> 200 OK for sip:+999700000002636@ims.mnc070.mcc999.3gpp.network.org
Jul  7 18:32:51 ims kamailio-scscf[3067]: INFO: tm [t_reply.c:900]: Call-ID: 7cc15d0705bd4487@ims.mnc070.mcc999.3gpp.network.org final reply 480 No Answer
Jul  7 18:33:48 ims kamailio-scscf[3067]: INFO: tm [t_reply.c:900]: Call-ID: 16fe0e0f884d4058@ims.mnc070.mcc999.3gpp.network.org 180 Ringing -> 200 OK, dialog confirmed
Jul  7 18:34:30 ims kamailio-scscf[3067]: INFO: tm [t_reply.c:900]: Call-ID: a0c086c3863d49d8@ims.mnc070.mcc999.3gpp.network.org 180 Ringing -> 200 OK, dialog confirmed
Jul  7 18:34:48 ims kamailio-scscf[3067]: WARNING: tm [t_reply.c:1201]: INVITE Call-ID: 2ee0bde511354ca6@ims.mnc070.mcc999.3gpp.network.org failed, 503/timeout downstream
Jul  7 18:35:24 ims kamailio-scscf[3067]: INFO: tm [t_reply.c:900]: Call-ID: 598c969457a841bb@ims.mnc070.mcc999.3gpp.network.org 180 Ringing -> 200 OK, dialog confirmed
Jul  7 18:35:48 ims kamailio-scscf[3067]: INFO: registrar [save.c:498]: 401 challenge -> REGISTER w/ auth -> 200 OK for sip:+999700000001895@ims.mnc070.mcc999.3gpp.network.org
Jul  7 18:37:08 ims kamailio-scscf[3067]: INFO: registrar [save.c:498]: 401 challenge -> REGISTER w/ auth -> 200 OK for sip:+999700000004135@ims.mnc070.mcc999.3gpp.network.org
Jul  7 18:37:25 ims kamailio-scscf[3067]: INFO: registrar [save.c:498]: 401 challenge -> REGISTER w/ auth -> 200 OK for sip:+999700000000289@ims.mnc070.mcc999.3gpp.network.org
Jul  7 18:37:41 ims kamailio-scscf[3067]: INFO: registrar [save.c:498]: 401 challenge -> REGISTER w/ auth -> 200 OK for sip:+999700000002915@ims.mnc070.mcc999.3gpp.network.org
Jul  7 18:38:46 ims kamailio-scscf[3067]: INFO: registrar [save.c:498]: 401 challenge -> REGISTER w/ auth -> 200 OK for sip:+999700000000087@ims.mnc070.mcc999.3gpp.network.org
Jul  7 18:38:55 ims kamailio-scscf[3067]: INFO: tm [t_reply.c:900]: Call-ID: db6de5632b894ac5@ims.mnc070.mcc999.3gpp.network.org 180 Ringing -> 200 OK, dialog confirmed
Jul  7 18:39:18 ims kamailio-scscf[3067]: INFO: tm [t_reply.c:900]: Call-ID: 33472151ecc04758@ims.mnc070.mcc999.3gpp.network.org 180 Ringing -> 200 OK, dialog confirmed
Jul  7 18:40:01 ims kamailio-scscf[3067]: WARNING: tm [t_reply.c:1201]: INVITE Call-ID: 4c8d2e8a74ae4584@ims.mnc070.mcc999.3gpp.network.org failed, 503/timeout downstream
Jul  7 18:40:30 ims kamailio-scscf[3067]: INFO: registrar [save.c:498]: 401 challenge -> REGISTER w/ auth -> 200 OK for sip:+999700000000941@ims.mnc070.mcc999.3gpp.network.org
Jul  7 18:40:47 ims kamailio-scscf[3067]: INFO: registrar [save.c:498]: 401 challenge -> REGISTER w/ auth -> 200 OK for sip:+999700000004675@ims.mnc070.mcc999.3gpp.network.org
Jul  7 18:41:44 ims kamailio-scscf[3067]: INFO: registrar [save.c:498]: 401 challenge -> REGISTER w/ auth -> 200 OK for sip:+999700000002537@ims.mnc070.mcc999.3gpp.network.org
Jul  7 18:43:18 ims kamailio-scscf[3067]: INFO: registrar [save.c:498]: 401 challenge -> REGISTER w/ auth -> 200 OK for sip:+999700000003462@ims.mnc070.mcc999.3gpp.network.org
Jul  7 18:46:10 ims kamailio-scscf[3067]: INFO: registrar [save.c:498]: 401 challenge -> REGISTER w/ auth -> 200 OK for sip:+999700000002772@ims.mnc070.mcc999.3gpp.network.org
Jul  7 18:46:18 ims kamailio-scscf[3067]: INFO: registrar [save.c:498]: 401 challenge -> REGISTER w/ auth -> 200 OK for sip:+999700000004937@ims.mnc070.mcc999.3gpp.network.org
Jul  7 18:47:13 ims kamailio-scscf[3067]: INFO: registrar [save.c:498]: 401 challenge -> REGISTER w/ auth -> 200 OK for sip:+999700000004346@ims.mnc070.mcc999.3gpp.network.org
Jul  7 18:47:51 ims kamailio-scscf[3067]: INFO: registrar [save.c:498]: 401 challenge -> REGISTER w/ auth -> 200 OK for sip:+999700000003587@ims.mnc070.mcc999.3gpp.network.org
Jul  7 18:48:17 ims kamailio-scscf[3067]: INFO: registrar [save.c:498]: 401 challenge -> REGISTER w/ auth -> 200 OK for sip:+999700000002119@ims.mnc070.mcc999.3gpp.network.org
Jul  7 18:48:26 ims kamailio-scscf[3067]: INFO: registrar [save.c:498]: 401 challenge -> REGISTER w/ auth -> 200 OK for sip:+999700000001688@ims.mnc070.mcc999.3gpp.network.org
Jul  7 18:49:39 ims kamailio-scscf[3067]: INFO: registrar [save.c:498]: 401 challenge -> REGISTER w/ auth -> 200 OK for sip:+999700000001246@ims.mnc070.mcc999.3gpp.network.org
Jul  7 18:50:31 ims kamailio-scscf[3067]: INFO: registrar [save.c:498]: 401 challenge -> REGISTER w/ auth -> 200 OK for sip:+999700000001731@ims.mnc070.mcc999.3gpp.network.org
Jul  7 18:50:54 ims kamailio-scscf[3067]: WARNING: tm [t_reply.c:1201]: INVITE Call-ID: 6ebb2a6774a049e4@ims.mnc070.mcc999.3gpp.network.org failed, 503/timeout downstream
Jul  7 18:51:04 ims kamailio-scscf[3067]: INFO: registrar [save.c:498]: 401 challenge -> REGISTER w/ auth -> 200 OK for sip:+999700000004308@ims.mnc070.mcc999.3gpp.network.org
Jul  7 18:51:23 ims kamailio-scscf[3067]: INFO: tm [t_reply.c:900]: Call-ID: 5cd1d64933ec4a4e@ims.mnc070.mcc999.3gpp.network.org 180 Ringing -> 200 OK, dialog confirmed
Jul  7 18:51:41 ims kamailio-scscf[3067]: INFO: registrar [save.c:498]: 401 challenge -> REGISTER w/ auth -> 200 OK for sip:+999700000001372@ims.mnc070.mcc999.3gpp.network.org
Jul  7 18:51:45 ims kamailio-scscf[3067]: INFO: registrar [save.c:498]: 401 challenge -> REGISTER w/ auth -> 200 OK for sip:+999700000003835@ims.mnc070.mcc999.3gpp.network.org
Jul  7 18:52:55 ims kamailio-scscf[3067]: INFO: tm [t_reply.c:900]: Call-ID: d16d31901b894aa5@ims.mnc070.mcc999.3gpp.network.org 180 Ringing -> 200 OK, dialog confirmed
Jul  7 18:53:27 ims kamailio-scscf[3067]: INFO: registrar [save.c:498]: 401 challenge -> REGISTER w/ auth -> 200 OK for sip:+999700000001359@ims.mnc070.mcc999.3gpp.network.org
Jul  7 18:53:42 ims kamailio-scscf[3067]: INFO: registrar [save.c:498]: 401 challenge -> REGISTER w/ auth -> 200 OK for sip:+999700000004118@ims.mnc070.mcc999.3gpp.network.org
Jul  7 18:55:08 ims kamailio-scscf[3067]: INFO: tm [t_reply.c:900]: Call-ID: 5adda12b865c410e@ims.mnc070.mcc999.3gpp.network.org 180 Ringing -> 200 OK, dialog confirmed
Jul  7 18:55:29 ims kamailio-scscf[3067]: INFO: tm [t_reply.c:900]: Call-ID: 3a54d62603184e9c@ims.mnc070.mcc999.3gpp.network.org final reply 480 No Answer
Jul  7 18:55:30 ims kamailio-scscf[3067]: INFO: tm [t_reply.c:900]: Call-ID: 171e8e9f47cf407d@ims.mnc070.mcc999.3gpp.network.org 180 Ringing -> 200 OK, dialog confirmed
Jul  7 18:56:06 ims kamailio-scscf[3067]: INFO: tm [t_reply.c:900]: Call-ID: 1a78a7cf5cae46a7@ims.mnc070.mcc999.3gpp.network.org 180 Ringing -> 200 OK, dialog confirmed
Jul  7 18:56:25 ims kamailio-scscf[3067]: INFO: registrar [save.c:498]: 401 challenge -> REGISTER w/ auth -> 200 OK for sip:+999700000001356@ims.mnc070.mcc999.3gpp.network.org
Jul  7 18:57:51 ims kamailio-scscf[3067]: INFO: registrar [save.c:498]: 401 challenge -> REGISTER w/ auth -> 200 OK for sip:+999700000004079@ims.mnc070.mcc999.3gpp.network.org
Jul  7 18:58:50 ims kamailio-scscf[3067]: INFO: tm [t_reply.c:900]: Call-ID: b335ed7b13444d81@ims.mnc070.mcc999.3gpp.network.org 180 Ringing -> 200 OK, dialog confirmed
Jul  7 18:59:25 ims kamailio-scscf[3067]: INFO: tm [t_reply.c:900]: Call-ID: 2890c04ec3ea4191@ims.mnc070.mcc999.3gpp.network.org final reply 480 No Answer
Jul  7 18:59:55 ims kamailio-scscf[3067]: INFO: registrar [save.c:498]: 401 challenge -> REGISTER w/ auth -> 200 OK for sip:+999700000002276@ims.mnc070.mcc999.3gpp.network.org
Jul  7 19:00:02 ims kamailio-scscf[3067]: INFO: tm [t_reply.c:900]: Call-ID: 0e1ba691bdbf4a8b@ims.mnc070.mcc999.3gpp.network.org 180 Ringing -> 200 OK, dialog confirmed
Jul  7 19:00:33 ims kamailio-scscf[3067]: INFO: tm [t_reply.c:900]: Call-ID: 891d5550dc2f4793@ims.mnc070.mcc999.3gpp.network.org 180 Ringing -> 200 OK, dialog confirmed
Jul  7 19:01:06 ims kamailio-scscf[3067]: INFO: tm [t_reply.c:900]: Call-ID: 2535d3ba8ce745ff@ims.mnc070.mcc999.3gpp.network.org 180 Ringing -> 200 OK, dialog confirmed
Jul  7 19:01:17 ims kamailio-scscf[3067]: INFO: registrar [save.c:498]: 401 challenge -> REGISTER w/ auth -> 200 OK for sip:+999700000001561@ims.mnc070.mcc999.3gpp.network.org
Jul  7 19:02:07 ims kamailio-scscf[3067]: INFO: tm [t_reply.c:900]: Call-ID: ab9e844da4a74d1d@ims.mnc070.mcc999.3gpp.network.org final reply 480 No Answer
Jul  7 19:03:06 ims kamailio-scscf[3067]: INFO: registrar [save.c:498]: 401 challenge -> REGISTER w/ auth -> 200 OK for sip:+999700000002946@ims.mnc070.mcc999.3gpp.network.org
Jul  7 19:03:58 ims kamailio-scscf[3067]: INFO: tm [t_reply.c:900]: Call-ID: 7657603b72ff4920@ims.mnc070.mcc999.3gpp.network.org 180 Ringing -> 200 OK, dialog confirmed
Jul  7 19:04:45 ims kamailio-scscf[3067]: INFO: tm [t_reply.c:900]: Call-ID: cc6626e662664be8@ims.mnc070.mcc999.3gpp.network.org 180 Ringing -> 200 OK, dialog confirmed
Jul  7 19:05:20 ims kamailio-scscf[3067]: INFO: registrar [save.c:498]: 401 challenge -> REGISTER w/ auth -> 200 OK for sip:+999700000000513@ims.mnc070.mcc999.3gpp.network.org
Jul  7 19:05:37 ims kamailio-scscf[3067]: INFO: registrar [save.c:498]: 401 challenge -> REGISTER w/ auth -> 200 OK for sip:+999700000002704@ims.mnc070.mcc999.3gpp.network.org
Jul  7 19:06:11 ims kamailio-scscf[3067]: INFO: registrar [save.c:498]: 401 challenge -> REGISTER w/ auth -> 200 OK for sip:+999700000002821@ims.mnc070.mcc999.3gpp.network.org
Jul  7 19:06:29 ims kamailio-scscf[3067]: INFO: registrar [save.c:498]: 401 challenge -> REGISTER w/ auth -> 200 OK for sip:+999700000003222@ims.mnc070.mcc999.3gpp.network.org
Jul  7 19:08:50 ims kamailio-scscf[3067]: INFO: registrar [save.c:498]: 401 challenge -> REGISTER w/ auth -> 200 OK for sip:+999700000001688@ims.mnc070.mcc999.3gpp.network.org
Jul  7 19:09:08 ims kamailio-scscf[3067]: INFO: registrar [save.c:498]: 401 challenge -> REGISTER w/ auth -> 200 OK for sip:+999700000004910@ims.mnc070.mcc999.3gpp.network.org
Jul  7 19:09:23 ims kamailio-scscf[3067]: INFO: registrar [save.c:498]: 401 challenge -> REGISTER w/ auth -> 200 OK for sip:+999700000002167@ims.mnc070.mcc999.3gpp.network.org
Jul  7 19:09:25 ims kamailio-scscf[3067]: INFO: registrar [save.c:498]: 401 challenge -> REGISTER w/ auth -> 200 OK for sip:+999700000002528@ims.mnc070.mcc999.3gpp.network.org
Jul  7 19:09:59 ims kamailio-scscf[3067]: INFO: tm [t_reply.c:900]: Call-ID: 619ad2f499064a90@ims.mnc070.mcc999.3gpp.network.org final reply 486 Busy Here
Jul  7 19:10:10 ims kamailio-scscf[3067]: INFO: registrar [save.c:498]: 401 challenge -> REGISTER w/ auth -> 200 OK for sip:+999700000000230@ims.mnc070.mcc999.3gpp.network.org
Jul  7 19:11:19 ims kamailio-scscf[3067]: INFO: tm [t_reply.c:900]: Call-ID: 388948c393014586@ims.mnc070.mcc999.3gpp.network.org 180 Ringing -> 200 OK, dialog confirmed
Jul  7 19:11:44 ims kamailio-scscf[3067]: INFO: registrar [save.c:498]: 401 challenge -> REGISTER w/ auth -> 200 OK for sip:+999700000003557@ims.mnc070.mcc999.3gpp.network.org
Jul  7 19:12:09 ims kamailio-scscf[3067]: INFO: registrar [save.c:498]: 401 challenge -> REGISTER w/ auth -> 200 OK for sip:+999700000000818@ims.mnc070.mcc999.3gpp.network.org
Jul  7 19:12:27 ims kamailio-scscf[3067]: INFO: tm [t_reply.c:900]: Call-ID: fa3d04f406294e04@ims.mnc070.mcc999.3gpp.network.org 180 Ringing -> 200 OK, dialog confirmed
Jul  7 19:12:31 ims kamailio-scscf[3067]: INFO: registrar [save.c:498]: 401 challenge -> REGISTER w/ auth -> 200 OK for sip:+999700000003618@ims.mnc070.mcc999.3gpp.network.org
Jul  7 19:14:31 ims kamailio-scscf[3067]: INFO: registrar [save.c:498]: 401 challenge -> REGISTER w/ auth -> 200 OK for sip:+999700000002013@ims.mnc070.mcc999.3gpp.network.org
Jul  7 19:15:37 ims kamailio-scscf[3067]: INFO: tm [t_reply.c:900]: Call-ID: 96de161809bc4189@ims.mnc070.mcc999.3gpp.network.org 180 Ringing -> 200 OK, dialog confirmed
Jul  7 19:15:39 ims kamailio-scscf[3067]: INFO: registrar [save.c:498]: 401 challenge -> REGISTER w/ auth -> 200 OK for sip:+999700000000844@ims.mnc070.mcc999.3gpp.network.org
Jul  7 19:15:53 ims kamailio-scscf[3067]: INFO: tm [t_reply.c:900]: Call-ID: bb4b04c7408248bd@ims.mnc070.mcc999.3gpp.network.org 180 Ringing -> 200 OK, dialog confirmed
Jul  7 19:16:46 ims kamailio-scscf[3067]: INFO: registrar [save.c:498]: 401 challenge -> REGISTER w/ auth -> 200 OK for sip:+999700000002630@ims.mnc070.mcc999.3gpp.network.org
Jul  7 19:18:06 ims kamailio-scscf[3067]: INFO: registrar [save.c:498]: 401 challenge -> REGISTER w/ auth -> 200 OK for sip:+999700000001592@ims.mnc070.mcc999.3gpp.network.org
Jul  7 19:18:12 ims kamailio-scscf[3067]: INFO: registrar [save.c:498]: 401 challenge -> REGISTER w/ auth -> 200 OK for sip:+999700000002680@ims.mnc070.mcc999.3gpp.network.org
Jul  7 19:18:55 ims kamailio-scscf[3067]: INFO: tm [t_reply.c:900]: Call-ID: ce5937a79b8f4a2c@ims.mnc070.mcc999.3gpp.network.org 180 Ringing -> 200 OK, dialog confirmed
Jul  7 19:19:33 ims kamailio-scscf[3067]: INFO: tm [t_reply.c:900]: Call-ID: 3796394d9cfb4c87@ims.mnc070.mcc999.3gpp.network.org 180 Ringing -> 200 OK, dialog confirmed
Jul  7 19:20:39 ims kamailio-scscf[3067]: INFO: tm [t_reply.c:900]: Call-ID: 544e11d2fed54f6d@ims.mnc070.mcc999.3gpp.network.org 180 Ringing -> 200 OK, dialog confirmed
Jul  7 19:20:48 ims kamailio-scscf[3067]: INFO: registrar [save.c:498]: 401 challenge -> REGISTER w/ auth -> 200 OK for sip:+999700000002683@ims.mnc070.mcc999.3gpp.network.org
Jul  7 19:21:57 ims kamailio-scscf[3067]: INFO: registrar [save.c:498]: 401 challenge -> REGISTER w/ auth -> 200 OK for sip:+999700000001127@ims.mnc070.mcc999.3gpp.network.org
Jul  7 19:22:52 ims kamailio-scscf[3067]: INFO: registrar [save.c:498]: 401 challenge -> REGISTER w/ auth -> 200 OK for sip:+999700000000757@ims.mnc070.mcc999.3gpp.network.org
Jul  7 19:23:48 ims kamailio-scscf[3067]: INFO: registrar [save.c:498]: 401 challenge -> REGISTER w/ auth -> 200 OK for sip:+999700000001825@ims.mnc070.mcc999.3gpp.network.org
Jul  7 19:24:49 ims kamailio-scscf[3067]: INFO: registrar [save.c:498]: 401 challenge -> REGISTER w/ auth -> 200 OK for sip:+999700000002931@ims.mnc070.mcc999.3gpp.network.org
Jul  7 19:24:54 ims kamailio-scscf[3067]: INFO: tm [t_reply.c:900]: Call-ID: 6ce9d7d058e04024@ims.mnc070.mcc999.3gpp.network.org 180 Ringing -> 200 OK, dialog confirmed
Jul  7 19:25:14 ims kamailio-scscf[3067]: INFO: tm [t_reply.c:900]: Call-ID: df01f1835c94438f@ims.mnc070.mcc999.3gpp.network.org final reply 486 Busy Here
Jul  7 19:25:32 ims kamailio-scscf[3067]: INFO: registrar [save.c:498]: 401 challenge -> REGISTER w/ auth -> 200 OK for sip:+999700000000935@ims.mnc070.mcc999.3gpp.network.org
Jul  7 19:25:33 ims kamailio-scscf[3067]: INFO: registrar [save.c:498]: 401 challenge -> REGISTER w/ auth -> 200 OK for sip:+999700000000658@ims.mnc070.mcc999.3gpp.network.org
Jul  7 19:26:12 ims kamailio-scscf[3067]: INFO: registrar [save.c:498]: 401 challenge -> REGISTER w/ auth -> 200 OK for sip:+999700000003768@ims.mnc070.mcc999.3gpp.network.org
Jul  7 19:26:41 ims kamailio-scscf[3067]: INFO: tm [t_reply.c:900]: Call-ID: 41c77a2a9dec4495@ims.mnc070.mcc999.3gpp.network.org 180 Ringing -> 200 OK, dialog confirmed
Jul  7 19:26:52 ims kamailio-scscf[3067]: INFO: registrar [save.c:498]: 401 challenge -> REGISTER w/ auth -> 200 OK for sip:+999700000003547@ims.mnc070.mcc999.3gpp.network.org
Jul  7 19:28:03 ims kamailio-scscf[3067]: INFO: tm [t_reply.c:900]: Call-ID: 4c3e80a83fe3443f@ims.mnc070.mcc999.3gpp.network.org 180 Ringing -> 200 OK, dialog confirmed
Jul  7 19:28:24 ims kamailio-scscf[3067]: INFO: registrar [save.c:498]: 401 challenge -> REGISTER w/ auth -> 200 OK for sip:+999700000004864@ims.mnc070.mcc999.3gpp.network.org
Jul  7 19:29:01 ims kamailio-scscf[3067]: INFO: registrar [save.c:498]: 401 challenge -> REGISTER w/ auth -> 200 OK for sip:+999700000000247@ims.mnc070.mcc999.3gpp.network.org
Jul  7 19:29:39 ims kamailio-scscf[3067]: INFO: registrar [save.c:498]: 401 challenge -> REGISTER w/ auth -> 200 OK for sip:+999700000001230@ims.mnc070.mcc999.3gpp.network.org
Jul  7 19:29:49 ims kamailio-scscf[3067]: INFO: tm [t_reply.c:900]: Call-ID: 596aaafb61914346@ims.mnc070.mcc999.3gpp.network.org 180 Ringing -> 200 OK, dialog confirmed
Jul  7 19:30:17 ims kamailio-scscf[3067]: INFO: registrar [save.c:498]: 401 challenge -> REGISTER w/ auth -> 200 OK for sip:+999700000004809@ims.mnc070.mcc999.3gpp.network.org
Jul  7 19:30:32 ims kamailio-scscf[3067]: INFO: tm [t_reply.c:900]: Call-ID: 5d7ee9965f9f4168@ims.mnc070.mcc999.3gpp.network.org 180 Ringing -> 200 OK, dialog confirmed
Jul  7 19:31:47 ims kamailio-scscf[3067]: INFO: registrar [save.c:498]: 401 challenge -> REGISTER w/ auth -> 200 OK for sip:+999700000004327@ims.mnc070.mcc999.3gpp.network.org
Jul  7 19:32:55 ims kamailio-scscf[3067]: INFO: registrar [save.c:498]: 401 challenge -> REGISTER w/ auth -> 200 OK for sip:+999700000001079@ims.mnc070.mcc999.3gpp.network.org
Jul  7 19:33:45 ims kamailio-scscf[3067]: INFO: tm [t_reply.c:900]: Call-ID: ff187fde645a4b60@ims.mnc070.mcc999.3gpp.network.org final reply 480 No Answer
Jul  7 19:35:06 ims kamailio-scscf[3067]: INFO: registrar [save.c:498]: 401 challenge -> REGISTER w/ auth -> 200 OK for sip:+999700000001206@ims.mnc070.mcc999.3gpp.network.org
Jul  7 19:36:22 ims kamailio-scscf[3067]: INFO: tm [t_reply.c:900]: Call-ID: c822c0687d0e42eb@ims.mnc070.mcc999.3gpp.network.org 180 Ringing -> 200 OK, dialog confirmed
Jul  7 19:37:16 ims kamailio-scscf[3067]: INFO: registrar [save.c:498]: 401 challenge -> REGISTER w/ auth -> 200 OK for sip:+999700000001612@ims.mnc070.mcc999.3gpp.network.org
Jul  7 19:37:31 ims kamailio-scscf[3067]: INFO: registrar [save.c:498]: 401 challenge -> REGISTER w/ auth -> 200 OK for sip:+999700000002490@ims.mnc070.mcc999.3gpp.network.org
Jul  7 19:37:39 ims kamailio-scscf[3067]: INFO: tm [t_reply.c:900]: Call-ID: ec218256123b4734@ims.mnc070.mcc999.3gpp.network.org 180 Ringing -> 200 OK, dialog confirmed
Jul  7 19:38:31 ims kamailio-scscf[3067]: INFO: registrar [save.c:498]: 401 challenge -> REGISTER w/ auth -> 200 OK for sip:+999700000001520@ims.mnc070.mcc999.3gpp.network.org
Jul  7 19:39:00 ims kamailio-scscf[3067]: INFO: tm [t_reply.c:900]: Call-ID: 5601900e344a45e8@ims.mnc070.mcc999.3gpp.network.org 180 Ringing -> 200 OK, dialog confirmed
Jul  7 19:39:27 ims kamailio-scscf[3067]: INFO: registrar [save.c:498]: 401 challenge -> REGISTER w/ auth -> 200 OK for sip:+999700000003857@ims.mnc070.mcc999.3gpp.network.org
Jul  7 19:41:13 ims kamailio-scscf[3067]: INFO: registrar [save.c:498]: 401 challenge -> REGISTER w/ auth -> 200 OK for sip:+999700000004060@ims.mnc070.mcc999.3gpp.network.org
Jul  7 19:41:21 ims kamailio-scscf[3067]: INFO: tm [t_reply.c:900]: Call-ID: 85beaab42cd044bf@ims.mnc070.mcc999.3gpp.network.org 180 Ringing -> 200 OK, dialog confirmed
Jul  7 19:42:49 ims kamailio-scscf[3067]: INFO: registrar [save.c:498]: 401 challenge -> REGISTER w/ auth -> 200 OK for sip:+999700000000384@ims.mnc070.mcc999.3gpp.network.org
Jul  7 19:43:16 ims kamailio-scscf[3067]: INFO: registrar [save.c:498]: 401 challenge -> REGISTER w/ auth -> 200 OK for sip:+999700000000929@ims.mnc070.mcc999.3gpp.network.org
Jul  7 19:43:21 ims kamailio-scscf[3067]: INFO: registrar [save.c:498]: 401 challenge -> REGISTER w/ auth -> 200 OK for sip:+999700000004550@ims.mnc070.mcc999.3gpp.network.org
Jul  7 19:43:59 ims kamailio-scscf[3067]: INFO: tm [t_reply.c:900]: Call-ID: 0c1b7f3a9b5d4c53@ims.mnc070.mcc999.3gpp.network.org final reply 480 No Answer
Jul  7 19:44:22 ims kamailio-scscf[3067]: INFO: tm [t_reply.c:900]: Call-ID: bb244a01069c489a@ims.mnc070.mcc999.3gpp.network.org 180 Ringing -> 200 OK, dialog confirmed
Jul  7 19:44:29 ims kamailio-scscf[3067]: INFO: registrar [save.c:498]: 401 challenge -> REGISTER w/ auth -> 200 OK for sip:+999700000002808@ims.mnc070.mcc999.3gpp.network.org
Jul  7 19:45:13 ims kamailio-scscf[3067]: INFO: tm [t_reply.c:900]: Call-ID: 9cb535bd3e564d2d@ims.mnc070.mcc999.3gpp.network.org 180 Ringing -> 200 OK, dialog confirmed
Jul  7 19:45:52 ims kamailio-scscf[3067]: INFO: tm [t_reply.c:900]: Call-ID: 6876893bba4240e7@ims.mnc070.mcc999.3gpp.network.org 180 Ringing -> 200 OK, dialog confirmed
Jul  7 19:46:48 ims kamailio-scscf[3067]: INFO: registrar [save.c:498]: 401 challenge -> REGISTER w/ auth -> 200 OK for sip:+999700000002208@ims.mnc070.mcc999.3gpp.network.org
Jul  7 19:46:49 ims kamailio-scscf[3067]: WARNING: tm [t_reply.c:1201]: INVITE Call-ID: 327894e966ce4e49@ims.mnc070.mcc999.3gpp.network.org failed, 503/timeout downstream
Jul  7 19:49:05 ims kamailio-scscf[3067]: INFO: registrar [save.c:498]: 401 challenge -> REGISTER w/ auth -> 200 OK for sip:+999700000001330@ims.mnc070.mcc999.3gpp.network.org
Jul  7 19:49:23 ims kamailio-scscf[3067]: INFO: registrar [save.c:498]: 401 challenge -> REGISTER w/ auth -> 200 OK for sip:+999700000002271@ims.mnc070.mcc999.3gpp.network.org
Jul  7 19:49:43 ims kamailio-scscf[3067]: INFO: registrar [save.c:498]: 401 challenge -> REGISTER w/ auth -> 200 OK for sip:+999700000003585@ims.mnc070.mcc999.3gpp.network.org
Jul  7 19:51:39 ims kamailio-scscf[3067]: INFO: registrar [save.c:498]: 401 challenge -> REGISTER w/ auth -> 200 OK for sip:+999700000001986@ims.mnc070.mcc999.3gpp.network.org
Jul  7 19:51:40 ims kamailio-scscf[3067]: INFO: registrar [save.c:498]: 401 challenge -> REGISTER w/ auth -> 200 OK for sip:+999700000000930@ims.mnc070.mcc999.3gpp.network.org
Jul  7 19:51:43 ims kamailio-scscf[3067]: INFO: tm [t_reply.c:900]: Call-ID: 92233e8ca57648e4@ims.mnc070.mcc999.3gpp.network.org 180 Ringing -> 200 OK, dialog confirmed
Jul  7 19:53:15 ims kamailio-scscf[3067]: INFO: registrar [save.c:498]: 401 challenge -> REGISTER w/ auth -> 200 OK for sip:+999700000000198@ims.mnc070.mcc999.3gpp.network.org
Jul  7 19:53:27 ims kamailio-scscf[3067]: INFO: registrar [save.c:498]: 401 challenge -> REGISTER w/ auth -> 200 OK for sip:+999700000003062@ims.mnc070.mcc999.3gpp.network.org
Jul  7 19:54:04 ims kamailio-scscf[3067]: INFO: tm [t_reply.c:900]: Call-ID: 433e8d68f13c4242@ims.mnc070.mcc999.3gpp.network.org 180 Ringing -> 200 OK, dialog confirmed
Jul  7 19:54:08 ims kamailio-scscf[3067]: INFO: registrar [save.c:498]: 401 challenge -> REGISTER w/ auth -> 200 OK for sip:+999700000001996@ims.mnc070.mcc999.3gpp.network.org
Jul  7 19:56:05 ims kamailio-scscf[3067]: INFO: tm [t_reply.c:900]: Call-ID: 319377b837ce47da@ims.mnc070.mcc999.3gpp.network.org 180 Ringing -> 200 OK, dialog confirmed
Jul  7 19:56:13 ims kamailio-scscf[3067]: INFO: tm [t_reply.c:900]: Call-ID: d75cb1e3a63f4596@ims.mnc070.mcc999.3gpp.network.org 180 Ringing -> 200 OK, dialog confirmed
Jul  7 19:56:23 ims kamailio-scscf[3067]: INFO: tm [t_reply.c:900]: Call-ID: e10bf231437c430f@ims.mnc070.mcc999.3gpp.network.org 180 Ringing -> 200 OK, dialog confirmed
Jul  7 19:56:50 ims kamailio-scscf[3067]: INFO: registrar [save.c:498]: 401 challenge -> REGISTER w/ auth -> 200 OK for sip:+999700000000809@ims.mnc070.mcc999.3gpp.network.org
Jul  7 19:59:09 ims kamailio-scscf[3067]: INFO: registrar [save.c:498]: 401 challenge -> REGISTER w/ auth -> 200 OK for sip:+999700000001496@ims.mnc070.mcc999.3gpp.network.org
Jul  7 19:59:25 ims kamailio-scscf[3067]: INFO: registrar [save.c:498]: 401 challenge -> REGISTER w/ auth -> 200 OK for sip:+999700000003985@ims.mnc070.mcc999.3gpp.network.org
Jul  7 20:00:53 ims kamailio-scscf[3067]: INFO: tm [t_reply.c:900]: Call-ID: ec9c75a08fa84742@ims.mnc070.mcc999.3gpp.network.org 180 Ringing -> 200 OK, dialog confirmed
Jul  7 20:00:54 ims kamailio-scscf[3067]: INFO: registrar [save.c:498]: 401 challenge -> REGISTER w/ auth -> 200 OK for sip:+999700000000316@ims.mnc070.mcc999.3gpp.network.org
Jul  7 20:01:06 ims kamailio-scscf[3067]: INFO: registrar [save.c:498]: 401 challenge -> REGISTER w/ auth -> 200 OK for sip:+999700000002586@ims.mnc070.mcc999.3gpp.network.org
Jul  7 20:01:30 ims kamailio-scscf[3067]: INFO: registrar [save.c:498]: 401 challenge -> REGISTER w/ auth -> 200 OK for sip:+999700000002937@ims.mnc070.mcc999.3gpp.network.org
Jul  7 20:01:41 ims kamailio-scscf[3067]: INFO: registrar [save.c:498]: 401 challenge -> REGISTER w/ auth -> 200 OK for sip:+999700000004102@ims.mnc070.mcc999.3gpp.network.org
Jul  7 20:01:59 ims kamailio-scscf[3067]: INFO: tm [t_reply.c:900]: Call-ID: aa7f681384124040@ims.mnc070.mcc999.3gpp.network.org 180 Ringing -> 200 OK, dialog confirmed
Jul  7 20:04:31 ims kamailio-scscf[3067]: INFO: registrar [save.c:498]: 401 challenge -> REGISTER w/ auth -> 200 OK for sip:+999700000000187@ims.mnc070.mcc999.3gpp.network.org
Jul  7 20:05:14 ims kamailio-scscf[3067]: INFO: tm [t_reply.c:900]: Call-ID: ba02cd681072490f@ims.mnc070.mcc999.3gpp.network.org final reply 480 No Answer
Jul  7 20:06:30 ims kamailio-scscf[3067]: INFO: registrar [save.c:498]: 401 challenge -> REGISTER w/ auth -> 200 OK for sip:+999700000004052@ims.mnc070.mcc999.3gpp.network.org
Jul  7 20:06:39 ims kamailio-scscf[3067]: INFO: registrar [save.c:498]: 401 challenge -> REGISTER w/ auth -> 200 OK for sip:+999700000000051@ims.mnc070.mcc999.3gpp.network.org
Jul  7 20:07:46 ims kamailio-scscf[3067]: INFO: registrar [save.c:498]: 401 challenge -> REGISTER w/ auth -> 200 OK for sip:+999700000004720@ims.mnc070.mcc999.3gpp.network.org
Jul  7 20:07:58 ims kamailio-scscf[3067]: INFO: registrar [save.c:498]: 401 challenge -> REGISTER w/ auth -> 200 OK for sip:+999700000002447@ims.mnc070.mcc999.3gpp.network.org
Jul  7 20:08:08 ims kamailio-scscf[3067]: INFO: tm [t_reply.c:900]: Call-ID: 07bf7ec579fe4883@ims.mnc070.mcc999.3gpp.network.org 180 Ringing -> 200 OK, dialog confirmed
Jul  7 20:08:15 ims kamailio-scscf[3067]: INFO: registrar [save.c:498]: 401 challenge -> REGISTER w/ auth -> 200 OK for sip:+999700000000217@ims.mnc070.mcc999.3gpp.network.org
Jul  7 20:08:21 ims kamailio-scscf[3067]: INFO: registrar [save.c:498]: 401 challenge -> REGISTER w/ auth -> 200 OK for sip:+999700000001115@ims.mnc070.mcc999.3gpp.network.org
Jul  7 20:08:37 ims kamailio-scscf[3067]: INFO: tm [t_reply.c:900]: Call-ID: 6ef032c2fbb044b0@ims.mnc070.mcc999.3gpp.network.org 180 Ringing -> 200 OK, dialog confirmed
Jul  7 20:09:32 ims kamailio-scscf[3067]: INFO: registrar [save.c:498]: 401 challenge -> REGISTER w/ auth -> 200 OK for sip:+999700000000553@ims.mnc070.mcc999.3gpp.network.org
Jul  7 20:10:47 ims kamailio-scscf[3067]: INFO: registrar [save.c:498]: 401 challenge -> REGISTER w/ auth -> 200 OK for sip:+999700000004088@ims.mnc070.mcc999.3gpp.network.org
Jul  7 20:10:47 ims kamailio-scscf[3067]: INFO: registrar [save.c:498]: 401 challenge -> REGISTER w/ auth -> 200 OK for sip:+999700000003868@ims.mnc070.mcc999.3gpp.network.org
Jul  7 20:10:56 ims kamailio-scscf[3067]: INFO: tm [t_reply.c:900]: Call-ID: a6e1b7d82a664c5c@ims.mnc070.mcc999.3gpp.network.org 180 Ringing -> 200 OK, dialog confirmed
Jul  7 20:13:38 ims kamailio-scscf[3067]: INFO: tm [t_reply.c:900]: Call-ID: 36d0c70573f34078@ims.mnc070.mcc999.3gpp.network.org 180 Ringing -> 200 OK, dialog confirmed
Jul  7 20:14:53 ims kamailio-scscf[3067]: INFO: tm [t_reply.c:900]: Call-ID: f77331cd7dca410c@ims.mnc070.mcc999.3gpp.network.org final reply 486 Busy Here
Jul  7 20:16:13 ims kamailio-scscf[3067]: INFO: tm [t_reply.c:900]: Call-ID: 68b3f02b0b7e4704@ims.mnc070.mcc999.3gpp.network.org 180 Ringing -> 200 OK, dialog confirmed
Jul  7 20:17:13 ims kamailio-scscf[3067]: INFO: tm [t_reply.c:900]: Call-ID: 1587198f85a447de@ims.mnc070.mcc999.3gpp.network.org 180 Ringing -> 200 OK, dialog confirmed
Jul  7 20:17:55 ims kamailio-scscf[3067]: INFO: registrar [save.c:498]: 401 challenge -> REGISTER w/ auth -> 200 OK for sip:+999700000001011@ims.mnc070.mcc999.3gpp.network.org
Jul  7 20:18:08 ims kamailio-scscf[3067]: INFO: tm [t_reply.c:900]: Call-ID: 71f706f2d5604c45@ims.mnc070.mcc999.3gpp.network.org 180 Ringing -> 200 OK, dialog confirmed
Jul  7 20:19:13 ims kamailio-scscf[3067]: INFO: registrar [save.c:498]: 401 challenge -> REGISTER w/ auth -> 200 OK for sip:+999700000001472@ims.mnc070.mcc999.3gpp.network.org
Jul  7 20:20:17 ims kamailio-scscf[3067]: INFO: registrar [save.c:498]: 401 challenge -> REGISTER w/ auth -> 200 OK for sip:+999700000004853@ims.mnc070.mcc999.3gpp.network.org
Jul  7 20:20:28 ims kamailio-scscf[3067]: INFO: registrar [save.c:498]: 401 challenge -> REGISTER w/ auth -> 200 OK for sip:+999700000001773@ims.mnc070.mcc999.3gpp.network.org
Jul  7 20:21:13 ims kamailio-scscf[3067]: INFO: registrar [save.c:498]: 401 challenge -> REGISTER w/ auth -> 200 OK for sip:+999700000003727@ims.mnc070.mcc999.3gpp.network.org
Jul  7 20:21:35 ims kamailio-scscf[3067]: INFO: tm [t_reply.c:900]: Call-ID: fecb1c4c6a9643fb@ims.mnc070.mcc999.3gpp.network.org 180 Ringing -> 200 OK, dialog confirmed
Jul  7 20:22:26 ims kamailio-scscf[3067]: INFO: registrar [save.c:498]: 401 challenge -> REGISTER w/ auth -> 200 OK for sip:+999700000002737@ims.mnc070.mcc999.3gpp.network.org
Jul  7 20:22:26 ims kamailio-scscf[3067]: INFO: registrar [save.c:498]: 401 challenge -> REGISTER w/ auth -> 200 OK for sip:+999700000001021@ims.mnc070.mcc999.3gpp.network.org
Jul  7 20:23:49 ims kamailio-scscf[3067]: INFO: registrar [save.c:498]: 401 challenge -> REGISTER w/ auth -> 200 OK for sip:+999700000004651@ims.mnc070.mcc999.3gpp.network.org
Jul  7 20:24:04 ims kamailio-scscf[3067]: INFO: tm [t_reply.c:900]: Call-ID: 67c8996bfe8f4a64@ims.mnc070.mcc999.3gpp.network.org 180 Ringing -> 200 OK, dialog confirmed
Jul  7 20:24:23 ims kamailio-scscf[3067]: INFO: registrar [save.c:498]: 401 challenge -> REGISTER w/ auth -> 200 OK for sip:+999700000002663@ims.mnc070.mcc999.3gpp.network.org
Jul  7 20:25:46 ims kamailio-scscf[3067]: INFO: registrar [save.c:498]: 401 challenge -> REGISTER w/ auth -> 200 OK for sip:+999700000000926@ims.mnc070.mcc999.3gpp.network.org
Jul  7 20:25:46 ims kamailio-scscf[3067]: INFO: registrar [save.c:498]: 401 challenge -> REGISTER w/ auth -> 200 OK for sip:+999700000003226@ims.mnc070.mcc999.3gpp.network.org
Jul  7 20:26:07 ims kamailio-scscf[3067]: INFO: registrar [save.c:498]: 401 challenge -> REGISTER w/ auth -> 200 OK for sip:+999700000001447@ims.mnc070.mcc999.3gpp.network.org
Jul  7 20:26:44 ims kamailio-scscf[3067]: WARNING: tm [t_reply.c:1201]: INVITE Call-ID: 741fbd692a6d4c61@ims.mnc070.mcc999.3gpp.network.org failed, 503/timeout downstream
Jul  7 20:28:19 ims kamailio-scscf[3067]: INFO: registrar [save.c:498]: 401 challenge -> REGISTER w/ auth -> 200 OK for sip:+999700000000196@ims.mnc070.mcc999.3gpp.network.org
Jul  7 20:28:53 ims kamailio-scscf[3067]: INFO: tm [t_reply.c:900]: Call-ID: e78d88f22ff34286@ims.mnc070.mcc999.3gpp.network.org 180 Ringing -> 200 OK, dialog confirmed
Jul  7 20:29:10 ims kamailio-scscf[3067]: INFO: tm [t_reply.c:900]: Call-ID: 8db5da2453f04949@ims.mnc070.mcc999.3gpp.network.org 180 Ringing -> 200 OK, dialog confirmed
Jul  7 20:30:36 ims kamailio-scscf[3067]: INFO: tm [t_reply.c:900]: Call-ID: b68120d1a7404470@ims.mnc070.mcc999.3gpp.network.org 180 Ringing -> 200 OK, dialog confirmed
Jul  7 20:30:37 ims kamailio-scscf[3067]: INFO: registrar [save.c:498]: 401 challenge -> REGISTER w/ auth -> 200 OK for sip:+999700000002569@ims.mnc070.mcc999.3gpp.network.org
Jul  7 20:31:06 ims kamailio-scscf[3067]: INFO: tm [t_reply.c:900]: Call-ID: 7327b5db999343f6@ims.mnc070.mcc999.3gpp.network.org final reply 486 Busy Here
Jul  7 20:31:15 ims kamailio-scscf[3067]: INFO: tm [t_reply.c:900]: Call-ID: 3d17f8f5c2d64f65@ims.mnc070.mcc999.3gpp.network.org 180 Ringing -> 200 OK, dialog confirmed
Jul  7 20:32:00 ims kamailio-scscf[3067]: INFO: registrar [save.c:498]: 401 challenge -> REGISTER w/ auth -> 200 OK for sip:+999700000001053@ims.mnc070.mcc999.3gpp.network.org
Jul  7 20:32:03 ims kamailio-scscf[3067]: INFO: tm [t_reply.c:900]: Call-ID: 89aeb0f468d34824@ims.mnc070.mcc999.3gpp.network.org 180 Ringing -> 200 OK, dialog confirmed
Jul  7 20:32:19 ims kamailio-scscf[3067]: INFO: registrar [save.c:498]: 401 challenge -> REGISTER w/ auth -> 200 OK for sip:+999700000003399@ims.mnc070.mcc999.3gpp.network.org
Jul  7 20:32:23 ims kamailio-scscf[3067]: INFO: registrar [save.c:498]: 401 challenge -> REGISTER w/ auth -> 200 OK for sip:+999700000004497@ims.mnc070.mcc999.3gpp.network.org
Jul  7 20:34:05 ims kamailio-scscf[3067]: WARNING: registrar [save.c:512]: authentication failed for sip:+999700000000018@ims.mnc070.mcc999.3gpp.network.org, replying 403 Forbidden
Jul  7 20:34:20 ims kamailio-scscf[3067]: INFO: tm [t_reply.c:900]: Call-ID: 93656b5e79064511@ims.mnc070.mcc999.3gpp.network.org 180 Ringing -> 200 OK, dialog confirmed
Jul  7 20:34:42 ims kamailio-scscf[3067]: INFO: tm [t_reply.c:900]: Call-ID: d7b81bcd02084995@ims.mnc070.mcc999.3gpp.network.org 180 Ringing -> 200 OK, dialog confirmed
Jul  7 20:35:07 ims kamailio-scscf[3067]: WARNING: tm [t_reply.c:1201]: INVITE Call-ID: 4ae6d336a68349f4@ims.mnc070.mcc999.3gpp.network.org failed, 503/timeout downstream
Jul  7 20:36:52 ims kamailio-scscf[3067]: INFO: registrar [save.c:498]: 401 challenge -> REGISTER w/ auth -> 200 OK for sip:+999700000003635@ims.mnc070.mcc999.3gpp.network.org
Jul  7 20:37:15 ims kamailio-scscf[3067]: INFO: registrar [save.c:498]: 401 challenge -> REGISTER w/ auth -> 200 OK for sip:+999700000002913@ims.mnc070.mcc999.3gpp.network.org
Jul  7 20:37:30 ims kamailio-scscf[3067]: INFO: registrar [save.c:498]: 401 challenge -> REGISTER w/ auth -> 200 OK for sip:+999700000003839@ims.mnc070.mcc999.3gpp.network.org
Jul  7 20:37:35 ims kamailio-scscf[3067]: INFO: registrar [save.c:498]: 401 challenge -> REGISTER w/ auth -> 200 OK for sip:+999700000004001@ims.mnc070.mcc999.3gpp.network.org
Jul  7 20:38:15 ims kamailio-scscf[3067]: INFO: tm [t_reply.c:900]: Call-ID: d8c537ece97f483c@ims.mnc070.mcc999.3gpp.network.org 180 Ringing -> 200 OK, dialog confirmed
Jul  7 20:40:55 ims kamailio-scscf[3067]: INFO: registrar [save.c:498]: 401 challenge -> REGISTER w/ auth -> 200 OK for sip:+999700000003000@ims.mnc070.mcc999.3gpp.network.org
Jul  7 20:41:57 ims kamailio-scscf[3067]: INFO: registrar [save.c:498]: 401 challenge -> REGISTER w/ auth -> 200 OK for sip:+999700000003944@ims.mnc070.mcc999.3gpp.network.org
Jul  7 20:43:35 ims kamailio-scscf[3067]: INFO: registrar [save.c:498]: 401 challenge -> REGISTER w/ auth -> 200 OK for sip:+999700000004651@ims.mnc070.mcc999.3gpp.network.org
Jul  7 20:45:18 ims kamailio-scscf[3067]: INFO: registrar [save.c:498]: 401 challenge -> REGISTER w/ auth -> 200 OK for sip:+999700000001502@ims.mnc070.mcc999.3gpp.network.org
Jul  7 20:45:25 ims kamailio-scscf[3067]: INFO: registrar [save.c:498]: 401 challenge -> REGISTER w/ auth -> 200 OK for sip:+999700000000667@ims.mnc070.mcc999.3gpp.network.org
Jul  7 20:46:25 ims kamailio-scscf[3067]: INFO: tm [t_reply.c:900]: Call-ID: 3421c97c65134d12@ims.mnc070.mcc999.3gpp.network.org 180 Ringing -> 200 OK, dialog confirmed
Jul  7 20:47:11 ims kamailio-scscf[3067]: INFO: registrar [save.c:498]: 401 challenge -> REGISTER w/ auth -> 200 OK for sip:+999700000003484@ims.mnc070.mcc999.3gpp.network.org
Jul  7 20:47:39 ims kamailio-scscf[3067]: INFO: tm [t_reply.c:900]: Call-ID: b85c2dc742714420@ims.mnc070.mcc999.3gpp.network.org final reply 480 No Answer
Jul  7 20:49:46 ims kamailio-scscf[3067]: INFO: tm [t_reply.c:900]: Call-ID: 8616c336e19a4cfd@ims.mnc070.mcc999.3gpp.network.org 180 Ringing -> 200 OK, dialog confirmed
Jul  7 20:51:21 ims kamailio-scscf[3067]: INFO: registrar [save.c:498]: 401 challenge -> REGISTER w/ auth -> 200 OK for sip:+999700000002563@ims.mnc070.mcc999.3gpp.network.org
Jul  7 20:51:31 ims kamailio-scscf[3067]: INFO: tm [t_reply.c:900]: Call-ID: 2804ebbe22e3499c@ims.mnc070.mcc999.3gpp.network.org 180 Ringing -> 200 OK, dialog confirmed
Jul  7 20:51:46 ims kamailio-scscf[3067]: INFO: registrar [save.c:498]: 401 challenge -> REGISTER w/ auth -> 200 OK for sip:+999700000002241@ims.mnc070.mcc999.3gpp.network.org
Jul  7 20:52:21 ims kamailio-scscf[3067]: INFO: tm [t_reply.c:900]: Call-ID: 08bb21a204174157@ims.mnc070.mcc999.3gpp.network.org 180 Ringing -> 200 OK, dialog confirmed
Jul  7 20:52:56 ims kamailio-scscf[3067]: INFO: tm [t_reply.c:900]: Call-ID: 0c7a576dbef44a9a@ims.mnc070.mcc999.3gpp.network.org 180 Ringing -> 200 OK, dialog confirmed
Jul  7 20:53:11 ims kamailio-scscf[3067]: INFO: registrar [save.c:498]: 401 challenge -> REGISTER w/ auth -> 200 OK for sip:+999700000003443@ims.mnc070.mcc999.3gpp.network.org
Jul  7 20:53:34 ims kamailio-scscf[3067]: INFO: registrar [save.c:498]: 401 challenge -> REGISTER w/ auth -> 200 OK for sip:+999700000000543@ims.mnc070.mcc999.3gpp.network.org
Jul  7 20:55:22 ims kamailio-scscf[3067]: INFO: tm [t_reply.c:900]: Call-ID: 6330ee100ad340b9@ims.mnc070.mcc999.3gpp.network.org 180 Ringing -> 200 OK, dialog confirmed
Jul  7 20:55:31 ims kamailio-scscf[3067]: INFO: registrar [save.c:498]: 401 challenge -> REGISTER w/ auth -> 200 OK for sip:+999700000000199@ims.mnc070.mcc999.3gpp.network.org
Jul  7 20:55:49 ims kamailio-scscf[3067]: INFO: registrar [save.c:498]: 401 challenge -> REGISTER w/ auth -> 200 OK for sip:+999700000004052@ims.mnc070.mcc999.3gpp.network.org
Jul  7 20:56:27 ims kamailio-scscf[3067]: INFO: registrar [save.c:498]: 401 challenge -> REGISTER w/ auth -> 200 OK for sip:+999700000000281@ims.mnc070.mcc999.3gpp.network.org
Jul  7 20:57:42 ims kamailio-scscf[3067]: INFO: registrar [save.c:498]: 401 challenge -> REGISTER w/ auth -> 200 OK for sip:+999700000004572@ims.mnc070.mcc999.3gpp.network.org
Jul  7 20:59:19 ims kamailio-scscf[3067]: INFO: registrar [save.c:498]: 401 challenge -> REGISTER w/ auth -> 200 OK for sip:+999700000001346@ims.mnc070.mcc999.3gpp.network.org
Jul  7 21:00:30 ims kamailio-scscf[3067]: INFO: registrar [save.c:498]: 401 challenge -> REGISTER w/ auth -> 200 OK for sip:+999700000003863@ims.mnc070.mcc999.3gpp.network.org
Jul  7 21:00:43 ims kamailio-scscf[3067]: INFO: registrar [save.c:498]: 401 challenge -> REGISTER w/ auth -> 200 OK for sip:+999700000000376@ims.mnc070.mcc999.3gpp.network.org
Jul  7 21:01:23 ims kamailio-scscf[3067]: INFO: registrar [save.c:498]: 401 challenge -> REGISTER w/ auth -> 200 OK for sip:+999700000003343@ims.mnc070.mcc999.3gpp.network.org
Jul  7 21:02:24 ims kamailio-scscf[3067]: INFO: tm [t_reply.c:900]: Call-ID: 560dae9c59254052@ims.mnc070.mcc999.3gpp.network.org 180 Ringing -> 200 OK, dialog confirmed
Jul  7 21:05:30 ims kamailio-scscf[3067]: INFO: registrar [save.c:498]: 401 challenge -> REGISTER w/ auth -> 200 OK for sip:+999700000000644@ims.mnc070.mcc999.3gpp.network.org
Jul  7 21:07:07 ims kamailio-scscf[3067]: INFO: tm [t_reply.c:900]: Call-ID: e4e7a3a24d574817@ims.mnc070.mcc999.3gpp.network.org 180 Ringing -> 200 OK, dialog confirmed
Jul  7 21:07:19 ims kamailio-scscf[3067]: INFO: registrar [save.c:498]: 401 challenge -> REGISTER w/ auth -> 200 OK for sip:+999700000001549@ims.mnc070.mcc999.3gpp.network.org
Jul  7 21:07:46 ims kamailio-scscf[3067]: INFO: registrar [save.c:498]: 401 challenge -> REGISTER w/ auth -> 200 OK for sip:+999700000004004@ims.mnc070.mcc999.3gpp.network.org
Jul  7 21:08:42 ims kamailio-scscf[3067]: INFO: registrar [save.c:498]: 401 challenge -> REGISTER w/ auth -> 200 OK for sip:+999700000002670@ims.mnc070.mcc999.3gpp.network.org
Jul  7 21:08:50 ims kamailio-scscf[3067]: INFO: tm [t_reply.c:900]: Call-ID: 3393773e6d3b4f33@ims.mnc070.mcc999.3gpp.network.org 180 Ringing -> 200 OK, dialog confirmed
Jul  7 21:09:24 ims kamailio-scscf[3067]: INFO: tm [t_reply.c:900]: Call-ID: eae71de5c4cd49db@ims.mnc070.mcc999.3gpp.network.org 180 Ringing -> 200 OK, dialog confirmed
Jul  7 21:11:38 ims kamailio-scscf[3067]: INFO: tm [t_reply.c:900]: Call-ID: 2e980b61827b4045@ims.mnc070.mcc999.3gpp.network.org 180 Ringing -> 200 OK, dialog confirmed
Jul  7 21:11:38 ims kamailio-scscf[3067]: INFO: registrar [save.c:498]: 401 challenge -> REGISTER w/ auth -> 200 OK for sip:+999700000000171@ims.mnc070.mcc999.3gpp.network.org
Jul  7 21:12:35 ims kamailio-scscf[3067]: INFO: tm [t_reply.c:900]: Call-ID: 323d3bb132d64461@ims.mnc070.mcc999.3gpp.network.org 180 Ringing -> 200 OK, dialog confirmed
Jul  7 21:13:01 ims kamailio-scscf[3067]: INFO: registrar [save.c:498]: 401 challenge -> REGISTER w/ auth -> 200 OK for sip:+999700000002076@ims.mnc070.mcc999.3gpp.network.org
Jul  7 21:13:26 ims kamailio-scscf[3067]: INFO: registrar [save.c:498]: 401 challenge -> REGISTER w/ auth -> 200 OK for sip:+999700000003761@ims.mnc070.mcc999.3gpp.network.org
Jul  7 21:14:17 ims kamailio-scscf[3067]: INFO: tm [t_reply.c:900]: Call-ID: c74c549100d548cf@ims.mnc070.mcc999.3gpp.network.org 180 Ringing -> 200 OK, dialog confirmed
Jul  7 21:15:36 ims kamailio-scscf[3067]: INFO: registrar [save.c:498]: 401 challenge -> REGISTER w/ auth -> 200 OK for sip:+999700000002131@ims.mnc070.mcc999.3gpp.network.org
Jul  7 21:15:38 ims kamailio-scscf[3067]: INFO: tm [t_reply.c:900]: Call-ID: 6332520339834686@ims.mnc070.mcc999.3gpp.network.org final reply 486 Busy Here
Jul  7 21:15:40 ims kamailio-scscf[3067]: INFO: registrar [save.c:498]: 401 challenge -> REGISTER w/ auth -> 200 OK for sip:+999700000002364@ims.mnc070.mcc999.3gpp.network.org
Jul  7 21:16:48 ims kamailio-scscf[3067]: INFO: registrar [save.c:498]: 401 challenge -> REGISTER w/ auth -> 200 OK for sip:+999700000003538@ims.mnc070.mcc999.3gpp.network.org
Jul  7 21:17:58 ims kamailio-scscf[3067]: INFO: tm [t_reply.c:900]: Call-ID: 229c3c8a69b24550@ims.mnc070.mcc999.3gpp.network.org 180 Ringing -> 200 OK, dialog confirmed
Jul  7 21:18:17 ims kamailio-scscf[3067]: INFO: registrar [save.c:498]: 401 challenge -> REGISTER w/ auth -> 200 OK for sip:+999700000004559@ims.mnc070.mcc999.3gpp.network.org
Jul  7 21:21:23 ims kamailio-scscf[3067]: WARNING: tm [t_reply.c:1201]: INVITE Call-ID: 4388b54b32f745b5@ims.mnc070.mcc999.3gpp.network.org failed, 503/timeout downstream
Jul  7 21:21:49 ims kamailio-scscf[3067]: INFO: registrar [save.c:498]: 401 challenge -> REGISTER w/ auth -> 200 OK for sip:+999700000001803@ims.mnc070.mcc999.3gpp.network.org
Jul  7 21:21:57 ims kamailio-scscf[3067]: INFO: registrar [save.c:498]: 401 challenge -> REGISTER w/ auth -> 200 OK for sip:+999700000004281@ims.mnc070.mcc999.3gpp.network.org
Jul  7 21:22:12 ims kamailio-scscf[3067]: INFO: tm [t_reply.c:900]: Call-ID: ac02415aa990449c@ims.mnc070.mcc999.3gpp.network.org 180 Ringing -> 200 OK, dialog confirmed
Jul  7 21:22:13 ims kamailio-scscf[3067]: INFO: registrar [save.c:498]: 401 challenge -> REGISTER w/ auth -> 200 OK for sip:+999700000000939@ims.mnc070.mcc999.3gpp.network.org
Jul  7 21:22:58 ims kamailio-scscf[3067]: INFO: registrar [save.c:498]: 401 challenge -> REGISTER w/ auth -> 200 OK for sip:+999700000003278@ims.mnc070.mcc999.3gpp.network.org
Jul  7 21:23:10 ims kamailio-scscf[3067]: INFO: registrar [save.c:498]: 401 challenge -> REGISTER w/ auth -> 200 OK for sip:+999700000002307@ims.mnc070.mcc999.3gpp.network.org
Jul  7 21:23:38 ims kamailio-scscf[3067]: INFO: registrar [save.c:498]: 401 challenge -> REGISTER w/ auth -> 200 OK for sip:+999700000003516@ims.mnc070.mcc999.3gpp.network.org
Jul  7 21:23:59 ims kamailio-scscf[3067]: INFO: registrar [save.c:498]: 401 challenge -> REGISTER w/ auth -> 200 OK for sip:+999700000004142@ims.mnc070.mcc999.3gpp.network.org
Jul  7 21:25:46 ims kamailio-scscf[3067]: INFO: tm [t_reply.c:900]: Call-ID: 200b209614de467d@ims.mnc070.mcc999.3gpp.network.org 180 Ringing -> 200 OK, dialog confirmed
Jul  7 21:26:43 ims kamailio-scscf[3067]: INFO: registrar [save.c:498]: 401 challenge -> REGISTER w/ auth -> 200 OK for sip:+999700000002894@ims.mnc070.mcc999.3gpp.network.org
Jul  7 21:26:48 ims kamailio-scscf[3067]: INFO: tm [t_reply.c:900]: Call-ID: a8c772b7137440f1@ims.mnc070.mcc999.3gpp.network.org 180 Ringing -> 200 OK, dialog confirmed
Jul  7 21:27:42 ims kamailio-scscf[3067]: INFO: registrar [save.c:498]: 401 challenge -> REGISTER w/ auth -> 200 OK for sip:+999700000003024@ims.mnc070.mcc999.3gpp.network.org
Jul  7 21:31:57 ims kamailio-scscf[3067]: INFO: registrar [save.c:498]: 401 challenge -> REGISTER w/ auth -> 200 OK for sip:+999700000003355@ims.mnc070.mcc999.3gpp.network.org
Jul  7 21:33:28 ims kamailio-scscf[3067]: INFO: tm [t_reply.c:900]: Call-ID: a34b65bca81249b6@ims.mnc070.mcc999.3gpp.network.org 180 Ringing -> 200 OK, dialog confirmed
Jul  7 21:34:21 ims kamailio-scscf[3067]: INFO: registrar [save.c:498]: 401 challenge -> REGISTER w/ auth -> 200 OK for sip:+999700000004060@ims.mnc070.mcc999.3gpp.network.org
Jul  7 21:35:43 ims kamailio-scscf[3067]: INFO: registrar [save.c:498]: 401 challenge -> REGISTER w/ auth -> 200 OK for sip:+999700000001930@ims.mnc070.mcc999.3gpp.network.org
Jul  7 21:36:23 ims kamailio-scscf[3067]: INFO: registrar [save.c:498]: 401 challenge -> REGISTER w/ auth -> 200 OK for sip:+999700000003790@ims.mnc070.mcc999.3gpp.network.org
Jul  7 21:36:31 ims kamailio-scscf[3067]: WARNING: tm [t_reply.c:1201]: INVITE Call-ID: 53c7793c0cb74af5@ims.mnc070.mcc999.3gpp.network.org failed, 503/timeout downstream
Jul  7 21:36:33 ims kamailio-scscf[3067]: INFO: registrar [save.c:498]: 401 challenge -> REGISTER w/ auth -> 200 OK for sip:+999700000003791@ims.mnc070.mcc999.3gpp.network.org
Jul  7 21:37:16 ims kamailio-scscf[3067]: INFO: registrar [save.c:498]: 401 challenge -> REGISTER w/ auth -> 200 OK for sip:+999700000002399@ims.mnc070.mcc999.3gpp.network.org
Jul  7 21:37:52 ims kamailio-scscf[3067]: INFO: registrar [save.c:498]: 401 challenge -> REGISTER w/ auth -> 200 OK for sip:+999700000001599@ims.mnc070.mcc999.3gpp.network.org
Jul  7 21:38:11 ims kamailio-scscf[3067]: INFO: tm [t_reply.c:900]: Call-ID: c22cfff1650d40dd@ims.mnc070.mcc999.3gpp.network.org final reply 486 Busy Here
Jul  7 21:38:13 ims kamailio-scscf[3067]: INFO: tm [t_reply.c:900]: Call-ID: 5d8774ea31b244f2@ims.mnc070.mcc999.3gpp.network.org 180 Ringing -> 200 OK, dialog confirmed
Jul  7 21:39:31 ims kamailio-scscf[3067]: INFO: tm [t_reply.c:900]: Call-ID: e08394c5d7b34b9b@ims.mnc070.mcc999.3gpp.network.org final reply 480 No Answer
Jul  7 21:40:38 ims kamailio-scscf[3067]: INFO: tm [t_reply.c:900]: Call-ID: 7373e1a469c84b6a@ims.mnc070.mcc999.3gpp.network.org 180 Ringing -> 200 OK, dialog confirmed
Jul  7 21:41:23 ims kamailio-scscf[3067]: INFO: tm [t_reply.c:900]: Call-ID: 6ea8d5b82d554479@ims.mnc070.mcc999.3gpp.network.org 180 Ringing -> 200 OK, dialog confirmed
Jul  7 21:41:47 ims kamailio-scscf[3067]: INFO: registrar [save.c:498]: 401 challenge -> REGISTER w/ auth -> 200 OK for sip:+999700000004606@ims.mnc070.mcc999.3gpp.network.org
Jul  7 21:43:08 ims kamailio-scscf[3067]: INFO: registrar [save.c:498]: 401 challenge -> REGISTER w/ auth -> 200 OK for sip:+999700000003817@ims.mnc070.mcc999.3gpp.network.org
Jul  7 21:44:01 ims kamailio-scscf[3067]: INFO: registrar [save.c:498]: 401 challenge -> REGISTER w/ auth -> 200 OK for sip:+999700000002220@ims.mnc070.mcc999.3gpp.network.org
Jul  7 21:44:03 ims kamailio-scscf[3067]: INFO: registrar [save.c:498]: 401 challenge -> REGISTER w/ auth -> 200 OK for sip:+999700000003296@ims.mnc070.mcc999.3gpp.network.org
Jul  7 21:45:41 ims kamailio-scscf[3067]: INFO: tm [t_reply.c:900]: Call-ID: 86adb1f3b6e0473e@ims.mnc070.mcc999.3gpp.network.org 180 Ringing -> 200 OK, dialog confirmed
Jul  7 21:46:45 ims kamailio-scscf[3067]: INFO: registrar [save.c:498]: 401 challenge -> REGISTER w/ auth -> 200 OK for sip:+999700000004399@ims.mnc070.mcc999.3gpp.network.org
Jul  7 21:49:33 ims kamailio-scscf[3067]: INFO: tm [t_reply.c:900]: Call-ID: 414a5a1f8dd24a50@ims.mnc070.mcc999.3gpp.network.org 180 Ringing -> 200 OK, dialog confirmed
Jul  7 21:50:11 ims kamailio-scscf[3067]: INFO: registrar [save.c:498]: 401 challenge -> REGISTER w/ auth -> 200 OK for sip:+999700000003195@ims.mnc070.mcc999.3gpp.network.org
Jul  7 21:50:41 ims kamailio-scscf[3067]: INFO: registrar [save.c:498]: 401 challenge -> REGISTER w/ auth -> 200 OK for sip:+999700000003459@ims.mnc070.mcc999.3gpp.network.org
Jul  7 21:51:33 ims kamailio-scscf[3067]: INFO: registrar [save.c:498]: 401 challenge -> REGISTER w/ auth -> 200 OK for sip:+999700000001959@ims.mnc070.mcc999.3gpp.network.org
Jul  7 21:52:19 ims kamailio-scscf[3067]: INFO: tm [t_reply.c:900]: Call-ID: 8e0e37f5ccdb44ae@ims.mnc070.mcc999.3gpp.network.org 180 Ringing -> 200 OK, dialog confirmed
Jul  7 21:54:14 ims kamailio-scscf[3067]: INFO: registrar [save.c:498]: 401 challenge -> REGISTER w/ auth -> 200 OK for sip:+999700000004663@ims.mnc070.mcc999.3gpp.network.org
Jul  7 21:54:45 ims kamailio-scscf[3067]: INFO: tm [t_reply.c:900]: Call-ID: 6d96375bc63a4570@ims.mnc070.mcc999.3gpp.network.org 180 Ringing -> 200 OK, dialog confirmed
Jul  7 21:55:10 ims kamailio-scscf[3067]: INFO: registrar [save.c:498]: 401 challenge -> REGISTER w/ auth -> 200 OK for sip:+999700000003016@ims.mnc070.mcc999.3gpp.network.org
Jul  7 21:56:07 ims kamailio-scscf[3067]: INFO: registrar [save.c:498]: 401 challenge -> REGISTER w/ auth -> 200 OK for sip:+999700000001479@ims.mnc070.mcc999.3gpp.network.org
Jul  7 21:56:15 ims kamailio-scscf[3067]: INFO: registrar [save.c:498]: 401 challenge -> REGISTER w/ auth -> 200 OK for sip:+999700000001735@ims.mnc070.mcc999.3gpp.network.org
Jul  7 21:56:21 ims kamailio-scscf[3067]: INFO: registrar [save.c:498]: 401 challenge -> REGISTER w/ auth -> 200 OK for sip:+999700000003625@ims.mnc070.mcc999.3gpp.network.org
Jul  7 21:56:51 ims kamailio-scscf[3067]: INFO: registrar [save.c:498]: 401 challenge -> REGISTER w/ auth -> 200 OK for sip:+999700000001210@ims.mnc070.mcc999.3gpp.network.org
Jul  7 21:57:27 ims kamailio-scscf[3067]: INFO: registrar [save.c:498]: 401 challenge -> REGISTER w/ auth -> 200 OK for sip:+999700000004568@ims.mnc070.mcc999.3gpp.network.org
Jul  7 21:58:02 ims kamailio-scscf[3067]: INFO: registrar [save.c:498]: 401 challenge -> REGISTER w/ auth -> 200 OK for sip:+999700000001213@ims.mnc070.mcc999.3gpp.network.org
Jul  7 21:58:37 ims kamailio-scscf[3067]: INFO: tm [t_reply.c:900]: Call-ID: bb1833e7bb6e4096@ims.mnc070.mcc999.3gpp.network.org 180 Ringing -> 200 OK, dialog confirmed
Jul  7 21:58:37 ims kamailio-scscf[3067]: INFO: registrar [save.c:498]: 401 challenge -> REGISTER w/ auth -> 200 OK for sip:+999700000000555@ims.mnc070.mcc999.3gpp.network.org
Jul  7 21:59:49 ims kamailio-scscf[3067]: INFO: tm [t_reply.c:900]: Call-ID: 0a3a8807d21943cf@ims.mnc070.mcc999.3gpp.network.org 180 Ringing -> 200 OK, dialog confirmed
Jul  7 21:59:54 ims kamailio-scscf[3067]: INFO: registrar [save.c:498]: 401 challenge -> REGISTER w/ auth -> 200 OK for sip:+999700000000583@ims.mnc070.mcc999.3gpp.network.org
Jul  7 22:02:52 ims kamailio-scscf[3067]: INFO: tm [t_reply.c:900]: Call-ID: ee94aee3e1754c5a@ims.mnc070.mcc999.3gpp.network.org 180 Ringing -> 200 OK, dialog confirmed
Jul  7 22:03:14 ims kamailio-scscf[3067]: INFO: registrar [save.c:498]: 401 challenge -> REGISTER w/ auth -> 200 OK for sip:+999700000002058@ims.mnc070.mcc999.3gpp.network.org
Jul  7 22:03:50 ims kamailio-scscf[3067]: INFO: registrar [save.c:498]: 401 challenge -> REGISTER w/ auth -> 200 OK for sip:+999700000000147@ims.mnc070.mcc999.3gpp.network.org
Jul  7 22:04:25 ims kamailio-scscf[3067]: INFO: registrar [save.c:498]: 401 challenge -> REGISTER w/ auth -> 200 OK for sip:+999700000004039@ims.mnc070.mcc999.3gpp.network.org
Jul  7 22:05:45 ims kamailio-scscf[3067]: INFO: registrar [save.c:498]: 401 challenge -> REGISTER w/ auth -> 200 OK for sip:+999700000001545@ims.mnc070.mcc999.3gpp.network.org
Jul  7 22:06:03 ims kamailio-scscf[3067]: INFO: registrar [save.c:498]: 401 challenge -> REGISTER w/ auth -> 200 OK for sip:+999700000003215@ims.mnc070.mcc999.3gpp.network.org
Jul  7 22:07:24 ims kamailio-scscf[3067]: INFO: registrar [save.c:498]: 401 challenge -> REGISTER w/ auth -> 200 OK for sip:+999700000004833@ims.mnc070.mcc999.3gpp.network.org
Jul  7 22:07:56 ims kamailio-scscf[3067]: INFO: tm [t_reply.c:900]: Call-ID: b3b41e8178e241f9@ims.mnc070.mcc999.3gpp.network.org 180 Ringing -> 200 OK, dialog confirmed
Jul  7 22:08:04 ims kamailio-scscf[3067]: INFO: tm [t_reply.c:900]: Call-ID: c5d4b2a873e74358@ims.mnc070.mcc999.3gpp.network.org 180 Ringing -> 200 OK, dialog confirmed
Jul  7 22:10:49 ims kamailio-scscf[3067]: INFO: registrar [save.c:498]: 401 challenge -> REGISTER w/ auth -> 200 OK for sip:+999700000002454@ims.mnc070.mcc999.3gpp.network.org
Jul  7 22:10:59 ims kamailio-scscf[3067]: INFO: registrar [save.c:498]: 401 challenge -> REGISTER w/ auth -> 200 OK for sip:+999700000000671@ims.mnc070.mcc999.3gpp.network.org
Jul  7 22:11:07 ims kamailio-scscf[3067]: INFO: tm [t_reply.c:900]: Call-ID: 99d755739ff64b12@ims.mnc070.mcc999.3gpp.network.org 180 Ringing -> 200 OK, dialog confirmed
Jul  7 22:11:54 ims kamailio-scscf[3067]: INFO: registrar [save.c:498]: 401 challenge -> REGISTER w/ auth -> 200 OK for sip:+999700000000829@ims.mnc070.mcc999.3gpp.network.org
Jul  7 22:12:51 ims kamailio-scscf[3067]: INFO: registrar [save.c:498]: 401 challenge -> REGISTER w/ auth -> 200 OK for sip:+999700000001448@ims.mnc070.mcc999.3gpp.network.org
Jul  7 22:13:10 ims kamailio-scscf[3067]: INFO: registrar [save.c:498]: 401 challenge -> REGISTER w/ auth -> 200 OK for sip:+999700000004811@ims.mnc070.mcc999.3gpp.network.org
Jul  7 22:13:40 ims kamailio-scscf[3067]: INFO: registrar [save.c:498]: 401 challenge -> REGISTER w/ auth -> 200 OK for sip:+999700000003984@ims.mnc070.mcc999.3gpp.network.org
Jul  7 22:15:24 ims kamailio-scscf[3067]: INFO: tm [t_reply.c:900]: Call-ID: cb940fce5f074fa7@ims.mnc070.mcc999.3gpp.network.org 180 Ringing -> 200 OK, dialog confirmed
Jul  7 22:15:26 ims kamailio-scscf[3067]: INFO: registrar [save.c:498]: 401 challenge -> REGISTER w/ auth -> 200 OK for sip:+999700000003357@ims.mnc070.mcc999.3gpp.network.org
Jul  7 22:17:27 ims kamailio-scscf[3067]: INFO: tm [t_reply.c:900]: Call-ID: 8cba229f0f0c4679@ims.mnc070.mcc999.3gpp.network.org 180 Ringing -> 200 OK, dialog confirmed
Jul  7 22:18:32 ims kamailio-scscf[3067]: INFO: registrar [save.c:498]: 401 challenge -> REGISTER w/ auth -> 200 OK for sip:+999700000000187@ims.mnc070.mcc999.3gpp.network.org
Jul  7 22:18:47 ims kamailio-scscf[3067]: INFO: tm [t_reply.c:900]: Call-ID: 877108d5a34041a5@ims.mnc070.mcc999.3gpp.network.org 180 Ringing -> 200 OK, dialog confirmed
Jul  7 22:19:51 ims kamailio-scscf[3067]: INFO: registrar [save.c:498]: 401 challenge -> REGISTER w/ auth -> 200 OK for sip:+999700000003912@ims.mnc070.mcc999.3gpp.network.org
Jul  7 22:20:23 ims kamailio-scscf[3067]: INFO: registrar [save.c:498]: 401 challenge -> REGISTER w/ auth -> 200 OK for sip:+999700000003198@ims.mnc070.mcc999.3gpp.network.org
Jul  7 22:20:52 ims kamailio-scscf[3067]: INFO: registrar [save.c:498]: 401 challenge -> REGISTER w/ auth -> 200 OK for sip:+999700000003026@ims.mnc070.mcc999.3gpp.network.org
Jul  7 22:21:37 ims kamailio-scscf[3067]: INFO: registrar [save.c:498]: 401 challenge -> REGISTER w/ auth -> 200 OK for sip:+999700000004292@ims.mnc070.mcc999.3gpp.network.org
Jul  7 22:22:18 ims kamailio-scscf[3067]: INFO: tm [t_reply.c:900]: Call-ID: cf4d8d7d1b9041de@ims.mnc070.mcc999.3gpp.network.org 180 Ringing -> 200 OK, dialog confirmed
Jul  7 22:22:51 ims kamailio-scscf[3067]: INFO: registrar [save.c:498]: 401 challenge -> REGISTER w/ auth -> 200 OK for sip:+999700000002946@ims.mnc070.mcc999.3gpp.network.org
Jul  7 22:23:06 ims kamailio-scscf[3067]: INFO: registrar [save.c:498]: 401 challenge -> REGISTER w/ auth -> 200 OK for sip:+999700000000102@ims.mnc070.mcc999.3gpp.network.org
Jul  7 22:24:02 ims kamailio-scscf[3067]: INFO: registrar [save.c:498]: 401 challenge -> REGISTER w/ auth -> 200 OK for sip:+999700000002422@ims.mnc070.mcc999.3gpp.network.org
Jul  7 22:27:38 ims kamailio-scscf[3067]: INFO: registrar [save.c:498]: 401 challenge -> REGISTER w/ auth -> 200 OK for sip:+999700000004781@ims.mnc070.mcc999.3gpp.network.org
Jul  7 22:27:39 ims kamailio-scscf[3067]: INFO: registrar [save.c:498]: 401 challenge -> REGISTER w/ auth -> 200 OK for sip:+999700000002576@ims.mnc070.mcc999.3gpp.network.org
Jul  7 22:30:30 ims kamailio-scscf[3067]: INFO: tm [t_reply.c:900]: Call-ID: 3caa49c997274155@ims.mnc070.mcc999.3gpp.network.org 180 Ringing -> 200 OK, dialog confirmed
Jul  7 22:31:26 ims kamailio-scscf[3067]: INFO: registrar [save.c:498]: 401 challenge -> REGISTER w/ auth -> 200 OK for sip:+999700000002624@ims.mnc070.mcc999.3gpp.network.org
Jul  7 22:31:30 ims kamailio-scscf[3067]: INFO: tm [t_reply.c:900]: Call-ID: b860e0887e664cd1@ims.mnc070.mcc999.3gpp.network.org 180 Ringing -> 200 OK, dialog confirmed
Jul  7 22:31:35 ims kamailio-scscf[3067]: INFO: registrar [save.c:498]: 401 challenge -> REGISTER w/ auth -> 200 OK for sip:+999700000001672@ims.mnc070.mcc999.3gpp.network.org
Jul  7 22:35:48 ims kamailio-scscf[3067]: INFO: registrar [save.c:498]: 401 challenge -> REGISTER w/ auth -> 200 OK for sip:+999700000000661@ims.mnc070.mcc999.3gpp.network.org
Jul  7 22:37:09 ims kamailio-scscf[3067]: INFO: tm [t_reply.c:900]: Call-ID: 1f97643cd0854299@ims.mnc070.mcc999.3gpp.network.org 180 Ringing -> 200 OK, dialog confirmed
Jul  7 22:37:19 ims kamailio-scscf[3067]: INFO: registrar [save.c:498]: 401 challenge -> REGISTER w/ auth -> 200 OK for sip:+999700000004746@ims.mnc070.mcc999.3gpp.network.org
Jul  7 22:37:32 ims kamailio-scscf[3067]: INFO: tm [t_reply.c:900]: Call-ID: b4c200e753484d9d@ims.mnc070.mcc999.3gpp.network.org final reply 486 Busy Here
Jul  7 22:37:58 ims kamailio-scscf[3067]: INFO: registrar [save.c:498]: 401 challenge -> REGISTER w/ auth -> 200 OK for sip:+999700000000217@ims.mnc070.mcc999.3gpp.network.org
Jul  7 22:38:04 ims kamailio-scscf[3067]: INFO: registrar [save.c:498]: 401 challenge -> REGISTER w/ auth -> 200 OK for sip:+999700000003720@ims.mnc070.mcc999.3gpp.network.org
Jul  7 22:38:16 ims kamailio-scscf[3067]: INFO: registrar [save.c:498]: 401 challenge -> REGISTER w/ auth -> 200 OK for sip:+999700000002256@ims.mnc070.mcc999.3gpp.network.org
Jul  7 22:40:07 ims kamailio-scscf[3067]: INFO: registrar [save.c:498]: 401 challenge -> REGISTER w/ auth -> 200 OK for sip:+999700000000713@ims.mnc070.mcc999.3gpp.network.org
Jul  7 22:40:13 ims kamailio-scscf[3067]: INFO: registrar [save.c:498]: 401 challenge -> REGISTER w/ auth -> 200 OK for sip:+999700000002411@ims.mnc070.mcc999.3gpp.network.org
Jul  7 22:40:52 ims kamailio-scscf[3067]: INFO: registrar [save.c:498]: 401 challenge -> REGISTER w/ auth -> 200 OK for sip:+999700000003421@ims.mnc070.mcc999.3gpp.network.org
Jul  7 22:40:55 ims kamailio-scscf[3067]: INFO: registrar [save.c:498]: 401 challenge -> REGISTER w/ auth -> 200 OK for sip:+999700000000754@ims.mnc070.mcc999.3gpp.network.org
Jul  7 22:41:43 ims kamailio-scscf[3067]: INFO: registrar [save.c:498]: 401 challenge -> REGISTER w/ auth -> 200 OK for sip:+999700000003062@ims.mnc070.mcc999.3gpp.network.org
Jul  7 22:43:13 ims kamailio-scscf[3067]: INFO: registrar [save.c:498]: 401 challenge -> REGISTER w/ auth -> 200 OK for sip:+999700000002782@ims.mnc070.mcc999.3gpp.network.org
Jul  7 22:45:41 ims kamailio-scscf[3067]: INFO: tm [t_reply.c:900]: Call-ID: f8124a3ff0d14a62@ims.mnc070.mcc999.3gpp.network.org 180 Ringing -> 200 OK, dialog confirmed
Jul  7 22:45:44 ims kamailio-scscf[3067]: INFO: registrar [save.c:498]: 401 challenge -> REGISTER w/ auth -> 200 OK for sip:+999700000004195@ims.mnc070.mcc999.3gpp.network.org
Jul  7 22:47:14 ims kamailio-scscf[3067]: INFO: registrar [save.c:498]: 401 challenge -> REGISTER w/ auth -> 200 OK for sip:+999700000001019@ims.mnc070.mcc999.3gpp.network.org
Jul  7 22:47:27 ims kamailio-scscf[3067]: INFO: registrar [save.c:498]: 401 challenge -> REGISTER w/ auth -> 200 OK for sip:+999700000003308@ims.mnc070.mcc999.3gpp.network.org
Jul  7 22:47:43 ims kamailio-scscf[3067]: INFO: tm [t_reply.c:900]: Call-ID: 35f501a7df184788@ims.mnc070.mcc999.3gpp.network.org 180 Ringing -> 200 OK, dialog confirmed
Jul  7 22:47:59 ims kamailio-scscf[3067]: INFO: registrar [save.c:498]: 401 challenge -> REGISTER w/ auth -> 200 OK for sip:+999700000002063@ims.mnc070.mcc999.3gpp.network.org
Jul  7 22:49:19 ims kamailio-scscf[3067]: INFO: registrar [save.c:498]: 401 challenge -> REGISTER w/ auth -> 200 OK for sip:+999700000001110@ims.mnc070.mcc999.3gpp.network.org
Jul  7 22:50:57 ims kamailio-scscf[3067]: INFO: registrar [save.c:498]: 401 challenge -> REGISTER w/ auth -> 200 OK for sip:+999700000002800@ims.mnc070.mcc999.3gpp.network.org
Jul  7 22:52:51 ims kamailio-scscf[3067]: INFO: tm [t_reply.c:900]: Call-ID: 45ffd4cd411a4df3@ims.mnc070.mcc999.3gpp.network.org 180 Ringing -> 200 OK, dialog confirmed
Jul  7 22:54:09 ims kamailio-scscf[3067]: INFO: registrar [save.c:498]: 401 challenge -> REGISTER w/ auth -> 200 OK for sip:+999700000000697@ims.mnc070.mcc999.3gpp.network.org
Jul  7 22:55:24 ims kamailio-scscf[3067]: INFO: registrar [save.c:498]: 401 challenge -> REGISTER w/ auth -> 200 OK for sip:+999700000004793@ims.mnc070.mcc999.3gpp.network.org
Jul  7 22:56:03 ims kamailio-scscf[3067]: INFO: registrar [save.c:498]: 401 challenge -> REGISTER w/ auth -> 200 OK for sip:+999700000001054@ims.mnc070.mcc999.3gpp.network.org
Jul  7 22:56:09 ims kamailio-scscf[3067]: INFO: registrar [save.c:498]: 401 challenge -> REGISTER w/ auth -> 200 OK for sip:+999700000004783@ims.mnc070.mcc999.3gpp.network.org
Jul  7 22:59:34 ims kamailio-scscf[3067]: INFO: registrar [save.c:498]: 401 challenge -> REGISTER w/ auth -> 200 OK for sip:+999700000001540@ims.mnc070.mcc999.3gpp.network.org
Jul  7 23:00:03 ims kamailio-scscf[3067]: INFO: registrar [save.c:498]: 401 challenge -> REGISTER w/ auth -> 200 OK for sip:+999700000004969@ims.mnc070.mcc999.3gpp.network.org
Jul  7 23:00:19 ims kamailio-scscf[3067]: INFO: tm [t_reply.c:900]: Call-ID: 5dfc02ebbd2f40ff@ims.mnc070.mcc999.3gpp.network.org 180 Ringing -> 200 OK, dialog confirmed
Jul  7 23:01:02 ims kamailio-scscf[3067]: INFO: registrar [save.c:498]: 401 challenge -> REGISTER w/ auth -> 200 OK for sip:+999700000000574@ims.mnc070.mcc999.3gpp.network.org
Jul  7 23:01:41 ims kamailio-scscf[3067]: INFO: registrar [save.c:498]: 401 challenge -> REGISTER w/ auth -> 200 OK for sip:+999700000004347@ims.mnc070.mcc999.3gpp.network.org
Jul  7 23:02:59 ims kamailio-scscf[3067]: INFO: registrar [save.c:498]: 401 challenge -> REGISTER w/ auth -> 200 OK for sip:+999700000000293@ims.mnc070.mcc999.3gpp.network.org
Jul  7 23:08:15 ims kamailio-scscf[3067]: INFO: registrar [save.c:498]: 401 challenge -> REGISTER w/ auth -> 200 OK for sip:+999700000001623@ims.mnc070.mcc999.3gpp.network.org
Jul  7 23:09:18 ims kamailio-scscf[3067]: WARNING: tm [t_reply.c:1201]: INVITE Call-ID: 31d7e44242e04e6c@ims.mnc070.mcc999.3gpp.network.org failed, 503/timeout downstream
Jul  7 23:11:11 ims kamailio-scscf[3067]: INFO: registrar [save.c:498]: 401 challenge -> REGISTER w/ auth -> 200 OK for sip:+999700000001160@ims.mnc070.mcc999.3gpp.network.org
Jul  7 23:11:18 ims kamailio-scscf[3067]: INFO: registrar [save.c:498]: 401 challenge -> REGISTER w/ auth -> 200 OK for sip:+999700000002956@ims.mnc070.mcc999.3gpp.network.org
Jul  7 23:12:34 ims kamailio-scscf[3067]: INFO: registrar [save.c:498]: 401 challenge -> REGISTER w/ auth -> 200 OK for sip:+999700000001939@ims.mnc070.mcc999.3gpp.network.org
Jul  7 23:12:35 ims kamailio-scscf[3067]: INFO: tm [t_reply.c:900]: Call-ID: c13275fabf604bc5@ims.mnc070.mcc999.3gpp.network.org 180 Ringing -> 200 OK, dialog confirmed
Jul  7 23:13:53 ims kamailio-scscf[3067]: INFO: registrar [save.c:498]: 401 challenge -> REGISTER w/ auth -> 200 OK for sip:+999700000001025@ims.mnc070.mcc999.3gpp.network.org
Jul  7 23:13:59 ims kamailio-scscf[3067]: INFO: tm [t_reply.c:900]: Call-ID: 4f409a510cec4f6d@ims.mnc070.mcc999.3gpp.network.org 180 Ringing -> 200 OK, dialog confirmed
Jul  7 23:18:29 ims kamailio-scscf[3067]: INFO: registrar [save.c:498]: 401 challenge -> REGISTER w/ auth -> 200 OK for sip:+999700000001634@ims.mnc070.mcc999.3gpp.network.org
Jul  7 23:21:17 ims kamailio-scscf[3067]: INFO: tm [t_reply.c:900]: Call-ID: 9a36ea2671ac4dc9@ims.mnc070.mcc999.3gpp.network.org 180 Ringing -> 200 OK, dialog confirmed
Jul  7 23:21:41 ims kamailio-scscf[3067]: INFO: registrar [save.c:498]: 401 challenge -> REGISTER w/ auth -> 200 OK for sip:+999700000004903@ims.mnc070.mcc999.3gpp.network.org
Jul  7 23:21:58 ims kamailio-scscf[3067]: INFO: registrar [save.c:498]: 401 challenge -> REGISTER w/ auth -> 200 OK for sip:+999700000002045@ims.mnc070.mcc999.3gpp.network.org
Jul  7 23:22:25 ims kamailio-scscf[3067]: INFO: tm [t_reply.c:900]: Call-ID: 6c76212295f7475c@ims.mnc070.mcc999.3gpp.network.org 180 Ringing -> 200 OK, dialog confirmed
Jul  7 23:22:49 ims kamailio-scscf[3067]: INFO: registrar [save.c:498]: 401 challenge -> REGISTER w/ auth -> 200 OK for sip:+999700000004554@ims.mnc070.mcc999.3gpp.network.org
Jul  7 23:23:30 ims kamailio-scscf[3067]: INFO: registrar [save.c:498]: 401 challenge -> REGISTER w/ auth -> 200 OK for sip:+999700000002185@ims.mnc070.mcc999.3gpp.network.org
Jul  7 23:24:30 ims kamailio-scscf[3067]: INFO: tm [t_reply.c:900]: Call-ID: 8af32842b72e45de@ims.mnc070.mcc999.3gpp.network.org 180 Ringing -> 200 OK, dialog confirmed
Jul  7 23:24:44 ims kamailio-scscf[3067]: INFO: registrar [save.c:498]: 401 challenge -> REGISTER w/ auth -> 200 OK for sip:+999700000001075@ims.mnc070.mcc999.3gpp.network.org
Jul  7 23:25:49 ims kamailio-scscf[3067]: INFO: tm [t_reply.c:900]: Call-ID: b1f156e54f9b4a75@ims.mnc070.mcc999.3gpp.network.org 180 Ringing -> 200 OK, dialog confirmed
Jul  7 23:25:54 ims kamailio-scscf[3067]: INFO: registrar [save.c:498]: 401 challenge -> REGISTER w/ auth -> 200 OK for sip:+999700000004471@ims.mnc070.mcc999.3gpp.network.org
Jul  7 23:28:39 ims kamailio-scscf[3067]: INFO: registrar [save.c:498]: 401 challenge -> REGISTER w/ auth -> 200 OK for sip:+999700000002796@ims.mnc070.mcc999.3gpp.network.org
Jul  7 23:29:00 ims kamailio-scscf[3067]: INFO: registrar [save.c:498]: 401 challenge -> REGISTER w/ auth -> 200 OK for sip:+999700000004411@ims.mnc070.mcc999.3gpp.network.org
Jul  7 23:29:42 ims kamailio-scscf[3067]: INFO: registrar [save.c:498]: 401 challenge -> REGISTER w/ auth -> 200 OK for sip:+999700000004360@ims.mnc070.mcc999.3gpp.network.org
Jul  7 23:30:30 ims kamailio-scscf[3067]: INFO: registrar [save.c:498]: 401 challenge -> REGISTER w/ auth -> 200 OK for sip:+999700000000973@ims.mnc070.mcc999.3gpp.network.org
Jul  7 23:34:00 ims kamailio-scscf[3067]: INFO: tm [t_reply.c:900]: Call-ID: 386dc7eda6564db6@ims.mnc070.mcc999.3gpp.network.org final reply 486 Busy Here
Jul  7 23:34:01 ims kamailio-scscf[3067]: INFO: registrar [save.c:498]: 401 challenge -> REGISTER w/ auth -> 200 OK for sip:+999700000003413@ims.mnc070.mcc999.3gpp.network.org
Jul  7 23:34:25 ims kamailio-scscf[3067]: INFO: registrar [save.c:498]: 401 challenge -> REGISTER w/ auth -> 200 OK for sip:+999700000004179@ims.mnc070.mcc999.3gpp.network.org
Jul  7 23:35:12 ims kamailio-scscf[3067]: INFO: registrar [save.c:498]: 401 challenge -> REGISTER w/ auth -> 200 OK for sip:+999700000004455@ims.mnc070.mcc999.3gpp.network.org
Jul  7 23:36:36 ims kamailio-scscf[3067]: INFO: registrar [save.c:498]: 401 challenge -> REGISTER w/ auth -> 200 OK for sip:+999700000004852@ims.mnc070.mcc999.3gpp.network.org
Jul  7 23:37:10 ims kamailio-scscf[3067]: INFO: registrar [save.c:498]: 401 challenge -> REGISTER w/ auth -> 200 OK for sip:+999700000004054@ims.mnc070.mcc999.3gpp.network.org
Jul  7 23:37:42 ims kamailio-scscf[3067]: INFO: registrar [save.c:498]: 401 challenge -> REGISTER w/ auth -> 200 OK for sip:+999700000000167@ims.mnc070.mcc999.3gpp.network.org
Jul  7 23:43:32 ims kamailio-scscf[3067]: INFO: tm [t_reply.c:900]: Call-ID: ac5f3e195bca416a@ims.mnc070.mcc999.3gpp.network.org 180 Ringing -> 200 OK, dialog confirmed
Jul  7 23:43:38 ims kamailio-scscf[3067]: INFO: registrar [save.c:498]: 401 challenge -> REGISTER w/ auth -> 200 OK for sip:+999700000001166@ims.mnc070.mcc999.3gpp.network.org
Jul  7 23:43:52 ims kamailio-scscf[3067]: INFO: registrar [save.c:498]: 401 challenge -> REGISTER w/ auth -> 200 OK for sip:+999700000002913@ims.mnc070.mcc999.3gpp.network.org
Jul  7 23:47:41 ims kamailio-scscf[3067]: INFO: registrar [save.c:498]: 401 challenge -> REGISTER w/ auth -> 200 OK for sip:+999700000004729@ims.mnc070.mcc999.3gpp.network.org
Jul  7 23:48:54 ims kamailio-scscf[3067]: INFO: tm [t_reply.c:900]: Call-ID: 6d40d47ca3004342@ims.mnc070.mcc999.3gpp.network.org 180 Ringing -> 200 OK, dialog confirmed
Jul  7 23:50:06 ims kamailio-scscf[3067]: INFO: tm [t_reply.c:900]: Call-ID: 65591e87677d4b6b@ims.mnc070.mcc999.3gpp.network.org final reply 486 Busy Here
Jul  7 23:50:17 ims kamailio-scscf[3067]: INFO: registrar [save.c:498]: 401 challenge -> REGISTER w/ auth -> 200 OK for sip:+999700000004541@ims.mnc070.mcc999.3gpp.network.org
Jul  7 23:52:56 ims kamailio-scscf[3067]: INFO: registrar [save.c:498]: 401 challenge -> REGISTER w/ auth -> 200 OK for sip:+999700000000577@ims.mnc070.mcc999.3gpp.network.org
Jul  7 23:53:03 ims kamailio-scscf[3067]: INFO: registrar [save.c:498]: 401 challenge -> REGISTER w/ auth -> 200 OK for sip:+999700000004099@ims.mnc070.mcc999.3gpp.network.org
Jul  7 23:53:28 ims kamailio-scscf[3067]: INFO: registrar [save.c:498]: 401 challenge -> REGISTER w/ auth -> 200 OK for sip:+999700000001908@ims.mnc070.mcc999.3gpp.network.org
Jul  7 23:53:34 ims kamailio-scscf[3067]: INFO: registrar [save.c:498]: 401 challenge -> REGISTER w/ auth -> 200 OK for sip:+999700000002637@ims.mnc070.mcc999.3gpp.network.org
Jul  7 23:54:42 ims kamailio-scscf[3067]: INFO: registrar [save.c:498]: 401 challenge -> REGISTER w/ auth -> 200 OK for sip:+999700000004743@ims.mnc070.mcc999.3gpp.network.org
Jul  7 23:57:58 ims kamailio-scscf[3067]: INFO: registrar [save.c:498]: 401 challenge -> REGISTER w/ auth -> 200 OK for sip:+999700000003696@ims.mnc070.mcc999.3gpp.network.org
Jul  7 23:59:06 ims kamailio-scscf[3067]: INFO: tm [t_reply.c:900]: Call-ID: f4d759beed314082@ims.mnc070.mcc999.3gpp.network.org final reply 486 Busy Here
Jul  8 00:01:13 ims kamailio-scscf[3067]: INFO: registrar [save.c:498]: 401 challenge -> REGISTER w/ auth -> 200 OK for sip:+999700000002950@ims.mnc070.mcc999.3gpp.network.org
Jul  8 00:01:38 ims kamailio-scscf[3067]: INFO: tm [t_reply.c:900]: Call-ID: 8c7750c37fbd4169@ims.mnc070.mcc999.3gpp.network.org 180 Ringing -> 200 OK, dialog confirmed
Jul  8 00:03:40 ims kamailio-scscf[3067]: INFO: tm [t_reply.c:900]: Call-ID: 29985abf3a6f4782@ims.mnc070.mcc999.3gpp.network.org 180 Ringing -> 200 OK, dialog confirmed
Jul  8 00:04:39 ims kamailio-scscf[3067]: INFO: registrar [save.c:498]: 401 challenge -> REGISTER w/ auth -> 200 OK for sip:+999700000000232@ims.mnc070.mcc999.3gpp.network.org
Jul  8 00:05:35 ims kamailio-scscf[3067]: INFO: registrar [save.c:498]: 401 challenge -> REGISTER w/ auth -> 200 OK for sip:+999700000004896@ims.mnc070.mcc999.3gpp.network.org
Jul  8 00:05:50 ims kamailio-scscf[3067]: INFO: registrar [save.c:498]: 401 challenge -> REGISTER w/ auth -> 200 OK for sip:+999700000001435@ims.mnc070.mcc999.3gpp.network.org
Jul  8 00:09:39 ims kamailio-scscf[3067]: INFO: registrar [save.c:498]: 401 challenge -> REGISTER w/ auth -> 200 OK for sip:+999700000001967@ims.mnc070.mcc999.3gpp.network.org
Jul  8 00:10:33 ims kamailio-scscf[3067]: INFO: registrar [save.c:498]: 401 challenge -> REGISTER w/ auth -> 200 OK for sip:+999700000000996@ims.mnc070.mcc999.3gpp.network.org
Jul  8 00:11:33 ims kamailio-scscf[3067]: INFO: registrar [save.c:498]: 401 challenge -> REGISTER w/ auth -> 200 OK for sip:+999700000000669@ims.mnc070.mcc999.3gpp.network.org
Jul  8 00:14:13 ims kamailio-scscf[3067]: INFO: tm [t_reply.c:900]: Call-ID: e854e94159464ffb@ims.mnc070.mcc999.3gpp.network.org 180 Ringing -> 200 OK, dialog confirmed
Jul  8 00:14:36 ims kamailio-scscf[3067]: INFO: registrar [save.c:498]: 401 challenge -> REGISTER w/ auth -> 200 OK for sip:+999700000003952@ims.mnc070.mcc999.3gpp.network.org
Jul  8 00:15:26 ims kamailio-scscf[3067]: INFO: registrar [save.c:498]: 401 challenge -> REGISTER w/ auth -> 200 OK for sip:+999700000003182@ims.mnc070.mcc999.3gpp.network.org
Jul  8 00:15:54 ims kamailio-scscf[3067]: INFO: registrar [save.c:498]: 401 challenge -> REGISTER w/ auth -> 200 OK for sip:+999700000003440@ims.mnc070.mcc999.3gpp.network.org
Jul  8 00:16:13 ims kamailio-scscf[3067]: INFO: registrar [save.c:498]: 401 challenge -> REGISTER w/ auth -> 200 OK for sip:+999700000001490@ims.mnc070.mcc999.3gpp.network.org
Jul  8 00:19:40 ims kamailio-scscf[3067]: INFO: tm [t_reply.c:900]: Call-ID: a1264fb041aa466b@ims.mnc070.mcc999.3gpp.network.org 180 Ringing -> 200 OK, dialog confirmed
Jul  8 00:21:46 ims kamailio-scscf[3067]: INFO: registrar [save.c:498]: 401 challenge -> REGISTER w/ auth -> 200 OK for sip:+999700000000588@ims.mnc070.mcc999.3gpp.network.org
Jul  8 00:24:02 ims kamailio-scscf[3067]: WARNING: registrar [save.c:512]: authentication failed for sip:+999700000000068@ims.mnc070.mcc999.3gpp.network.org, replying 403 Forbidden
Jul  8 00:27:32 ims kamailio-scscf[3067]: INFO: registrar [save.c:498]: 401 challenge -> REGISTER w/ auth -> 200 OK for sip:+999700000004641@ims.mnc070.mcc999.3gpp.network.org
Jul  8 00:27:36 ims kamailio-scscf[3067]: INFO: tm [t_reply.c:900]: Call-ID: 5a65f1e3e97249e1@ims.mnc070.mcc999.3gpp.network.org 180 Ringing -> 200 OK, dialog confirmed
Jul  8 00:27:56 ims kamailio-scscf[3067]: INFO: registrar [save.c:498]: 401 challenge -> REGISTER w/ auth -> 200 OK for sip:+999700000000983@ims.mnc070.mcc999.3gpp.network.org
Jul  8 00:28:22 ims kamailio-scscf[3067]: INFO: registrar [save.c:498]: 401 challenge -> REGISTER w/ auth -> 200 OK for sip:+999700000002053@ims.mnc070.mcc999.3gpp.network.org
Jul  8 00:29:53 ims kamailio-scscf[3067]: INFO: registrar [save.c:498]: 401 challenge -> REGISTER w/ auth -> 200 OK for sip:+999700000003895@ims.mnc070.mcc999.3gpp.network.org
Jul  8 00:30:02 ims kamailio-scscf[3067]: INFO: registrar [save.c:498]: 401 challenge -> REGISTER w/ auth -> 200 OK for sip:+999700000002480@ims.mnc070.mcc999.3gpp.network.org
Jul  8 00:30:28 ims kamailio-scscf[3067]: INFO: tm [t_reply.c:900]: Call-ID: fecc83d5552444c3@ims.mnc070.mcc999.3gpp.network.org 180 Ringing -> 200 OK, dialog confirmed
Jul  8 00:31:31 ims kamailio-scscf[3067]: INFO: registrar [save.c:498]: 401 challenge -> REGISTER w/ auth -> 200 OK for sip:+999700000002396@ims.mnc070.mcc999.3gpp.network.org
Jul  8 00:32:36 ims kamailio-scscf[3067]: INFO: registrar [save.c:498]: 401 challenge -> REGISTER w/ auth -> 200 OK for sip:+999700000000995@ims.mnc070.mcc999.3gpp.network.org
Jul  8 00:33:06 ims kamailio-scscf[3067]: INFO: registrar [save.c:498]: 401 challenge -> REGISTER w/ auth -> 200 OK for sip:+999700000002158@ims.mnc070.mcc999.3gpp.network.org
Jul  8 00:37:58 ims kamailio-scscf[3067]: INFO: registrar [save.c:498]: 401 challenge -> REGISTER w/ auth -> 200 OK for sip:+999700000004964@ims.mnc070.mcc999.3gpp.network.org
Jul  8 00:39:56 ims kamailio-scscf[3067]: INFO: registrar [save.c:498]: 401 challenge -> REGISTER w/ auth -> 200 OK for sip:+999700000002553@ims.mnc070.mcc999.3gpp.network.org
Jul  8 00:40:31 ims kamailio-scscf[3067]: INFO: registrar [save.c:498]: 401 challenge -> REGISTER w/ auth -> 200 OK for sip:+999700000004459@ims.mnc070.mcc999.3gpp.network.org
Jul  8 00:41:15 ims kamailio-scscf[3067]: INFO: tm [t_reply.c:900]: Call-ID: 22e89490ce8d4621@ims.mnc070.mcc999.3gpp.network.org 180 Ringing -> 200 OK, dialog confirmed
Jul  8 00:41:38 ims kamailio-scscf[3067]: INFO: registrar [save.c:498]: 401 challenge -> REGISTER w/ auth -> 200 OK for sip:+999700000002752@ims.mnc070.mcc999.3gpp.network.org
Jul  8 00:45:57 ims kamailio-scscf[3067]: INFO: tm [t_reply.c:900]: Call-ID: 4cfe143eedb3418d@ims.mnc070.mcc999.3gpp.network.org 180 Ringing -> 200 OK, dialog confirmed
Jul  8 00:48:49 ims kamailio-scscf[3067]: INFO: registrar [save.c:498]: 401 challenge -> REGISTER w/ auth -> 200 OK for sip:+999700000003350@ims.mnc070.mcc999.3gpp.network.org
Jul  8 00:53:56 ims kamailio-scscf[3067]: INFO: registrar [save.c:498]: 401 challenge -> REGISTER w/ auth -> 200 OK for sip:+999700000003777@ims.mnc070.mcc999.3gpp.network.org
Jul  8 00:54:18 ims kamailio-scscf[3067]: INFO: tm [t_reply.c:900]: Call-ID: bc6119f826054ea3@ims.mnc070.mcc999.3gpp.network.org 180 Ringing -> 200 OK, dialog confirmed
Jul  8 00:54:32 ims kamailio-scscf[3067]: INFO: registrar [save.c:498]: 401 challenge -> REGISTER w/ auth -> 200 OK for sip:+999700000004942@ims.mnc070.mcc999.3gpp.network.org
Jul  8 00:54:37 ims kamailio-scscf[3067]: INFO: registrar [save.c:498]: 401 challenge -> REGISTER w/ auth -> 200 OK for sip:+999700000002798@ims.mnc070.mcc999.3gpp.network.org
Jul  8 00:54:54 ims kamailio-scscf[3067]: INFO: registrar [save.c:498]: 401 challenge -> REGISTER w/ auth -> 200 OK for sip:+999700000000952@ims.mnc070.mcc999.3gpp.network.org
Jul  8 00:57:47 ims kamailio-scscf[3067]: INFO: registrar [save.c:498]: 401 challenge -> REGISTER w/ auth -> 200 OK for sip:+999700000002713@ims.mnc070.mcc999.3gpp.network.org
Jul  8 00:58:44 ims kamailio-scscf[3067]: INFO: registrar [save.c:498]: 401 challenge -> REGISTER w/ auth -> 200 OK for sip:+999700000001417@ims.mnc070.mcc999.3gpp.network.org
Jul  8 01:00:13 ims kamailio-scscf[3067]: INFO: registrar [save.c:498]: 401 challenge -> REGISTER w/ auth -> 200 OK for sip:+999700000000709@ims.mnc070.mcc999.3gpp.network.org
Jul  8 01:03:39 ims kamailio-scscf[3067]: INFO: registrar [save.c:498]: 401 challenge -> REGISTER w/ auth -> 200 OK for sip:+999700000004929@ims.mnc070.mcc999.3gpp.network.org
Jul  8 01:05:06 ims kamailio-scscf[3067]: INFO: registrar [save.c:498]: 401 challenge -> REGISTER w/ auth -> 200 OK for sip:+999700000000090@ims.mnc070.mcc999.3gpp.network.org
Jul  8 01:06:15 ims kamailio-scscf[3067]: INFO: registrar [save.c:498]: 401 challenge -> REGISTER w/ auth -> 200 OK for sip:+999700000002098@ims.mnc070.mcc999.3gpp.network.org
Jul  8 01:08:26 ims kamailio-scscf[3067]: INFO: registrar [save.c:498]: 401 challenge -> REGISTER w/ auth -> 200 OK for sip:+999700000001297@ims.mnc070.mcc999.3gpp.network.org
Jul  8 01:08:30 ims kamailio-scscf[3067]: INFO: tm [t_reply.c:900]: Call-ID: 29c37a1503f145dc@ims.mnc070.mcc999.3gpp.network.org final reply 486 Busy Here
Jul  8 01:09:16 ims kamailio-scscf[3067]: INFO: registrar [save.c:498]: 401 challenge -> REGISTER w/ auth -> 200 OK for sip:+999700000000129@ims.mnc070.mcc999.3gpp.network.org
Jul  8 01:09:28 ims kamailio-scscf[3067]: INFO: registrar [save.c:498]: 401 challenge -> REGISTER w/ auth -> 200 OK for sip:+999700000004815@ims.mnc070.mcc999.3gpp.network.org
Jul  8 01:11:10 ims kamailio-scscf[3067]: INFO: tm [t_reply.c:900]: Call-ID: ab01843db4f74534@ims.mnc070.mcc999.3gpp.network.org 180 Ringing -> 200 OK, dialog confirmed
Jul  8 01:11:23 ims kamailio-scscf[3067]: INFO: registrar [save.c:498]: 401 challenge -> REGISTER w/ auth -> 200 OK for sip:+999700000003138@ims.mnc070.mcc999.3gpp.network.org
Jul  8 01:12:36 ims kamailio-scscf[3067]: INFO: registrar [save.c:498]: 401 challenge -> REGISTER w/ auth -> 200 OK for sip:+999700000001715@ims.mnc070.mcc999.3gpp.network.org
Jul  8 01:15:13 ims kamailio-scscf[3067]: INFO: registrar [save.c:498]: 401 challenge -> REGISTER w/ auth -> 200 OK for sip:+999700000004352@ims.mnc070.mcc999.3gpp.network.org
Jul  8 01:15:22 ims kamailio-scscf[3067]: INFO: tm [t_reply.c:900]: Call-ID: 17c15ee8a2734307@ims.mnc070.mcc999.3gpp.network.org final reply 480 No Answer
Jul  8 01:15:39 ims kamailio-scscf[3067]: INFO: registrar [save.c:498]: 401 challenge -> REGISTER w/ auth -> 200 OK for sip:+999700000004734@ims.mnc070.mcc999.3gpp.network.org
Jul  8 01:16:08 ims kamailio-scscf[3067]: INFO: registrar [save.c:498]: 401 challenge -> REGISTER w/ auth -> 200 OK for sip:+999700000003393@ims.mnc070.mcc999.3gpp.network.org
Jul  8 01:17:28 ims kamailio-scscf[3067]: INFO: registrar [save.c:498]: 401 challenge -> REGISTER w/ auth -> 200 OK for sip:+999700000003299@ims.mnc070.mcc999.3gpp.network.org
Jul  8 01:19:53 ims kamailio-scscf[3067]: INFO: registrar [save.c:498]: 401 challenge -> REGISTER w/ auth -> 200 OK for sip:+999700000001954@ims.mnc070.mcc999.3gpp.network.org
Jul  8 01:21:27 ims kamailio-scscf[3067]: INFO: registrar [save.c:498]: 401 challenge -> REGISTER w/ auth -> 200 OK for sip:+999700000002093@ims.mnc070.mcc999.3gpp.network.org
Jul  8 01:23:20 ims kamailio-scscf[3067]: INFO: registrar [save.c:498]: 401 challenge -> REGISTER w/ auth -> 200 OK for sip:+999700000001880@ims.mnc070.mcc999.3gpp.network.org
Jul  8 01:24:09 ims kamailio-scscf[3067]: INFO: tm [t_reply.c:900]: Call-ID: 66f81ba835f548d5@ims.mnc070.mcc999.3gpp.network.org 180 Ringing -> 200 OK, dialog confirmed
Jul  8 01:24:54 ims kamailio-scscf[3067]: INFO: registrar [save.c:498]: 401 challenge -> REGISTER w/ auth -> 200 OK for sip:+999700000000116@ims.mnc070.mcc999.3gpp.network.org
Jul  8 01:28:26 ims kamailio-scscf[3067]: INFO: registrar [save.c:498]: 401 challenge -> REGISTER w/ auth -> 200 OK for sip:+999700000004219@ims.mnc070.mcc999.3gpp.network.org
Jul  8 01:35:38 ims kamailio-scscf[3067]: INFO: registrar [save.c:498]: 401 challenge -> REGISTER w/ auth -> 200 OK for sip:+999700000002204@ims.mnc070.mcc999.3gpp.network.org
Jul  8 01:36:06 ims kamailio-scscf[3067]: INFO: registrar [save.c:498]: 401 challenge -> REGISTER w/ auth -> 200 OK for sip:+999700000004523@ims.mnc070.mcc999.3gpp.network.org
Jul  8 01:36:14 ims kamailio-scscf[3067]: INFO: registrar [save.c:498]: 401 challenge -> REGISTER w/ auth -> 200 OK for sip:+999700000001448@ims.mnc070.mcc999.3gpp.network.org
Jul  8 01:38:04 ims kamailio-scscf[3067]: INFO: registrar [save.c:498]: 401 challenge -> REGISTER w/ auth -> 200 OK for sip:+999700000004947@ims.mnc070.mcc999.3gpp.network.org
Jul  8 01:39:58 ims kamailio-scscf[3067]: INFO: registrar [save.c:498]: 401 challenge -> REGISTER w/ auth -> 200 OK for sip:+999700000002793@ims.mnc070.mcc999.3gpp.network.org
Jul  8 01:41:40 ims kamailio-scscf[3067]: INFO: registrar [save.c:498]: 401 challenge -> REGISTER w/ auth -> 200 OK for sip:+999700000002590@ims.mnc070.mcc999.3gpp.network.org
Jul  8 01:41:56 ims kamailio-scscf[3067]: INFO: registrar [save.c:498]: 401 challenge -> REGISTER w/ auth -> 200 OK for sip:+999700000002945@ims.mnc070.mcc999.3gpp.network.org
Jul  8 01:43:20 ims kamailio-scscf[3067]: INFO: registrar [save.c:498]: 401 challenge -> REGISTER w/ auth -> 200 OK for sip:+999700000002309@ims.mnc070.mcc999.3gpp.network.org
Jul  8 01:43:32 ims kamailio-scscf[3067]: INFO: tm [t_reply.c:900]: Call-ID: 77b429e9389d4171@ims.mnc070.mcc999.3gpp.network.org 180 Ringing -> 200 OK, dialog confirmed
Jul  8 01:43:58 ims kamailio-scscf[3067]: INFO: registrar [save.c:498]: 401 challenge -> REGISTER w/ auth -> 200 OK for sip:+999700000000180@ims.mnc070.mcc999.3gpp.network.org
Jul  8 01:45:15 ims kamailio-scscf[3067]: INFO: registrar [save.c:498]: 401 challenge -> REGISTER w/ auth -> 200 OK for sip:+999700000001936@ims.mnc070.mcc999.3gpp.network.org
Jul  8 01:45:24 ims kamailio-scscf[3067]: WARNING: registrar [save.c:512]: authentication failed for sip:+999700000001935@ims.mnc070.mcc999.3gpp.network.org, replying 403 Forbidden
Jul  8 01:49:22 ims kamailio-scscf[3067]: INFO: registrar [save.c:498]: 401 challenge -> REGISTER w/ auth -> 200 OK for sip:+999700000000728@ims.mnc070.mcc999.3gpp.network.org
Jul  8 01:53:00 ims kamailio-scscf[3067]: INFO: registrar [save.c:498]: 401 challenge -> REGISTER w/ auth -> 200 OK for sip:+999700000002986@ims.mnc070.mcc999.3gpp.network.org
Jul  8 01:53:07 ims kamailio-scscf[3067]: ERROR: cdp [routing.c:280]: Cx MAR timeout, no answer from hss.ims.mnc070.mcc999.3gpp.network.org
Jul  8 01:55:11 ims kamailio-scscf[3067]: WARNING: registrar [save.c:512]: authentication failed for sip:+999700000002048@ims.mnc070.mcc999.3gpp.network.org, replying 403 Forbidden
Jul  8 01:56:04 ims kamailio-scscf[3067]: INFO: tm [t_reply.c:900]: Call-ID: dc415df891104069@ims.mnc070.mcc999.3gpp.network.org final reply 480 No Answer
Jul  8 01:56:54 ims kamailio-scscf[3067]: WARNING: registrar [save.c:512]: authentication failed for sip:+999700000004806@ims.mnc070.mcc999.3gpp.network.org, replying 403 Forbidden
Jul  8 01:59:23 ims kamailio-scscf[3067]: WARNING: registrar [save.c:512]: authentication failed for sip:+999700000000822@ims.mnc070.mcc999.3gpp.network.org, replying 403 Forbidden
Jul  8 02:02:16 ims kamailio-scscf[3067]: INFO: tm [t_reply.c:900]: Call-ID: ce83f781f2574d6d@ims.mnc070.mcc999.3gpp.network.org 180 Ringing -> 200 OK, dialog confirmed
Jul  8 02:04:21 ims kamailio-scscf[3067]: INFO: registrar [save.c:498]: 401 challenge -> REGISTER w/ auth -> 200 OK for sip:+999700000004511@ims.mnc070.mcc999.3gpp.network.org
Jul  8 02:04:37 ims kamailio-scscf[3067]: INFO: registrar [save.c:498]: 401 challenge -> REGISTER w/ auth -> 200 OK for sip:+999700000001960@ims.mnc070.mcc999.3gpp.network.org
Jul  8 02:05:11 ims kamailio-scscf[3067]: INFO: registrar [save.c:498]: 401 challenge -> REGISTER w/ auth -> 200 OK for sip:+999700000002066@ims.mnc070.mcc999.3gpp.network.org
Jul  8 02:05:40 ims kamailio-scscf[3067]: INFO: registrar [save.c:498]: 401 challenge -> REGISTER w/ auth -> 200 OK for sip:+999700000000145@ims.mnc070.mcc999.3gpp.network.org
Jul  8 02:05:48 ims kamailio-scscf[3067]: INFO: registrar [save.c:498]: 401 challenge -> REGISTER w/ auth -> 200 OK for sip:+999700000003247@ims.mnc070.mcc999.3gpp.network.org
Jul  8 02:07:06 ims kamailio-scscf[3067]: INFO: registrar [save.c:498]: 401 challenge -> REGISTER w/ auth -> 200 OK for sip:+999700000000917@ims.mnc070.mcc999.3gpp.network.org
Jul  8 02:07:51 ims kamailio-scscf[3067]: INFO: registrar [save.c:498]: 401 challenge -> REGISTER w/ auth -> 200 OK for sip:+999700000001161@ims.mnc070.mcc999.3gpp.network.org
Jul  8 02:09:20 ims kamailio-scscf[3067]: INFO: registrar [save.c:498]: 401 challenge -> REGISTER w/ auth -> 200 OK for sip:+999700000003824@ims.mnc070.mcc999.3gpp.network.org
Jul  8 02:13:28 ims kamailio-scscf[3067]: INFO: tm [t_reply.c:900]: Call-ID: 0ab3203aeb8344ae@ims.mnc070.mcc999.3gpp.network.org 180 Ringing -> 200 OK, dialog confirmed
Jul  8 02:16:42 ims kamailio-scscf[3067]: INFO: registrar [save.c:498]: 401 challenge -> REGISTER w/ auth -> 200 OK for sip:+999700000002445@ims.mnc070.mcc999.3gpp.network.org
Jul  8 02:17:16 ims kamailio-scscf[3067]: INFO: registrar [save.c:498]: 401 challenge -> REGISTER w/ auth -> 200 OK for sip:+999700000002306@ims.mnc070.mcc999.3gpp.network.org
Jul  8 02:18:45 ims kamailio-scscf[3067]: INFO: registrar [save.c:498]: 401 challenge -> REGISTER w/ auth -> 200 OK for sip:+999700000000401@ims.mnc070.mcc999.3gpp.network.org
Jul  8 02:20:39 ims kamailio-scscf[3067]: INFO: registrar [save.c:498]: 401 challenge -> REGISTER w/ auth -> 200 OK for sip:+999700000001309@ims.mnc070.mcc999.3gpp.network.org
Jul  8 02:24:26 ims kamailio-scscf[3067]: INFO: tm [t_reply.c:900]: Call-ID: aec19dd3846f4efe@ims.mnc070.mcc999.3gpp.network.org 180 Ringing -> 200 OK, dialog confirmed
Jul  8 02:26:07 ims kamailio-scscf[3067]: INFO: registrar [save.c:498]: 401 challenge -> REGISTER w/ auth -> 200 OK for sip:+999700000004367@ims.mnc070.mcc999.3gpp.network.org
Jul  8 02:26:47 ims kamailio-scscf[3067]: INFO: tm [t_reply.c:900]: Call-ID: d02ec7fbd1844414@ims.mnc070.mcc999.3gpp.network.org final reply 486 Busy Here
Jul  8 02:27:24 ims kamailio-scscf[3067]: INFO: registrar [save.c:498]: 401 challenge -> REGISTER w/ auth -> 200 OK for sip:+999700000001952@ims.mnc070.mcc999.3gpp.network.org
Jul  8 02:28:47 ims kamailio-scscf[3067]: INFO: registrar [save.c:498]: 401 challenge -> REGISTER w/ auth -> 200 OK for sip:+999700000001675@ims.mnc070.mcc999.3gpp.network.org
Jul  8 02:32:49 ims kamailio-scscf[3067]: INFO: registrar [save.c:498]: 401 challenge -> REGISTER w/ auth -> 200 OK for sip:+999700000002722@ims.mnc070.mcc999.3gpp.network.org
Jul  8 02:33:46 ims kamailio-scscf[3067]: INFO: registrar [save.c:498]: 401 challenge -> REGISTER w/ auth -> 200 OK for sip:+999700000001935@ims.mnc070.mcc999.3gpp.network.org
Jul  8 02:35:49 ims kamailio-scscf[3067]: INFO: tm [t_reply.c:900]: Call-ID: a634992ee60b424c@ims.mnc070.mcc999.3gpp.network.org 180 Ringing -> 200 OK, dialog confirmed
Jul  8 02:36:00 ims kamailio-scscf[3067]: INFO: registrar [save.c:498]: 401 challenge -> REGISTER w/ auth -> 200 OK for sip:+999700000004627@ims.mnc070.mcc999.3gpp.network.org
Jul  8 02:37:19 ims kamailio-scscf[3067]: INFO: registrar [save.c:498]: 401 challenge -> REGISTER w/ auth -> 200 OK for sip:+999700000003550@ims.mnc070.mcc999.3gpp.network.org
Jul  8 02:38:26 ims kamailio-scscf[3067]: INFO: tm [t_reply.c:900]: Call-ID: 524d2458683e4c21@ims.mnc070.mcc999.3gpp.network.org 180 Ringing -> 200 OK, dialog confirmed
Jul  8 02:39:44 ims kamailio-scscf[3067]: INFO: registrar [save.c:498]: 401 challenge -> REGISTER w/ auth -> 200 OK for sip:+999700000002469@ims.mnc070.mcc999.3gpp.network.org
Jul  8 02:42:32 ims kamailio-scscf[3067]: INFO: registrar [save.c:498]: 401 challenge -> REGISTER w/ auth -> 200 OK for sip:+999700000000962@ims.mnc070.mcc999.3gpp.network.org
Jul  8 02:44:10 ims kamailio-scscf[3067]: INFO: registrar [save.c:498]: 401 challenge -> REGISTER w/ auth -> 200 OK for sip:+999700000000238@ims.mnc070.mcc999.3gpp.network.org
Jul  8 02:44:45 ims kamailio-scscf[3067]: INFO: registrar [save.c:498]: 401 challenge -> REGISTER w/ auth -> 200 OK for sip:+999700000000210@ims.mnc070.mcc999.3gpp.network.org
Jul  8 02:45:24 ims kamailio-scscf[3067]: INFO: registrar [save.c:498]: 401 challenge -> REGISTER w/ auth -> 200 OK for sip:+999700000000405@ims.mnc070.mcc999.3gpp.network.org
Jul  8 02:47:33 ims kamailio-scscf[3067]: INFO: registrar [save.c:498]: 401 challenge -> REGISTER w/ auth -> 200 OK for sip:+999700000000204@ims.mnc070.mcc999.3gpp.network.org
Jul  8 02:47:48 ims kamailio-scscf[3067]: INFO: registrar [save.c:498]: 401 challenge -> REGISTER w/ auth -> 200 OK for sip:+999700000004829@ims.mnc070.mcc999.3gpp.network.org
Jul  8 02:48:01 ims kamailio-scscf[3067]: INFO: registrar [save.c:498]: 401 challenge -> REGISTER w/ auth -> 200 OK for sip:+999700000002449@ims.mnc070.mcc999.3gpp.network.org
Jul  8 02:48:06 ims kamailio-scscf[3067]: INFO: registrar [save.c:498]: 401 challenge -> REGISTER w/ auth -> 200 OK for sip:+999700000000859@ims.mnc070.mcc999.3gpp.network.org
Jul  8 02:50:46 ims kamailio-scscf[3067]: INFO: tm [t_reply.c:900]: Call-ID: 0f1143953e994baf@ims.mnc070.mcc999.3gpp.network.org 180 Ringing -> 200 OK, dialog confirmed
Jul  8 02:52:48 ims kamailio-scscf[3067]: INFO: registrar [save.c:498]: 401 challenge -> REGISTER w/ auth -> 200 OK for sip:+999700000000172@ims.mnc070.mcc999.3gpp.network.org
Jul  8 02:55:17 ims kamailio-scscf[3067]: INFO: registrar [save.c:498]: 401 challenge -> REGISTER w/ auth -> 200 OK for sip:+999700000001729@ims.mnc070.mcc999.3gpp.network.org
Jul  8 02:55:42 ims kamailio-scscf[3067]: INFO: tm [t_reply.c:900]: Call-ID: 208764e09ad34a99@ims.mnc070.mcc999.3gpp.network.org 180 Ringing -> 200 OK, dialog confirmed
Jul  8 03:00:05 ims kamailio-scscf[3067]: INFO: registrar [save.c:498]: 401 challenge -> REGISTER w/ auth -> 200 OK for sip:+999700000003308@ims.mnc070.mcc999.3gpp.network.org
Jul  8 03:00:08 ims kamailio-scscf[3067]: INFO: registrar [save.c:498]: 401 challenge -> REGISTER w/ auth -> 200 OK for sip:+999700000004756@ims.mnc070.mcc999.3gpp.network.org
Jul  8 03:00:15 ims kamailio-scscf[3067]: INFO: registrar [save.c:498]: 401 challenge -> REGISTER w/ auth -> 200 OK for sip:+999700000000467@ims.mnc070.mcc999.3gpp.network.org
Jul  8 03:04:15 ims kamailio-scscf[3067]: INFO: registrar [save.c:498]: 401 challenge -> REGISTER w/ auth -> 200 OK for sip:+999700000003930@ims.mnc070.mcc999.3gpp.network.org
Jul  8 03:04:28 ims kamailio-scscf[3067]: INFO: tm [t_reply.c:900]: Call-ID: b2f0f38916a44bea@ims.mnc070.mcc999.3gpp.network.org final reply 480 No Answer
Jul  8 03:04:57 ims kamailio-scscf[3067]: INFO: registrar [save.c:498]: 401 challenge -> REGISTER w/ auth -> 200 OK for sip:+999700000004522@ims.mnc070.mcc999.3gpp.network.org
Jul  8 03:07:53 ims kamailio-scscf[3067]: INFO: registrar [save.c:498]: 401 challenge -> REGISTER w/ auth -> 200 OK for sip:+999700000001568@ims.mnc070.mcc999.3gpp.network.org
Jul  8 03:09:23 ims kamailio-scscf[3067]: INFO: registrar [save.c:498]: 401 challenge -> REGISTER w/ auth -> 200 OK for sip:+999700000003478@ims.mnc070.mcc999.3gpp.network.org
Jul  8 03:15:59 ims kamailio-scscf[3067]: INFO: registrar [save.c:498]: 401 challenge -> REGISTER w/ auth -> 200 OK for sip:+999700000003997@ims.mnc070.mcc999.3gpp.network.org
Jul  8 03:19:08 ims kamailio-scscf[3067]: INFO: registrar [save.c:498]: 401 challenge -> REGISTER w/ auth -> 200 OK for sip:+999700000000332@ims.mnc070.mcc999.3gpp.network.org
Jul  8 03:19:34 ims kamailio-scscf[3067]: INFO: registrar [save.c:498]: 401 challenge -> REGISTER w/ auth -> 200 OK for sip:+999700000003101@ims.mnc070.mcc999.3gpp.network.org
Jul  8 03:20:47 ims kamailio-scscf[3067]: INFO: registrar [save.c:498]: 401 challenge -> REGISTER w/ auth -> 200 OK for sip:+999700000000834@ims.mnc070.mcc999.3gpp.network.org
Jul  8 03:21:45 ims kamailio-scscf[3067]: INFO: registrar [save.c:498]: 401 challenge -> REGISTER w/ auth -> 200 OK for sip:+999700000004484@ims.mnc070.mcc999.3gpp.network.org
Jul  8 03:24:01 ims kamailio-scscf[3067]: INFO: registrar [save.c:498]: 401 challenge -> REGISTER w/ auth -> 200 OK for sip:+999700000003382@ims.mnc070.mcc999.3gpp.network.org
Jul  8 03:24:50 ims kamailio-scscf[3067]: INFO: registrar [save.c:498]: 401 challenge -> REGISTER w/ auth -> 200 OK for sip:+999700000003026@ims.mnc070.mcc999.3gpp.network.org
Jul  8 03:25:51 ims kamailio-scscf[3067]: INFO: tm [t_reply.c:900]: Call-ID: eded3c8c6411481c@ims.mnc070.mcc999.3gpp.network.org 180 Ringing -> 200 OK, dialog confirmed
Jul  8 03:28:50 ims kamailio-scscf[3067]: INFO: registrar [save.c:498]: 401 challenge -> REGISTER w/ auth -> 200 OK for sip:+999700000000972@ims.mnc070.mcc999.3gpp.network.org
Jul  8 03:31:06 ims kamailio-scscf[3067]: INFO: tm [t_reply.c:900]: Call-ID: 2792827b193c4306@ims.mnc070.mcc999.3gpp.network.org final reply 480 No Answer
Jul  8 03:31:13 ims kamailio-scscf[3067]: INFO: registrar [save.c:498]: 401 challenge -> REGISTER w/ auth -> 200 OK for sip:+999700000003889@ims.mnc070.mcc999.3gpp.network.org
Jul  8 03:36:10 ims kamailio-scscf[3067]: INFO: registrar [save.c:498]: 401 challenge -> REGISTER w/ auth -> 200 OK for sip:+999700000000470@ims.mnc070.mcc999.3gpp.network.org
Jul  8 03:38:39 ims kamailio-scscf[3067]: INFO: registrar [save.c:498]: 401 challenge -> REGISTER w/ auth -> 200 OK for sip:+999700000000713@ims.mnc070.mcc999.3gpp.network.org
Jul  8 03:40:05 ims kamailio-scscf[3067]: INFO: registrar [save.c:498]: 401 challenge -> REGISTER w/ auth -> 200 OK for sip:+999700000003800@ims.mnc070.mcc999.3gpp.network.org
Jul  8 03:41:00 ims kamailio-scscf[3067]: INFO: registrar [save.c:498]: 401 challenge -> REGISTER w/ auth -> 200 OK for sip:+999700000003428@ims.mnc070.mcc999.3gpp.network.org
Jul  8 03:42:33 ims kamailio-scscf[3067]: INFO: registrar [save.c:498]: 401 challenge -> REGISTER w/ auth -> 200 OK for sip:+999700000004380@ims.mnc070.mcc999.3gpp.network.org
Jul  8 03:42:48 ims kamailio-scscf[3067]: INFO: registrar [save.c:498]: 401 challenge -> REGISTER w/ auth -> 200 OK for sip:+999700000004750@ims.mnc070.mcc999.3gpp.network.org
Jul  8 03:43:29 ims kamailio-scscf[3067]: INFO: registrar [save.c:498]: 401 challenge -> REGISTER w/ auth -> 200 OK for sip:+999700000000283@ims.mnc070.mcc999.3gpp.network.org
Jul  8 03:45:07 ims kamailio-scscf[3067]: INFO: registrar [save.c:498]: 401 challenge -> REGISTER w/ auth -> 200 OK for sip:+999700000004970@ims.mnc070.mcc999.3gpp.network.org
Jul  8 03:50:08 ims kamailio-scscf[3067]: INFO: registrar [save.c:498]: 401 challenge -> REGISTER w/ auth -> 200 OK for sip:+999700000003815@ims.mnc070.mcc999.3gpp.network.org
Jul  8 03:50:30 ims kamailio-scscf[3067]: INFO: registrar [save.c:498]: 401 challenge -> REGISTER w/ auth -> 200 OK for sip:+999700000000872@ims.mnc070.mcc999.3gpp.network.org
Jul  8 03:51:02 ims kamailio-scscf[3067]: INFO: registrar [save.c:498]: 401 challenge -> REGISTER w/ auth -> 200 OK for sip:+999700000001184@ims.mnc070.mcc999.3gpp.network.org
Jul  8 03:52:12 ims kamailio-scscf[3067]: INFO: registrar [save.c:498]: 401 challenge -> REGISTER w/ auth -> 200 OK for sip:+999700000001739@ims.mnc070.mcc999.3gpp.network.org
Jul  8 03:52:53 ims kamailio-scscf[3067]: INFO: registrar [save.c:498]: 401 challenge -> REGISTER w/ auth -> 200 OK for sip:+999700000001192@ims.mnc070.mcc999.3gpp.network.org
Jul  8 03:53:41 ims kamailio-scscf[3067]: INFO: registrar [save.c:498]: 401 challenge -> REGISTER w/ auth -> 200 OK for sip:+999700000003202@ims.mnc070.mcc999.3gpp.network.org
Jul  8 03:55:07 ims kamailio-scscf[3067]: INFO: registrar [save.c:498]: 401 challenge -> REGISTER w/ auth -> 200 OK for sip:+999700000004298@ims.mnc070.mcc999.3gpp.network.org
Jul  8 03:57:11 ims kamailio-scscf[3067]: INFO: tm [t_reply.c:900]: Call-ID: 7f2529bef3e94b8d@ims.mnc070.mcc999.3gpp.network.org 180 Ringing -> 200 OK, dialog confirmed
Jul  8 04:02:34 ims kamailio-scscf[3067]: INFO: registrar [save.c:498]: 401 challenge -> REGISTER w/ auth -> 200 OK for sip:+999700000003971@ims.mnc070.mcc999.3gpp.network.org
Jul  8 04:03:28 ims kamailio-scscf[3067]: INFO: registrar [save.c:498]: 401 challenge -> REGISTER w/ auth -> 200 OK for sip:+999700000003967@ims.mnc070.mcc999.3gpp.network.org
Jul  8 04:03:32 ims kamailio-scscf[3067]: INFO: registrar [save.c:498]: 401 challenge -> REGISTER w/ auth -> 200 OK for sip:+999700000004149@ims.mnc070.mcc999.3gpp.network.org
Jul  8 04:03:42 ims kamailio-scscf[3067]: INFO: registrar [save.c:498]: 401 challenge -> REGISTER w/ auth -> 200 OK for sip:+999700000000593@ims.mnc070.mcc999.3gpp.network.org
Jul  8 04:04:53 ims kamailio-scscf[3067]: INFO: registrar [save.c:498]: 401 challenge -> REGISTER w/ auth -> 200 OK for sip:+999700000004419@ims.mnc070.mcc999.3gpp.network.org
Jul  8 04:09:21 ims kamailio-scscf[3067]: INFO: tm [t_reply.c:900]: Call-ID: 0dd8fc53575945ae@ims.mnc070.mcc999.3gpp.network.org 180 Ringing -> 200 OK, dialog confirmed
Jul  8 04:09:43 ims kamailio-scscf[3067]: INFO: tm [t_reply.c:900]: Call-ID: da622787b6734076@ims.mnc070.mcc999.3gpp.network.org final reply 480 No Answer
Jul  8 04:10:43 ims kamailio-scscf[3067]: INFO: registrar [save.c:498]: 401 challenge -> REGISTER w/ auth -> 200 OK for sip:+999700000001947@ims.mnc070.mcc999.3gpp.network.org
Jul  8 04:11:41 ims kamailio-scscf[3067]: INFO: registrar [save.c:498]: 401 challenge -> REGISTER w/ auth -> 200 OK for sip:+999700000003581@ims.mnc070.mcc999.3gpp.network.org
Jul  8 04:12:52 ims kamailio-scscf[3067]: INFO: registrar [save.c:498]: 401 challenge -> REGISTER w/ auth -> 200 OK for sip:+999700000001239@ims.mnc070.mcc999.3gpp.network.org
Jul  8 04:14:55 ims kamailio-scscf[3067]: INFO: registrar [save.c:498]: 401 challenge -> REGISTER w/ auth -> 200 OK for sip:+999700000004367@ims.mnc070.mcc999.3gpp.network.org
Jul  8 04:16:15 ims kamailio-scscf[3067]: INFO: registrar [save.c:498]: 401 challenge -> REGISTER w/ auth -> 200 OK for sip:+999700000002530@ims.mnc070.mcc999.3gpp.network.org
Jul  8 04:17:41 ims kamailio-scscf[3067]: INFO: registrar [save.c:498]: 401 challenge -> REGISTER w/ auth -> 200 OK for sip:+999700000003249@ims.mnc070.mcc999.3gpp.network.org
Jul  8 04:19:07 ims kamailio-scscf[3067]: INFO: registrar [save.c:498]: 401 challenge -> REGISTER w/ auth -> 200 OK for sip:+999700000000031@ims.mnc070.mcc999.3gpp.network.org
Jul  8 04:20:20 ims kamailio-scscf[3067]: INFO: registrar [save.c:498]: 401 challenge -> REGISTER w/ auth -> 200 OK for sip:+999700000002294@ims.mnc070.mcc999.3gpp.network.org
Jul  8 04:20:36 ims kamailio-scscf[3067]: INFO: registrar [save.c:498]: 401 challenge -> REGISTER w/ auth -> 200 OK for sip:+999700000001288@ims.mnc070.mcc999.3gpp.network.org
Jul  8 04:21:12 ims kamailio-scscf[3067]: INFO: registrar [save.c:498]: 401 challenge -> REGISTER w/ auth -> 200 OK for sip:+999700000003017@ims.mnc070.mcc999.3gpp.network.org
Jul  8 04:23:27 ims kamailio-scscf[3067]: INFO: tm [t_reply.c:900]: Call-ID: 633f8dd6fd1f4ee4@ims.mnc070.mcc999.3gpp.network.org 180 Ringing -> 200 OK, dialog confirmed
Jul  8 04:26:39 ims kamailio-scscf[3067]: WARNING: registrar [save.c:512]: authentication failed for sip:+999700000003174@ims.mnc070.mcc999.3gpp.network.org, replying 403 Forbidden
Jul  8 04:30:34 ims kamailio-scscf[3067]: INFO: registrar [save.c:498]: 401 challenge -> REGISTER w/ auth -> 200 OK for sip:+999700000004046@ims.mnc070.mcc999.3gpp.network.org
Jul  8 04:36:29 ims kamailio-scscf[3067]: INFO: registrar [save.c:498]: 401 challenge -> REGISTER w/ auth -> 200 OK for sip:+999700000001180@ims.mnc070.mcc999.3gpp.network.org
Jul  8 04:37:35 ims kamailio-scscf[3067]: INFO: registrar [save.c:498]: 401 challenge -> REGISTER w/ auth -> 200 OK for sip:+999700000001342@ims.mnc070.mcc999.3gpp.network.org
Jul  8 04:37:38 ims kamailio-scscf[3067]: INFO: registrar [save.c:498]: 401 challenge -> REGISTER w/ auth -> 200 OK for sip:+999700000003751@ims.mnc070.mcc999.3gpp.network.org
Jul  8 04:38:09 ims kamailio-scscf[3067]: INFO: registrar [save.c:498]: 401 challenge -> REGISTER w/ auth -> 200 OK for sip:+999700000003257@ims.mnc070.mcc999.3gpp.network.org
Jul  8 04:38:57 ims kamailio-scscf[3067]: INFO: registrar [save.c:498]: 401 challenge -> REGISTER w/ auth -> 200 OK for sip:+999700000000002@ims.mnc070.mcc999.3gpp.network.org
Jul  8 04:42:21 ims kamailio-scscf[3067]: INFO: registrar [save.c:498]: 401 challenge -> REGISTER w/ auth -> 200 OK for sip:+999700000000946@ims.mnc070.mcc999.3gpp.network.org
Jul  8 04:42:38 ims kamailio-scscf[3067]: INFO: tm [t_reply.c:900]: Call-ID: ac8eab25bf3d452d@ims.mnc070.mcc999.3gpp.network.org final reply 480 No Answer
Jul  8 04:44:07 ims kamailio-scscf[3067]: INFO: registrar [save.c:498]: 401 challenge -> REGISTER w/ auth -> 200 OK for sip:+999700000001681@ims.mnc070.mcc999.3gpp.network.org
Jul  8 04:46:59 ims kamailio-scscf[3067]: INFO: registrar [save.c:498]: 401 challenge -> REGISTER w/ auth -> 200 OK for sip:+999700000003214@ims.mnc070.mcc999.3gpp.network.org
Jul  8 04:47:01 ims kamailio-scscf[3067]: INFO: tm [t_reply.c:900]: Call-ID: 5c4d17b599c44e45@ims.mnc070.mcc999.3gpp.network.org 180 Ringing -> 200 OK, dialog confirmed
Jul  8 04:47:07 ims kamailio-scscf[3067]: INFO: registrar [save.c:498]: 401 challenge -> REGISTER w/ auth -> 200 OK for sip:+999700000002607@ims.mnc070.mcc999.3gpp.network.org
Jul  8 04:51:35 ims kamailio-scscf[3067]: INFO: registrar [save.c:498]: 401 challenge -> REGISTER w/ auth -> 200 OK for sip:+999700000004906@ims.mnc070.mcc999.3gpp.network.org
Jul  8 04:52:18 ims kamailio-scscf[3067]: INFO: registrar [save.c:498]: 401 challenge -> REGISTER w/ auth -> 200 OK for sip:+999700000004551@ims.mnc070.mcc999.3gpp.network.org
Jul  8 04:52:31 ims kamailio-scscf[3067]: INFO: tm [t_reply.c:900]: Call-ID: c4d5853623094509@ims.mnc070.mcc999.3gpp.network.org final reply 480 No Answer
Jul  8 04:56:21 ims kamailio-scscf[3067]: INFO: registrar [save.c:498]: 401 challenge -> REGISTER w/ auth -> 200 OK for sip:+999700000000715@ims.mnc070.mcc999.3gpp.network.org
Jul  8 04:57:51 ims kamailio-scscf[3067]: INFO: registrar [save.c:498]: 401 challenge -> REGISTER w/ auth -> 200 OK for sip:+999700000004159@ims.mnc070.mcc999.3gpp.network.org
Jul  8 04:59:45 ims kamailio-scscf[3067]: INFO: registrar [save.c:498]: 401 challenge -> REGISTER w/ auth -> 200 OK for sip:+999700000004187@ims.mnc070.mcc999.3gpp.network.org
Jul  8 05:02:48 ims kamailio-scscf[3067]: INFO: registrar [save.c:498]: 401 challenge -> REGISTER w/ auth -> 200 OK for sip:+999700000004126@ims.mnc070.mcc999.3gpp.network.org
Jul  8 05:02:53 ims kamailio-scscf[3067]: INFO: registrar [save.c:498]: 401 challenge -> REGISTER w/ auth -> 200 OK for sip:+999700000002024@ims.mnc070.mcc999.3gpp.network.org
Jul  8 05:04:47 ims kamailio-scscf[3067]: INFO: registrar [save.c:498]: 401 challenge -> REGISTER w/ auth -> 200 OK for sip:+999700000001405@ims.mnc070.mcc999.3gpp.network.org
Jul  8 05:05:13 ims kamailio-scscf[3067]: INFO: registrar [save.c:498]: 401 challenge -> REGISTER w/ auth -> 200 OK for sip:+999700000003365@ims.mnc070.mcc999.3gpp.network.org
Jul  8 05:07:47 ims kamailio-scscf[3067]: INFO: registrar [save.c:498]: 401 challenge -> REGISTER w/ auth -> 200 OK for sip:+999700000004906@ims.mnc070.mcc999.3gpp.network.org
Jul  8 05:10:40 ims kamailio-scscf[3067]: INFO: registrar [save.c:498]: 401 challenge -> REGISTER w/ auth -> 200 OK for sip:+999700000004328@ims.mnc070.mcc999.3gpp.network.org
Jul  8 05:10:52 ims kamailio-scscf[3067]: INFO: tm [t_reply.c:900]: Call-ID: 3f0a90a02e1444e0@ims.mnc070.mcc999.3gpp.network.org 180 Ringing -> 200 OK, dialog confirmed
Jul  8 05:11:40 ims kamailio-scscf[3067]: INFO: registrar [save.c:498]: 401 challenge -> REGISTER w/ auth -> 200 OK for sip:+999700000000584@ims.mnc070.mcc999.3gpp.network.org
Jul  8 05:14:23 ims kamailio-scscf[3067]: INFO: registrar [save.c:498]: 401 challenge -> REGISTER w/ auth -> 200 OK for sip:+999700000004187@ims.mnc070.mcc999.3gpp.network.org
Jul  8 05:18:01 ims kamailio-scscf[3067]: INFO: registrar [save.c:498]: 401 challenge -> REGISTER w/ auth -> 200 OK for sip:+999700000002797@ims.mnc070.mcc999.3gpp.network.org
Jul  8 05:18:10 ims kamailio-scscf[3067]: INFO: registrar [save.c:498]: 401 challenge -> REGISTER w/ auth -> 200 OK for sip:+999700000004775@ims.mnc070.mcc999.3gpp.network.org
Jul  8 05:20:00 ims kamailio-scscf[3067]: INFO: registrar [save.c:498]: 401 challenge -> REGISTER w/ auth -> 200 OK for sip:+999700000003000@ims.mnc070.mcc999.3gpp.network.org
Jul  8 05:22:23 ims kamailio-scscf[3067]: INFO: tm [t_reply.c:900]: Call-ID: 5e4272fd250140f0@ims.mnc070.mcc999.3gpp.network.org 180 Ringing -> 200 OK, dialog confirmed
Jul  8 05:25:33 ims kamailio-scscf[3067]: INFO: registrar [save.c:498]: 401 challenge -> REGISTER w/ auth -> 200 OK for sip:+999700000002886@ims.mnc070.mcc999.3gpp.network.org
Jul  8 05:26:41 ims kamailio-scscf[3067]: INFO: registrar [save.c:498]: 401 challenge -> REGISTER w/ auth -> 200 OK for sip:+999700000004139@ims.mnc070.mcc999.3gpp.network.org
Jul  8 05:26:59 ims kamailio-scscf[3067]: INFO: registrar [save.c:498]: 401 challenge -> REGISTER w/ auth -> 200 OK for sip:+999700000004465@ims.mnc070.mcc999.3gpp.network.org
Jul  8 05:27:34 ims kamailio-scscf[3067]: INFO: registrar [save.c:498]: 401 challenge -> REGISTER w/ auth -> 200 OK for sip:+999700000001100@ims.mnc070.mcc999.3gpp.network.org
Jul  8 05:31:01 ims kamailio-scscf[3067]: INFO: registrar [save.c:498]: 401 challenge -> REGISTER w/ auth -> 200 OK for sip:+999700000002566@ims.mnc070.mcc999.3gpp.network.org
Jul  8 05:33:48 ims kamailio-scscf[3067]: INFO: registrar [save.c:498]: 401 challenge -> REGISTER w/ auth -> 200 OK for sip:+999700000002459@ims.mnc070.mcc999.3gpp.network.org
Jul  8 05:35:04 ims kamailio-scscf[3067]: INFO: registrar [save.c:498]: 401 challenge -> REGISTER w/ auth -> 200 OK for sip:+999700000003981@ims.mnc070.mcc999.3gpp.network.org
Jul  8 05:35:54 ims kamailio-scscf[3067]: INFO: registrar [save.c:498]: 401 challenge -> REGISTER w/ auth -> 200 OK for sip:+999700000000333@ims.mnc070.mcc999.3gpp.network.org
Jul  8 05:35:58 ims kamailio-scscf[3067]: INFO: registrar [save.c:498]: 401 challenge -> REGISTER w/ auth -> 200 OK for sip:+999700000001115@ims.mnc070.mcc999.3gpp.network.org
Jul  8 05:38:14 ims kamailio-scscf[3067]: INFO: registrar [save.c:498]: 401 challenge -> REGISTER w/ auth -> 200 OK for sip:+999700000004709@ims.mnc070.mcc999.3gpp.network.org
Jul  8 05:38:44 ims kamailio-scscf[3067]: INFO: registrar [save.c:498]: 401 challenge -> REGISTER w/ auth -> 200 OK for sip:+999700000002808@ims.mnc070.mcc999.3gpp.network.org
Jul  8 05:39:27 ims kamailio-scscf[3067]: INFO: registrar [save.c:498]: 401 challenge -> REGISTER w/ auth -> 200 OK for sip:+999700000000895@ims.mnc070.mcc999.3gpp.network.org
Jul  8 05:41:30 ims kamailio-scscf[3067]: INFO: tm [t_reply.c:900]: Call-ID: eed6750a1b6244c7@ims.mnc070.mcc999.3gpp.network.org 180 Ringing -> 200 OK, dialog confirmed
Jul  8 05:45:40 ims kamailio-scscf[3067]: INFO: registrar [save.c:498]: 401 challenge -> REGISTER w/ auth -> 200 OK for sip:+999700000000630@ims.mnc070.mcc999.3gpp.network.org
Jul  8 05:45:48 ims kamailio-scscf[3067]: INFO: registrar [save.c:498]: 401 challenge -> REGISTER w/ auth -> 200 OK for sip:+999700000004186@ims.mnc070.mcc999.3gpp.network.org
Jul  8 05:47:10 ims kamailio-scscf[3067]: INFO: tm [t_reply.c:900]: Call-ID: e4918bb61e864967@ims.mnc070.mcc999.3gpp.network.org 180 Ringing -> 200 OK, dialog confirmed
Jul  8 05:52:03 ims kamailio-scscf[3067]: INFO: registrar [save.c:498]: 401 challenge -> REGISTER w/ auth -> 200 OK for sip:+999700000002132@ims.mnc070.mcc999.3gpp.network.org
Jul  8 05:52:18 ims kamailio-scscf[3067]: INFO: registrar [save.c:498]: 401 challenge -> REGISTER w/ auth -> 200 OK for sip:+999700000003960@ims.mnc070.mcc999.3gpp.network.org
Jul  8 05:53:44 ims kamailio-scscf[3067]: INFO: registrar [save.c:498]: 401 challenge -> REGISTER w/ auth -> 200 OK for sip:+999700000001745@ims.mnc070.mcc999.3gpp.network.org
Jul  8 05:55:23 ims kamailio-scscf[3067]: INFO: registrar [save.c:498]: 401 challenge -> REGISTER w/ auth -> 200 OK for sip:+999700000004084@ims.mnc070.mcc999.3gpp.network.org
Jul  8 05:58:18 ims kamailio-scscf[3067]: INFO: tm [t_reply.c:900]: Call-ID: b076c218780e4947@ims.mnc070.mcc999.3gpp.network.org 180 Ringing -> 200 OK, dialog confirmed
Jul  8 05:59:37 ims kamailio-scscf[3067]: INFO: registrar [save.c:498]: 401 challenge -> REGISTER w/ auth -> 200 OK for sip:+999700000002554@ims.mnc070.mcc999.3gpp.network.org
Jul  8 05:59:50 ims kamailio-scscf[3067]: INFO: registrar [save.c:498]: 401 challenge -> REGISTER w/ auth -> 200 OK for sip:+999700000000423@ims.mnc070.mcc999.3gpp.network.org
Jul  8 06:02:28 ims kamailio-scscf[3067]: INFO: registrar [save.c:498]: 401 challenge -> REGISTER w/ auth -> 200 OK for sip:+999700000002117@ims.mnc070.mcc999.3gpp.network.org
Jul  8 06:03:47 ims kamailio-scscf[3067]: INFO: registrar [save.c:498]: 401 challenge -> REGISTER w/ auth -> 200 OK for sip:+999700000002658@ims.mnc070.mcc999.3gpp.network.org
Jul  8 06:06:21 ims kamailio-scscf[3067]: INFO: registrar [save.c:498]: 401 challenge -> REGISTER w/ auth -> 200 OK for sip:+999700000002557@ims.mnc070.mcc999.3gpp.network.org
Jul  8 06:06:25 ims kamailio-scscf[3067]: INFO: registrar [save.c:498]: 401 challenge -> REGISTER w/ auth -> 200 OK for sip:+999700000003899@ims.mnc070.mcc999.3gpp.network.org
Jul  8 06:07:04 ims kamailio-scscf[3067]: INFO: registrar [save.c:498]: 401 challenge -> REGISTER w/ auth -> 200 OK for sip:+999700000003902@ims.mnc070.mcc999.3gpp.network.org
Jul  8 06:09:04 ims kamailio-scscf[3067]: WARNING: tm [t_reply.c:1201]: INVITE Call-ID: 1f82798a36594728@ims.mnc070.mcc999.3gpp.network.org failed, 503/timeout downstream
Jul  8 06:09:39 ims kamailio-scscf[3067]: INFO: registrar [save.c:498]: 401 challenge -> REGISTER w/ auth -> 200 OK for sip:+999700000001667@ims.mnc070.mcc999.3gpp.network.org
Jul  8 06:11:00 ims kamailio-scscf[3067]: INFO: registrar [save.c:498]: 401 challenge -> REGISTER w/ auth -> 200 OK for sip:+999700000001458@ims.mnc070.mcc999.3gpp.network.org
Jul  8 06:15:30 ims kamailio-scscf[3067]: INFO: registrar [save.c:498]: 401 challenge -> REGISTER w/ auth -> 200 OK for sip:+999700000001250@ims.mnc070.mcc999.3gpp.network.org
Jul  8 06:15:51 ims kamailio-scscf[3067]: INFO: tm [t_reply.c:900]: Call-ID: e0852fd4c33a42ca@ims.mnc070.mcc999.3gpp.network.org 180 Ringing -> 200 OK, dialog confirmed
Jul  8 06:15:54 ims kamailio-scscf[3067]: INFO: registrar [save.c:498]: 401 challenge -> REGISTER w/ auth -> 200 OK for sip:+999700000001236@ims.mnc070.mcc999.3gpp.network.org
Jul  8 06:16:49 ims kamailio-scscf[3067]: INFO: registrar [save.c:498]: 401 challenge -> REGISTER w/ auth -> 200 OK for sip:+999700000003782@ims.mnc070.mcc999.3gpp.network.org
Jul  8 06:19:24 ims kamailio-scscf[3067]: INFO: tm [t_reply.c:900]: Call-ID: f83942a1e625452e@ims.mnc070.mcc999.3gpp.network.org 180 Ringing -> 200 OK, dialog confirmed
Jul  8 06:22:56 ims kamailio-scscf[3067]: INFO: registrar [save.c:498]: 401 challenge -> REGISTER w/ auth -> 200 OK for sip:+999700000000831@ims.mnc070.mcc999.3gpp.network.org
Jul  8 06:23:41 ims kamailio-scscf[3067]: INFO: registrar [save.c:498]: 401 challenge -> REGISTER w/ auth -> 200 OK for sip:+999700000000433@ims.mnc070.mcc999.3gpp.network.org
Jul  8 06:25:52 ims kamailio-scscf[3067]: INFO: registrar [save.c:498]: 401 challenge -> REGISTER w/ auth -> 200 OK for sip:+999700000003461@ims.mnc070.mcc999.3gpp.network.org
Jul  8 06:28:53 ims kamailio-scscf[3067]: INFO: registrar [save.c:498]: 401 challenge -> REGISTER w/ auth -> 200 OK for sip:+999700000000205@ims.mnc070.mcc999.3gpp.network.org
Jul  8 06:30:09 ims kamailio-scscf[3067]: INFO: tm [t_reply.c:900]: Call-ID: 777bdde7b7894ab3@ims.mnc070.mcc999.3gpp.network.org 180 Ringing -> 200 OK, dialog confirmed
Jul  8 06:33:50 ims kamailio-scscf[3067]: INFO: registrar [save.c:498]: 401 challenge -> REGISTER w/ auth -> 200 OK for sip:+999700000004040@ims.mnc070.mcc999.3gpp.network.org
Jul  8 06:34:05 ims kamailio-scscf[3067]: INFO: registrar [save.c:498]: 401 challenge -> REGISTER w/ auth -> 200 OK for sip:+999700000004129@ims.mnc070.mcc999.3gpp.network.org
Jul  8 06:35:15 ims kamailio-scscf[3067]: INFO: registrar [save.c:498]: 401 challenge -> REGISTER w/ auth -> 200 OK for sip:+999700000001485@ims.mnc070.mcc999.3gpp.network.org
Jul  8 06:35:49 ims kamailio-scscf[3067]: INFO: registrar [save.c:498]: 401 challenge -> REGISTER w/ auth -> 200 OK for sip:+999700000002417@ims.mnc070.mcc999.3gpp.network.org
Jul  8 06:36:22 ims kamailio-scscf[3067]: INFO: registrar [save.c:498]: 401 challenge -> REGISTER w/ auth -> 200 OK for sip:+999700000002173@ims.mnc070.mcc999.3gpp.network.org
Jul  8 06:39:48 ims kamailio-scscf[3067]: INFO: registrar [save.c:498]: 401 challenge -> REGISTER w/ auth -> 200 OK for sip:+999700000002385@ims.mnc070.mcc999.3gpp.network.org
Jul  8 06:40:24 ims kamailio-scscf[3067]: INFO: registrar [save.c:498]: 401 challenge -> REGISTER w/ auth -> 200 OK for sip:+999700000001977@ims.mnc070.mcc999.3gpp.network.org
Jul  8 06:42:57 ims kamailio-scscf[3067]: INFO: registrar [save.c:498]: 401 challenge -> REGISTER w/ auth -> 200 OK for sip:+999700000001391@ims.mnc070.mcc999.3gpp.network.org
Jul  8 06:44:39 ims kamailio-scscf[3067]: INFO: registrar [save.c:498]: 401 challenge -> REGISTER w/ auth -> 200 OK for sip:+999700000000079@ims.mnc070.mcc999.3gpp.network.org
Jul  8 06:45:36 ims kamailio-scscf[3067]: INFO: tm [t_reply.c:900]: Call-ID: 310ab92da3b1434b@ims.mnc070.mcc999.3gpp.network.org 180 Ringing -> 200 OK, dialog confirmed
Jul  8 06:46:43 ims kamailio-scscf[3067]: INFO: registrar [save.c:498]: 401 challenge -> REGISTER w/ auth -> 200 OK for sip:+999700000004256@ims.mnc070.mcc999.3gpp.network.org
Jul  8 06:47:25 ims kamailio-scscf[3067]: INFO: tm [t_reply.c:900]: Call-ID: 925202ca9d7e471f@ims.mnc070.mcc999.3gpp.network.org 180 Ringing -> 200 OK, dialog confirmed
Jul  8 06:48:10 ims kamailio-scscf[3067]: INFO: registrar [save.c:498]: 401 challenge -> REGISTER w/ auth -> 200 OK for sip:+999700000002802@ims.mnc070.mcc999.3gpp.network.org
Jul  8 06:48:57 ims kamailio-scscf[3067]: INFO: registrar [save.c:498]: 401 challenge -> REGISTER w/ auth -> 200 OK for sip:+999700000000278@ims.mnc070.mcc999.3gpp.network.org
Jul  8 06:51:25 ims kamailio-scscf[3067]: INFO: registrar [save.c:498]: 401 challenge -> REGISTER w/ auth -> 200 OK for sip:+999700000001570@ims.mnc070.mcc999.3gpp.network.org
Jul  8 06:51:45 ims kamailio-scscf[3067]: INFO: registrar [save.c:498]: 401 challenge -> REGISTER w/ auth -> 200 OK for sip:+999700000001363@ims.mnc070.mcc999.3gpp.network.org
Jul  8 06:55:07 ims kamailio-scscf[3067]: INFO: registrar [save.c:498]: 401 challenge -> REGISTER w/ auth -> 200 OK for sip:+999700000000055@ims.mnc070.mcc999.3gpp.network.org
Jul  8 06:58:03 ims kamailio-scscf[3067]: INFO: registrar [save.c:498]: 401 challenge -> REGISTER w/ auth -> 200 OK for sip:+999700000003175@ims.mnc070.mcc999.3gpp.network.org
Jul  8 07:01:32 ims kamailio-scscf[3067]: INFO: registrar [save.c:498]: 401 challenge -> REGISTER w/ auth -> 200 OK for sip:+999700000003536@ims.mnc070.mcc999.3gpp.network.org
Jul  8 07:03:46 ims kamailio-scscf[3067]: INFO: registrar [save.c:498]: 401 challenge -> REGISTER w/ auth -> 200 OK for sip:+999700000003703@ims.mnc070.mcc999.3gpp.network.org
Jul  8 07:04:09 ims kamailio-scscf[3067]: INFO: tm [t_reply.c:900]: Call-ID: 417ab58b46f74ebd@ims.mnc070.mcc999.3gpp.network.org 180 Ringing -> 200 OK, dialog confirmed
Jul  8 07:04:53 ims kamailio-scscf[3067]: INFO: registrar [save.c:498]: 401 challenge -> REGISTER w/ auth -> 200 OK for sip:+999700000002426@ims.mnc070.mcc999.3gpp.network.org
Jul  8 07:06:16 ims kamailio-scscf[3067]: INFO: registrar [save.c:498]: 401 challenge -> REGISTER w/ auth -> 200 OK for sip:+999700000004192@ims.mnc070.mcc999.3gpp.network.org
Jul  8 07:06:35 ims kamailio-scscf[3067]: INFO: registrar [save.c:498]: 401 challenge -> REGISTER w/ auth -> 200 OK for sip:+999700000004491@ims.mnc070.mcc999.3gpp.network.org
Jul  8 07:09:03 ims kamailio-scscf[3067]: INFO: tm [t_reply.c:900]: Call-ID: 8b2fa8ec85da4449@ims.mnc070.mcc999.3gpp.network.org 180 Ringing -> 200 OK, dialog confirmed
Jul  8 07:10:35 ims kamailio-scscf[3067]: INFO: registrar [save.c:498]: 401 challenge -> REGISTER w/ auth -> 200 OK for sip:+999700000002010@ims.mnc070.mcc999.3gpp.network.org
Jul  8 07:10:40 ims kamailio-scscf[3067]: INFO: registrar [save.c:498]: 401 challenge -> REGISTER w/ auth -> 200 OK for sip:+999700000003377@ims.mnc070.mcc999.3gpp.network.org
Jul  8 07:12:12 ims kamailio-scscf[3067]: INFO: registrar [save.c:498]: 401 challenge -> REGISTER w/ auth -> 200 OK for sip:+999700000002649@ims.mnc070.mcc999.3gpp.network.org
Jul  8 07:16:34 ims kamailio-scscf[3067]: INFO: tm [t_reply.c:900]: Call-ID: f0c179099d9e4551@ims.mnc070.mcc999.3gpp.network.org 180 Ringing -> 200 OK, dialog confirmed
Jul  8 07:18:56 ims kamailio-scscf[3067]: INFO: registrar [save.c:498]: 401 challenge -> REGISTER w/ auth -> 200 OK for sip:+999700000004369@ims.mnc070.mcc999.3gpp.network.org
Jul  8 07:19:55 ims kamailio-scscf[3067]: INFO: registrar [save.c:498]: 401 challenge -> REGISTER w/ auth -> 200 OK for sip:+999700000002158@ims.mnc070.mcc999.3gpp.network.org
Jul  8 07:21:10 ims kamailio-scscf[3067]: INFO: registrar [save.c:498]: 401 challenge -> REGISTER w/ auth -> 200 OK for sip:+999700000002696@ims.mnc070.mcc999.3gpp.network.org
Jul  8 07:21:37 ims kamailio-scscf[3067]: INFO: registrar [save.c:498]: 401 challenge -> REGISTER w/ auth -> 200 OK for sip:+999700000001137@ims.mnc070.mcc999.3gpp.network.org
Jul  8 07:27:33 ims kamailio-scscf[3067]: INFO: registrar [save.c:498]: 401 challenge -> REGISTER w/ auth -> 200 OK for sip:+999700000003339@ims.mnc070.mcc999.3gpp.network.org
Jul  8 07:28:32 ims kamailio-scscf[3067]: INFO: tm [t_reply.c:900]: Call-ID: 24949bba76f847a6@ims.mnc070.mcc999.3gpp.network.org final reply 486 Busy Here
Jul  8 07:28:47 ims kamailio-scscf[3067]: INFO: tm [t_reply.c:900]: Call-ID: 6f6f5a996bf144c3@ims.mnc070.mcc999.3gpp.network.org 180 Ringing -> 200 OK, dialog confirmed
Jul  8 07:30:51 ims kamailio-scscf[3067]: INFO: registrar [save.c:498]: 401 challenge -> REGISTER w/ auth -> 200 OK for sip:+999700000001812@ims.mnc070.mcc999.3gpp.network.org
Jul  8 07:34:58 ims kamailio-scscf[3067]: INFO: tm [t_reply.c:900]: Call-ID: 56ac4cb1eb114587@ims.mnc070.mcc999.3gpp.network.org 180 Ringing -> 200 OK, dialog confirmed
Jul  8 07:35:46 ims kamailio-scscf[3067]: INFO: registrar [save.c:498]: 401 challenge -> REGISTER w/ auth -> 200 OK for sip:+999700000004631@ims.mnc070.mcc999.3gpp.network.org
Jul  8 07:36:03 ims kamailio-scscf[3067]: INFO: registrar [save.c:498]: 401 challenge -> REGISTER w/ auth -> 200 OK for sip:+999700000004797@ims.mnc070.mcc999.3gpp.network.org
Jul  8 07:36:33 ims kamailio-scscf[3067]: INFO: registrar [save.c:498]: 401 challenge -> REGISTER w/ auth -> 200 OK for sip:+999700000001187@ims.mnc070.mcc999.3gpp.network.org
Jul  8 07:37:08 ims kamailio-scscf[3067]: INFO: registrar [save.c:498]: 401 challenge -> REGISTER w/ auth -> 200 OK for sip:+999700000001581@ims.mnc070.mcc999.3gpp.network.org
Jul  8 07:37:08 ims kamailio-scscf[3067]: INFO: registrar [save.c:498]: 401 challenge -> REGISTER w/ auth -> 200 OK for sip:+999700000002389@ims.mnc070.mcc999.3gpp.network.org
Jul  8 07:37:36 ims kamailio-scscf[3067]: INFO: tm [t_reply.c:900]: Call-ID: 7ea0417eb9024813@ims.mnc070.mcc999.3gpp.network.org 180 Ringing -> 200 OK, dialog confirmed
Jul  8 07:37:48 ims kamailio-scscf[3067]: INFO: registrar [save.c:498]: 401 challenge -> REGISTER w/ auth -> 200 OK for sip:+999700000001026@ims.mnc070.mcc999.3gpp.network.org
Jul  8 07:37:49 ims kamailio-scscf[3067]: INFO: registrar [save.c:498]: 401 challenge -> REGISTER w/ auth -> 200 OK for sip:+999700000000420@ims.mnc070.mcc999.3gpp.network.org
Jul  8 07:40:53 ims kamailio-scscf[3067]: INFO: registrar [save.c:498]: 401 challenge -> REGISTER w/ auth -> 200 OK for sip:+999700000001369@ims.mnc070.mcc999.3gpp.network.org
Jul  8 07:42:57 ims kamailio-scscf[3067]: INFO: registrar [save.c:498]: 401 challenge -> REGISTER w/ auth -> 200 OK for sip:+999700000004817@ims.mnc070.mcc999.3gpp.network.org
Jul  8 07:44:54 ims kamailio-scscf[3067]: INFO: tm [t_reply.c:900]: Call-ID: 61d2f29333144ea2@ims.mnc070.mcc999.3gpp.network.org final reply 486 Busy Here
Jul  8 07:46:55 ims kamailio-scscf[3067]: INFO: registrar [save.c:498]: 401 challenge -> REGISTER w/ auth -> 200 OK for sip:+999700000001344@ims.mnc070.mcc999.3gpp.network.org
Jul  8 07:47:36 ims kamailio-scscf[3067]: INFO: registrar [save.c:498]: 401 challenge -> REGISTER w/ auth -> 200 OK for sip:+999700000000937@ims.mnc070.mcc999.3gpp.network.org
Jul  8 07:49:07 ims kamailio-scscf[3067]: INFO: registrar [save.c:498]: 401 challenge -> REGISTER w/ auth -> 200 OK for sip:+999700000003592@ims.mnc070.mcc999.3gpp.network.org
Jul  8 07:51:23 ims kamailio-scscf[3067]: INFO: registrar [save.c:498]: 401 challenge -> REGISTER w/ auth -> 200 OK for sip:+999700000002455@ims.mnc070.mcc999.3gpp.network.org
Jul  8 07:51:27 ims kamailio-scscf[3067]: INFO: registrar [save.c:498]: 401 challenge -> REGISTER w/ auth -> 200 OK for sip:+999700000002354@ims.mnc070.mcc999.3gpp.network.org
Jul  8 07:52:10 ims kamailio-scscf[3067]: INFO: registrar [save.c:498]: 401 challenge -> REGISTER w/ auth -> 200 OK for sip:+999700000000117@ims.mnc070.mcc999.3gpp.network.org
Jul  8 07:56:54 ims kamailio-scscf[3067]: INFO: registrar [save.c:498]: 401 challenge -> REGISTER w/ auth -> 200 OK for sip:+999700000000901@ims.mnc070.mcc999.3gpp.network.org
Jul  8 07:58:19 ims kamailio-scscf[3067]: INFO: tm [t_reply.c:900]: Call-ID: 09f70e45c8664f50@ims.mnc070.mcc999.3gpp.network.org 180 Ringing -> 200 OK, dialog confirmed
Jul  8 07:58:30 ims kamailio-scscf[3067]: INFO: tm [t_reply.c:900]: Call-ID: 699199f1f24c4456@ims.mnc070.mcc999.3gpp.network.org 180 Ringing -> 200 OK, dialog confirmed
Jul  8 07:59:12 ims kamailio-scscf[3067]: INFO: registrar [save.c:498]: 401 challenge -> REGISTER w/ auth -> 200 OK for sip:+999700000000344@ims.mnc070.mcc999.3gpp.network.org
Jul  8 07:59:22 ims kamailio-scscf[3067]: INFO: registrar [save.c:498]: 401 challenge -> REGISTER w/ auth -> 200 OK for sip:+999700000004766@ims.mnc070.mcc999.3gpp.network.org
Jul  8 08:00:53 ims kamailio-scscf[3067]: INFO: tm [t_reply.c:900]: Call-ID: 59b5ffcfe7be4de4@ims.mnc070.mcc999.3gpp.network.org final reply 486 Busy Here
Jul  8 08:02:30 ims kamailio-scscf[3067]: INFO: registrar [save.c:498]: 401 challenge -> REGISTER w/ auth -> 200 OK for sip:+999700000002583@ims.mnc070.mcc999.3gpp.network.org
Jul  8 08:02:46 ims kamailio-scscf[3067]: INFO: registrar [save.c:498]: 401 challenge -> REGISTER w/ auth -> 200 OK for sip:+999700000003803@ims.mnc070.mcc999.3gpp.network.org
Jul  8 08:03:44 ims kamailio-scscf[3067]: INFO: registrar [save.c:498]: 401 challenge -> REGISTER w/ auth -> 200 OK for sip:+999700000001479@ims.mnc070.mcc999.3gpp.network.org
Jul  8 08:06:06 ims kamailio-scscf[3067]: INFO: tm [t_reply.c:900]: Call-ID: adc544f229ce440d@ims.mnc070.mcc999.3gpp.network.org 180 Ringing -> 200 OK, dialog confirmed
Jul  8 08:06:08 ims kamailio-scscf[3067]: INFO: registrar [save.c:498]: 401 challenge -> REGISTER w/ auth -> 200 OK for sip:+999700000002241@ims.mnc070.mcc999.3gpp.network.org
Jul  8 08:08:16 ims kamailio-scscf[3067]: INFO: registrar [save.c:498]: 401 challenge -> REGISTER w/ auth -> 200 OK for sip:+999700000004416@ims.mnc070.mcc999.3gpp.network.org
Jul  8 08:08:45 ims kamailio-scscf[3067]: INFO: tm [t_reply.c:900]: Call-ID: 93ef02a02a3d45df@ims.mnc070.mcc999.3gpp.network.org 180 Ringing -> 200 OK, dialog confirmed
Jul  8 08:09:46 ims kamailio-scscf[3067]: INFO: registrar [save.c:498]: 401 challenge -> REGISTER w/ auth -> 200 OK for sip:+999700000002257@ims.mnc070.mcc999.3gpp.network.org
Jul  8 08:10:06 ims kamailio-scscf[3067]: INFO: registrar [save.c:498]: 401 challenge -> REGISTER w/ auth -> 200 OK for sip:+999700000003481@ims.mnc070.mcc999.3gpp.network.org
Jul  8 08:12:51 ims kamailio-scscf[3067]: INFO: registrar [save.c:498]: 401 challenge -> REGISTER w/ auth -> 200 OK for sip:+999700000003547@ims.mnc070.mcc999.3gpp.network.org
Jul  8 08:15:04 ims kamailio-scscf[3067]: INFO: registrar [save.c:498]: 401 challenge -> REGISTER w/ auth -> 200 OK for sip:+999700000000190@ims.mnc070.mcc999.3gpp.network.org
Jul  8 08:16:02 ims kamailio-scscf[3067]: INFO: registrar [save.c:498]: 401 challenge -> REGISTER w/ auth -> 200 OK for sip:+999700000001432@ims.mnc070.mcc999.3gpp.network.org
Jul  8 08:19:18 ims kamailio-scscf[3067]: INFO: registrar [save.c:498]: 401 challenge -> REGISTER w/ auth -> 200 OK for sip:+999700000003867@ims.mnc070.mcc999.3gpp.network.org
Jul  8 08:20:05 ims kamailio-scscf[3067]: INFO: tm [t_reply.c:900]: Call-ID: f0146c7ab05b4a9b@ims.mnc070.mcc999.3gpp.network.org 180 Ringing -> 200 OK, dialog confirmed
Jul  8 08:23:42 ims kamailio-scscf[3067]: INFO: tm [t_reply.c:900]: Call-ID: 036a533210e64fd6@ims.mnc070.mcc999.3gpp.network.org 180 Ringing -> 200 OK, dialog confirmed
Jul  8 08:23:50 ims kamailio-scscf[3067]: INFO: registrar [save.c:498]: 401 challenge -> REGISTER w/ auth -> 200 OK for sip:+999700000000208@ims.mnc070.mcc999.3gpp.network.org
Jul  8 08:24:37 ims kamailio-scscf[3067]: INFO: registrar [save.c:498]: 401 challenge -> REGISTER w/ auth -> 200 OK for sip:+999700000000693@ims.mnc070.mcc999.3gpp.network.org
Jul  8 08:26:55 ims kamailio-scscf[3067]: INFO: registrar [save.c:498]: 401 challenge -> REGISTER w/ auth -> 200 OK for sip:+999700000003465@ims.mnc070.mcc999.3gpp.network.org
Jul  8 08:28:10 ims kamailio-scscf[3067]: INFO: registrar [save.c:498]: 401 challenge -> REGISTER w/ auth -> 200 OK for sip:+999700000001461@ims.mnc070.mcc999.3gpp.network.org
Jul  8 08:29:03 ims kamailio-scscf[3067]: INFO: registrar [save.c:498]: 401 challenge -> REGISTER w/ auth -> 200 OK for sip:+999700000001813@ims.mnc070.mcc999.3gpp.network.org
Jul  8 08:30:44 ims kamailio-scscf[3067]: INFO: registrar [save.c:498]: 401 challenge -> REGISTER w/ auth -> 200 OK for sip:+999700000004220@ims.mnc070.mcc999.3gpp.network.org
Jul  8 08:32:08 ims kamailio-scscf[3067]: INFO: registrar [save.c:498]: 401 challenge -> REGISTER w/ auth -> 200 OK for sip:+999700000004824@ims.mnc070.mcc999.3gpp.network.org
Jul  8 08:32:42 ims kamailio-scscf[3067]: INFO: registrar [save.c:498]: 401 challenge -> REGISTER w/ auth -> 200 OK for sip:+999700000002742@ims.mnc070.mcc999.3gpp.network.org
Jul  8 08:34:47 ims kamailio-scscf[3067]: INFO: tm [t_reply.c:900]: Call-ID: cb913e26dad14585@ims.mnc070.mcc999.3gpp.network.org final reply 480 No Answer
Jul  8 08:35:57 ims kamailio-scscf[3067]: INFO: tm [t_reply.c:900]: Call-ID: a73bc71dc8254104@ims.mnc070.mcc999.3gpp.network.org 180 Ringing -> 200 OK, dialog confirmed
Jul  8 08:37:23 ims kamailio-scscf[3067]: INFO: registrar [save.c:498]: 401 challenge -> REGISTER w/ auth -> 200 OK for sip:+999700000002954@ims.mnc070.mcc999.3gpp.network.org
Jul  8 08:37:38 ims kamailio-scscf[3067]: INFO: registrar [save.c:498]: 401 challenge -> REGISTER w/ auth -> 200 OK for sip:+999700000004466@ims.mnc070.mcc999.3gpp.network.org
Jul  8 08:38:23 ims kamailio-scscf[3067]: INFO: registrar [save.c:498]: 401 challenge -> REGISTER w/ auth -> 200 OK for sip:+999700000000749@ims.mnc070.mcc999.3gpp.network.org
Jul  8 08:38:57 ims kamailio-scscf[3067]: INFO: registrar [save.c:498]: 401 challenge -> REGISTER w/ auth -> 200 OK for sip:+999700000004707@ims.mnc070.mcc999.3gpp.network.org
Jul  8 08:39:27 ims kamailio-scscf[3067]: INFO: registrar [save.c:498]: 401 challenge -> REGISTER w/ auth -> 200 OK for sip:+999700000001778@ims.mnc070.mcc999.3gpp.network.org
Jul  8 08:39:56 ims kamailio-scscf[3067]: INFO: tm [t_reply.c:900]: Call-ID: d6a2e01a8b32486e@ims.mnc070.mcc999.3gpp.network.org 180 Ringing -> 200 OK, dialog confirmed
Jul  8 08:43:11 ims kamailio-scscf[3067]: INFO: registrar [save.c:498]: 401 challenge -> REGISTER w/ auth -> 200 OK for sip:+999700000004725@ims.mnc070.mcc999.3gpp.network.org
Jul  8 08:47:09 ims kamailio-scscf[3067]: INFO: registrar [save.c:498]: 401 challenge -> REGISTER w/ auth -> 200 OK for sip:+999700000001813@ims.mnc070.mcc999.3gpp.network.org
Jul  8 08:47:11 ims kamailio-scscf[3067]: INFO: registrar [save.c:498]: 401 challenge -> REGISTER w/ auth -> 200 OK for sip:+999700000001621@ims.mnc070.mcc999.3gpp.network.org
Jul  8 08:48:21 ims kamailio-scscf[3067]: INFO: tm [t_reply.c:900]: Call-ID: a85c6ee37c26491b@ims.mnc070.mcc999.3gpp.network.org 180 Ringing -> 200 OK, dialog confirmed
Jul  8 08:48:31 ims kamailio-scscf[3067]: INFO: tm [t_reply.c:900]: Call-ID: f76690cd72e64cd2@ims.mnc070.mcc999.3gpp.network.org final reply 486 Busy Here
Jul  8 08:50:40 ims kamailio-scscf[3067]: INFO: tm [t_reply.c:900]: Call-ID: 510fc9a9fb924f59@ims.mnc070.mcc999.3gpp.network.org final reply 480 No Answer
Jul  8 08:50:52 ims kamailio-scscf[3067]: INFO: registrar [save.c:498]: 401 challenge -> REGISTER w/ auth -> 200 OK for sip:+999700000004922@ims.mnc070.mcc999.3gpp.network.org
Jul  8 08:51:20 ims kamailio-scscf[3067]: INFO: registrar [save.c:498]: 401 challenge -> REGISTER w/ auth -> 200 OK for sip:+999700000001495@ims.mnc070.mcc999.3gpp.network.org
Jul  8 08:54:48 ims kamailio-scscf[3067]: INFO: registrar [save.c:498]: 401 challenge -> REGISTER w/ auth -> 200 OK for sip:+999700000001814@ims.mnc070.mcc999.3gpp.network.org
Jul  8 08:55:02 ims kamailio-scscf[3067]: INFO: registrar [save.c:498]: 401 challenge -> REGISTER w/ auth -> 200 OK for sip:+999700000000005@ims.mnc070.mcc999.3gpp.network.org
Jul  8 08:55:07 ims kamailio-scscf[3067]: INFO: registrar [save.c:498]: 401 challenge -> REGISTER w/ auth -> 200 OK for sip:+999700000003875@ims.mnc070.mcc999.3gpp.network.org
Jul  8 08:55:21 ims kamailio-scscf[3067]: INFO: registrar [save.c:498]: 401 challenge -> REGISTER w/ auth -> 200 OK for sip:+999700000003605@ims.mnc070.mcc999.3gpp.network.org
Jul  8 08:56:37 ims kamailio-scscf[3067]: INFO: tm [t_reply.c:900]: Call-ID: 535197b1f0fa4f62@ims.mnc070.mcc999.3gpp.network.org 180 Ringing -> 200 OK, dialog confirmed
Jul  8 08:58:41 ims kamailio-scscf[3067]: INFO: registrar [save.c:498]: 401 challenge -> REGISTER w/ auth -> 200 OK for sip:+999700000002474@ims.mnc070.mcc999.3gpp.network.org
Jul  8 09:02:43 ims kamailio-scscf[3067]: INFO: registrar [save.c:498]: 401 challenge -> REGISTER w/ auth -> 200 OK for sip:+999700000004075@ims.mnc070.mcc999.3gpp.network.org
Jul  8 09:04:42 ims kamailio-scscf[3067]: INFO: registrar [save.c:498]: 401 challenge -> REGISTER w/ auth -> 200 OK for sip:+999700000002694@ims.mnc070.mcc999.3gpp.network.org
Jul  8 09:05:24 ims kamailio-scscf[3067]: INFO: registrar [save.c:498]: 401 challenge -> REGISTER w/ auth -> 200 OK for sip:+999700000000194@ims.mnc070.mcc999.3gpp.network.org
Jul  8 09:06:47 ims kamailio-scscf[3067]: INFO: tm [t_reply.c:900]: Call-ID: 6bc7bdf847db4084@ims.mnc070.mcc999.3gpp.network.org 180 Ringing -> 200 OK, dialog confirmed
Jul  8 09:07:55 ims kamailio-scscf[3067]: INFO: tm [t_reply.c:900]: Call-ID: 6ef2c80ab8dc4a07@ims.mnc070.mcc999.3gpp.network.org 180 Ringing -> 200 OK, dialog confirmed
Jul  8 09:07:55 ims kamailio-scscf[3067]: INFO: tm [t_reply.c:900]: Call-ID: b0120677161c4285@ims.mnc070.mcc999.3gpp.network.org final reply 480 No Answer
Jul  8 09:08:58 ims kamailio-scscf[3067]: INFO: registrar [save.c:498]: 401 challenge -> REGISTER w/ auth -> 200 OK for sip:+999700000000433@ims.mnc070.mcc999.3gpp.network.org
Jul  8 09:09:01 ims kamailio-scscf[3067]: INFO: tm [t_reply.c:900]: Call-ID: 89442bf8dfee4b25@ims.mnc070.mcc999.3gpp.network.org 180 Ringing -> 200 OK, dialog confirmed
Jul  8 09:09:56 ims kamailio-scscf[3067]: INFO: registrar [save.c:498]: 401 challenge -> REGISTER w/ auth -> 200 OK for sip:+999700000004346@ims.mnc070.mcc999.3gpp.network.org
Jul  8 09:10:03 ims kamailio-scscf[3067]: INFO: tm [t_reply.c:900]: Call-ID: 44e3393c01654470@ims.mnc070.mcc999.3gpp.network.org 180 Ringing -> 200 OK, dialog confirmed
Jul  8 09:11:47 ims kamailio-scscf[3067]: INFO: registrar [save.c:498]: 401 challenge -> REGISTER w/ auth -> 200 OK for sip:+999700000002155@ims.mnc070.mcc999.3gpp.network.org
Jul  8 09:12:52 ims kamailio-scscf[3067]: INFO: registrar [save.c:498]: 401 challenge -> REGISTER w/ auth -> 200 OK for sip:+999700000002138@ims.mnc070.mcc999.3gpp.network.org
Jul  8 09:13:15 ims kamailio-scscf[3067]: INFO: registrar [save.c:498]: 401 challenge -> REGISTER w/ auth -> 200 OK for sip:+999700000000283@ims.mnc070.mcc999.3gpp.network.org
Jul  8 09:13:41 ims kamailio-scscf[3067]: INFO: registrar [save.c:498]: 401 challenge -> REGISTER w/ auth -> 200 OK for sip:+999700000003452@ims.mnc070.mcc999.3gpp.network.org
Jul  8 09:14:21 ims kamailio-scscf[3067]: INFO: registrar [save.c:498]: 401 challenge -> REGISTER w/ auth -> 200 OK for sip:+999700000000248@ims.mnc070.mcc999.3gpp.network.org
Jul  8 09:16:05 ims kamailio-scscf[3067]: INFO: registrar [save.c:498]: 401 challenge -> REGISTER w/ auth -> 200 OK for sip:+999700000003058@ims.mnc070.mcc999.3gpp.network.org
Jul  8 09:16:39 ims kamailio-scscf[3067]: INFO: tm [t_reply.c:900]: Call-ID: 7fbd0a32b8d24642@ims.mnc070.mcc999.3gpp.network.org 180 Ringing -> 200 OK, dialog confirmed
Jul  8 09:16:52 ims kamailio-scscf[3067]: INFO: registrar [save.c:498]: 401 challenge -> REGISTER w/ auth -> 200 OK for sip:+999700000001019@ims.mnc070.mcc999.3gpp.network.org
Jul  8 09:17:28 ims kamailio-scscf[3067]: INFO: registrar [save.c:498]: 401 challenge -> REGISTER w/ auth -> 200 OK for sip:+999700000003278@ims.mnc070.mcc999.3gpp.network.org
Jul  8 09:17:54 ims kamailio-scscf[3067]: INFO: registrar [save.c:498]: 401 challenge -> REGISTER w/ auth -> 200 OK for sip:+999700000003047@ims.mnc070.mcc999.3gpp.network.org
Jul  8 09:19:44 ims kamailio-scscf[3067]: INFO: registrar [save.c:498]: 401 challenge -> REGISTER w/ auth -> 200 OK for sip:+999700000003640@ims.mnc070.mcc999.3gpp.network.org
Jul  8 09:19:53 ims kamailio-scscf[3067]: INFO: tm [t_reply.c:900]: Call-ID: 6970302462364ba3@ims.mnc070.mcc999.3gpp.network.org 180 Ringing -> 200 OK, dialog confirmed
Jul  8 09:20:57 ims kamailio-scscf[3067]: INFO: tm [t_reply.c:900]: Call-ID: 8a7fadb3eb2743ae@ims.mnc070.mcc999.3gpp.network.org 180 Ringing -> 200 OK, dialog confirmed
Jul  8 09:22:24 ims kamailio-scscf[3067]: INFO: tm [t_reply.c:900]: Call-ID: 65279b69be8c4289@ims.mnc070.mcc999.3gpp.network.org 180 Ringing -> 200 OK, dialog confirmed
Jul  8 09:22:26 ims kamailio-scscf[3067]: INFO: registrar [save.c:498]: 401 challenge -> REGISTER w/ auth -> 200 OK for sip:+999700000001005@ims.mnc070.mcc999.3gpp.network.org
Jul  8 09:22:56 ims kamailio-scscf[3067]: INFO: registrar [save.c:498]: 401 challenge -> REGISTER w/ auth -> 200 OK for sip:+999700000001465@ims.mnc070.mcc999.3gpp.network.org
Jul  8 09:23:59 ims kamailio-scscf[3067]: INFO: registrar [save.c:498]: 401 challenge -> REGISTER w/ auth -> 200 OK for sip:+999700000003085@ims.mnc070.mcc999.3gpp.network.org
Jul  8 09:24:32 ims kamailio-scscf[3067]: INFO: registrar [save.c:498]: 401 challenge -> REGISTER w/ auth -> 200 OK for sip:+999700000000601@ims.mnc070.mcc999.3gpp.network.org
Jul  8 09:25:51 ims kamailio-scscf[3067]: INFO: registrar [save.c:498]: 401 challenge -> REGISTER w/ auth -> 200 OK for sip:+999700000001405@ims.mnc070.mcc999.3gpp.network.org
Jul  8 09:26:59 ims kamailio-scscf[3067]: INFO: tm [t_reply.c:900]: Call-ID: a9b88d1380cd42a7@ims.mnc070.mcc999.3gpp.network.org 180 Ringing -> 200 OK, dialog confirmed
Jul  8 09:27:37 ims kamailio-scscf[3067]: INFO: registrar [save.c:498]: 401 challenge -> REGISTER w/ auth -> 200 OK for sip:+999700000003072@ims.mnc070.mcc999.3gpp.network.org
Jul  8 09:30:02 ims kamailio-scscf[3067]: INFO: registrar [save.c:498]: 401 challenge -> REGISTER w/ auth -> 200 OK for sip:+999700000000662@ims.mnc070.mcc999.3gpp.network.org
Jul  8 09:34:10 ims kamailio-scscf[3067]: INFO: tm [t_reply.c:900]: Call-ID: 59f2deac62634ff2@ims.mnc070.mcc999.3gpp.network.org 180 Ringing -> 200 OK, dialog confirmed
Jul  8 09:34:51 ims kamailio-scscf[3067]: INFO: registrar [save.c:498]: 401 challenge -> REGISTER w/ auth -> 200 OK for sip:+999700000000361@ims.mnc070.mcc999.3gpp.network.org
Jul  8 09:35:31 ims kamailio-scscf[3067]: INFO: registrar [save.c:498]: 401 challenge -> REGISTER w/ auth -> 200 OK for sip:+999700000000512@ims.mnc070.mcc999.3gpp.network.org
Jul  8 09:36:56 ims kamailio-scscf[3067]: INFO: registrar [save.c:498]: 401 challenge -> REGISTER w/ auth -> 200 OK for sip:+999700000004921@ims.mnc070.mcc999.3gpp.network.org
Jul  8 09:37:57 ims kamailio-scscf[3067]: INFO: registrar [save.c:498]: 401 challenge -> REGISTER w/ auth -> 200 OK for sip:+999700000003299@ims.mnc070.mcc999.3gpp.network.org
Jul  8 09:38:14 ims kamailio-scscf[3067]: INFO: tm [t_reply.c:900]: Call-ID: 01e7fbebd2c94219@ims.mnc070.mcc999.3gpp.network.org 180 Ringing -> 200 OK, dialog confirmed
Jul  8 09:38:37 ims kamailio-scscf[3067]: INFO: registrar [save.c:498]: 401 challenge -> REGISTER w/ auth -> 200 OK for sip:+999700000002141@ims.mnc070.mcc999.3gpp.network.org
Jul  8 09:39:11 ims kamailio-scscf[3067]: INFO: registrar [save.c:498]: 401 challenge -> REGISTER w/ auth -> 200 OK for sip:+999700000004262@ims.mnc070.mcc999.3gpp.network.org
Jul  8 09:39:59 ims kamailio-scscf[3067]: INFO: tm [t_reply.c:900]: Call-ID: 417aaf5303d047bd@ims.mnc070.mcc999.3gpp.network.org 180 Ringing -> 200 OK, dialog confirmed
Jul  8 09:40:02 ims kamailio-scscf[3067]: INFO: tm [t_reply.c:900]: Call-ID: 26ea73860aa64713@ims.mnc070.mcc999.3gpp.network.org 180 Ringing -> 200 OK, dialog confirmed
Jul  8 09:42:21 ims kamailio-scscf[3067]: INFO: registrar [save.c:498]: 401 challenge -> REGISTER w/ auth -> 200 OK for sip:+999700000003182@ims.mnc070.mcc999.3gpp.network.org
Jul  8 09:43:41 ims kamailio-scscf[3067]: INFO: registrar [save.c:498]: 401 challenge -> REGISTER w/ auth -> 200 OK for sip:+999700000002067@ims.mnc070.mcc999.3gpp.network.org
Jul  8 09:44:05 ims kamailio-scscf[3067]: INFO: tm [t_reply.c:900]: Call-ID: 8191d4b0686e4642@ims.mnc070.mcc999.3gpp.network.org 180 Ringing -> 200 OK, dialog confirmed
Jul  8 09:45:07 ims kamailio-scscf[3067]: INFO: tm [t_reply.c:900]: Call-ID: 9607e02da35e474f@ims.mnc070.mcc999.3gpp.network.org 180 Ringing -> 200 OK, dialog confirmed
Jul  8 09:45:37 ims kamailio-scscf[3067]: INFO: tm [t_reply.c:900]: Call-ID: 3dc4312c33734c68@ims.mnc070.mcc999.3gpp.network.org 180 Ringing -> 200 OK, dialog confirmed
Jul  8 09:46:31 ims kamailio-scscf[3067]: INFO: registrar [save.c:498]: 401 challenge -> REGISTER w/ auth -> 200 OK for sip:+999700000004307@ims.mnc070.mcc999.3gpp.network.org
Jul  8 09:47:36 ims kamailio-scscf[3067]: INFO: tm [t_reply.c:900]: Call-ID: 40abc8f33ffa41bd@ims.mnc070.mcc999.3gpp.network.org final reply 486 Busy Here
Jul  8 09:47:51 ims kamailio-scscf[3067]: INFO: registrar [save.c:498]: 401 challenge -> REGISTER w/ auth -> 200 OK for sip:+999700000001933@ims.mnc070.mcc999.3gpp.network.org
Jul  8 09:49:15 ims kamailio-scscf[3067]: INFO: registrar [save.c:498]: 401 challenge -> REGISTER w/ auth -> 200 OK for sip:+999700000000087@ims.mnc070.mcc999.3gpp.network.org
Jul  8 09:49:16 ims kamailio-scscf[3067]: INFO: registrar [save.c:498]: 401 challenge -> REGISTER w/ auth -> 200 OK for sip:+999700000000050@ims.mnc070.mcc999.3gpp.network.org
Jul  8 09:50:59 ims kamailio-scscf[3067]: INFO: registrar [save.c:498]: 401 challenge -> REGISTER w/ auth -> 200 OK for sip:+999700000003375@ims.mnc070.mcc999.3gpp.network.org
Jul  8 09:52:55 ims kamailio-scscf[3067]: INFO: registrar [save.c:498]: 401 challenge -> REGISTER w/ auth -> 200 OK for sip:+999700000000662@ims.mnc070.mcc999.3gpp.network.org
Jul  8 09:53:20 ims kamailio-scscf[3067]: INFO: registrar [save.c:498]: 401 challenge -> REGISTER w/ auth -> 200 OK for sip:+999700000000298@ims.mnc070.mcc999.3gpp.network.org
Jul  8 09:56:31 ims kamailio-scscf[3067]: INFO: registrar [save.c:498]: 401 challenge -> REGISTER w/ auth -> 200 OK for sip:+999700000004931@ims.mnc070.mcc999.3gpp.network.org
Jul  8 09:58:31 ims kamailio-scscf[3067]: INFO: tm [t_reply.c:900]: Call-ID: b782060d903f4959@ims.mnc070.mcc999.3gpp.network.org 180 Ringing -> 200 OK, dialog confirmed
Jul  8 09:59:39 ims kamailio-scscf[3067]: INFO: registrar [save.c:498]: 401 challenge -> REGISTER w/ auth -> 200 OK for sip:+999700000001569@ims.mnc070.mcc999.3gpp.network.org
Jul  8 09:59:49 ims kamailio-scscf[3067]: INFO: registrar [save.c:498]: 401 challenge -> REGISTER w/ auth -> 200 OK for sip:+999700000001387@ims.mnc070.mcc999.3gpp.network.org
Jul  8 10:00:09 ims kamailio-scscf[3067]: INFO: registrar [save.c:498]: 401 challenge -> REGISTER w/ auth -> 200 OK for sip:+999700000004133@ims.mnc070.mcc999.3gpp.network.org
Jul  8 10:01:12 ims kamailio-scscf[3067]: INFO: registrar [save.c:498]: 401 challenge -> REGISTER w/ auth -> 200 OK for sip:+999700000003787@ims.mnc070.mcc999.3gpp.network.org
Jul  8 10:01:38 ims kamailio-scscf[3067]: INFO: registrar [save.c:498]: 401 challenge -> REGISTER w/ auth -> 200 OK for sip:+999700000002235@ims.mnc070.mcc999.3gpp.network.org
Jul  8 10:04:30 ims kamailio-scscf[3067]: INFO: registrar [save.c:498]: 401 challenge -> REGISTER w/ auth -> 200 OK for sip:+999700000004133@ims.mnc070.mcc999.3gpp.network.org
Jul  8 10:04:41 ims kamailio-scscf[3067]: INFO: registrar [save.c:498]: 401 challenge -> REGISTER w/ auth -> 200 OK for sip:+999700000003126@ims.mnc070.mcc999.3gpp.network.org
Jul  8 10:06:43 ims kamailio-scscf[3067]: INFO: tm [t_reply.c:900]: Call-ID: b7a579778fe74607@ims.mnc070.mcc999.3gpp.network.org 180 Ringing -> 200 OK, dialog confirmed
Jul  8 10:07:14 ims kamailio-scscf[3067]: INFO: registrar [save.c:498]: 401 challenge -> REGISTER w/ auth -> 200 OK for sip:+999700000003832@ims.mnc070.mcc999.3gpp.network.org
Jul  8 10:07:22 ims kamailio-scscf[3067]: INFO: tm [t_reply.c:900]: Call-ID: 83c6c8910c714bff@ims.mnc070.mcc999.3gpp.network.org 180 Ringing -> 200 OK, dialog confirmed
Jul  8 10:07:27 ims kamailio-scscf[3067]: INFO: registrar [save.c:498]: 401 challenge -> REGISTER w/ auth -> 200 OK for sip:+999700000000800@ims.mnc070.mcc999.3gpp.network.org
Jul  8 10:09:03 ims kamailio-scscf[3067]: INFO: tm [t_reply.c:900]: Call-ID: 27b6271fd89e41f9@ims.mnc070.mcc999.3gpp.network.org 180 Ringing -> 200 OK, dialog confirmed
Jul  8 10:10:06 ims kamailio-scscf[3067]: INFO: registrar [save.c:498]: 401 challenge -> REGISTER w/ auth -> 200 OK for sip:+999700000001946@ims.mnc070.mcc999.3gpp.network.org
Jul  8 10:11:33 ims kamailio-scscf[3067]: INFO: tm [t_reply.c:900]: Call-ID: 690fe40d2d774aee@ims.mnc070.mcc999.3gpp.network.org 180 Ringing -> 200 OK, dialog confirmed
Jul  8 10:11:39 ims kamailio-scscf[3067]: INFO: registrar [save.c:498]: 401 challenge -> REGISTER w/ auth -> 200 OK for sip:+999700000000016@ims.mnc070.mcc999.3gpp.network.org
Jul  8 10:12:05 ims kamailio-scscf[3067]: INFO: registrar [save.c:498]: 401 challenge -> REGISTER w/ auth -> 200 OK for sip:+999700000003338@ims.mnc070.mcc999.3gpp.network.org
Jul  8 10:12:28 ims kamailio-scscf[3067]: INFO: registrar [save.c:498]: 401 challenge -> REGISTER w/ auth -> 200 OK for sip:+999700000002526@ims.mnc070.mcc999.3gpp.network.org
Jul  8 10:13:15 ims kamailio-scscf[3067]: INFO: tm [t_reply.c:900]: Call-ID: 7fa8b194d60c46d2@ims.mnc070.mcc999.3gpp.network.org 180 Ringing -> 200 OK, dialog confirmed
Jul  8 10:14:58 ims kamailio-scscf[3067]: INFO: registrar [save.c:498]: 401 challenge -> REGISTER w/ auth -> 200 OK for sip:+999700000004777@ims.mnc070.mcc999.3gpp.network.org
Jul  8 10:15:12 ims kamailio-scscf[3067]: INFO: registrar [save.c:498]: 401 challenge -> REGISTER w/ auth -> 200 OK for sip:+999700000000428@ims.mnc070.mcc999.3gpp.network.org
Jul  8 10:15:57 ims kamailio-scscf[3067]: WARNING: tm [t_reply.c:1201]: INVITE Call-ID: 3d6085430a17479b@ims.mnc070.mcc999.3gpp.network.org failed, 503/timeout downstream
Jul  8 10:16:26 ims kamailio-scscf[3067]: INFO: tm [t_reply.c:900]: Call-ID: 5cb6c80e15d0451d@ims.mnc070.mcc999.3gpp.network.org 180 Ringing -> 200 OK, dialog confirmed
Jul  8 10:16:44 ims kamailio-scscf[3067]: INFO: registrar [save.c:498]: 401 challenge -> REGISTER w/ auth -> 200 OK for sip:+999700000001189@ims.mnc070.mcc999.3gpp.network.org
Jul  8 10:18:52 ims kamailio-scscf[3067]: INFO: registrar [save.c:498]: 401 challenge -> REGISTER w/ auth -> 200 OK for sip:+999700000002085@ims.mnc070.mcc999.3gpp.network.org
Jul  8 10:20:01 ims kamailio-scscf[3067]: INFO: tm [t_reply.c:900]: Call-ID: 3e7064af500242c4@ims.mnc070.mcc999.3gpp.network.org 180 Ringing -> 200 OK, dialog confirmed
Jul  8 10:20:20 ims kamailio-scscf[3067]: INFO: registrar [save.c:498]: 401 challenge -> REGISTER w/ auth -> 200 OK for sip:+999700000003970@ims.mnc070.mcc999.3gpp.network.org
Jul  8 10:20:46 ims kamailio-scscf[3067]: INFO: registrar [save.c:498]: 401 challenge -> REGISTER w/ auth -> 200 OK for sip:+999700000002444@ims.mnc070.mcc999.3gpp.network.org
Jul  8 10:22:16 ims kamailio-scscf[3067]: INFO: registrar [save.c:498]: 401 challenge -> REGISTER w/ auth -> 200 OK for sip:+999700000003893@ims.mnc070.mcc999.3gpp.network.org
Jul  8 10:22:32 ims kamailio-scscf[3067]: INFO: tm [t_reply.c:900]: Call-ID: c0255a28dbee47e5@ims.mnc070.mcc999.3gpp.network.org 180 Ringing -> 200 OK, dialog confirmed
Jul  8 10:23:01 ims kamailio-scscf[3067]: INFO: registrar [save.c:498]: 401 challenge -> REGISTER w/ auth -> 200 OK for sip:+999700000001571@ims.mnc070.mcc999.3gpp.network.org
Jul  8 10:23:11 ims kamailio-scscf[3067]: INFO: registrar [save.c:498]: 401 challenge -> REGISTER w/ auth -> 200 OK for sip:+999700000004305@ims.mnc070.mcc999.3gpp.network.org
Jul  8 10:26:20 ims kamailio-scscf[3067]: INFO: tm [t_reply.c:900]: Call-ID: 75b8b0cf82f0438a@ims.mnc070.mcc999.3gpp.network.org 180 Ringing -> 200 OK, dialog confirmed
Jul  8 10:26:29 ims kamailio-scscf[3067]: INFO: registrar [save.c:498]: 401 challenge -> REGISTER w/ auth -> 200 OK for sip:+999700000001537@ims.mnc070.mcc999.3gpp.network.org
Jul  8 10:27:31 ims kamailio-scscf[3067]: INFO: registrar [save.c:498]: 401 challenge -> REGISTER w/ auth -> 200 OK for sip:+999700000000707@ims.mnc070.mcc999.3gpp.network.org
Jul  8 10:27:32 ims kamailio-scscf[3067]: INFO: registrar [save.c:498]: 401 challenge -> REGISTER w/ auth -> 200 OK for sip:+999700000001461@ims.mnc070.mcc999.3gpp.network.org
Jul  8 10:31:32 ims kamailio-scscf[3067]: INFO: registrar [save.c:498]: 401 challenge -> REGISTER w/ auth -> 200 OK for sip:+999700000002612@ims.mnc070.mcc999.3gpp.network.org
Jul  8 10:31:45 ims kamailio-scscf[3067]: INFO: registrar [save.c:498]: 401 challenge -> REGISTER w/ auth -> 200 OK for sip:+999700000003239@ims.mnc070.mcc999.3gpp.network.org
Jul  8 10:32:13 ims kamailio-scscf[3067]: INFO: registrar [save.c:498]: 401 challenge -> REGISTER w/ auth -> 200 OK for sip:+999700000001055@ims.mnc070.mcc999.3gpp.network.org
Jul  8 10:32:16 ims kamailio-scscf[3067]: INFO: registrar [save.c:498]: 401 challenge -> REGISTER w/ auth -> 200 OK for sip:+999700000003141@ims.mnc070.mcc999.3gpp.network.org
Jul  8 10:34:38 ims kamailio-scscf[3067]: INFO: tm [t_reply.c:900]: Call-ID: a87062138e17441c@ims.mnc070.mcc999.3gpp.network.org 180 Ringing -> 200 OK, dialog confirmed
Jul  8 10:35:13 ims kamailio-scscf[3067]: INFO: tm [t_reply.c:900]: Call-ID: 0958b0b4a85a47cd@ims.mnc070.mcc999.3gpp.network.org 180 Ringing -> 200 OK, dialog confirmed
Jul  8 10:35:23 ims kamailio-scscf[3067]: INFO: tm [t_reply.c:900]: Call-ID: e141e4bd3e454567@ims.mnc070.mcc999.3gpp.network.org 180 Ringing -> 200 OK, dialog confirmed
Jul  8 10:35:55 ims kamailio-scscf[3067]: INFO: tm [t_reply.c:900]: Call-ID: d21374caad914c56@ims.mnc070.mcc999.3gpp.network.org 180 Ringing -> 200 OK, dialog confirmed
Jul  8 10:36:16 ims kamailio-scscf[3067]: INFO: tm [t_reply.c:900]: Call-ID: 6ca622a85ccd48e6@ims.mnc070.mcc999.3gpp.network.org 180 Ringing -> 200 OK, dialog confirmed
Jul  8 10:36:17 ims kamailio-scscf[3067]: INFO: tm [t_reply.c:900]: Call-ID: 37c8173233c646ec@ims.mnc070.mcc999.3gpp.network.org 180 Ringing -> 200 OK, dialog confirmed
Jul  8 10:36:25 ims kamailio-scscf[3067]: INFO: registrar [save.c:498]: 401 challenge -> REGISTER w/ auth -> 200 OK for sip:+999700000001238@ims.mnc070.mcc999.3gpp.network.org
Jul  8 10:37:10 ims kamailio-scscf[3067]: INFO: registrar [save.c:498]: 401 challenge -> REGISTER w/ auth -> 200 OK for sip:+999700000000321@ims.mnc070.mcc999.3gpp.network.org
Jul  8 10:38:18 ims kamailio-scscf[3067]: INFO: registrar [save.c:498]: 401 challenge -> REGISTER w/ auth -> 200 OK for sip:+999700000001738@ims.mnc070.mcc999.3gpp.network.org
Jul  8 10:38:59 ims kamailio-scscf[3067]: INFO: registrar [save.c:498]: 401 challenge -> REGISTER w/ auth -> 200 OK for sip:+999700000003104@ims.mnc070.mcc999.3gpp.network.org
Jul  8 10:41:58 ims kamailio-scscf[3067]: INFO: registrar [save.c:498]: 401 challenge -> REGISTER w/ auth -> 200 OK for sip:+999700000000069@ims.mnc070.mcc999.3gpp.network.org
Jul  8 10:43:11 ims kamailio-scscf[3067]: INFO: registrar [save.c:498]: 401 challenge -> REGISTER w/ auth -> 200 OK for sip:+999700000003437@ims.mnc070.mcc999.3gpp.network.org
Jul  8 10:43:57 ims kamailio-scscf[3067]: INFO: tm [t_reply.c:900]: Call-ID: e8ee7881668240b2@ims.mnc070.mcc999.3gpp.network.org 180 Ringing -> 200 OK, dialog confirmed
Jul  8 10:44:39 ims kamailio-scscf[3067]: INFO: registrar [save.c:498]: 401 challenge -> REGISTER w/ auth -> 200 OK for sip:+999700000002295@ims.mnc070.mcc999.3gpp.network.org
Jul  8 10:45:12 ims kamailio-scscf[3067]: INFO: registrar [save.c:498]: 401 challenge -> REGISTER w/ auth -> 200 OK for sip:+999700000003296@ims.mnc070.mcc999.3gpp.network.org
Jul  8 10:45:56 ims kamailio-scscf[3067]: INFO: tm [t_reply.c:900]: Call-ID: 357bab60a40d490c@ims.mnc070.mcc999.3gpp.network.org 180 Ringing -> 200 OK, dialog confirmed
Jul  8 10:46:03 ims kamailio-scscf[3067]: INFO: tm [t_reply.c:900]: Call-ID: fdafba241e874a1b@ims.mnc070.mcc999.3gpp.network.org 180 Ringing -> 200 OK, dialog confirmed
Jul  8 10:46:30 ims kamailio-scscf[3067]: INFO: registrar [save.c:498]: 401 challenge -> REGISTER w/ auth -> 200 OK for sip:+999700000004062@ims.mnc070.mcc999.3gpp.network.org
Jul  8 10:47:43 ims kamailio-scscf[3067]: INFO: tm [t_reply.c:900]: Call-ID: 21da9211fc214116@ims.mnc070.mcc999.3gpp.network.org 180 Ringing -> 200 OK, dialog confirmed
Jul  8 10:48:04 ims kamailio-scscf[3067]: INFO: registrar [save.c:498]: 401 challenge -> REGISTER w/ auth -> 200 OK for sip:+999700000002213@ims.mnc070.mcc999.3gpp.network.org
Jul  8 10:49:15 ims kamailio-scscf[3067]: INFO: registrar [save.c:498]: 401 challenge -> REGISTER w/ auth -> 200 OK for sip:+999700000002483@ims.mnc070.mcc999.3gpp.network.org
Jul  8 10:49:16 ims kamailio-scscf[3067]: INFO: tm [t_reply.c:900]: Call-ID: d6c735575b6743a5@ims.mnc070.mcc999.3gpp.network.org 180 Ringing -> 200 OK, dialog confirmed
Jul  8 10:50:04 ims kamailio-scscf[3067]: INFO: registrar [save.c:498]: 401 challenge -> REGISTER w/ auth -> 200 OK for sip:+999700000003213@ims.mnc070.mcc999.3gpp.network.org
Jul  8 10:51:27 ims kamailio-scscf[3067]: INFO: registrar [save.c:498]: 401 challenge -> REGISTER w/ auth -> 200 OK for sip:+999700000004256@ims.mnc070.mcc999.3gpp.network.org
Jul  8 10:51:54 ims kamailio-scscf[3067]: INFO: registrar [save.c:498]: 401 challenge -> REGISTER w/ auth -> 200 OK for sip:+999700000004912@ims.mnc070.mcc999.3gpp.network.org
Jul  8 10:52:36 ims kamailio-scscf[3067]: INFO: tm [t_reply.c:900]: Call-ID: c3088376eaad4fe2@ims.mnc070.mcc999.3gpp.network.org 180 Ringing -> 200 OK, dialog confirmed
Jul  8 10:52:44 ims kamailio-scscf[3067]: INFO: registrar [save.c:498]: 401 challenge -> REGISTER w/ auth -> 200 OK for sip:+999700000003649@ims.mnc070.mcc999.3gpp.network.org
Jul  8 10:52:47 ims kamailio-scscf[3067]: INFO: registrar [save.c:498]: 401 challenge -> REGISTER w/ auth -> 200 OK for sip:+999700000004096@ims.mnc070.mcc999.3gpp.network.org
Jul  8 10:53:49 ims kamailio-scscf[3067]: INFO: registrar [save.c:498]: 401 challenge -> REGISTER w/ auth -> 200 OK for sip:+999700000004238@ims.mnc070.mcc999.3gpp.network.org
Jul  8 10:54:37 ims kamailio-scscf[3067]: INFO: registrar [save.c:498]: 401 challenge -> REGISTER w/ auth -> 200 OK for sip:+999700000002933@ims.mnc070.mcc999.3gpp.network.org
Jul  8 10:54:59 ims kamailio-scscf[3067]: INFO: registrar [save.c:498]: 401 challenge -> REGISTER w/ auth -> 200 OK for sip:+999700000001723@ims.mnc070.mcc999.3gpp.network.org
Jul  8 10:57:09 ims kamailio-scscf[3067]: INFO: tm [t_reply.c:900]: Call-ID: 4f10b14ab2214096@ims.mnc070.mcc999.3gpp.network.org 180 Ringing -> 200 OK, dialog confirmed
Jul  8 10:59:23 ims kamailio-scscf[3067]: INFO: registrar [save.c:498]: 401 challenge -> REGISTER w/ auth -> 200 OK for sip:+999700000001619@ims.mnc070.mcc999.3gpp.network.org
Jul  8 10:59:49 ims kamailio-scscf[3067]: INFO: registrar [save.c:498]: 401 challenge -> REGISTER w/ auth -> 200 OK for sip:+999700000004075@ims.mnc070.mcc999.3gpp.network.org
Jul  8 11:00:37 ims kamailio-scscf[3067]: INFO: tm [t_reply.c:900]: Call-ID: e3c610b2458b4c8d@ims.mnc070.mcc999.3gpp.network.org 180 Ringing -> 200 OK, dialog confirmed
Jul  8 11:00:49 ims kamailio-scscf[3067]: INFO: registrar [save.c:498]: 401 challenge -> REGISTER w/ auth -> 200 OK for sip:+999700000003935@ims.mnc070.mcc999.3gpp.network.org
Jul  8 11:01:19 ims kamailio-scscf[3067]: INFO: tm [t_reply.c:900]: Call-ID: b3fd386587e744ec@ims.mnc070.mcc999.3gpp.network.org final reply 480 No Answer
Jul  8 11:01:35 ims kamailio-scscf[3067]: INFO: registrar [save.c:498]: 401 challenge -> REGISTER w/ auth -> 200 OK for sip:+999700000004776@ims.mnc070.mcc999.3gpp.network.org
Jul  8 11:01:47 ims kamailio-scscf[3067]: INFO: tm [t_reply.c:900]: Call-ID: d906ff97d81f47ee@ims.mnc070.mcc999.3gpp.network.org 180 Ringing -> 200 OK, dialog confirmed
Jul  8 11:05:57 ims kamailio-scscf[3067]: INFO: registrar [save.c:498]: 401 challenge -> REGISTER w/ auth -> 200 OK for sip:+999700000000484@ims.mnc070.mcc999.3gpp.network.org
Jul  8 11:06:14 ims kamailio-scscf[3067]: INFO: registrar [save.c:498]: 401 challenge -> REGISTER w/ auth -> 200 OK for sip:+999700000001989@ims.mnc070.mcc999.3gpp.network.org
Jul  8 11:08:12 ims kamailio-scscf[3067]: INFO: registrar [save.c:498]: 401 challenge -> REGISTER w/ auth -> 200 OK for sip:+999700000002581@ims.mnc070.mcc999.3gpp.network.org
Jul  8 11:10:03 ims kamailio-scscf[3067]: INFO: registrar [save.c:498]: 401 challenge -> REGISTER w/ auth -> 200 OK for sip:+999700000002556@ims.mnc070.mcc999.3gpp.network.org
Jul  8 11:10:50 ims kamailio-scscf[3067]: INFO: registrar [save.c:498]: 401 challenge -> REGISTER w/ auth -> 200 OK for sip:+999700000003772@ims.mnc070.mcc999.3gpp.network.org
Jul  8 11:11:20 ims kamailio-scscf[3067]: INFO: registrar [save.c:498]: 401 challenge -> REGISTER w/ auth -> 200 OK for sip:+999700000000912@ims.mnc070.mcc999.3gpp.network.org
Jul  8 11:11:38 ims kamailio-scscf[3067]: INFO: tm [t_reply.c:900]: Call-ID: a835e82730854f6e@ims.mnc070.mcc999.3gpp.network.org 180 Ringing -> 200 OK, dialog confirmed
Jul  8 11:12:09 ims kamailio-scscf[3067]: INFO: registrar [save.c:498]: 401 challenge -> REGISTER w/ auth -> 200 OK for sip:+999700000002771@ims.mnc070.mcc999.3gpp.network.org
Jul  8 11:12:19 ims kamailio-scscf[3067]: INFO: tm [t_reply.c:900]: Call-ID: 77d71a20e7404268@ims.mnc070.mcc999.3gpp.network.org 180 Ringing -> 200 OK, dialog confirmed
Jul  8 11:12:53 ims kamailio-scscf[3067]: INFO: registrar [save.c:498]: 401 challenge -> REGISTER w/ auth -> 200 OK for sip:+999700000002567@ims.mnc070.mcc999.3gpp.network.org
Jul  8 11:13:26 ims kamailio-scscf[3067]: INFO: tm [t_reply.c:900]: Call-ID: a5dd1ad4b85b4744@ims.mnc070.mcc999.3gpp.network.org 180 Ringing -> 200 OK, dialog confirmed
Jul  8 11:13:32 ims kamailio-scscf[3067]: INFO: registrar [save.c:498]: 401 challenge -> REGISTER w/ auth -> 200 OK for sip:+999700000003102@ims.mnc070.mcc999.3gpp.network.org
Jul  8 11:18:49 ims kamailio-scscf[3067]: INFO: registrar [save.c:498]: 401 challenge -> REGISTER w/ auth -> 200 OK for sip:+999700000000795@ims.mnc070.mcc999.3gpp.network.org
Jul  8 11:19:02 ims kamailio-scscf[3067]: INFO: registrar [save.c:498]: 401 challenge -> REGISTER w/ auth -> 200 OK for sip:+999700000003408@ims.mnc070.mcc999.3gpp.network.org
Jul  8 11:19:31 ims kamailio-scscf[3067]: INFO: tm [t_reply.c:900]: Call-ID: d6254a4c81c14114@ims.mnc070.mcc999.3gpp.network.org 180 Ringing -> 200 OK, dialog confirmed
Jul  8 11:19:58 ims kamailio-scscf[3067]: INFO: registrar [save.c:498]: 401 challenge -> REGISTER w/ auth -> 200 OK for sip:+999700000004438@ims.mnc070.mcc999.3gpp.network.org
Jul  8 11:20:30 ims kamailio-scscf[3067]: INFO: registrar [save.c:498]: 401 challenge -> REGISTER w/ auth -> 200 OK for sip:+999700000001140@ims.mnc070.mcc999.3gpp.network.org
Jul  8 11:21:03 ims kamailio-scscf[3067]: INFO: registrar [save.c:498]: 401 challenge -> REGISTER w/ auth -> 200 OK for sip:+999700000000537@ims.mnc070.mcc999.3gpp.network.org
Jul  8 11:21:33 ims kamailio-scscf[3067]: INFO: registrar [save.c:498]: 401 challenge -> REGISTER w/ auth -> 200 OK for sip:+999700000001602@ims.mnc070.mcc999.3gpp.network.org
Jul  8 11:22:11 ims kamailio-scscf[3067]: INFO: tm [t_reply.c:900]: Call-ID: 5eae12a86032417e@ims.mnc070.mcc999.3gpp.network.org 180 Ringing -> 200 OK, dialog confirmed
Jul  8 11:22:14 ims kamailio-scscf[3067]: INFO: registrar [save.c:498]: 401 challenge -> REGISTER w/ auth -> 200 OK for sip:+999700000004922@ims.mnc070.mcc999.3gpp.network.org
Jul  8 11:22:43 ims kamailio-scscf[3067]: INFO: tm [t_reply.c:900]: Call-ID: 4376ab6d17664753@ims.mnc070.mcc999.3gpp.network.org 180 Ringing -> 200 OK, dialog confirmed
Jul  8 11:24:25 ims kamailio-scscf[3067]: INFO: registrar [save.c:498]: 401 challenge -> REGISTER w/ auth -> 200 OK for sip:+999700000004196@ims.mnc070.mcc999.3gpp.network.org
Jul  8 11:25:13 ims kamailio-scscf[3067]: INFO: registrar [save.c:498]: 401 challenge -> REGISTER w/ auth -> 200 OK for sip:+999700000002055@ims.mnc070.mcc999.3gpp.network.org
Jul  8 11:25:41 ims kamailio-scscf[3067]: INFO: registrar [save.c:498]: 401 challenge -> REGISTER w/ auth -> 200 OK for sip:+999700000002433@ims.mnc070.mcc999.3gpp.network.org
Jul  8 11:26:04 ims kamailio-scscf[3067]: INFO: tm [t_reply.c:900]: Call-ID: 24ca5639f9b541cc@ims.mnc070.mcc999.3gpp.network.org 180 Ringing -> 200 OK, dialog confirmed
Jul  8 11:26:11 ims kamailio-scscf[3067]: INFO: registrar [save.c:498]: 401 challenge -> REGISTER w/ auth -> 200 OK for sip:+999700000004812@ims.mnc070.mcc999.3gpp.network.org
Jul  8 11:26:22 ims kamailio-scscf[3067]: INFO: tm [t_reply.c:900]: Call-ID: e4de925f8a2d4a38@ims.mnc070.mcc999.3gpp.network.org 180 Ringing -> 200 OK, dialog confirmed
Jul  8 11:26:27 ims kamailio-scscf[3067]: INFO: tm [t_reply.c:900]: Call-ID: b5276dbeed904498@ims.mnc070.mcc999.3gpp.network.org 180 Ringing -> 200 OK, dialog confirmed
Jul  8 11:28:10 ims kamailio-scscf[3067]: INFO: registrar [save.c:498]: 401 challenge -> REGISTER w/ auth -> 200 OK for sip:+999700000002161@ims.mnc070.mcc999.3gpp.network.org
Jul  8 11:28:22 ims kamailio-scscf[3067]: INFO: registrar [save.c:498]: 401 challenge -> REGISTER w/ auth -> 200 OK for sip:+999700000004064@ims.mnc070.mcc999.3gpp.network.org
Jul  8 11:28:42 ims kamailio-scscf[3067]: INFO: registrar [save.c:498]: 401 challenge -> REGISTER w/ auth -> 200 OK for sip:+999700000000985@ims.mnc070.mcc999.3gpp.network.org
Jul  8 11:30:22 ims kamailio-scscf[3067]: INFO: registrar [save.c:498]: 401 challenge -> REGISTER w/ auth -> 200 OK for sip:+999700000004038@ims.mnc070.mcc999.3gpp.network.org
Jul  8 11:30:27 ims kamailio-scscf[3067]: INFO: tm [t_reply.c:900]: Call-ID: 4f14152cba5c4780@ims.mnc070.mcc999.3gpp.network.org final reply 486 Busy Here
Jul  8 11:32:07 ims kamailio-scscf[3067]: INFO: registrar [save.c:498]: 401 challenge -> REGISTER w/ auth -> 200 OK for sip:+999700000003618@ims.mnc070.mcc999.3gpp.network.org
Jul  8 11:34:01 ims kamailio-scscf[3067]: INFO: registrar [save.c:498]: 401 challenge -> REGISTER w/ auth -> 200 OK for sip:+999700000002144@ims.mnc070.mcc999.3gpp.network.org
Jul  8 11:34:19 ims kamailio-scscf[3067]: INFO: registrar [save.c:498]: 401 challenge -> REGISTER w/ auth -> 200 OK for sip:+999700000002645@ims.mnc070.mcc999.3gpp.network.org
Jul  8 11:34:26 ims kamailio-scscf[3067]: INFO: registrar [save.c:498]: 401 challenge -> REGISTER w/ auth -> 200 OK for sip:+999700000000209@ims.mnc070.mcc999.3gpp.network.org
Jul  8 11:34:27 ims kamailio-scscf[3067]: INFO: tm [t_reply.c:900]: Call-ID: 74ebd906753d4c2e@ims.mnc070.mcc999.3gpp.network.org 180 Ringing -> 200 OK, dialog confirmed
Jul  8 11:34:54 ims kamailio-scscf[3067]: INFO: registrar [save.c:498]: 401 challenge -> REGISTER w/ auth -> 200 OK for sip:+999700000004666@ims.mnc070.mcc999.3gpp.network.org
Jul  8 11:35:30 ims kamailio-scscf[3067]: INFO: tm [t_reply.c:900]: Call-ID: 0e0ee7060af3403e@ims.mnc070.mcc999.3gpp.network.org 180 Ringing -> 200 OK, dialog confirmed
Jul  8 11:36:22 ims kamailio-scscf[3067]: INFO: registrar [save.c:498]: 401 challenge -> REGISTER w/ auth -> 200 OK for sip:+999700000004648@ims.mnc070.mcc999.3gpp.network.org
Jul  8 11:36:28 ims kamailio-scscf[3067]: INFO: tm [t_reply.c:900]: Call-ID: 6990a7af11ae4fcf@ims.mnc070.mcc999.3gpp.network.org 180 Ringing -> 200 OK, dialog confirmed
Jul  8 11:38:25 ims kamailio-scscf[3067]: INFO: tm [t_reply.c:900]: Call-ID: fbefdf5af63c4994@ims.mnc070.mcc999.3gpp.network.org 180 Ringing -> 200 OK, dialog confirmed
Jul  8 11:38:33 ims kamailio-scscf[3067]: INFO: registrar [save.c:498]: 401 challenge -> REGISTER w/ auth -> 200 OK for sip:+999700000000246@ims.mnc070.mcc999.3gpp.network.org
Jul  8 11:39:27 ims kamailio-scscf[3067]: INFO: registrar [save.c:498]: 401 challenge -> REGISTER w/ auth -> 200 OK for sip:+999700000001146@ims.mnc070.mcc999.3gpp.network.org
Jul  8 11:39:48 ims kamailio-scscf[3067]: INFO: registrar [save.c:498]: 401 challenge -> REGISTER w/ auth -> 200 OK for sip:+999700000000790@ims.mnc070.mcc999.3gpp.network.org
Jul  8 11:40:55 ims kamailio-scscf[3067]: INFO: registrar [save.c:498]: 401 challenge -> REGISTER w/ auth -> 200 OK for sip:+999700000004324@ims.mnc070.mcc999.3gpp.network.org
Jul  8 11:40:56 ims kamailio-scscf[3067]: INFO: registrar [save.c:498]: 401 challenge -> REGISTER w/ auth -> 200 OK for sip:+999700000002487@ims.mnc070.mcc999.3gpp.network.org
Jul  8 11:41:01 ims kamailio-scscf[3067]: INFO: tm [t_reply.c:900]: Call-ID: c8e453d67b5c4393@ims.mnc070.mcc999.3gpp.network.org 180 Ringing -> 200 OK, dialog confirmed
Jul  8 11:41:08 ims kamailio-scscf[3067]: INFO: tm [t_reply.c:900]: Call-ID: fc6b6164de7a4096@ims.mnc070.mcc999.3gpp.network.org 180 Ringing -> 200 OK, dialog confirmed
Jul  8 11:42:48 ims kamailio-scscf[3067]: INFO: registrar [save.c:498]: 401 challenge -> REGISTER w/ auth -> 200 OK for sip:+999700000002654@ims.mnc070.mcc999.3gpp.network.org
Jul  8 11:43:01 ims kamailio-scscf[3067]: INFO: registrar [save.c:498]: 401 challenge -> REGISTER w/ auth -> 200 OK for sip:+999700000001212@ims.mnc070.mcc999.3gpp.network.org
Jul  8 11:45:43 ims kamailio-scscf[3067]: INFO: registrar [save.c:498]: 401 challenge -> REGISTER w/ auth -> 200 OK for sip:+999700000001062@ims.mnc070.mcc999.3gpp.network.org
Jul  8 11:46:37 ims kamailio-scscf[3067]: INFO: registrar [save.c:498]: 401 challenge -> REGISTER w/ auth -> 200 OK for sip:+999700000003178@ims.mnc070.mcc999.3gpp.network.org
Jul  8 11:46:54 ims kamailio-scscf[3067]: INFO: registrar [save.c:498]: 401 challenge -> REGISTER w/ auth -> 200 OK for sip:+999700000002534@ims.mnc070.mcc999.3gpp.network.org
Jul  8 11:48:09 ims kamailio-scscf[3067]: INFO: registrar [save.c:498]: 401 challenge -> REGISTER w/ auth -> 200 OK for sip:+999700000001977@ims.mnc070.mcc999.3gpp.network.org
Jul  8 11:49:39 ims kamailio-scscf[3067]: INFO: tm [t_reply.c:900]: Call-ID: 94fb59aa589d417f@ims.mnc070.mcc999.3gpp.network.org 180 Ringing -> 200 OK, dialog confirmed
Jul  8 11:49:52 ims kamailio-scscf[3067]: INFO: tm [t_reply.c:900]: Call-ID: 2ac0cff83eed434e@ims.mnc070.mcc999.3gpp.network.org 180 Ringing -> 200 OK, dialog confirmed
Jul  8 11:49:59 ims kamailio-scscf[3067]: INFO: registrar [save.c:498]: 401 challenge -> REGISTER w/ auth -> 200 OK for sip:+999700000003333@ims.mnc070.mcc999.3gpp.network.org
Jul  8 11:50:00 ims kamailio-scscf[3067]: INFO: registrar [save.c:498]: 401 challenge -> REGISTER w/ auth -> 200 OK for sip:+999700000000392@ims.mnc070.mcc999.3gpp.network.org
Jul  8 11:51:52 ims kamailio-scscf[3067]: INFO: registrar [save.c:498]: 401 challenge -> REGISTER w/ auth -> 200 OK for sip:+999700000004634@ims.mnc070.mcc999.3gpp.network.org
Jul  8 11:52:12 ims kamailio-scscf[3067]: INFO: registrar [save.c:498]: 401 challenge -> REGISTER w/ auth -> 200 OK for sip:+999700000000389@ims.mnc070.mcc999.3gpp.network.org
Jul  8 11:52:23 ims kamailio-scscf[3067]: INFO: registrar [save.c:498]: 401 challenge -> REGISTER w/ auth -> 200 OK for sip:+999700000001666@ims.mnc070.mcc999.3gpp.network.org
Jul  8 11:52:40 ims kamailio-scscf[3067]: INFO: registrar [save.c:498]: 401 challenge -> REGISTER w/ auth -> 200 OK for sip:+999700000004673@ims.mnc070.mcc999.3gpp.network.org
Jul  8 11:53:09 ims kamailio-scscf[3067]: INFO: registrar [save.c:498]: 401 challenge -> REGISTER w/ auth -> 200 OK for sip:+999700000002912@ims.mnc070.mcc999.3gpp.network.org
Jul  8 11:53:21 ims kamailio-scscf[3067]: INFO: registrar [save.c:498]: 401 challenge -> REGISTER w/ auth -> 200 OK for sip:+999700000002454@ims.mnc070.mcc999.3gpp.network.org
Jul  8 11:53:32 ims kamailio-scscf[3067]: INFO: tm [t_reply.c:900]: Call-ID: 762e23a22e63498c@ims.mnc070.mcc999.3gpp.network.org 180 Ringing -> 200 OK, dialog confirmed
Jul  8 11:54:23 ims kamailio-scscf[3067]: INFO: tm [t_reply.c:900]: Call-ID: fbbfa0c439744ebc@ims.mnc070.mcc999.3gpp.network.org 180 Ringing -> 200 OK, dialog confirmed
Jul  8 11:55:04 ims kamailio-scscf[3067]: INFO: registrar [save.c:498]: 401 challenge -> REGISTER w/ auth -> 200 OK for sip:+999700000002948@ims.mnc070.mcc999.3gpp.network.org
Jul  8 11:55:10 ims kamailio-scscf[3067]: INFO: registrar [save.c:498]: 401 challenge -> REGISTER w/ auth -> 200 OK for sip:+999700000001917@ims.mnc070.mcc999.3gpp.network.org
Jul  8 11:55:17 ims kamailio-scscf[3067]: INFO: tm [t_reply.c:900]: Call-ID: 85ce4400111e4ed6@ims.mnc070.mcc999.3gpp.network.org 180 Ringing -> 200 OK, dialog confirmed
Jul  8 11:55:58 ims kamailio-scscf[3067]: INFO: tm [t_reply.c:900]: Call-ID: fd796ffd13094f49@ims.mnc070.mcc999.3gpp.network.org 180 Ringing -> 200 OK, dialog confirmed
Jul  8 11:58:39 ims kamailio-scscf[3067]: INFO: registrar [save.c:498]: 401 challenge -> REGISTER w/ auth -> 200 OK for sip:+999700000000398@ims.mnc070.mcc999.3gpp.network.org
Jul  8 11:59:39 ims kamailio-scscf[3067]: INFO: registrar [save.c:498]: 401 challenge -> REGISTER w/ auth -> 200 OK for sip:+999700000000089@ims.mnc070.mcc999.3gpp.network.org
Jul  8 12:01:20 ims kamailio-scscf[3067]: INFO: registrar [save.c:498]: 401 challenge -> REGISTER w/ auth -> 200 OK for sip:+999700000001707@ims.mnc070.mcc999.3gpp.network.org
Jul  8 12:01:45 ims kamailio-scscf[3067]: INFO: tm [t_reply.c:900]: Call-ID: f9b7ce10cbdb4842@ims.mnc070.mcc999.3gpp.network.org 180 Ringing -> 200 OK, dialog confirmed
Jul  8 12:02:03 ims kamailio-scscf[3067]: INFO: registrar [save.c:498]: 401 challenge -> REGISTER w/ auth -> 200 OK for sip:+999700000004644@ims.mnc070.mcc999.3gpp.network.org
Jul  8 12:02:59 ims kamailio-scscf[3067]: INFO: tm [t_reply.c:900]: Call-ID: 9fe8b26ef71e41b2@ims.mnc070.mcc999.3gpp.network.org 180 Ringing -> 200 OK, dialog confirmed
Jul  8 12:03:45 ims kamailio-scscf[3067]: INFO: tm [t_reply.c:900]: Call-ID: e0d305f15c5e4e99@ims.mnc070.mcc999.3gpp.network.org 180 Ringing -> 200 OK, dialog confirmed
Jul  8 12:04:22 ims kamailio-scscf[3067]: INFO: registrar [save.c:498]: 401 challenge -> REGISTER w/ auth -> 200 OK for sip:+999700000000041@ims.mnc070.mcc999.3gpp.network.org
Jul  8 12:06:53 ims kamailio-scscf[3067]: INFO: registrar [save.c:498]: 401 challenge -> REGISTER w/ auth -> 200 OK for sip:+999700000001076@ims.mnc070.mcc999.3gpp.network.org
Jul  8 12:07:12 ims kamailio-scscf[3067]: INFO: registrar [save.c:498]: 401 challenge -> REGISTER w/ auth -> 200 OK for sip:+999700000001328@ims.mnc070.mcc999.3gpp.network.org
Jul  8 12:07:45 ims kamailio-scscf[3067]: INFO: tm [t_reply.c:900]: Call-ID: 48bc7944a0d14e6c@ims.mnc070.mcc999.3gpp.network.org 180 Ringing -> 200 OK, dialog confirmed
Jul  8 12:08:20 ims kamailio-scscf[3067]: INFO: tm [t_reply.c:900]: Call-ID: bf3717b7f0eb4602@ims.mnc070.mcc999.3gpp.network.org 180 Ringing -> 200 OK, dialog confirmed
Jul  8 12:09:03 ims kamailio-scscf[3067]: INFO: tm [t_reply.c:900]: Call-ID: 46d9cd2c7ddb4239@ims.mnc070.mcc999.3gpp.network.org 180 Ringing -> 200 OK, dialog confirmed
Jul  8 12:09:13 ims kamailio-scscf[3067]: INFO: tm [t_reply.c:900]: Call-ID: e784d29ab4a84587@ims.mnc070.mcc999.3gpp.network.org 180 Ringing -> 200 OK, dialog confirmed
Jul  8 12:09:44 ims kamailio-scscf[3067]: INFO: registrar [save.c:498]: 401 challenge -> REGISTER w/ auth -> 200 OK for sip:+999700000000812@ims.mnc070.mcc999.3gpp.network.org
Jul  8 12:09:54 ims kamailio-scscf[3067]: INFO: registrar [save.c:498]: 401 challenge -> REGISTER w/ auth -> 200 OK for sip:+999700000001965@ims.mnc070.mcc999.3gpp.network.org
Jul  8 12:10:09 ims kamailio-scscf[3067]: INFO: registrar [save.c:498]: 401 challenge -> REGISTER w/ auth -> 200 OK for sip:+999700000001483@ims.mnc070.mcc999.3gpp.network.org
Jul  8 12:10:52 ims kamailio-scscf[3067]: INFO: registrar [save.c:498]: 401 challenge -> REGISTER w/ auth -> 200 OK for sip:+999700000000289@ims.mnc070.mcc999.3gpp.network.org
Jul  8 12:12:00 ims kamailio-scscf[3067]: INFO: registrar [save.c:498]: 401 challenge -> REGISTER w/ auth -> 200 OK for sip:+999700000003684@ims.mnc070.mcc999.3gpp.network.org
Jul  8 12:13:06 ims kamailio-scscf[3067]: INFO: registrar [save.c:498]: 401 challenge -> REGISTER w/ auth -> 200 OK for sip:+999700000001863@ims.mnc070.mcc999.3gpp.network.org
Jul  8 12:13:27 ims kamailio-scscf[3067]: INFO: registrar [save.c:498]: 401 challenge -> REGISTER w/ auth -> 200 OK for sip:+999700000001074@ims.mnc070.mcc999.3gpp.network.org
Jul  8 12:14:04 ims kamailio-scscf[3067]: INFO: tm [t_reply.c:900]: Call-ID: 33b122b1f2854540@ims.mnc070.mcc999.3gpp.network.org 180 Ringing -> 200 OK, dialog confirmed
Jul  8 12:15:31 ims kamailio-scscf[3067]: INFO: registrar [save.c:498]: 401 challenge -> REGISTER w/ auth -> 200 OK for sip:+999700000000457@ims.mnc070.mcc999.3gpp.network.org
Jul  8 12:15:32 ims kamailio-scscf[3067]: INFO: registrar [save.c:498]: 401 challenge -> REGISTER w/ auth -> 200 OK for sip:+999700000000439@ims.mnc070.mcc999.3gpp.network.org
Jul  8 12:16:04 ims kamailio-scscf[3067]: INFO: tm [t_reply.c:900]: Call-ID: 02c5cdaf4948431d@ims.mnc070.mcc999.3gpp.network.org 180 Ringing -> 200 OK, dialog confirmed
Jul  8 12:17:20 ims kamailio-scscf[3067]: INFO: registrar [save.c:498]: 401 challenge -> REGISTER w/ auth -> 200 OK for sip:+999700000003710@ims.mnc070.mcc999.3gpp.network.org
Jul  8 12:18:52 ims kamailio-scscf[3067]: INFO: registrar [save.c:498]: 401 challenge -> REGISTER w/ auth -> 200 OK for sip:+999700000002790@ims.mnc070.mcc999.3gpp.network.org
Jul  8 12:20:43 ims kamailio-scscf[3067]: INFO: tm [t_reply.c:900]: Call-ID: 32d0d824a21e4998@ims.mnc070.mcc999.3gpp.network.org 180 Ringing -> 200 OK, dialog confirmed
Jul  8 12:20:45 ims kamailio-scscf[3067]: INFO: registrar [save.c:498]: 401 challenge -> REGISTER w/ auth -> 200 OK for sip:+999700000004473@ims.mnc070.mcc999.3gpp.network.org
Jul  8 12:21:32 ims kamailio-scscf[3067]: INFO: tm [t_reply.c:900]: Call-ID: 3f850f603d394e60@ims.mnc070.mcc999.3gpp.network.org 180 Ringing -> 200 OK, dialog confirmed
Jul  8 12:21:44 ims kamailio-scscf[3067]: INFO: registrar [save.c:498]: 401 challenge -> REGISTER w/ auth -> 200 OK for sip:+999700000001479@ims.mnc070.mcc999.3gpp.network.org
Jul  8 12:22:08 ims kamailio-scscf[3067]: INFO: registrar [save.c:498]: 401 challenge -> REGISTER w/ auth -> 200 OK for sip:+999700000004691@ims.mnc070.mcc999.3gpp.network.org
Jul  8 12:22:20 ims kamailio-scscf[3067]: INFO: registrar [save.c:498]: 401 challenge -> REGISTER w/ auth -> 200 OK for sip:+999700000001875@ims.mnc070.mcc999.3gpp.network.org
Jul  8 12:23:57 ims kamailio-scscf[3067]: INFO: tm [t_reply.c:900]: Call-ID: 77d4a5b2fe644410@ims.mnc070.mcc999.3gpp.network.org 180 Ringing -> 200 OK, dialog confirmed
Jul  8 12:24:10 ims kamailio-scscf[3067]: INFO: registrar [save.c:498]: 401 challenge -> REGISTER w/ auth -> 200 OK for sip:+999700000000511@ims.mnc070.mcc999.3gpp.network.org
Jul  8 12:25:12 ims kamailio-scscf[3067]: INFO: tm [t_reply.c:900]: Call-ID: 7cdb6f8a2c2e4a09@ims.mnc070.mcc999.3gpp.network.org 180 Ringing -> 200 OK, dialog confirmed
Jul  8 12:26:23 ims kamailio-scscf[3067]: INFO: registrar [save.c:498]: 401 challenge -> REGISTER w/ auth -> 200 OK for sip:+999700000004026@ims.mnc070.mcc999.3gpp.network.org
Jul  8 12:26:48 ims kamailio-scscf[3067]: INFO: tm [t_reply.c:900]: Call-ID: a8bcfee5007f4a1c@ims.mnc070.mcc999.3gpp.network.org 180 Ringing -> 200 OK, dialog confirmed
Jul  8 12:27:03 ims kamailio-scscf[3067]: INFO: registrar [save.c:498]: 401 challenge -> REGISTER w/ auth -> 200 OK for sip:+999700000004151@ims.mnc070.mcc999.3gpp.network.org
Jul  8 12:28:09 ims kamailio-scscf[3067]: INFO: tm [t_reply.c:900]: Call-ID: 28c7fab456224482@ims.mnc070.mcc999.3gpp.network.org 180 Ringing -> 200 OK, dialog confirmed
Jul  8 12:28:56 ims kamailio-scscf[3067]: INFO: tm [t_reply.c:900]: Call-ID: 634f8fc366a848d1@ims.mnc070.mcc999.3gpp.network.org 180 Ringing -> 200 OK, dialog confirmed
Jul  8 12:30:54 ims kamailio-scscf[3067]: INFO: registrar [save.c:498]: 401 challenge -> REGISTER w/ auth -> 200 OK for sip:+999700000002299@ims.mnc070.mcc999.3gpp.network.org
Jul  8 12:31:48 ims kamailio-scscf[3067]: INFO: tm [t_reply.c:900]: Call-ID: 80dc02da2b014779@ims.mnc070.mcc999.3gpp.network.org 180 Ringing -> 200 OK, dialog confirmed
Jul  8 12:31:49 ims kamailio-scscf[3067]: INFO: tm [t_reply.c:900]: Call-ID: 89172c1bae5c462b@ims.mnc070.mcc999.3gpp.network.org 180 Ringing -> 200 OK, dialog confirmed
Jul  8 12:32:15 ims kamailio-scscf[3067]: INFO: registrar [save.c:498]: 401 challenge -> REGISTER w/ auth -> 200 OK for sip:+999700000000886@ims.mnc070.mcc999.3gpp.network.org
Jul  8 12:34:01 ims kamailio-scscf[3067]: INFO: registrar [save.c:498]: 401 challenge -> REGISTER w/ auth -> 200 OK for sip:+999700000001367@ims.mnc070.mcc999.3gpp.network.org
Jul  8 12:34:07 ims kamailio-scscf[3067]: INFO: tm [t_reply.c:900]: Call-ID: 6b82d5b0cf76445c@ims.mnc070.mcc999.3gpp.network.org 180 Ringing -> 200 OK, dialog confirmed
Jul  8 12:34:28 ims kamailio-scscf[3067]: INFO: registrar [save.c:498]: 401 challenge -> REGISTER w/ auth -> 200 OK for sip:+999700000001828@ims.mnc070.mcc999.3gpp.network.org
Jul  8 12:34:31 ims kamailio-scscf[3067]: INFO: registrar [save.c:498]: 401 challenge -> REGISTER w/ auth -> 200 OK for sip:+999700000002946@ims.mnc070.mcc999.3gpp.network.org
Jul  8 12:35:04 ims kamailio-scscf[3067]: INFO: tm [t_reply.c:900]: Call-ID: 86b6777b8e1541fb@ims.mnc070.mcc999.3gpp.network.org 180 Ringing -> 200 OK, dialog confirmed
Jul  8 12:36:05 ims kamailio-scscf[3067]: INFO: registrar [save.c:498]: 401 challenge -> REGISTER w/ auth -> 200 OK for sip:+999700000000255@ims.mnc070.mcc999.3gpp.network.org
Jul  8 12:36:12 ims kamailio-scscf[3067]: INFO: tm [t_reply.c:900]: Call-ID: 46ef872140c94b48@ims.mnc070.mcc999.3gpp.network.org 180 Ringing -> 200 OK, dialog confirmed
Jul  8 12:36:58 ims kamailio-scscf[3067]: INFO: registrar [save.c:498]: 401 challenge -> REGISTER w/ auth -> 200 OK for sip:+999700000003802@ims.mnc070.mcc999.3gpp.network.org
Jul  8 12:37:17 ims kamailio-scscf[3067]: INFO: registrar [save.c:498]: 401 challenge -> REGISTER w/ auth -> 200 OK for sip:+999700000004159@ims.mnc070.mcc999.3gpp.network.org
Jul  8 12:38:23 ims kamailio-scscf[3067]: INFO: tm [t_reply.c:900]: Call-ID: ba4f115a947d47fb@ims.mnc070.mcc999.3gpp.network.org 180 Ringing -> 200 OK, dialog confirmed
Jul  8 12:39:51 ims kamailio-scscf[3067]: INFO: registrar [save.c:498]: 401 challenge -> REGISTER w/ auth -> 200 OK for sip:+999700000002843@ims.mnc070.mcc999.3gpp.network.org
Jul  8 12:39:53 ims kamailio-scscf[3067]: INFO: tm [t_reply.c:900]: Call-ID: 6c9ae45f7a714fc9@ims.mnc070.mcc999.3gpp.network.org 180 Ringing -> 200 OK, dialog confirmed
Jul  8 12:40:16 ims kamailio-scscf[3067]: INFO: registrar [save.c:498]: 401 challenge -> REGISTER w/ auth -> 200 OK for sip:+999700000002914@ims.mnc070.mcc999.3gpp.network.org
Jul  8 12:40:40 ims kamailio-scscf[3067]: INFO: registrar [save.c:498]: 401 challenge -> REGISTER w/ auth -> 200 OK for sip:+999700000000947@ims.mnc070.mcc999.3gpp.network.org
Jul  8 12:40:44 ims kamailio-scscf[3067]: INFO: tm [t_reply.c:900]: Call-ID: f67d8be006f74c9b@ims.mnc070.mcc999.3gpp.network.org 180 Ringing -> 200 OK, dialog confirmed
Jul  8 12:41:19 ims kamailio-scscf[3067]: INFO: registrar [save.c:498]: 401 challenge -> REGISTER w/ auth -> 200 OK for sip:+999700000000898@ims.mnc070.mcc999.3gpp.network.org
Jul  8 12:41:42 ims kamailio-scscf[3067]: INFO: registrar [save.c:498]: 401 challenge -> REGISTER w/ auth -> 200 OK for sip:+999700000004970@ims.mnc070.mcc999.3gpp.network.org
Jul  8 12:41:58 ims kamailio-scscf[3067]: INFO: registrar [save.c:498]: 401 challenge -> REGISTER w/ auth -> 200 OK for sip:+999700000001489@ims.mnc070.mcc999.3gpp.network.org
Jul  8 12:42:53 ims kamailio-scscf[3067]: INFO: tm [t_reply.c:900]: Call-ID: e26f1ba53d6e4c2c@ims.mnc070.mcc999.3gpp.network.org 180 Ringing -> 200 OK, dialog confirmed
Jul  8 12:42:58 ims kamailio-scscf[3067]: INFO: registrar [save.c:498]: 401 challenge -> REGISTER w/ auth -> 200 OK for sip:+999700000001683@ims.mnc070.mcc999.3gpp.network.org
Jul  8 12:44:45 ims kamailio-scscf[3067]: INFO: registrar [save.c:498]: 401 challenge -> REGISTER w/ auth -> 200 OK for sip:+999700000001692@ims.mnc070.mcc999.3gpp.network.org
Jul  8 12:45:56 ims kamailio-scscf[3067]: INFO: tm [t_reply.c:900]: Call-ID: fc07d5adeb764df2@ims.mnc070.mcc999.3gpp.network.org 180 Ringing -> 200 OK, dialog confirmed
Jul  8 12:46:27 ims kamailio-scscf[3067]: INFO: registrar [save.c:498]: 401 challenge -> REGISTER w/ auth -> 200 OK for sip:+999700000002802@ims.mnc070.mcc999.3gpp.network.org
Jul  8 12:46:35 ims kamailio-scscf[3067]: INFO: registrar [save.c:498]: 401 challenge -> REGISTER w/ auth -> 200 OK for sip:+999700000004784@ims.mnc070.mcc999.3gpp.network.org
Jul  8 12:47:43 ims kamailio-scscf[3067]: INFO: registrar [save.c:498]: 401 challenge -> REGISTER w/ auth -> 200 OK for sip:+999700000001764@ims.mnc070.mcc999.3gpp.network.org
Jul  8 12:47:49 ims kamailio-scscf[3067]: INFO: registrar [save.c:498]: 401 challenge -> REGISTER w/ auth -> 200 OK for sip:+999700000000601@ims.mnc070.mcc999.3gpp.network.org
Jul  8 12:48:37 ims kamailio-scscf[3067]: INFO: registrar [save.c:498]: 401 challenge -> REGISTER w/ auth -> 200 OK for sip:+999700000004040@ims.mnc070.mcc999.3gpp.network.org
Jul  8 12:48:45 ims kamailio-scscf[3067]: INFO: tm [t_reply.c:900]: Call-ID: 4df5eaefa8c54a8d@ims.mnc070.mcc999.3gpp.network.org final reply 480 No Answer
Jul  8 12:49:00 ims kamailio-scscf[3067]: INFO: registrar [save.c:498]: 401 challenge -> REGISTER w/ auth -> 200 OK for sip:+999700000000376@ims.mnc070.mcc999.3gpp.network.org
Jul  8 12:50:08 ims kamailio-scscf[3067]: INFO: tm [t_reply.c:900]: Call-ID: 9d9778c5d1434dee@ims.mnc070.mcc999.3gpp.network.org 180 Ringing -> 200 OK, dialog confirmed
Jul  8 12:51:23 ims kamailio-scscf[3067]: INFO: registrar [save.c:498]: 401 challenge -> REGISTER w/ auth -> 200 OK for sip:+999700000004695@ims.mnc070.mcc999.3gpp.network.org
Jul  8 12:51:47 ims kamailio-scscf[3067]: INFO: registrar [save.c:498]: 401 challenge -> REGISTER w/ auth -> 200 OK for sip:+999700000000481@ims.mnc070.mcc999.3gpp.network.org
Jul  8 12:52:48 ims kamailio-scscf[3067]: INFO: registrar [save.c:498]: 401 challenge -> REGISTER w/ auth -> 200 OK for sip:+999700000000817@ims.mnc070.mcc999.3gpp.network.org
Jul  8 12:52:59 ims kamailio-scscf[3067]: INFO: registrar [save.c:498]: 401 challenge -> REGISTER w/ auth -> 200 OK for sip:+999700000003649@ims.mnc070.mcc999.3gpp.network.org
Jul  8 12:54:01 ims kamailio-scscf[3067]: INFO: tm [t_reply.c:900]: Call-ID: c4040c34d4e1427d@ims.mnc070.mcc999.3gpp.network.org 180 Ringing -> 200 OK, dialog confirmed
Jul  8 12:54:21 ims kamailio-scscf[3067]: INFO: tm [t_reply.c:900]: Call-ID: 12a150d00bf745ff@ims.mnc070.mcc999.3gpp.network.org 180 Ringing -> 200 OK, dialog confirmed
Jul  8 12:55:20 ims kamailio-scscf[3067]: INFO: registrar [save.c:498]: 401 challenge -> REGISTER w/ auth -> 200 OK for sip:+999700000002319@ims.mnc070.mcc999.3gpp.network.org
Jul  8 12:55:27 ims kamailio-scscf[3067]: INFO: registrar [save.c:498]: 401 challenge -> REGISTER w/ auth -> 200 OK for sip:+999700000002504@ims.mnc070.mcc999.3gpp.network.org
Jul  8 12:56:13 ims kamailio-scscf[3067]: INFO: registrar [save.c:498]: 401 challenge -> REGISTER w/ auth -> 200 OK for sip:+999700000001342@ims.mnc070.mcc999.3gpp.network.org
Jul  8 12:57:54 ims kamailio-scscf[3067]: INFO: tm [t_reply.c:900]: Call-ID: 0e14d9f4166e4aab@ims.mnc070.mcc999.3gpp.network.org 180 Ringing -> 200 OK, dialog confirmed
Jul  8 12:58:43 ims kamailio-scscf[3067]: INFO: tm [t_reply.c:900]: Call-ID: d43cdb1a8e714d08@ims.mnc070.mcc999.3gpp.network.org 180 Ringing -> 200 OK, dialog confirmed
Jul  8 12:59:51 ims kamailio-scscf[3067]: INFO: registrar [save.c:498]: 401 challenge -> REGISTER w/ auth -> 200 OK for sip:+999700000000468@ims.mnc070.mcc999.3gpp.network.org
Jul  8 12:59:58 ims kamailio-scscf[3067]: INFO: tm [t_reply.c:900]: Call-ID: d7b1004c7e6d4bbc@ims.mnc070.mcc999.3gpp.network.org 180 Ringing -> 200 OK, dialog confirmed
Jul  8 13:00:21 ims kamailio-scscf[3067]: INFO: tm [t_reply.c:900]: Call-ID: 1ff29604fd434eca@ims.mnc070.mcc999.3gpp.network.org 180 Ringing -> 200 OK, dialog confirmed
Jul  8 13:00:22 ims kamailio-scscf[3067]: INFO: registrar [save.c:498]: 401 challenge -> REGISTER w/ auth -> 200 OK for sip:+999700000002336@ims.mnc070.mcc999.3gpp.network.org
Jul  8 13:01:48 ims kamailio-scscf[3067]: INFO: registrar [save.c:498]: 401 challenge -> REGISTER w/ auth -> 200 OK for sip:+999700000003996@ims.mnc070.mcc999.3gpp.network.org
Jul  8 13:02:22 ims kamailio-scscf[3067]: INFO: registrar [save.c:498]: 401 challenge -> REGISTER w/ auth -> 200 OK for sip:+999700000001109@ims.mnc070.mcc999.3gpp.network.org
Jul  8 13:02:57 ims kamailio-scscf[3067]: INFO: registrar [save.c:498]: 401 challenge -> REGISTER w/ auth -> 200 OK for sip:+999700000004252@ims.mnc070.mcc999.3gpp.network.org
Jul  8 13:03:16 ims kamailio-scscf[3067]: INFO: tm [t_reply.c:900]: Call-ID: e602f940676449d9@ims.mnc070.mcc999.3gpp.network.org 180 Ringing -> 200 OK, dialog confirmed
Jul  8 13:03:50 ims kamailio-scscf[3067]: INFO: registrar [save.c:498]: 401 challenge -> REGISTER w/ auth -> 200 OK for sip:+999700000000261@ims.mnc070.mcc999.3gpp.network.org
Jul  8 13:04:36 ims kamailio-scscf[3067]: INFO: tm [t_reply.c:900]: Call-ID: 0acc6f1a19294824@ims.mnc070.mcc999.3gpp.network.org 180 Ringing -> 200 OK, dialog confirmed
Jul  8 13:05:38 ims kamailio-scscf[3067]: INFO: registrar [save.c:498]: 401 challenge -> REGISTER w/ auth -> 200 OK for sip:+999700000002700@ims.mnc070.mcc999.3gpp.network.org
Jul  8 13:07:47 ims kamailio-scscf[3067]: INFO: tm [t_reply.c:900]: Call-ID: 08e2efc953d346b2@ims.mnc070.mcc999.3gpp.network.org 180 Ringing -> 200 OK, dialog confirmed
Jul  8 13:08:21 ims kamailio-scscf[3067]: INFO: tm [t_reply.c:900]: Call-ID: d3f1b1b385d0450d@ims.mnc070.mcc999.3gpp.network.org 180 Ringing -> 200 OK, dialog confirmed
Jul  8 13:08:31 ims kamailio-scscf[3067]: INFO: tm [t_reply.c:900]: Call-ID: 257ae21931be44ca@ims.mnc070.mcc999.3gpp.network.org 180 Ringing -> 200 OK, dialog confirmed
Jul  8 13:08:42 ims kamailio-scscf[3067]: INFO: tm [t_reply.c:900]: Call-ID: 0b53ba276f5b4cb7@ims.mnc070.mcc999.3gpp.network.org 180 Ringing -> 200 OK, dialog confirmed
Jul  8 13:09:49 ims kamailio-scscf[3067]: INFO: registrar [save.c:498]: 401 challenge -> REGISTER w/ auth -> 200 OK for sip:+999700000000661@ims.mnc070.mcc999.3gpp.network.org
Jul  8 13:10:45 ims kamailio-scscf[3067]: INFO: registrar [save.c:498]: 401 challenge -> REGISTER w/ auth -> 200 OK for sip:+999700000001878@ims.mnc070.mcc999.3gpp.network.org
Jul  8 13:10:48 ims kamailio-scscf[3067]: INFO: registrar [save.c:498]: 401 challenge -> REGISTER w/ auth -> 200 OK for sip:+999700000002349@ims.mnc070.mcc999.3gpp.network.org
Jul  8 13:11:13 ims kamailio-scscf[3067]: INFO: tm [t_reply.c:900]: Call-ID: ede5ec5cc5324ee6@ims.mnc070.mcc999.3gpp.network.org 180 Ringing -> 200 OK, dialog confirmed
Jul  8 13:12:45 ims kamailio-scscf[3067]: INFO: registrar [save.c:498]: 401 challenge -> REGISTER w/ auth -> 200 OK for sip:+999700000004904@ims.mnc070.mcc999.3gpp.network.org
Jul  8 13:12:46 ims kamailio-scscf[3067]: INFO: registrar [save.c:498]: 401 challenge -> REGISTER w/ auth -> 200 OK for sip:+999700000003052@ims.mnc070.mcc999.3gpp.network.org
Jul  8 13:12:59 ims kamailio-scscf[3067]: INFO: registrar [save.c:498]: 401 challenge -> REGISTER w/ auth -> 200 OK for sip:+999700000003495@ims.mnc070.mcc999.3gpp.network.org
Jul  8 13:13:02 ims kamailio-scscf[3067]: INFO: registrar [save.c:498]: 401 challenge -> REGISTER w/ auth -> 200 OK for sip:+999700000002194@ims.mnc070.mcc999.3gpp.network.org
Jul  8 13:13:03 ims kamailio-scscf[3067]: INFO: tm [t_reply.c:900]: Call-ID: 2417fdade3284620@ims.mnc070.mcc999.3gpp.network.org 180 Ringing -> 200 OK, dialog confirmed
Jul  8 13:13:42 ims kamailio-scscf[3067]: INFO: registrar [save.c:498]: 401 challenge -> REGISTER w/ auth -> 200 OK for sip:+999700000003141@ims.mnc070.mcc999.3gpp.network.org
Jul  8 13:13:59 ims kamailio-scscf[3067]: INFO: registrar [save.c:498]: 401 challenge -> REGISTER w/ auth -> 200 OK for sip:+999700000003259@ims.mnc070.mcc999.3gpp.network.org
Jul  8 13:14:27 ims kamailio-scscf[3067]: INFO: registrar [save.c:498]: 401 challenge -> REGISTER w/ auth -> 200 OK for sip:+999700000004407@ims.mnc070.mcc999.3gpp.network.org
Jul  8 13:14:44 ims kamailio-scscf[3067]: INFO: tm [t_reply.c:900]: Call-ID: e5808d0997384c49@ims.mnc070.mcc999.3gpp.network.org final reply 486 Busy Here
Jul  8 13:16:31 ims kamailio-scscf[3067]: INFO: tm [t_reply.c:900]: Call-ID: d5ad92c6a7534a15@ims.mnc070.mcc999.3gpp.network.org 180 Ringing -> 200 OK, dialog confirmed
Jul  8 13:17:05 ims kamailio-scscf[3067]: INFO: registrar [save.c:498]: 401 challenge -> REGISTER w/ auth -> 200 OK for sip:+999700000000511@ims.mnc070.mcc999.3gpp.network.org
Jul  8 13:17:35 ims kamailio-scscf[3067]: INFO: tm [t_reply.c:900]: Call-ID: 6568f4d7af144fe1@ims.mnc070.mcc999.3gpp.network.org 180 Ringing -> 200 OK, dialog confirmed
Jul  8 13:17:42 ims kamailio-scscf[3067]: INFO: tm [t_reply.c:900]: Call-ID: 88259f50bdea47cc@ims.mnc070.mcc999.3gpp.network.org 180 Ringing -> 200 OK, dialog confirmed
Jul  8 13:18:02 ims kamailio-scscf[3067]: INFO: registrar [save.c:498]: 401 challenge -> REGISTER w/ auth -> 200 OK for sip:+999700000003682@ims.mnc070.mcc999.3gpp.network.org
Jul  8 13:18:20 ims kamailio-scscf[3067]: INFO: tm [t_reply.c:900]: Call-ID: 5cd46b2557774482@ims.mnc070.mcc999.3gpp.network.org 180 Ringing -> 200 OK, dialog confirmed
Jul  8 13:18:34 ims kamailio-scscf[3067]: INFO: registrar [save.c:498]: 401 challenge -> REGISTER w/ auth -> 200 OK for sip:+999700000000097@ims.mnc070.mcc999.3gpp.network.org
Jul  8 13:18:59 ims kamailio-scscf[3067]: INFO: registrar [save.c:498]: 401 challenge -> REGISTER w/ auth -> 200 OK for sip:+999700000004079@ims.mnc070.mcc999.3gpp.network.org
Jul  8 13:19:16 ims kamailio-scscf[3067]: INFO: registrar [save.c:498]: 401 challenge -> REGISTER w/ auth -> 200 OK for sip:+999700000003379@ims.mnc070.mcc999.3gpp.network.org
Jul  8 13:19:57 ims kamailio-scscf[3067]: INFO: registrar [save.c:498]: 401 challenge -> REGISTER w/ auth -> 200 OK for sip:+999700000003508@ims.mnc070.mcc999.3gpp.network.org
Jul  8 13:21:26 ims kamailio-scscf[3067]: INFO: tm [t_reply.c:900]: Call-ID: afb18344a9294587@ims.mnc070.mcc999.3gpp.network.org 180 Ringing -> 200 OK, dialog confirmed
Jul  8 13:21:30 ims kamailio-scscf[3067]: INFO: registrar [save.c:498]: 401 challenge -> REGISTER w/ auth -> 200 OK for sip:+999700000000322@ims.mnc070.mcc999.3gpp.network.org
Jul  8 13:21:46 ims kamailio-scscf[3067]: INFO: registrar [save.c:498]: 401 challenge -> REGISTER w/ auth -> 200 OK for sip:+999700000000809@ims.mnc070.mcc999.3gpp.network.org
Jul  8 13:21:49 ims kamailio-scscf[3067]: INFO: registrar [save.c:498]: 401 challenge -> REGISTER w/ auth -> 200 OK for sip:+999700000003810@ims.mnc070.mcc999.3gpp.network.org
Jul  8 13:22:02 ims kamailio-scscf[3067]: INFO: registrar [save.c:498]: 401 challenge -> REGISTER w/ auth -> 200 OK for sip:+999700000003169@ims.mnc070.mcc999.3gpp.network.org
Jul  8 13:22:06 ims kamailio-scscf[3067]: INFO: registrar [save.c:498]: 401 challenge -> REGISTER w/ auth -> 200 OK for sip:+999700000004414@ims.mnc070.mcc999.3gpp.network.org
Jul  8 13:23:04 ims kamailio-scscf[3067]: INFO: registrar [save.c:498]: 401 challenge -> REGISTER w/ auth -> 200 OK for sip:+999700000004569@ims.mnc070.mcc999.3gpp.network.org
Jul  8 13:23:19 ims kamailio-scscf[3067]: INFO: tm [t_reply.c:900]: Call-ID: 61547209cc1d478f@ims.mnc070.mcc999.3gpp.network.org 180 Ringing -> 200 OK, dialog confirmed
Jul  8 13:24:29 ims kamailio-scscf[3067]: INFO: registrar [save.c:498]: 401 challenge -> REGISTER w/ auth -> 200 OK for sip:+999700000003391@ims.mnc070.mcc999.3gpp.network.org
Jul  8 13:25:02 ims kamailio-scscf[3067]: INFO: registrar [save.c:498]: 401 challenge -> REGISTER w/ auth -> 200 OK for sip:+999700000003060@ims.mnc070.mcc999.3gpp.network.org
Jul  8 13:25:09 ims kamailio-scscf[3067]: INFO: tm [t_reply.c:900]: Call-ID: ada0875e04f544d0@ims.mnc070.mcc999.3gpp.network.org 180 Ringing -> 200 OK, dialog confirmed
Jul  8 13:25:19 ims kamailio-scscf[3067]: INFO: registrar [save.c:498]: 401 challenge -> REGISTER w/ auth -> 200 OK for sip:+999700000002742@ims.mnc070.mcc999.3gpp.network.org
Jul  8 13:27:00 ims kamailio-scscf[3067]: INFO: tm [t_reply.c:900]: Call-ID: 136111f7aeb34d40@ims.mnc070.mcc999.3gpp.network.org 180 Ringing -> 200 OK, dialog confirmed
Jul  8 13:27:10 ims kamailio-scscf[3067]: INFO: registrar [save.c:498]: 401 challenge -> REGISTER w/ auth -> 200 OK for sip:+999700000004928@ims.mnc070.mcc999.3gpp.network.org
Jul  8 13:27:58 ims kamailio-scscf[3067]: INFO: tm [t_reply.c:900]: Call-ID: 3f4351b4bb534608@ims.mnc070.mcc999.3gpp.network.org final reply 486 Busy Here
Jul  8 13:28:14 ims kamailio-scscf[3067]: INFO: registrar [save.c:498]: 401 challenge -> REGISTER w/ auth -> 200 OK for sip:+999700000000419@ims.mnc070.mcc999.3gpp.network.org
Jul  8 13:30:40 ims kamailio-scscf[3067]: INFO: registrar [save.c:498]: 401 challenge -> REGISTER w/ auth -> 200 OK for sip:+999700000000838@ims.mnc070.mcc999.3gpp.network.org
Jul  8 13:30:41 ims kamailio-scscf[3067]: INFO: registrar [save.c:498]: 401 challenge -> REGISTER w/ auth -> 200 OK for sip:+999700000001192@ims.mnc070.mcc999.3gpp.network.org
Jul  8 13:30:48 ims kamailio-scscf[3067]: INFO: registrar [save.c:498]: 401 challenge -> REGISTER w/ auth -> 200 OK for sip:+999700000001137@ims.mnc070.mcc999.3gpp.network.org
Jul  8 13:31:08 ims kamailio-scscf[3067]: INFO: registrar [save.c:498]: 401 challenge -> REGISTER w/ auth -> 200 OK for sip:+999700000000123@ims.mnc070.mcc999.3gpp.network.org
Jul  8 13:31:28 ims kamailio-scscf[3067]: INFO: registrar [save.c:498]: 401 challenge -> REGISTER w/ auth -> 200 OK for sip:+999700000004900@ims.mnc070.mcc999.3gpp.network.org
Jul  8 13:31:33 ims kamailio-scscf[3067]: INFO: registrar [save.c:498]: 401 challenge -> REGISTER w/ auth -> 200 OK for sip:+999700000001948@ims.mnc070.mcc999.3gpp.network.org
Jul  8 13:31:57 ims kamailio-scscf[3067]: INFO: tm [t_reply.c:900]: Call-ID: 5378240cb4c744be@ims.mnc070.mcc999.3gpp.network.org 180 Ringing -> 200 OK, dialog confirmed
Jul  8 13:32:07 ims kamailio-scscf[3067]: INFO: registrar [save.c:498]: 401 challenge -> REGISTER w/ auth -> 200 OK for sip:+999700000000963@ims.mnc070.mcc999.3gpp.network.org
Jul  8 13:32:08 ims kamailio-scscf[3067]: INFO: registrar [save.c:498]: 401 challenge -> REGISTER w/ auth -> 200 OK for sip:+999700000001502@ims.mnc070.mcc999.3gpp.network.org
Jul  8 13:33:45 ims kamailio-scscf[3067]: INFO: registrar [save.c:498]: 401 challenge -> REGISTER w/ auth -> 200 OK for sip:+999700000000652@ims.mnc070.mcc999.3gpp.network.org
Jul  8 13:34:19 ims kamailio-scscf[3067]: INFO: tm [t_reply.c:900]: Call-ID: 5351520a37af4ead@ims.mnc070.mcc999.3gpp.network.org 180 Ringing -> 200 OK, dialog confirmed
Jul  8 13:34:55 ims kamailio-scscf[3067]: INFO: registrar [save.c:498]: 401 challenge -> REGISTER w/ auth -> 200 OK for sip:+999700000004110@ims.mnc070.mcc999.3gpp.network.org
Jul  8 13:36:26 ims kamailio-scscf[3067]: INFO: tm [t_reply.c:900]: Call-ID: 18d9653d91c74d82@ims.mnc070.mcc999.3gpp.network.org 180 Ringing -> 200 OK, dialog confirmed
Jul  8 13:36:49 ims kamailio-scscf[3067]: INFO: tm [t_reply.c:900]: Call-ID: 8e729e3f8425469b@ims.mnc070.mcc999.3gpp.network.org 180 Ringing -> 200 OK, dialog confirmed
Jul  8 13:38:08 ims kamailio-scscf[3067]: INFO: registrar [save.c:498]: 401 challenge -> REGISTER w/ auth -> 200 OK for sip:+999700000004517@ims.mnc070.mcc999.3gpp.network.org
Jul  8 13:40:11 ims kamailio-scscf[3067]: INFO: registrar [save.c:498]: 401 challenge -> REGISTER w/ auth -> 200 OK for sip:+999700000001007@ims.mnc070.mcc999.3gpp.network.org
Jul  8 13:40:11 ims kamailio-scscf[3067]: INFO: tm [t_reply.c:900]: Call-ID: 90cf7f91971a466f@ims.mnc070.mcc999.3gpp.network.org 180 Ringing -> 200 OK, dialog confirmed
Jul  8 13:40:33 ims kamailio-scscf[3067]: INFO: registrar [save.c:498]: 401 challenge -> REGISTER w/ auth -> 200 OK for sip:+999700000004682@ims.mnc070.mcc999.3gpp.network.org
Jul  8 13:40:52 ims kamailio-scscf[3067]: INFO: tm [t_reply.c:900]: Call-ID: d14a9c37de5f48a4@ims.mnc070.mcc999.3gpp.network.org 180 Ringing -> 200 OK, dialog confirmed
Jul  8 13:40:52 ims kamailio-scscf[3067]: INFO: registrar [save.c:498]: 401 challenge -> REGISTER w/ auth -> 200 OK for sip:+999700000002033@ims.mnc070.mcc999.3gpp.network.org
Jul  8 13:41:58 ims kamailio-scscf[3067]: INFO: tm [t_reply.c:900]: Call-ID: 0aff11078ff84b95@ims.mnc070.mcc999.3gpp.network.org 180 Ringing -> 200 OK, dialog confirmed
Jul  8 13:42:17 ims kamailio-scscf[3067]: INFO: registrar [save.c:498]: 401 challenge -> REGISTER w/ auth -> 200 OK for sip:+999700000000239@ims.mnc070.mcc999.3gpp.network.org
Jul  8 13:42:51 ims kamailio-scscf[3067]: INFO: registrar [save.c:498]: 401 challenge -> REGISTER w/ auth -> 200 OK for sip:+999700000003586@ims.mnc070.mcc999.3gpp.network.org
Jul  8 13:42:59 ims kamailio-scscf[3067]: INFO: tm [t_reply.c:900]: Call-ID: c29f029822084ec8@ims.mnc070.mcc999.3gpp.network.org 180 Ringing -> 200 OK, dialog confirmed
Jul  8 13:43:03 ims kamailio-scscf[3067]: INFO: tm [t_reply.c:900]: Call-ID: 8c9a8d69a251472d@ims.mnc070.mcc999.3gpp.network.org 180 Ringing -> 200 OK, dialog confirmed
Jul  8 13:44:04 ims kamailio-scscf[3067]: INFO: tm [t_reply.c:900]: Call-ID: 5b4b5542365749a6@ims.mnc070.mcc999.3gpp.network.org 180 Ringing -> 200 OK, dialog confirmed
Jul  8 13:44:12 ims kamailio-scscf[3067]: INFO: registrar [save.c:498]: 401 challenge -> REGISTER w/ auth -> 200 OK for sip:+999700000003350@ims.mnc070.mcc999.3gpp.network.org
Jul  8 13:44:43 ims kamailio-scscf[3067]: INFO: registrar [save.c:498]: 401 challenge -> REGISTER w/ auth -> 200 OK for sip:+999700000002161@ims.mnc070.mcc999.3gpp.network.org
Jul  8 13:44:50 ims kamailio-scscf[3067]: INFO: tm [t_reply.c:900]: Call-ID: ab8fbd1e61f4486b@ims.mnc070.mcc999.3gpp.network.org 180 Ringing -> 200 OK, dialog confirmed
Jul  8 13:45:04 ims kamailio-scscf[3067]: INFO: registrar [save.c:498]: 401 challenge -> REGISTER w/ auth -> 200 OK for sip:+999700000001748@ims.mnc070.mcc999.3gpp.network.org
Jul  8 13:45:10 ims kamailio-scscf[3067]: INFO: registrar [save.c:498]: 401 challenge -> REGISTER w/ auth -> 200 OK for sip:+999700000003139@ims.mnc070.mcc999.3gpp.network.org
Jul  8 13:45:22 ims kamailio-scscf[3067]: INFO: registrar [save.c:498]: 401 challenge -> REGISTER w/ auth -> 200 OK for sip:+999700000003304@ims.mnc070.mcc999.3gpp.network.org
Jul  8 13:45:36 ims kamailio-scscf[3067]: INFO: tm [t_reply.c:900]: Call-ID: 601a9de95ce44721@ims.mnc070.mcc999.3gpp.network.org 180 Ringing -> 200 OK, dialog confirmed
Jul  8 13:46:15 ims kamailio-scscf[3067]: INFO: registrar [save.c:498]: 401 challenge -> REGISTER w/ auth -> 200 OK for sip:+999700000001917@ims.mnc070.mcc999.3gpp.network.org
Jul  8 13:47:07 ims kamailio-scscf[3067]: INFO: registrar [save.c:498]: 401 challenge -> REGISTER w/ auth -> 200 OK for sip:+999700000003478@ims.mnc070.mcc999.3gpp.network.org
Jul  8 13:48:09 ims kamailio-scscf[3067]: INFO: registrar [save.c:498]: 401 challenge -> REGISTER w/ auth -> 200 OK for sip:+999700000000134@ims.mnc070.mcc999.3gpp.network.org
Jul  8 13:48:42 ims kamailio-scscf[3067]: INFO: tm [t_reply.c:900]: Call-ID: 43955fd8bcda4985@ims.mnc070.mcc999.3gpp.network.org 180 Ringing -> 200 OK, dialog confirmed
Jul  8 13:48:54 ims kamailio-scscf[3067]: INFO: tm [t_reply.c:900]: Call-ID: 6b76f08e5c814848@ims.mnc070.mcc999.3gpp.network.org 180 Ringing -> 200 OK, dialog confirmed
Jul  8 13:49:27 ims kamailio-scscf[3067]: INFO: registrar [save.c:498]: 401 challenge -> REGISTER w/ auth -> 200 OK for sip:+999700000000069@ims.mnc070.mcc999.3gpp.network.org
Jul  8 13:49:28 ims kamailio-scscf[3067]: INFO: registrar [save.c:498]: 401 challenge -> REGISTER w/ auth -> 200 OK for sip:+999700000001310@ims.mnc070.mcc999.3gpp.network.org
Jul  8 13:49:51 ims kamailio-scscf[3067]: INFO: tm [t_reply.c:900]: Call-ID: 006083f80e4f41b8@ims.mnc070.mcc999.3gpp.network.org 180 Ringing -> 200 OK, dialog confirmed
Jul  8 13:49:54 ims kamailio-scscf[3067]: WARNING: tm [t_reply.c:1201]: INVITE Call-ID: 5ae3b2c5eacb4251@ims.mnc070.mcc999.3gpp.network.org failed, 503/timeout downstream
Jul  8 13:50:22 ims kamailio-scscf[3067]: INFO: tm [t_reply.c:900]: Call-ID: 3a84eef5be514d66@ims.mnc070.mcc999.3gpp.network.org 180 Ringing -> 200 OK, dialog confirmed
Jul  8 13:51:55 ims kamailio-scscf[3067]: INFO: tm [t_reply.c:900]: Call-ID: f260902e70574503@ims.mnc070.mcc999.3gpp.network.org 180 Ringing -> 200 OK, dialog confirmed
Jul  8 13:51:55 ims kamailio-scscf[3067]: INFO: registrar [save.c:498]: 401 challenge -> REGISTER w/ auth -> 200 OK for sip:+999700000004056@ims.mnc070.mcc999.3gpp.network.org
Jul  8 13:52:23 ims kamailio-scscf[3067]: INFO: registrar [save.c:498]: 401 challenge -> REGISTER w/ auth -> 200 OK for sip:+999700000004987@ims.mnc070.mcc999.3gpp.network.org
Jul  8 13:53:04 ims kamailio-scscf[3067]: INFO: registrar [save.c:498]: 401 challenge -> REGISTER w/ auth -> 200 OK for sip:+999700000004407@ims.mnc070.mcc999.3gpp.network.org
Jul  8 13:53:17 ims kamailio-scscf[3067]: INFO: tm [t_reply.c:900]: Call-ID: b214e3a979854fc1@ims.mnc070.mcc999.3gpp.network.org 180 Ringing -> 200 OK, dialog confirmed
Jul  8 13:54:10 ims kamailio-scscf[3067]: INFO: registrar [save.c:498]: 401 challenge -> REGISTER w/ auth -> 200 OK for sip:+999700000002427@ims.mnc070.mcc999.3gpp.network.org
Jul  8 13:54:18 ims kamailio-scscf[3067]: INFO: registrar [save.c:498]: 401 challenge -> REGISTER w/ auth -> 200 OK for sip:+999700000001634@ims.mnc070.mcc999.3gpp.network.org
Jul  8 13:54:19 ims kamailio-scscf[3067]: INFO: registrar [save.c:498]: 401 challenge -> REGISTER w/ auth -> 200 OK for sip:+999700000001415@ims.mnc070.mcc999.3gpp.network.org
Jul  8 13:55:20 ims kamailio-scscf[3067]: INFO: registrar [save.c:498]: 401 challenge -> REGISTER w/ auth -> 200 OK for sip:+999700000003938@ims.mnc070.mcc999.3gpp.network.org
Jul  8 13:56:27 ims kamailio-scscf[3067]: INFO: tm [t_reply.c:900]: Call-ID: e9945f066f7c4ae2@ims.mnc070.mcc999.3gpp.network.org 180 Ringing -> 200 OK, dialog confirmed
Jul  8 13:57:31 ims kamailio-scscf[3067]: INFO: tm [t_reply.c:900]: Call-ID: e48570dbc98b4b46@ims.mnc070.mcc999.3gpp.network.org 180 Ringing -> 200 OK, dialog confirmed
Jul  8 13:58:02 ims kamailio-scscf[3067]: INFO: tm [t_reply.c:900]: Call-ID: 9bc1bb6b25094831@ims.mnc070.mcc999.3gpp.network.org final reply 480 No Answer
Jul  8 13:58:36 ims kamailio-scscf[3067]: INFO: registrar [save.c:498]: 401 challenge -> REGISTER w/ auth -> 200 OK for sip:+999700000000645@ims.mnc070.mcc999.3gpp.network.org
Jul  8 13:58:48 ims kamailio-scscf[3067]: INFO: registrar [save.c:498]: 401 challenge -> REGISTER w/ auth -> 200 OK for sip:+999700000004263@ims.mnc070.mcc999.3gpp.network.org
Jul  8 13:59:50 ims kamailio-scscf[3067]: INFO: registrar [save.c:498]: 401 challenge -> REGISTER w/ auth -> 200 OK for sip:+999700000004328@ims.mnc070.mcc999.3gpp.network.org
Jul  8 14:00:52 ims kamailio-scscf[3067]: INFO: tm [t_reply.c:900]: Call-ID: f9320893d5cc4fa1@ims.mnc070.mcc999.3gpp.network.org 180 Ringing -> 200 OK, dialog confirmed
Jul  8 14:01:24 ims kamailio-scscf[3067]: INFO: tm [t_reply.c:900]: Call-ID: 1ac8d6133052449e@ims.mnc070.mcc999.3gpp.network.org 180 Ringing -> 200 OK, dialog confirmed
Jul  8 14:01:33 ims kamailio-scscf[3067]: INFO: registrar [save.c:498]: 401 challenge -> REGISTER w/ auth -> 200 OK for sip:+999700000000768@ims.mnc070.mcc999.3gpp.network.org
Jul  8 14:01:55 ims kamailio-scscf[3067]: INFO: registrar [save.c:498]: 401 challenge -> REGISTER w/ auth -> 200 OK for sip:+999700000004218@ims.mnc070.mcc999.3gpp.network.org
Jul  8 14:03:14 ims kamailio-scscf[3067]: INFO: registrar [save.c:498]: 401 challenge -> REGISTER w/ auth -> 200 OK for sip:+999700000002611@ims.mnc070.mcc999.3gpp.network.org
Jul  8 14:03:24 ims kamailio-scscf[3067]: INFO: registrar [save.c:498]: 401 challenge -> REGISTER w/ auth -> 200 OK for sip:+999700000000069@ims.mnc070.mcc999.3gpp.network.org
Jul  8 14:03:42 ims kamailio-scscf[3067]: INFO: registrar [save.c:498]: 401 challenge -> REGISTER w/ auth -> 200 OK for sip:+999700000003238@ims.mnc070.mcc999.3gpp.network.org
Jul  8 14:03:46 ims kamailio-scscf[3067]: INFO: tm [t_reply.c:900]: Call-ID: 1737f2d59ae344b7@ims.mnc070.mcc999.3gpp.network.org 180 Ringing -> 200 OK, dialog confirmed
Jul  8 14:03:55 ims kamailio-scscf[3067]: INFO: registrar [save.c:498]: 401 challenge -> REGISTER w/ auth -> 200 OK for sip:+999700000001731@ims.mnc070.mcc999.3gpp.network.org
Jul  8 14:04:41 ims kamailio-scscf[3067]: INFO: registrar [save.c:498]: 401 challenge -> REGISTER w/ auth -> 200 OK for sip:+999700000002349@ims.mnc070.mcc999.3gpp.network.org
Jul  8 14:05:07 ims kamailio-scscf[3067]: INFO: tm [t_reply.c:900]: Call-ID: 4c568407ed314457@ims.mnc070.mcc999.3gpp.network.org 180 Ringing -> 200 OK, dialog confirmed
Jul  8 14:05:29 ims kamailio-scscf[3067]: INFO: registrar [save.c:498]: 401 challenge -> REGISTER w/ auth -> 200 OK for sip:+999700000002366@ims.mnc070.mcc999.3gpp.network.org
Jul  8 14:05:29 ims kamailio-scscf[3067]: INFO: registrar [save.c:498]: 401 challenge -> REGISTER w/ auth -> 200 OK for sip:+999700000002484@ims.mnc070.mcc999.3gpp.network.org
Jul  8 14:05:41 ims kamailio-scscf[3067]: INFO: registrar [save.c:498]: 401 challenge -> REGISTER w/ auth -> 200 OK for sip:+999700000003503@ims.mnc070.mcc999.3gpp.network.org
Jul  8 14:05:56 ims kamailio-scscf[3067]: INFO: tm [t_reply.c:900]: Call-ID: e024ba97936048ac@ims.mnc070.mcc999.3gpp.network.org 180 Ringing -> 200 OK, dialog confirmed
Jul  8 14:06:18 ims kamailio-scscf[3067]: INFO: tm [t_reply.c:900]: Call-ID: 366fa0de0d4248a2@ims.mnc070.mcc999.3gpp.network.org final reply 480 No Answer
Jul  8 14:07:55 ims kamailio-scscf[3067]: INFO: registrar [save.c:498]: 401 challenge -> REGISTER w/ auth -> 200 OK for sip:+999700000003333@ims.mnc070.mcc999.3gpp.network.org
Jul  8 14:08:36 ims kamailio-scscf[3067]: INFO: tm [t_reply.c:900]: Call-ID: 4402ba397e7e4e5f@ims.mnc070.mcc999.3gpp.network.org final reply 480 No Answer
Jul  8 14:08:41 ims kamailio-scscf[3067]: INFO: registrar [save.c:498]: 401 challenge -> REGISTER w/ auth -> 200 OK for sip:+999700000003021@ims.mnc070.mcc999.3gpp.network.org
Jul  8 14:09:29 ims kamailio-scscf[3067]: INFO: tm [t_reply.c:900]: Call-ID: ca3996ec59344398@ims.mnc070.mcc999.3gpp.network.org 180 Ringing -> 200 OK, dialog confirmed
Jul  8 14:10:32 ims kamailio-scscf[3067]: INFO: tm [t_reply.c:900]: Call-ID: a6a5a23188824ee4@ims.mnc070.mcc999.3gpp.network.org 180 Ringing -> 200 OK, dialog confirmed
Jul  8 14:10:51 ims kamailio-scscf[3067]: INFO: registrar [save.c:498]: 401 challenge -> REGISTER w/ auth -> 200 OK for sip:+999700000001808@ims.mnc070.mcc999.3gpp.network.org
Jul  8 14:11:08 ims kamailio-scscf[3067]: INFO: tm [t_reply.c:900]: Call-ID: d3ee084cf8474aa3@ims.mnc070.mcc999.3gpp.network.org final reply 486 Busy Here
Jul  8 14:12:19 ims kamailio-scscf[3067]: INFO: tm [t_reply.c:900]: Call-ID: 058c6f01582b4c26@ims.mnc070.mcc999.3gpp.network.org 180 Ringing -> 200 OK, dialog confirmed
Jul  8 14:12:59 ims kamailio-scscf[3067]: INFO: registrar [save.c:498]: 401 challenge -> REGISTER w/ auth -> 200 OK for sip:+999700000003311@ims.mnc070.mcc999.3gpp.network.org
Jul  8 14:13:05 ims kamailio-scscf[3067]: INFO: tm [t_reply.c:900]: Call-ID: 82f1ab8d2c9a41e2@ims.mnc070.mcc999.3gpp.network.org 180 Ringing -> 200 OK, dialog confirmed
Jul  8 14:13:43 ims kamailio-scscf[3067]: INFO: registrar [save.c:498]: 401 challenge -> REGISTER w/ auth -> 200 OK for sip:+999700000002539@ims.mnc070.mcc999.3gpp.network.org
Jul  8 14:15:30 ims kamailio-scscf[3067]: INFO: tm [t_reply.c:900]: Call-ID: 9f1682f854f24ba2@ims.mnc070.mcc999.3gpp.network.org 180 Ringing -> 200 OK, dialog confirmed
Jul  8 14:15:37 ims kamailio-scscf[3067]: INFO: registrar [save.c:498]: 401 challenge -> REGISTER w/ auth -> 200 OK for sip:+999700000004606@ims.mnc070.mcc999.3gpp.network.org
Jul  8 14:15:47 ims kamailio-scscf[3067]: INFO: registrar [save.c:498]: 401 challenge -> REGISTER w/ auth -> 200 OK for sip:+999700000000534@ims.mnc070.mcc999.3gpp.network.org
Jul  8 14:16:12 ims kamailio-scscf[3067]: INFO: registrar [save.c:498]: 401 challenge -> REGISTER w/ auth -> 200 OK for sip:+999700000002042@ims.mnc070.mcc999.3gpp.network.org
Jul  8 14:16:32 ims kamailio-scscf[3067]: INFO: registrar [save.c:498]: 401 challenge -> REGISTER w/ auth -> 200 OK for sip:+999700000001390@ims.mnc070.mcc999.3gpp.network.org
Jul  8 14:17:10 ims kamailio-scscf[3067]: INFO: tm [t_reply.c:900]: Call-ID: 84a3d2f807f04404@ims.mnc070.mcc999.3gpp.network.org 180 Ringing -> 200 OK, dialog confirmed
Jul  8 14:17:18 ims kamailio-scscf[3067]: INFO: tm [t_reply.c:900]: Call-ID: 9c6ff05595834aac@ims.mnc070.mcc999.3gpp.network.org final reply 480 No Answer
Jul  8 14:17:48 ims kamailio-scscf[3067]: INFO: registrar [save.c:498]: 401 challenge -> REGISTER w/ auth -> 200 OK for sip:+999700000004861@ims.mnc070.mcc999.3gpp.network.org
Jul  8 14:18:59 ims kamailio-scscf[3067]: INFO: registrar [save.c:498]: 401 challenge -> REGISTER w/ auth -> 200 OK for sip:+999700000000644@ims.mnc070.mcc999.3gpp.network.org
Jul  8 14:19:16 ims kamailio-scscf[3067]: INFO: tm [t_reply.c:900]: Call-ID: 31e0abfb75124711@ims.mnc070.mcc999.3gpp.network.org 180 Ringing -> 200 OK, dialog confirmed
Jul  8 14:19:21 ims kamailio-scscf[3067]: INFO: registrar [save.c:498]: 401 challenge -> REGISTER w/ auth -> 200 OK for sip:+999700000003448@ims.mnc070.mcc999.3gpp.network.org
Jul  8 14:19:33 ims kamailio-scscf[3067]: INFO: tm [t_reply.c:900]: Call-ID: 2a792e7b07ee45b7@ims.mnc070.mcc999.3gpp.network.org 180 Ringing -> 200 OK, dialog confirmed
Jul  8 14:20:19 ims kamailio-scscf[3067]: INFO: registrar [save.c:498]: 401 challenge -> REGISTER w/ auth -> 200 OK for sip:+999700000002953@ims.mnc070.mcc999.3gpp.network.org
Jul  8 14:20:43 ims kamailio-scscf[3067]: INFO: tm [t_reply.c:900]: Call-ID: 3d35b723b7434c0b@ims.mnc070.mcc999.3gpp.network.org 180 Ringing -> 200 OK, dialog confirmed
Jul  8 14:21:20 ims kamailio-scscf[3067]: INFO: tm [t_reply.c:900]: Call-ID: b48f5518005f4810@ims.mnc070.mcc999.3gpp.network.org 180 Ringing -> 200 OK, dialog confirmed
Jul  8 14:23:36 ims kamailio-scscf[3067]: INFO: tm [t_reply.c:900]: Call-ID: 66357caadb034aa9@ims.mnc070.mcc999.3gpp.network.org 180 Ringing -> 200 OK, dialog confirmed
Jul  8 14:24:03 ims kamailio-scscf[3067]: INFO: tm [t_reply.c:900]: Call-ID: f164714e3f4b4308@ims.mnc070.mcc999.3gpp.network.org 180 Ringing -> 200 OK, dialog confirmed
Jul  8 14:24:28 ims kamailio-scscf[3067]: INFO: registrar [save.c:498]: 401 challenge -> REGISTER w/ auth -> 200 OK for sip:+999700000004161@ims.mnc070.mcc999.3gpp.network.org
Jul  8 14:25:02 ims kamailio-scscf[3067]: INFO: registrar [save.c:498]: 401 challenge -> REGISTER w/ auth -> 200 OK for sip:+999700000002771@ims.mnc070.mcc999.3gpp.network.org
Jul  8 14:26:13 ims kamailio-scscf[3067]: INFO: tm [t_reply.c:900]: Call-ID: 52a02b0be91e4e8a@ims.mnc070.mcc999.3gpp.network.org 180 Ringing -> 200 OK, dialog confirmed
Jul  8 14:26:45 ims kamailio-scscf[3067]: INFO: registrar [save.c:498]: 401 challenge -> REGISTER w/ auth -> 200 OK for sip:+999700000002411@ims.mnc070.mcc999.3gpp.network.org
Jul  8 14:27:25 ims kamailio-scscf[3067]: INFO: registrar [save.c:498]: 401 challenge -> REGISTER w/ auth -> 200 OK for sip:+999700000003554@ims.mnc070.mcc999.3gpp.network.org
Jul  8 14:28:08 ims kamailio-scscf[3067]: WARNING: tm [t_reply.c:1201]: INVITE Call-ID: e126d558cab24611@ims.mnc070.mcc999.3gpp.network.org failed, 503/timeout downstream
Jul  8 14:28:43 ims kamailio-scscf[3067]: INFO: registrar [save.c:498]: 401 challenge -> REGISTER w/ auth -> 200 OK for sip:+999700000002775@ims.mnc070.mcc999.3gpp.network.org
Jul  8 14:29:01 ims kamailio-scscf[3067]: INFO: tm [t_reply.c:900]: Call-ID: 54eca326ca6b4181@ims.mnc070.mcc999.3gpp.network.org 180 Ringing -> 200 OK, dialog confirmed
Jul  8 14:29:12 ims kamailio-scscf[3067]: INFO: registrar [save.c:498]: 401 challenge -> REGISTER w/ auth -> 200 OK for sip:+999700000004462@ims.mnc070.mcc999.3gpp.network.org
Jul  8 14:29:15 ims kamailio-scscf[3067]: INFO: registrar [save.c:498]: 401 challenge -> REGISTER w/ auth -> 200 OK for sip:+999700000004297@ims.mnc070.mcc999.3gpp.network.org
Jul  8 14:29:47 ims kamailio-scscf[3067]: INFO: registrar [save.c:498]: 401 challenge -> REGISTER w/ auth -> 200 OK for sip:+999700000001879@ims.mnc070.mcc999.3gpp.network.org
Jul  8 14:29:52 ims kamailio-scscf[3067]: INFO: registrar [save.c:498]: 401 challenge -> REGISTER w/ auth -> 200 OK for sip:+999700000000736@ims.mnc070.mcc999.3gpp.network.org
Jul  8 14:30:21 ims kamailio-scscf[3067]: INFO: registrar [save.c:498]: 401 challenge -> REGISTER w/ auth -> 200 OK for sip:+999700000004781@ims.mnc070.mcc999.3gpp.network.org
Jul  8 14:30:47 ims kamailio-scscf[3067]: INFO: tm [t_reply.c:900]: Call-ID: f7cd4f39c52c408e@ims.mnc070.mcc999.3gpp.network.org 180 Ringing -> 200 OK, dialog confirmed
Jul  8 14:30:53 ims kamailio-scscf[3067]: INFO: registrar [save.c:498]: 401 challenge -> REGISTER w/ auth -> 200 OK for sip:+999700000003251@ims.mnc070.mcc999.3gpp.network.org
Jul  8 14:31:16 ims kamailio-scscf[3067]: INFO: tm [t_reply.c:900]: Call-ID: 2351c6418e124300@ims.mnc070.mcc999.3gpp.network.org 180 Ringing -> 200 OK, dialog confirmed
Jul  8 14:31:51 ims kamailio-scscf[3067]: INFO: registrar [save.c:498]: 401 challenge -> REGISTER w/ auth -> 200 OK for sip:+999700000002977@ims.mnc070.mcc999.3gpp.network.org
Jul  8 14:33:01 ims kamailio-scscf[3067]: INFO: registrar [save.c:498]: 401 challenge -> REGISTER w/ auth -> 200 OK for sip:+999700000001348@ims.mnc070.mcc999.3gpp.network.org
Jul  8 14:33:02 ims kamailio-scscf[3067]: INFO: tm [t_reply.c:900]: Call-ID: 193529f7a555400d@ims.mnc070.mcc999.3gpp.network.org 180 Ringing -> 200 OK, dialog confirmed
Jul  8 14:33:48 ims kamailio-scscf[3067]: INFO: registrar [save.c:498]: 401 challenge -> REGISTER w/ auth -> 200 OK for sip:+999700000004925@ims.mnc070.mcc999.3gpp.network.org
Jul  8 14:34:23 ims kamailio-scscf[3067]: INFO: tm [t_reply.c:900]: Call-ID: 3e28f128a8364120@ims.mnc070.mcc999.3gpp.network.org final reply 486 Busy Here
Jul  8 14:34:57 ims kamailio-scscf[3067]: INFO: registrar [save.c:498]: 401 challenge -> REGISTER w/ auth -> 200 OK for sip:+999700000002237@ims.mnc070.mcc999.3gpp.network.org
Jul  8 14:35:12 ims kamailio-scscf[3067]: INFO: tm [t_reply.c:900]: Call-ID: 0932afd93dfd42e1@ims.mnc070.mcc999.3gpp.network.org 180 Ringing -> 200 OK, dialog confirmed
Jul  8 14:36:20 ims kamailio-scscf[3067]: INFO: registrar [save.c:498]: 401 challenge -> REGISTER w/ auth -> 200 OK for sip:+999700000002461@ims.mnc070.mcc999.3gpp.network.org
Jul  8 14:37:44 ims kamailio-scscf[3067]: INFO: registrar [save.c:498]: 401 challenge -> REGISTER w/ auth -> 200 OK for sip:+999700000001761@ims.mnc070.mcc999.3gpp.network.org
Jul  8 14:37:53 ims kamailio-scscf[3067]: INFO: tm [t_reply.c:900]: Call-ID: 47dd3534f42643b0@ims.mnc070.mcc999.3gpp.network.org 180 Ringing -> 200 OK, dialog confirmed
Jul  8 14:38:50 ims kamailio-scscf[3067]: INFO: tm [t_reply.c:900]: Call-ID: 379ec22a92724e6f@ims.mnc070.mcc999.3gpp.network.org 180 Ringing -> 200 OK, dialog confirmed
Jul  8 14:39:14 ims kamailio-scscf[3067]: INFO: tm [t_reply.c:900]: Call-ID: 04616ab2714e413e@ims.mnc070.mcc999.3gpp.network.org 180 Ringing -> 200 OK, dialog confirmed
Jul  8 14:39:16 ims kamailio-scscf[3067]: WARNING: tm [t_reply.c:1201]: INVITE Call-ID: 27722a3dd0044610@ims.mnc070.mcc999.3gpp.network.org failed, 503/timeout downstream
Jul  8 14:39:26 ims kamailio-scscf[3067]: INFO: registrar [save.c:498]: 401 challenge -> REGISTER w/ auth -> 200 OK for sip:+999700000001384@ims.mnc070.mcc999.3gpp.network.org
Jul  8 14:40:10 ims kamailio-scscf[3067]: INFO: registrar [save.c:498]: 401 challenge -> REGISTER w/ auth -> 200 OK for sip:+999700000004131@ims.mnc070.mcc999.3gpp.network.org
Jul  8 14:41:21 ims kamailio-scscf[3067]: INFO: registrar [save.c:498]: 401 challenge -> REGISTER w/ auth -> 200 OK for sip:+999700000000368@ims.mnc070.mcc999.3gpp.network.org
Jul  8 14:41:22 ims kamailio-scscf[3067]: INFO: registrar [save.c:498]: 401 challenge -> REGISTER w/ auth -> 200 OK for sip:+999700000004544@ims.mnc070.mcc999.3gpp.network.org
Jul  8 14:41:42 ims kamailio-scscf[3067]: INFO: tm [t_reply.c:900]: Call-ID: faf4309a5df74467@ims.mnc070.mcc999.3gpp.network.org 180 Ringing -> 200 OK, dialog confirmed
Jul  8 14:42:26 ims kamailio-scscf[3067]: INFO: registrar [save.c:498]: 401 challenge -> REGISTER w/ auth -> 200 OK for sip:+999700000003000@ims.mnc070.mcc999.3gpp.network.org
Jul  8 14:42:49 ims kamailio-scscf[3067]: INFO: tm [t_reply.c:900]: Call-ID: 5bfac932e3db430e@ims.mnc070.mcc999.3gpp.network.org 180 Ringing -> 200 OK, dialog confirmed
Jul  8 14:43:48 ims kamailio-scscf[3067]: INFO: registrar [save.c:498]: 401 challenge -> REGISTER w/ auth -> 200 OK for sip:+999700000001620@ims.mnc070.mcc999.3gpp.network.org
Jul  8 14:44:39 ims kamailio-scscf[3067]: INFO: registrar [save.c:498]: 401 challenge -> REGISTER w/ auth -> 200 OK for sip:+999700000000724@ims.mnc070.mcc999.3gpp.network.org
Jul  8 14:44:40 ims kamailio-scscf[3067]: INFO: registrar [save.c:498]: 401 challenge -> REGISTER w/ auth -> 200 OK for sip:+999700000000728@ims.mnc070.mcc999.3gpp.network.org
Jul  8 14:45:19 ims kamailio-scscf[3067]: INFO: tm [t_reply.c:900]: Call-ID: d793dbf1c25a42b5@ims.mnc070.mcc999.3gpp.network.org 180 Ringing -> 200 OK, dialog confirmed
Jul  8 14:45:26 ims kamailio-scscf[3067]: INFO: registrar [save.c:498]: 401 challenge -> REGISTER w/ auth -> 200 OK for sip:+999700000002844@ims.mnc070.mcc999.3gpp.network.org
Jul  8 14:45:29 ims kamailio-scscf[3067]: INFO: tm [t_reply.c:900]: Call-ID: f40fb75f71da4a11@ims.mnc070.mcc999.3gpp.network.org 180 Ringing -> 200 OK, dialog confirmed
Jul  8 14:47:21 ims kamailio-scscf[3067]: INFO: registrar [save.c:498]: 401 challenge -> REGISTER w/ auth -> 200 OK for sip:+999700000000686@ims.mnc070.mcc999.3gpp.network.org
Jul  8 14:47:28 ims kamailio-scscf[3067]: INFO: tm [t_reply.c:900]: Call-ID: bc06e610ac11471e@ims.mnc070.mcc999.3gpp.network.org final reply 486 Busy Here
Jul  8 14:47:52 ims kamailio-scscf[3067]: INFO: registrar [save.c:498]: 401 challenge -> REGISTER w/ auth -> 200 OK for sip:+999700000003842@ims.mnc070.mcc999.3gpp.network.org
Jul  8 14:48:34 ims kamailio-scscf[3067]: INFO: registrar [save.c:498]: 401 challenge -> REGISTER w/ auth -> 200 OK for sip:+999700000003641@ims.mnc070.mcc999.3gpp.network.org
Jul  8 14:49:27 ims kamailio-scscf[3067]: INFO: registrar [save.c:498]: 401 challenge -> REGISTER w/ auth -> 200 OK for sip:+999700000003017@ims.mnc070.mcc999.3gpp.network.org
Jul  8 14:50:31 ims kamailio-scscf[3067]: INFO: tm [t_reply.c:900]: Call-ID: 0c9664c7c6654bf5@ims.mnc070.mcc999.3gpp.network.org 180 Ringing -> 200 OK, dialog confirmed
Jul  8 14:50:48 ims kamailio-scscf[3067]: INFO: registrar [save.c:498]: 401 challenge -> REGISTER w/ auth -> 200 OK for sip:+999700000000859@ims.mnc070.mcc999.3gpp.network.org
Jul  8 14:51:22 ims kamailio-scscf[3067]: INFO: registrar [save.c:498]: 401 challenge -> REGISTER w/ auth -> 200 OK for sip:+999700000001607@ims.mnc070.mcc999.3gpp.network.org
Jul  8 14:51:59 ims kamailio-scscf[3067]: INFO: tm [t_reply.c:900]: Call-ID: 5bdc0e8d29334027@ims.mnc070.mcc999.3gpp.network.org 180 Ringing -> 200 OK, dialog confirmed
Jul  8 14:52:11 ims kamailio-scscf[3067]: INFO: registrar [save.c:498]: 401 challenge -> REGISTER w/ auth -> 200 OK for sip:+999700000004752@ims.mnc070.mcc999.3gpp.network.org
Jul  8 14:52:18 ims kamailio-scscf[3067]: INFO: registrar [save.c:498]: 401 challenge -> REGISTER w/ auth -> 200 OK for sip:+999700000003663@ims.mnc070.mcc999.3gpp.network.org
Jul  8 14:54:28 ims kamailio-scscf[3067]: INFO: registrar [save.c:498]: 401 challenge -> REGISTER w/ auth -> 200 OK for sip:+999700000004037@ims.mnc070.mcc999.3gpp.network.org
Jul  8 14:54:54 ims kamailio-scscf[3067]: INFO: tm [t_reply.c:900]: Call-ID: 4b1a9082702a4a2e@ims.mnc070.mcc999.3gpp.network.org 180 Ringing -> 200 OK, dialog confirmed
Jul  8 14:55:34 ims kamailio-scscf[3067]: INFO: registrar [save.c:498]: 401 challenge -> REGISTER w/ auth -> 200 OK for sip:+999700000003923@ims.mnc070.mcc999.3gpp.network.org
Jul  8 14:55:57 ims kamailio-scscf[3067]: INFO: registrar [save.c:498]: 401 challenge -> REGISTER w/ auth -> 200 OK for sip:+999700000001184@ims.mnc070.mcc999.3gpp.network.org
Jul  8 14:56:41 ims kamailio-scscf[3067]: INFO: tm [t_reply.c:900]: Call-ID: 88bac177a5bf4cec@ims.mnc070.mcc999.3gpp.network.org 180 Ringing -> 200 OK, dialog confirmed
Jul  8 14:56:44 ims kamailio-scscf[3067]: INFO: registrar [save.c:498]: 401 challenge -> REGISTER w/ auth -> 200 OK for sip:+999700000002892@ims.mnc070.mcc999.3gpp.network.org
Jul  8 14:57:15 ims kamailio-scscf[3067]: INFO: registrar [save.c:498]: 401 challenge -> REGISTER w/ auth -> 200 OK for sip:+999700000002155@ims.mnc070.mcc999.3gpp.network.org
Jul  8 14:57:22 ims kamailio-scscf[3067]: WARNING: tm [t_reply.c:1201]: INVITE Call-ID: da652a11711e4ea6@ims.mnc070.mcc999.3gpp.network.org failed, 503/timeout downstream
Jul  8 14:57:35 ims kamailio-scscf[3067]: INFO: registrar [save.c:498]: 401 challenge -> REGISTER w/ auth -> 200 OK for sip:+999700000002354@ims.mnc070.mcc999.3gpp.network.org
Jul  8 14:57:35 ims kamailio-scscf[3067]: INFO: tm [t_reply.c:900]: Call-ID: 8ad474b408254fd2@ims.mnc070.mcc999.3gpp.network.org 180 Ringing -> 200 OK, dialog confirmed
Jul  8 14:57:47 ims kamailio-scscf[3067]: INFO: registrar [save.c:498]: 401 challenge -> REGISTER w/ auth -> 200 OK for sip:+999700000004879@ims.mnc070.mcc999.3gpp.network.org
Jul  8 14:58:35 ims kamailio-scscf[3067]: INFO: registrar [save.c:498]: 401 challenge -> REGISTER w/ auth -> 200 OK for sip:+999700000000714@ims.mnc070.mcc999.3gpp.network.org
Jul  8 14:59:07 ims kamailio-scscf[3067]: INFO: registrar [save.c:498]: 401 challenge -> REGISTER w/ auth -> 200 OK for sip:+999700000002827@ims.mnc070.mcc999.3gpp.network.org
Jul  8 14:59:08 ims kamailio-scscf[3067]: INFO: registrar [save.c:498]: 401 challenge -> REGISTER w/ auth -> 200 OK for sip:+999700000004650@ims.mnc070.mcc999.3gpp.network.org
Jul  8 14:59:10 ims kamailio-scscf[3067]: INFO: tm [t_reply.c:900]: Call-ID: 2f69af36fa064c17@ims.mnc070.mcc999.3gpp.network.org 180 Ringing -> 200 OK, dialog confirmed
Jul  8 14:59:40 ims kamailio-scscf[3067]: INFO: tm [t_reply.c:900]: Call-ID: 744b3ead8b7c4a4e@ims.mnc070.mcc999.3gpp.network.org 180 Ringing -> 200 OK, dialog confirmed
Jul  8 15:00:13 ims kamailio-scscf[3067]: WARNING: registrar [save.c:512]: authentication failed for sip:+999700000001410@ims.mnc070.mcc999.3gpp.network.org, replying 403 Forbidden
Jul  8 15:00:26 ims kamailio-scscf[3067]: INFO: registrar [save.c:498]: 401 challenge -> REGISTER w/ auth -> 200 OK for sip:+999700000002383@ims.mnc070.mcc999.3gpp.network.org
Jul  8 15:00:30 ims kamailio-scscf[3067]: INFO: registrar [save.c:498]: 401 challenge -> REGISTER w/ auth -> 200 OK for sip:+999700000002050@ims.mnc070.mcc999.3gpp.network.org
Jul  8 15:02:42 ims kamailio-scscf[3067]: INFO: tm [t_reply.c:900]: Call-ID: d7e6f6b225d140ad@ims.mnc070.mcc999.3gpp.network.org 180 Ringing -> 200 OK, dialog confirmed
Jul  8 15:02:53 ims kamailio-scscf[3067]: INFO: registrar [save.c:498]: 401 challenge -> REGISTER w/ auth -> 200 OK for sip:+999700000002689@ims.mnc070.mcc999.3gpp.network.org
Jul  8 15:02:54 ims kamailio-scscf[3067]: INFO: tm [t_reply.c:900]: Call-ID: b21426ee18094cd7@ims.mnc070.mcc999.3gpp.network.org 180 Ringing -> 200 OK, dialog confirmed
Jul  8 15:03:02 ims kamailio-scscf[3067]: INFO: registrar [save.c:498]: 401 challenge -> REGISTER w/ auth -> 200 OK for sip:+999700000000492@ims.mnc070.mcc999.3gpp.network.org
Jul  8 15:03:28 ims kamailio-scscf[3067]: INFO: tm [t_reply.c:900]: Call-ID: 4cdf5c0d48634d74@ims.mnc070.mcc999.3gpp.network.org 180 Ringing -> 200 OK, dialog confirmed
Jul  8 15:03:40 ims kamailio-scscf[3067]: INFO: registrar [save.c:498]: 401 challenge -> REGISTER w/ auth -> 200 OK for sip:+999700000001456@ims.mnc070.mcc999.3gpp.network.org
Jul  8 15:04:53 ims kamailio-scscf[3067]: INFO: registrar [save.c:498]: 401 challenge -> REGISTER w/ auth -> 200 OK for sip:+999700000003335@ims.mnc070.mcc999.3gpp.network.org
Jul  8 15:06:15 ims kamailio-scscf[3067]: INFO: registrar [save.c:498]: 401 challenge -> REGISTER w/ auth -> 200 OK for sip:+999700000001389@ims.mnc070.mcc999.3gpp.network.org
Jul  8 15:06:19 ims kamailio-scscf[3067]: INFO: tm [t_reply.c:900]: Call-ID: 020c3bda283b4292@ims.mnc070.mcc999.3gpp.network.org final reply 480 No Answer
Jul  8 15:08:35 ims kamailio-scscf[3067]: INFO: tm [t_reply.c:900]: Call-ID: 171676d306bd448f@ims.mnc070.mcc999.3gpp.network.org 180 Ringing -> 200 OK, dialog confirmed
Jul  8 15:08:35 ims kamailio-scscf[3067]: INFO: registrar [save.c:498]: 401 challenge -> REGISTER w/ auth -> 200 OK for sip:+999700000001546@ims.mnc070.mcc999.3gpp.network.org
Jul  8 15:09:59 ims kamailio-scscf[3067]: INFO: tm [t_reply.c:900]: Call-ID: 86718b93f2764202@ims.mnc070.mcc999.3gpp.network.org 180 Ringing -> 200 OK, dialog confirmed
Jul  8 15:10:30 ims kamailio-scscf[3067]: INFO: registrar [save.c:498]: 401 challenge -> REGISTER w/ auth -> 200 OK for sip:+999700000001457@ims.mnc070.mcc999.3gpp.network.org
Jul  8 15:12:13 ims kamailio-scscf[3067]: INFO: tm [t_reply.c:900]: Call-ID: 6b126076436a46f4@ims.mnc070.mcc999.3gpp.network.org 180 Ringing -> 200 OK, dialog confirmed
Jul  8 15:12:17 ims kamailio-scscf[3067]: INFO: registrar [save.c:498]: 401 challenge -> REGISTER w/ auth -> 200 OK for sip:+999700000002826@ims.mnc070.mcc999.3gpp.network.org
Jul  8 15:12:21 ims kamailio-scscf[3067]: INFO: registrar [save.c:498]: 401 challenge -> REGISTER w/ auth -> 200 OK for sip:+999700000004397@ims.mnc070.mcc999.3gpp.network.org
Jul  8 15:12:30 ims kamailio-scscf[3067]: INFO: registrar [save.c:498]: 401 challenge -> REGISTER w/ auth -> 200 OK for sip:+999700000001475@ims.mnc070.mcc999.3gpp.network.org
Jul  8 15:13:14 ims kamailio-scscf[3067]: INFO: registrar [save.c:498]: 401 challenge -> REGISTER w/ auth -> 200 OK for sip:+999700000000313@ims.mnc070.mcc999.3gpp.network.org
Jul  8 15:13:47 ims kamailio-scscf[3067]: INFO: registrar [save.c:498]: 401 challenge -> REGISTER w/ auth -> 200 OK for sip:+999700000004053@ims.mnc070.mcc999.3gpp.network.org
Jul  8 15:14:18 ims kamailio-scscf[3067]: INFO: registrar [save.c:498]: 401 challenge -> REGISTER w/ auth -> 200 OK for sip:+999700000000767@ims.mnc070.mcc999.3gpp.network.org
Jul  8 15:14:45 ims kamailio-scscf[3067]: INFO: tm [t_reply.c:900]: Call-ID: 3a3b9c7ae8254d73@ims.mnc070.mcc999.3gpp.network.org 180 Ringing -> 200 OK, dialog confirmed
Jul  8 15:15:16 ims kamailio-scscf[3067]: INFO: tm [t_reply.c:900]: Call-ID: bfda3ecf26334ab1@ims.mnc070.mcc999.3gpp.network.org 180 Ringing -> 200 OK, dialog confirmed
Jul  8 15:15:48 ims kamailio-scscf[3067]: INFO: registrar [save.c:498]: 401 challenge -> REGISTER w/ auth -> 200 OK for sip:+999700000001586@ims.mnc070.mcc999.3gpp.network.org
Jul  8 15:15:52 ims kamailio-scscf[3067]: INFO: registrar [save.c:498]: 401 challenge -> REGISTER w/ auth -> 200 OK for sip:+999700000004141@ims.mnc070.mcc999.3gpp.network.org
Jul  8 15:17:27 ims kamailio-scscf[3067]: INFO: tm [t_reply.c:900]: Call-ID: 48e9fdeb7a994d88@ims.mnc070.mcc999.3gpp.network.org 180 Ringing -> 200 OK, dialog confirmed
Jul  8 15:17:42 ims kamailio-scscf[3067]: INFO: tm [t_reply.c:900]: Call-ID: b0c2ebc1e51242b4@ims.mnc070.mcc999.3gpp.network.org final reply 486 Busy Here
Jul  8 15:18:45 ims kamailio-scscf[3067]: INFO: tm [t_reply.c:900]: Call-ID: 915203f7eed748e2@ims.mnc070.mcc999.3gpp.network.org 180 Ringing -> 200 OK, dialog confirmed
Jul  8 15:19:36 ims kamailio-scscf[3067]: INFO: registrar [save.c:498]: 401 challenge -> REGISTER w/ auth -> 200 OK for sip:+999700000004693@ims.mnc070.mcc999.3gpp.network.org
Jul  8 15:19:37 ims kamailio-scscf[3067]: INFO: registrar [save.c:498]: 401 challenge -> REGISTER w/ auth -> 200 OK for sip:+999700000003992@ims.mnc070.mcc999.3gpp.network.org
Jul  8 15:20:23 ims kamailio-scscf[3067]: INFO: registrar [save.c:498]: 401 challenge -> REGISTER w/ auth -> 200 OK for sip:+999700000000774@ims.mnc070.mcc999.3gpp.network.org
Jul  8 15:20:34 ims kamailio-scscf[3067]: INFO: registrar [save.c:498]: 401 challenge -> REGISTER w/ auth -> 200 OK for sip:+999700000000517@ims.mnc070.mcc999.3gpp.network.org
Jul  8 15:20:52 ims kamailio-scscf[3067]: INFO: tm [t_reply.c:900]: Call-ID: 9b1b5cdb83444250@ims.mnc070.mcc999.3gpp.network.org 180 Ringing -> 200 OK, dialog confirmed
Jul  8 15:21:20 ims kamailio-scscf[3067]: INFO: tm [t_reply.c:900]: Call-ID: f439fbbdb3884593@ims.mnc070.mcc999.3gpp.network.org 180 Ringing -> 200 OK, dialog confirmed
Jul  8 15:21:53 ims kamailio-scscf[3067]: INFO: tm [t_reply.c:900]: Call-ID: 0f2118e6d05b48d7@ims.mnc070.mcc999.3gpp.network.org 180 Ringing -> 200 OK, dialog confirmed
Jul  8 15:22:04 ims kamailio-scscf[3067]: INFO: registrar [save.c:498]: 401 challenge -> REGISTER w/ auth -> 200 OK for sip:+999700000004256@ims.mnc070.mcc999.3gpp.network.org
Jul  8 15:24:21 ims kamailio-scscf[3067]: INFO: registrar [save.c:498]: 401 challenge -> REGISTER w/ auth -> 200 OK for sip:+999700000001176@ims.mnc070.mcc999.3gpp.network.org
Jul  8 15:24:23 ims kamailio-scscf[3067]: INFO: tm [t_reply.c:900]: Call-ID: d7ebdd09dc2541e9@ims.mnc070.mcc999.3gpp.network.org 180 Ringing -> 200 OK, dialog confirmed
Jul  8 15:25:33 ims kamailio-scscf[3067]: INFO: registrar [save.c:498]: 401 challenge -> REGISTER w/ auth -> 200 OK for sip:+999700000003863@ims.mnc070.mcc999.3gpp.network.org
Jul  8 15:26:24 ims kamailio-scscf[3067]: INFO: registrar [save.c:498]: 401 challenge -> REGISTER w/ auth -> 200 OK for sip:+999700000000832@ims.mnc070.mcc999.3gpp.network.org
Jul  8 15:26:32 ims kamailio-scscf[3067]: INFO: registrar [save.c:498]: 401 challenge -> REGISTER w/ auth -> 200 OK for sip:+999700000001619@ims.mnc070.mcc999.3gpp.network.org
Jul  8 15:26:48 ims kamailio-scscf[3067]: INFO: registrar [save.c:498]: 401 challenge -> REGISTER w/ auth -> 200 OK for sip:+999700000001471@ims.mnc070.mcc999.3gpp.network.org
Jul  8 15:27:03 ims kamailio-scscf[3067]: INFO: tm [t_reply.c:900]: Call-ID: bf103687855b4bc7@ims.mnc070.mcc999.3gpp.network.org 180 Ringing -> 200 OK, dialog confirmed
Jul  8 15:27:06 ims kamailio-scscf[3067]: INFO: registrar [save.c:498]: 401 challenge -> REGISTER w/ auth -> 200 OK for sip:+999700000002640@ims.mnc070.mcc999.3gpp.network.org
Jul  8 15:27:21 ims kamailio-scscf[3067]: INFO: registrar [save.c:498]: 401 challenge -> REGISTER w/ auth -> 200 OK for sip:+999700000003320@ims.mnc070.mcc999.3gpp.network.org
Jul  8 15:27:23 ims kamailio-scscf[3067]: INFO: registrar [save.c:498]: 401 challenge -> REGISTER w/ auth -> 200 OK for sip:+999700000002268@ims.mnc070.mcc999.3gpp.network.org
Jul  8 15:27:52 ims kamailio-scscf[3067]: INFO: tm [t_reply.c:900]: Call-ID: 0537239a3a5b4580@ims.mnc070.mcc999.3gpp.network.org 180 Ringing -> 200 OK, dialog confirmed
Jul  8 15:28:02 ims kamailio-scscf[3067]: INFO: registrar [save.c:498]: 401 challenge -> REGISTER w/ auth -> 200 OK for sip:+999700000000547@ims.mnc070.mcc999.3gpp.network.org
Jul  8 15:28:57 ims kamailio-scscf[3067]: INFO: registrar [save.c:498]: 401 challenge -> REGISTER w/ auth -> 200 OK for sip:+999700000001675@ims.mnc070.mcc999.3gpp.network.org
Jul  8 15:28:57 ims kamailio-scscf[3067]: INFO: registrar [save.c:498]: 401 challenge -> REGISTER w/ auth -> 200 OK for sip:+999700000002007@ims.mnc070.mcc999.3gpp.network.org
Jul  8 15:28:58 ims kamailio-scscf[3067]: INFO: registrar [save.c:498]: 401 challenge -> REGISTER w/ auth -> 200 OK for sip:+999700000002133@ims.mnc070.mcc999.3gpp.network.org
Jul  8 15:30:25 ims kamailio-scscf[3067]: INFO: registrar [save.c:498]: 401 challenge -> REGISTER w/ auth -> 200 OK for sip:+999700000000664@ims.mnc070.mcc999.3gpp.network.org
Jul  8 15:30:30 ims kamailio-scscf[3067]: INFO: tm [t_reply.c:900]: Call-ID: 73d81b0e06a546e8@ims.mnc070.mcc999.3gpp.network.org 180 Ringing -> 200 OK, dialog confirmed
Jul  8 15:30:40 ims kamailio-scscf[3067]: INFO: tm [t_reply.c:900]: Call-ID: 0b783f1cead646e5@ims.mnc070.mcc999.3gpp.network.org 180 Ringing -> 200 OK, dialog confirmed
Jul  8 15:31:14 ims kamailio-scscf[3067]: INFO: tm [t_reply.c:900]: Call-ID: d0ce60f2b25041a2@ims.mnc070.mcc999.3gpp.network.org 180 Ringing -> 200 OK, dialog confirmed
Jul  8 15:32:36 ims kamailio-scscf[3067]: INFO: tm [t_reply.c:900]: Call-ID: 00c00d5031a14da0@ims.mnc070.mcc999.3gpp.network.org 180 Ringing -> 200 OK, dialog confirmed
Jul  8 15:32:47 ims kamailio-scscf[3067]: INFO: registrar [save.c:498]: 401 challenge -> REGISTER w/ auth -> 200 OK for sip:+999700000001208@ims.mnc070.mcc999.3gpp.network.org
Jul  8 15:33:12 ims kamailio-scscf[3067]: INFO: registrar [save.c:498]: 401 challenge -> REGISTER w/ auth -> 200 OK for sip:+999700000002681@ims.mnc070.mcc999.3gpp.network.org
Jul  8 15:34:04 ims kamailio-scscf[3067]: INFO: registrar [save.c:498]: 401 challenge -> REGISTER w/ auth -> 200 OK for sip:+999700000002687@ims.mnc070.mcc999.3gpp.network.org
Jul  8 15:34:40 ims kamailio-scscf[3067]: INFO: tm [t_reply.c:900]: Call-ID: a1ec953f61794c31@ims.mnc070.mcc999.3gpp.network.org 180 Ringing -> 200 OK, dialog confirmed
Jul  8 15:35:15 ims kamailio-scscf[3067]: INFO: registrar [save.c:498]: 401 challenge -> REGISTER w/ auth -> 200 OK for sip:+999700000004550@ims.mnc070.mcc999.3gpp.network.org
Jul  8 15:35:33 ims kamailio-scscf[3067]: INFO: registrar [save.c:498]: 401 challenge -> REGISTER w/ auth -> 200 OK for sip:+999700000001695@ims.mnc070.mcc999.3gpp.network.org
Jul  8 15:35:41 ims kamailio-scscf[3067]: INFO: tm [t_reply.c:900]: Call-ID: 29de9589fafe4615@ims.mnc070.mcc999.3gpp.network.org 180 Ringing -> 200 OK, dialog confirmed
Jul  8 15:36:23 ims kamailio-scscf[3067]: INFO: tm [t_reply.c:900]: Call-ID: 96aea9bf3a864a65@ims.mnc070.mcc999.3gpp.network.org final reply 486 Busy Here
Jul  8 15:36:24 ims kamailio-scscf[3067]: INFO: registrar [save.c:498]: 401 challenge -> REGISTER w/ auth -> 200 OK for sip:+999700000003353@ims.mnc070.mcc999.3gpp.network.org
Jul  8 15:37:41 ims kamailio-scscf[3067]: INFO: tm [t_reply.c:900]: Call-ID: 00010ed9fcdd41e6@ims.mnc070.mcc999.3gpp.network.org 180 Ringing -> 200 OK, dialog confirmed
Jul  8 15:37:54 ims kamailio-scscf[3067]: INFO: tm [t_reply.c:900]: Call-ID: 363a8200e6144180@ims.mnc070.mcc999.3gpp.network.org 180 Ringing -> 200 OK, dialog confirmed
Jul  8 15:39:25 ims kamailio-scscf[3067]: INFO: tm [t_reply.c:900]: Call-ID: 531ebb4b985e49a8@ims.mnc070.mcc999.3gpp.network.org 180 Ringing -> 200 OK, dialog confirmed
Jul  8 15:40:13 ims kamailio-scscf[3067]: INFO: registrar [save.c:498]: 401 challenge -> REGISTER w/ auth -> 200 OK for sip:+999700000000923@ims.mnc070.mcc999.3gpp.network.org
Jul  8 15:41:16 ims kamailio-scscf[3067]: INFO: tm [t_reply.c:900]: Call-ID: 9d5bee7008cf4a2e@ims.mnc070.mcc999.3gpp.network.org 180 Ringing -> 200 OK, dialog confirmed
Jul  8 15:41:38 ims kamailio-scscf[3067]: INFO: registrar [save.c:498]: 401 challenge -> REGISTER w/ auth -> 200 OK for sip:+999700000002467@ims.mnc070.mcc999.3gpp.network.org
Jul  8 15:42:40 ims kamailio-scscf[3067]: INFO: tm [t_reply.c:900]: Call-ID: c3edca985ff44b95@ims.mnc070.mcc999.3gpp.network.org 180 Ringing -> 200 OK, dialog confirmed
Jul  8 15:43:05 ims kamailio-scscf[3067]: INFO: registrar [save.c:498]: 401 challenge -> REGISTER w/ auth -> 200 OK for sip:+999700000002169@ims.mnc070.mcc999.3gpp.network.org
Jul  8 15:43:32 ims kamailio-scscf[3067]: INFO: registrar [save.c:498]: 401 challenge -> REGISTER w/ auth -> 200 OK for sip:+999700000002393@ims.mnc070.mcc999.3gpp.network.org
Jul  8 15:43:58 ims kamailio-scscf[3067]: INFO: registrar [save.c:498]: 401 challenge -> REGISTER w/ auth -> 200 OK for sip:+999700000002855@ims.mnc070.mcc999.3gpp.network.org
Jul  8 15:44:04 ims kamailio-scscf[3067]: INFO: registrar [save.c:498]: 401 challenge -> REGISTER w/ auth -> 200 OK for sip:+999700000003802@ims.mnc070.mcc999.3gpp.network.org
Jul  8 15:44:11 ims kamailio-scscf[3067]: INFO: registrar [save.c:498]: 401 challenge -> REGISTER w/ auth -> 200 OK for sip:+999700000001193@ims.mnc070.mcc999.3gpp.network.org
Jul  8 15:44:13 ims kamailio-scscf[3067]: INFO: registrar [save.c:498]: 401 challenge -> REGISTER w/ auth -> 200 OK for sip:+999700000001036@ims.mnc070.mcc999.3gpp.network.org
Jul  8 15:44:29 ims kamailio-scscf[3067]: INFO: registrar [save.c:498]: 401 challenge -> REGISTER w/ auth -> 200 OK for sip:+999700000002619@ims.mnc070.mcc999.3gpp.network.org
Jul  8 15:44:41 ims kamailio-scscf[3067]: INFO: registrar [save.c:498]: 401 challenge -> REGISTER w/ auth -> 200 OK for sip:+999700000004092@ims.mnc070.mcc999.3gpp.network.org
Jul  8 15:45:14 ims kamailio-scscf[3067]: INFO: registrar [save.c:498]: 401 challenge -> REGISTER w/ auth -> 200 OK for sip:+999700000004624@ims.mnc070.mcc999.3gpp.network.org
Jul  8 15:45:45 ims kamailio-scscf[3067]: INFO: tm [t_reply.c:900]: Call-ID: f42590756ec54b3e@ims.mnc070.mcc999.3gpp.network.org 180 Ringing -> 200 OK, dialog confirmed
Jul  8 15:46:11 ims kamailio-scscf[3067]: INFO: registrar [save.c:498]: 401 challenge -> REGISTER w/ auth -> 200 OK for sip:+999700000004009@ims.mnc070.mcc999.3gpp.network.org
Jul  8 15:46:32 ims kamailio-scscf[3067]: INFO: tm [t_reply.c:900]: Call-ID: 632d677b7eba4b2b@ims.mnc070.mcc999.3gpp.network.org 180 Ringing -> 200 OK, dialog confirmed
Jul  8 15:48:38 ims kamailio-scscf[3067]: INFO: registrar [save.c:498]: 401 challenge -> REGISTER w/ auth -> 200 OK for sip:+999700000003244@ims.mnc070.mcc999.3gpp.network.org
Jul  8 15:49:26 ims kamailio-scscf[3067]: INFO: tm [t_reply.c:900]: Call-ID: ea504fd287c34a15@ims.mnc070.mcc999.3gpp.network.org 180 Ringing -> 200 OK, dialog confirmed
Jul  8 15:49:38 ims kamailio-scscf[3067]: INFO: registrar [save.c:498]: 401 challenge -> REGISTER w/ auth -> 200 OK for sip:+999700000003145@ims.mnc070.mcc999.3gpp.network.org
Jul  8 15:50:14 ims kamailio-scscf[3067]: INFO: tm [t_reply.c:900]: Call-ID: b43776cb9a7e48de@ims.mnc070.mcc999.3gpp.network.org 180 Ringing -> 200 OK, dialog confirmed
Jul  8 15:50:48 ims kamailio-scscf[3067]: INFO: registrar [save.c:498]: 401 challenge -> REGISTER w/ auth -> 200 OK for sip:+999700000000357@ims.mnc070.mcc999.3gpp.network.org
Jul  8 15:51:43 ims kamailio-scscf[3067]: INFO: tm [t_reply.c:900]: Call-ID: acd30687ea524641@ims.mnc070.mcc999.3gpp.network.org 180 Ringing -> 200 OK, dialog confirmed
Jul  8 15:52:02 ims kamailio-scscf[3067]: INFO: registrar [save.c:498]: 401 challenge -> REGISTER w/ auth -> 200 OK for sip:+999700000002425@ims.mnc070.mcc999.3gpp.network.org
Jul  8 15:52:03 ims kamailio-scscf[3067]: INFO: registrar [save.c:498]: 401 challenge -> REGISTER w/ auth -> 200 OK for sip:+999700000002986@ims.mnc070.mcc999.3gpp.network.org
Jul  8 15:52:16 ims kamailio-scscf[3067]: INFO: tm [t_reply.c:900]: Call-ID: 43b9dbe550cc4b09@ims.mnc070.mcc999.3gpp.network.org 180 Ringing -> 200 OK, dialog confirmed
Jul  8 15:52:43 ims kamailio-scscf[3067]: INFO: tm [t_reply.c:900]: Call-ID: 14d1ad67f07e417f@ims.mnc070.mcc999.3gpp.network.org 180 Ringing -> 200 OK, dialog confirmed
Jul  8 15:52:46 ims kamailio-scscf[3067]: INFO: tm [t_reply.c:900]: Call-ID: 3f1a81c0eeeb42ba@ims.mnc070.mcc999.3gpp.network.org 180 Ringing -> 200 OK, dialog confirmed
Jul  8 15:52:54 ims kamailio-scscf[3067]: INFO: registrar [save.c:498]: 401 challenge -> REGISTER w/ auth -> 200 OK for sip:+999700000002841@ims.mnc070.mcc999.3gpp.network.org
Jul  8 15:52:56 ims kamailio-scscf[3067]: INFO: tm [t_reply.c:900]: Call-ID: 61e60b76420c47f8@ims.mnc070.mcc999.3gpp.network.org final reply 480 No Answer
Jul  8 15:53:48 ims kamailio-scscf[3067]: INFO: registrar [save.c:498]: 401 challenge -> REGISTER w/ auth -> 200 OK for sip:+999700000001963@ims.mnc070.mcc999.3gpp.network.org
Jul  8 15:54:23 ims kamailio-scscf[3067]: INFO: registrar [save.c:498]: 401 challenge -> REGISTER w/ auth -> 200 OK for sip:+999700000004600@ims.mnc070.mcc999.3gpp.network.org
Jul  8 15:54:48 ims kamailio-scscf[3067]: INFO: registrar [save.c:498]: 401 challenge -> REGISTER w/ auth -> 200 OK for sip:+999700000000425@ims.mnc070.mcc999.3gpp.network.org
Jul  8 15:55:26 ims kamailio-scscf[3067]: INFO: registrar [save.c:498]: 401 challenge -> REGISTER w/ auth -> 200 OK for sip:+999700000001678@ims.mnc070.mcc999.3gpp.network.org
Jul  8 15:55:34 ims kamailio-scscf[3067]: INFO: registrar [save.c:498]: 401 challenge -> REGISTER w/ auth -> 200 OK for sip:+999700000001084@ims.mnc070.mcc999.3gpp.network.org
Jul  8 15:56:52 ims kamailio-scscf[3067]: INFO: tm [t_reply.c:900]: Call-ID: 3bc7904cde214bbe@ims.mnc070.mcc999.3gpp.network.org 180 Ringing -> 200 OK, dialog confirmed
Jul  8 15:57:26 ims kamailio-scscf[3067]: INFO: registrar [save.c:498]: 401 challenge -> REGISTER w/ auth -> 200 OK for sip:+999700000001901@ims.mnc070.mcc999.3gpp.network.org
Jul  8 15:58:51 ims kamailio-scscf[3067]: INFO: registrar [save.c:498]: 401 challenge -> REGISTER w/ auth -> 200 OK for sip:+999700000000830@ims.mnc070.mcc999.3gpp.network.org
Jul  8 16:00:25 ims kamailio-scscf[3067]: INFO: registrar [save.c:498]: 401 challenge -> REGISTER w/ auth -> 200 OK for sip:+999700000002449@ims.mnc070.mcc999.3gpp.network.org
Jul  8 16:00:26 ims kamailio-scscf[3067]: INFO: tm [t_reply.c:900]: Call-ID: 3dc0dbfd3308429b@ims.mnc070.mcc999.3gpp.network.org 180 Ringing -> 200 OK, dialog confirmed
Jul  8 16:01:10 ims kamailio-scscf[3067]: INFO: tm [t_reply.c:900]: Call-ID: 0e88b2cfcda54da7@ims.mnc070.mcc999.3gpp.network.org 180 Ringing -> 200 OK, dialog confirmed
Jul  8 16:01:27 ims kamailio-scscf[3067]: INFO: registrar [save.c:498]: 401 challenge -> REGISTER w/ auth -> 200 OK for sip:+999700000001678@ims.mnc070.mcc999.3gpp.network.org
Jul  8 16:01:35 ims kamailio-scscf[3067]: INFO: tm [t_reply.c:900]: Call-ID: 181f4fc40baf4a89@ims.mnc070.mcc999.3gpp.network.org 180 Ringing -> 200 OK, dialog confirmed
Jul  8 16:01:46 ims kamailio-scscf[3067]: INFO: tm [t_reply.c:900]: Call-ID: d70a3ac8a9f143e5@ims.mnc070.mcc999.3gpp.network.org 180 Ringing -> 200 OK, dialog confirmed
Jul  8 16:02:16 ims kamailio-scscf[3067]: INFO: registrar [save.c:498]: 401 challenge -> REGISTER w/ auth -> 200 OK for sip:+999700000000621@ims.mnc070.mcc999.3gpp.network.org
Jul  8 16:02:47 ims kamailio-scscf[3067]: INFO: registrar [save.c:498]: 401 challenge -> REGISTER w/ auth -> 200 OK for sip:+999700000002449@ims.mnc070.mcc999.3gpp.network.org
Jul  8 16:02:49 ims kamailio-scscf[3067]: INFO: registrar [save.c:498]: 401 challenge -> REGISTER w/ auth -> 200 OK for sip:+999700000000298@ims.mnc070.mcc999.3gpp.network.org
Jul  8 16:03:27 ims kamailio-scscf[3067]: INFO: registrar [save.c:498]: 401 challenge -> REGISTER w/ auth -> 200 OK for sip:+999700000003374@ims.mnc070.mcc999.3gpp.network.org
Jul  8 16:03:48 ims kamailio-scscf[3067]: INFO: tm [t_reply.c:900]: Call-ID: 7e2f37eada1d483b@ims.mnc070.mcc999.3gpp.network.org 180 Ringing -> 200 OK, dialog confirmed
Jul  8 16:05:11 ims kamailio-scscf[3067]: INFO: registrar [save.c:498]: 401 challenge -> REGISTER w/ auth -> 200 OK for sip:+999700000003678@ims.mnc070.mcc999.3gpp.network.org
Jul  8 16:06:09 ims kamailio-scscf[3067]: INFO: tm [t_reply.c:900]: Call-ID: d425a974a90d4027@ims.mnc070.mcc999.3gpp.network.org final reply 480 No Answer
Jul  8 16:06:14 ims kamailio-scscf[3067]: INFO: tm [t_reply.c:900]: Call-ID: 267a014824bf411c@ims.mnc070.mcc999.3gpp.network.org final reply 480 No Answer
Jul  8 16:06:27 ims kamailio-scscf[3067]: INFO: registrar [save.c:498]: 401 challenge -> REGISTER w/ auth -> 200 OK for sip:+999700000002162@ims.mnc070.mcc999.3gpp.network.org
Jul  8 16:06:32 ims kamailio-scscf[3067]: INFO: tm [t_reply.c:900]: Call-ID: f20dbee1479d4053@ims.mnc070.mcc999.3gpp.network.org 180 Ringing -> 200 OK, dialog confirmed
Jul  8 16:08:46 ims kamailio-scscf[3067]: INFO: registrar [save.c:498]: 401 challenge -> REGISTER w/ auth -> 200 OK for sip:+999700000001619@ims.mnc070.mcc999.3gpp.network.org
Jul  8 16:09:11 ims kamailio-scscf[3067]: INFO: registrar [save.c:498]: 401 challenge -> REGISTER w/ auth -> 200 OK for sip:+999700000002137@ims.mnc070.mcc999.3gpp.network.org
Jul  8 16:09:32 ims kamailio-scscf[3067]: INFO: registrar [save.c:498]: 401 challenge -> REGISTER w/ auth -> 200 OK for sip:+999700000002576@ims.mnc070.mcc999.3gpp.network.org
Jul  8 16:09:50 ims kamailio-scscf[3067]: INFO: registrar [save.c:498]: 401 challenge -> REGISTER w/ auth -> 200 OK for sip:+999700000003065@ims.mnc070.mcc999.3gpp.network.org
Jul  8 16:11:05 ims kamailio-scscf[3067]: INFO: tm [t_reply.c:900]: Call-ID: a9f7eb2cc4064061@ims.mnc070.mcc999.3gpp.network.org 180 Ringing -> 200 OK, dialog confirmed
Jul  8 16:11:41 ims kamailio-scscf[3067]: INFO: registrar [save.c:498]: 401 challenge -> REGISTER w/ auth -> 200 OK for sip:+999700000003185@ims.mnc070.mcc999.3gpp.network.org
Jul  8 16:11:54 ims kamailio-scscf[3067]: INFO: registrar [save.c:498]: 401 challenge -> REGISTER w/ auth -> 200 OK for sip:+999700000003827@ims.mnc070.mcc999.3gpp.network.org
Jul  8 16:11:55 ims kamailio-scscf[3067]: INFO: registrar [save.c:498]: 401 challenge -> REGISTER w/ auth -> 200 OK for sip:+999700000002745@ims.mnc070.mcc999.3gpp.network.org
Jul  8 16:11:59 ims kamailio-scscf[3067]: INFO: tm [t_reply.c:900]: Call-ID: a7cdcaf921ea4731@ims.mnc070.mcc999.3gpp.network.org final reply 486 Busy Here
Jul  8 16:12:12 ims kamailio-scscf[3067]: INFO: registrar [save.c:498]: 401 challenge -> REGISTER w/ auth -> 200 OK for sip:+999700000001210@ims.mnc070.mcc999.3gpp.network.org
Jul  8 16:12:14 ims kamailio-scscf[3067]: INFO: registrar [save.c:498]: 401 challenge -> REGISTER w/ auth -> 200 OK for sip:+999700000003230@ims.mnc070.mcc999.3gpp.network.org
Jul  8 16:12:27 ims kamailio-scscf[3067]: INFO: registrar [save.c:498]: 401 challenge -> REGISTER w/ auth -> 200 OK for sip:+999700000001072@ims.mnc070.mcc999.3gpp.network.org
Jul  8 16:12:48 ims kamailio-scscf[3067]: INFO: registrar [save.c:498]: 401 challenge -> REGISTER w/ auth -> 200 OK for sip:+999700000003010@ims.mnc070.mcc999.3gpp.network.org
Jul  8 16:14:16 ims kamailio-scscf[3067]: INFO: tm [t_reply.c:900]: Call-ID: 2a68c03ccc9c4ce4@ims.mnc070.mcc999.3gpp.network.org 180 Ringing -> 200 OK, dialog confirmed
Jul  8 16:15:35 ims kamailio-scscf[3067]: INFO: tm [t_reply.c:900]: Call-ID: 900cfbf7c572406e@ims.mnc070.mcc999.3gpp.network.org 180 Ringing -> 200 OK, dialog confirmed
Jul  8 16:16:33 ims kamailio-scscf[3067]: INFO: registrar [save.c:498]: 401 challenge -> REGISTER w/ auth -> 200 OK for sip:+999700000001432@ims.mnc070.mcc999.3gpp.network.org
Jul  8 16:17:13 ims kamailio-scscf[3067]: INFO: tm [t_reply.c:900]: Call-ID: 02d1fe83a4ee435c@ims.mnc070.mcc999.3gpp.network.org 180 Ringing -> 200 OK, dialog confirmed
Jul  8 16:17:42 ims kamailio-scscf[3067]: INFO: registrar [save.c:498]: 401 challenge -> REGISTER w/ auth -> 200 OK for sip:+999700000002402@ims.mnc070.mcc999.3gpp.network.org
Jul  8 16:18:01 ims kamailio-scscf[3067]: INFO: registrar [save.c:498]: 401 challenge -> REGISTER w/ auth -> 200 OK for sip:+999700000003647@ims.mnc070.mcc999.3gpp.network.org
Jul  8 16:18:42 ims kamailio-scscf[3067]: INFO: registrar [save.c:498]: 401 challenge -> REGISTER w/ auth -> 200 OK for sip:+999700000004434@ims.mnc070.mcc999.3gpp.network.org
Jul  8 16:18:56 ims kamailio-scscf[3067]: INFO: registrar [save.c:498]: 401 challenge -> REGISTER w/ auth -> 200 OK for sip:+999700000003777@ims.mnc070.mcc999.3gpp.network.org
Jul  8 16:19:05 ims kamailio-scscf[3067]: INFO: registrar [save.c:498]: 401 challenge -> REGISTER w/ auth -> 200 OK for sip:+999700000001746@ims.mnc070.mcc999.3gpp.network.org
Jul  8 16:20:03 ims kamailio-scscf[3067]: INFO: registrar [save.c:498]: 401 challenge -> REGISTER w/ auth -> 200 OK for sip:+999700000004050@ims.mnc070.mcc999.3gpp.network.org
Jul  8 16:20:31 ims kamailio-scscf[3067]: INFO: registrar [save.c:498]: 401 challenge -> REGISTER w/ auth -> 200 OK for sip:+999700000004044@ims.mnc070.mcc999.3gpp.network.org
Jul  8 16:20:35 ims kamailio-scscf[3067]: INFO: tm [t_reply.c:900]: Call-ID: 53a4f18672e14667@ims.mnc070.mcc999.3gpp.network.org 180 Ringing -> 200 OK, dialog confirmed
Jul  8 16:21:06 ims kamailio-scscf[3067]: INFO: tm [t_reply.c:900]: Call-ID: 29af444fd4a449f3@ims.mnc070.mcc999.3gpp.network.org 180 Ringing -> 200 OK, dialog confirmed
Jul  8 16:21:37 ims kamailio-scscf[3067]: INFO: registrar [save.c:498]: 401 challenge -> REGISTER w/ auth -> 200 OK for sip:+999700000002032@ims.mnc070.mcc999.3gpp.network.org
Jul  8 16:21:50 ims kamailio-scscf[3067]: INFO: registrar [save.c:498]: 401 challenge -> REGISTER w/ auth -> 200 OK for sip:+999700000002228@ims.mnc070.mcc999.3gpp.network.org
Jul  8 16:22:09 ims kamailio-scscf[3067]: INFO: tm [t_reply.c:900]: Call-ID: 8c2a21f207044e91@ims.mnc070.mcc999.3gpp.network.org 180 Ringing -> 200 OK, dialog confirmed
Jul  8 16:22:43 ims kamailio-scscf[3067]: INFO: registrar [save.c:498]: 401 challenge -> REGISTER w/ auth -> 200 OK for sip:+999700000002570@ims.mnc070.mcc999.3gpp.network.org
Jul  8 16:22:46 ims kamailio-scscf[3067]: INFO: registrar [save.c:498]: 401 challenge -> REGISTER w/ auth -> 200 OK for sip:+999700000003633@ims.mnc070.mcc999.3gpp.network.org
Jul  8 16:23:19 ims kamailio-scscf[3067]: INFO: registrar [save.c:498]: 401 challenge -> REGISTER w/ auth -> 200 OK for sip:+999700000003266@ims.mnc070.mcc999.3gpp.network.org
Jul  8 16:23:21 ims kamailio-scscf[3067]: INFO: registrar [save.c:498]: 401 challenge -> REGISTER w/ auth -> 200 OK for sip:+999700000003037@ims.mnc070.mcc999.3gpp.network.org
Jul  8 16:23:59 ims kamailio-scscf[3067]: INFO: registrar [save.c:498]: 401 challenge -> REGISTER w/ auth -> 200 OK for sip:+999700000002428@ims.mnc070.mcc999.3gpp.network.org
Jul  8 16:24:27 ims kamailio-scscf[3067]: INFO: tm [t_reply.c:900]: Call-ID: 29bac522693247d6@ims.mnc070.mcc999.3gpp.network.org 180 Ringing -> 200 OK, dialog confirmed
Jul  8 16:24:58 ims kamailio-scscf[3067]: INFO: registrar [save.c:498]: 401 challenge -> REGISTER w/ auth -> 200 OK for sip:+999700000001676@ims.mnc070.mcc999.3gpp.network.org
Jul  8 16:26:09 ims kamailio-scscf[3067]: INFO: registrar [save.c:498]: 401 challenge -> REGISTER w/ auth -> 200 OK for sip:+999700000000130@ims.mnc070.mcc999.3gpp.network.org
Jul  8 16:26:18 ims kamailio-scscf[3067]: INFO: tm [t_reply.c:900]: Call-ID: ab1d2bf68a9d40fb@ims.mnc070.mcc999.3gpp.network.org 180 Ringing -> 200 OK, dialog confirmed
Jul  8 16:27:44 ims kamailio-scscf[3067]: INFO: tm [t_reply.c:900]: Call-ID: 41327ea1b5034bd2@ims.mnc070.mcc999.3gpp.network.org final reply 480 No Answer
Jul  8 16:28:00 ims kamailio-scscf[3067]: INFO: registrar [save.c:498]: 401 challenge -> REGISTER w/ auth -> 200 OK for sip:+999700000004929@ims.mnc070.mcc999.3gpp.network.org
Jul  8 16:28:07 ims kamailio-scscf[3067]: INFO: tm [t_reply.c:900]: Call-ID: 0c6a461b5aac4da3@ims.mnc070.mcc999.3gpp.network.org 180 Ringing -> 200 OK, dialog confirmed
Jul  8 16:28:56 ims kamailio-scscf[3067]: INFO: registrar [save.c:498]: 401 challenge -> REGISTER w/ auth -> 200 OK for sip:+999700000004648@ims.mnc070.mcc999.3gpp.network.org
Jul  8 16:29:06 ims kamailio-scscf[3067]: INFO: tm [t_reply.c:900]: Call-ID: 8886c0ff71234624@ims.mnc070.mcc999.3gpp.network.org 180 Ringing -> 200 OK, dialog confirmed
Jul  8 16:29:10 ims kamailio-scscf[3067]: INFO: tm [t_reply.c:900]: Call-ID: 0889fa520cd149a9@ims.mnc070.mcc999.3gpp.network.org 180 Ringing -> 200 OK, dialog confirmed
Jul  8 16:31:07 ims kamailio-scscf[3067]: INFO: registrar [save.c:498]: 401 challenge -> REGISTER w/ auth -> 200 OK for sip:+999700000003706@ims.mnc070.mcc999.3gpp.network.org
Jul  8 16:31:40 ims kamailio-scscf[3067]: INFO: registrar [save.c:498]: 401 challenge -> REGISTER w/ auth -> 200 OK for sip:+999700000000996@ims.mnc070.mcc999.3gpp.network.org
Jul  8 16:31:55 ims kamailio-scscf[3067]: INFO: registrar [save.c:498]: 401 challenge -> REGISTER w/ auth -> 200 OK for sip:+999700000000840@ims.mnc070.mcc999.3gpp.network.org
Jul  8 16:32:33 ims kamailio-scscf[3067]: INFO: tm [t_reply.c:900]: Call-ID: bbd39f7544354682@ims.mnc070.mcc999.3gpp.network.org 180 Ringing -> 200 OK, dialog confirmed
Jul  8 16:32:34 ims kamailio-scscf[3067]: INFO: tm [t_reply.c:900]: Call-ID: 5ba6d875e3f04f01@ims.mnc070.mcc999.3gpp.network.org final reply 480 No Answer
Jul  8 16:33:04 ims kamailio-scscf[3067]: INFO: registrar [save.c:498]: 401 challenge -> REGISTER w/ auth -> 200 OK for sip:+999700000001255@ims.mnc070.mcc999.3gpp.network.org
Jul  8 16:33:27 ims kamailio-scscf[3067]: INFO: registrar [save.c:498]: 401 challenge -> REGISTER w/ auth -> 200 OK for sip:+999700000003291@ims.mnc070.mcc999.3gpp.network.org
Jul  8 16:34:02 ims kamailio-scscf[3067]: INFO: tm [t_reply.c:900]: Call-ID: 6b0ca9db2578461c@ims.mnc070.mcc999.3gpp.network.org 180 Ringing -> 200 OK, dialog confirmed
Jul  8 16:34:36 ims kamailio-scscf[3067]: INFO: registrar [save.c:498]: 401 challenge -> REGISTER w/ auth -> 200 OK for sip:+999700000003620@ims.mnc070.mcc999.3gpp.network.org
Jul  8 16:35:08 ims kamailio-scscf[3067]: INFO: registrar [save.c:498]: 401 challenge -> REGISTER w/ auth -> 200 OK for sip:+999700000002469@ims.mnc070.mcc999.3gpp.network.org
Jul  8 16:35:39 ims kamailio-scscf[3067]: INFO: registrar [save.c:498]: 401 challenge -> REGISTER w/ auth -> 200 OK for sip:+999700000000162@ims.mnc070.mcc999.3gpp.network.org
Jul  8 16:35:42 ims kamailio-scscf[3067]: INFO: tm [t_reply.c:900]: Call-ID: c29f020d6c4f469a@ims.mnc070.mcc999.3gpp.network.org 180 Ringing -> 200 OK, dialog confirmed
Jul  8 16:36:10 ims kamailio-scscf[3067]: INFO: tm [t_reply.c:900]: Call-ID: 7fb7f7b80add411b@ims.mnc070.mcc999.3gpp.network.org 180 Ringing -> 200 OK, dialog confirmed
Jul  8 16:36:11 ims kamailio-scscf[3067]: INFO: registrar [save.c:498]: 401 challenge -> REGISTER w/ auth -> 200 OK for sip:+999700000002483@ims.mnc070.mcc999.3gpp.network.org
Jul  8 16:36:18 ims kamailio-scscf[3067]: INFO: registrar [save.c:498]: 401 challenge -> REGISTER w/ auth -> 200 OK for sip:+999700000003135@ims.mnc070.mcc999.3gpp.network.org
Jul  8 16:36:44 ims kamailio-scscf[3067]: INFO: registrar [save.c:498]: 401 challenge -> REGISTER w/ auth -> 200 OK for sip:+999700000004332@ims.mnc070.mcc999.3gpp.network.org
Jul  8 16:37:03 ims kamailio-scscf[3067]: INFO: tm [t_reply.c:900]: Call-ID: 1914041790744977@ims.mnc070.mcc999.3gpp.network.org 180 Ringing -> 200 OK, dialog confirmed
Jul  8 16:37:08 ims kamailio-scscf[3067]: INFO: registrar [save.c:498]: 401 challenge -> REGISTER w/ auth -> 200 OK for sip:+999700000003230@ims.mnc070.mcc999.3gpp.network.org
Jul  8 16:37:31 ims kamailio-scscf[3067]: INFO: tm [t_reply.c:900]: Call-ID: 6393712601e243ef@ims.mnc070.mcc999.3gpp.network.org 180 Ringing -> 200 OK, dialog confirmed
Jul  8 16:37:32 ims kamailio-scscf[3067]: INFO: tm [t_reply.c:900]: Call-ID: 692543da747a49c7@ims.mnc070.mcc999.3gpp.network.org final reply 480 No Answer
Jul  8 16:37:48 ims kamailio-scscf[3067]: INFO: tm [t_reply.c:900]: Call-ID: b6a9ddfd4c164b8a@ims.mnc070.mcc999.3gpp.network.org 180 Ringing -> 200 OK, dialog confirmed
Jul  8 16:38:20 ims kamailio-scscf[3067]: INFO: registrar [save.c:498]: 401 challenge -> REGISTER w/ auth -> 200 OK for sip:+999700000002001@ims.mnc070.mcc999.3gpp.network.org
Jul  8 16:38:20 ims kamailio-scscf[3067]: INFO: registrar [save.c:498]: 401 challenge -> REGISTER w/ auth -> 200 OK for sip:+999700000004727@ims.mnc070.mcc999.3gpp.network.org
Jul  8 16:39:29 ims kamailio-scscf[3067]: INFO: registrar [save.c:498]: 401 challenge -> REGISTER w/ auth -> 200 OK for sip:+999700000001230@ims.mnc070.mcc999.3gpp.network.org
Jul  8 16:39:53 ims kamailio-scscf[3067]: INFO: registrar [save.c:498]: 401 challenge -> REGISTER w/ auth -> 200 OK for sip:+999700000003842@ims.mnc070.mcc999.3gpp.network.org
Jul  8 16:40:28 ims kamailio-scscf[3067]: INFO: tm [t_reply.c:900]: Call-ID: 2f13e3e246a34bf3@ims.mnc070.mcc999.3gpp.network.org 180 Ringing -> 200 OK, dialog confirmed
Jul  8 16:40:33 ims kamailio-scscf[3067]: INFO: tm [t_reply.c:900]: Call-ID: 512671f2f6d5441d@ims.mnc070.mcc999.3gpp.network.org final reply 486 Busy Here
Jul  8 16:40:38 ims kamailio-scscf[3067]: INFO: registrar [save.c:498]: 401 challenge -> REGISTER w/ auth -> 200 OK for sip:+999700000004003@ims.mnc070.mcc999.3gpp.network.org
Jul  8 16:42:56 ims kamailio-scscf[3067]: INFO: registrar [save.c:498]: 401 challenge -> REGISTER w/ auth -> 200 OK for sip:+999700000003207@ims.mnc070.mcc999.3gpp.network.org
Jul  8 16:43:19 ims kamailio-scscf[3067]: INFO: tm [t_reply.c:900]: Call-ID: 28150da15736457e@ims.mnc070.mcc999.3gpp.network.org 180 Ringing -> 200 OK, dialog confirmed
Jul  8 16:44:08 ims kamailio-scscf[3067]: INFO: registrar [save.c:498]: 401 challenge -> REGISTER w/ auth -> 200 OK for sip:+999700000001261@ims.mnc070.mcc999.3gpp.network.org
Jul  8 16:44:57 ims kamailio-scscf[3067]: INFO: registrar [save.c:498]: 401 challenge -> REGISTER w/ auth -> 200 OK for sip:+999700000004500@ims.mnc070.mcc999.3gpp.network.org
Jul  8 16:45:18 ims kamailio-scscf[3067]: INFO: registrar [save.c:498]: 401 challenge -> REGISTER w/ auth -> 200 OK for sip:+999700000000456@ims.mnc070.mcc999.3gpp.network.org
Jul  8 16:46:18 ims kamailio-scscf[3067]: INFO: registrar [save.c:498]: 401 challenge -> REGISTER w/ auth -> 200 OK for sip:+999700000004100@ims.mnc070.mcc999.3gpp.network.org
Jul  8 16:47:39 ims kamailio-scscf[3067]: INFO: registrar [save.c:498]: 401 challenge -> REGISTER w/ auth -> 200 OK for sip:+999700000003033@ims.mnc070.mcc999.3gpp.network.org
Jul  8 16:48:35 ims kamailio-scscf[3067]: INFO: tm [t_reply.c:900]: Call-ID: 6a90c4e84f9a4c61@ims.mnc070.mcc999.3gpp.network.org 180 Ringing -> 200 OK, dialog confirmed
Jul  8 16:48:52 ims kamailio-scscf[3067]: INFO: tm [t_reply.c:900]: Call-ID: f691f5e1822543d9@ims.mnc070.mcc999.3gpp.network.org 180 Ringing -> 200 OK, dialog confirmed
Jul  8 16:50:10 ims kamailio-scscf[3067]: INFO: registrar [save.c:498]: 401 challenge -> REGISTER w/ auth -> 200 OK for sip:+999700000004287@ims.mnc070.mcc999.3gpp.network.org
Jul  8 16:51:09 ims kamailio-scscf[3067]: INFO: tm [t_reply.c:900]: Call-ID: 35f10a0d55bc4e41@ims.mnc070.mcc999.3gpp.network.org 180 Ringing -> 200 OK, dialog confirmed
Jul  8 16:51:43 ims kamailio-scscf[3067]: INFO: tm [t_reply.c:900]: Call-ID: 401c1479ffe54860@ims.mnc070.mcc999.3gpp.network.org final reply 486 Busy Here
Jul  8 16:52:19 ims kamailio-scscf[3067]: INFO: tm [t_reply.c:900]: Call-ID: 05cd0ce7b87f42c6@ims.mnc070.mcc999.3gpp.network.org final reply 486 Busy Here
Jul  8 16:52:35 ims kamailio-scscf[3067]: INFO: registrar [save.c:498]: 401 challenge -> REGISTER w/ auth -> 200 OK for sip:+999700000002648@ims.mnc070.mcc999.3gpp.network.org
Jul  8 16:54:26 ims kamailio-scscf[3067]: INFO: registrar [save.c:498]: 401 challenge -> REGISTER w/ auth -> 200 OK for sip:+999700000001670@ims.mnc070.mcc999.3gpp.network.org
Jul  8 16:55:42 ims kamailio-scscf[3067]: INFO: registrar [save.c:498]: 401 challenge -> REGISTER w/ auth -> 200 OK for sip:+999700000003574@ims.mnc070.mcc999.3gpp.network.org
Jul  8 16:55:50 ims kamailio-scscf[3067]: INFO: registrar [save.c:498]: 401 challenge -> REGISTER w/ auth -> 200 OK for sip:+999700000002006@ims.mnc070.mcc999.3gpp.network.org
Jul  8 16:56:01 ims kamailio-scscf[3067]: INFO: registrar [save.c:498]: 401 challenge -> REGISTER w/ auth -> 200 OK for sip:+999700000003746@ims.mnc070.mcc999.3gpp.network.org
Jul  8 16:56:22 ims kamailio-scscf[3067]: INFO: tm [t_reply.c:900]: Call-ID: 7aa9fe814e96421f@ims.mnc070.mcc999.3gpp.network.org 180 Ringing -> 200 OK, dialog confirmed
Jul  8 16:56:54 ims kamailio-scscf[3067]: INFO: tm [t_reply.c:900]: Call-ID: 243c2578d57d42e4@ims.mnc070.mcc999.3gpp.network.org 180 Ringing -> 200 OK, dialog confirmed
Jul  8 16:57:06 ims kamailio-scscf[3067]: INFO: registrar [save.c:498]: 401 challenge -> REGISTER w/ auth -> 200 OK for sip:+999700000001694@ims.mnc070.mcc999.3gpp.network.org
Jul  8 16:57:10 ims kamailio-scscf[3067]: INFO: tm [t_reply.c:900]: Call-ID: 58c39e28100345f2@ims.mnc070.mcc999.3gpp.network.org final reply 486 Busy Here
Jul  8 16:57:34 ims kamailio-scscf[3067]: INFO: registrar [save.c:498]: 401 challenge -> REGISTER w/ auth -> 200 OK for sip:+999700000003495@ims.mnc070.mcc999.3gpp.network.org
Jul  8 16:57:54 ims kamailio-scscf[3067]: INFO: registrar [save.c:498]: 401 challenge -> REGISTER w/ auth -> 200 OK for sip:+999700000004095@ims.mnc070.mcc999.3gpp.network.org
Jul  8 16:57:58 ims kamailio-scscf[3067]: INFO: tm [t_reply.c:900]: Call-ID: 245d3259aafd4b91@ims.mnc070.mcc999.3gpp.network.org final reply 480 No Answer
Jul  8 16:58:16 ims kamailio-scscf[3067]: INFO: registrar [save.c:498]: 401 challenge -> REGISTER w/ auth -> 200 OK for sip:+999700000003888@ims.mnc070.mcc999.3gpp.network.org
Jul  8 16:58:21 ims kamailio-scscf[3067]: INFO: tm [t_reply.c:900]: Call-ID: f02b53d70bb64218@ims.mnc070.mcc999.3gpp.network.org 180 Ringing -> 200 OK, dialog confirmed
Jul  8 16:58:34 ims kamailio-scscf[3067]: INFO: tm [t_reply.c:900]: Call-ID: f2c21f9054f548f3@ims.mnc070.mcc999.3gpp.network.org final reply 480 No Answer
Jul  8 16:58:37 ims kamailio-scscf[3067]: INFO: registrar [save.c:498]: 401 challenge -> REGISTER w/ auth -> 200 OK for sip:+999700000001595@ims.mnc070.mcc999.3gpp.network.org
Jul  8 16:58:48 ims kamailio-scscf[3067]: INFO: tm [t_reply.c:900]: Call-ID: 241e18e355c64d3c@ims.mnc070.mcc999.3gpp.network.org 180 Ringing -> 200 OK, dialog confirmed
Jul  8 16:58:55 ims kamailio-scscf[3067]: INFO: tm [t_reply.c:900]: Call-ID: 1b2502d058a94ddd@ims.mnc070.mcc999.3gpp.network.org 180 Ringing -> 200 OK, dialog confirmed
Jul  8 16:58:56 ims kamailio-scscf[3067]: INFO: tm [t_reply.c:900]: Call-ID: a58193210ebc4921@ims.mnc070.mcc999.3gpp.network.org 180 Ringing -> 200 OK, dialog confirmed
Jul  8 17:01:49 ims kamailio-scscf[3067]: INFO: registrar [save.c:498]: 401 challenge -> REGISTER w/ auth -> 200 OK for sip:+999700000001111@ims.mnc070.mcc999.3gpp.network.org
Jul  8 17:02:41 ims kamailio-scscf[3067]: INFO: tm [t_reply.c:900]: Call-ID: eb4b33e41a034af4@ims.mnc070.mcc999.3gpp.network.org 180 Ringing -> 200 OK, dialog confirmed
Jul  8 17:02:53 ims kamailio-scscf[3067]: INFO: registrar [save.c:498]: 401 challenge -> REGISTER w/ auth -> 200 OK for sip:+999700000001642@ims.mnc070.mcc999.3gpp.network.org
Jul  8 17:03:09 ims kamailio-scscf[3067]: INFO: registrar [save.c:498]: 401 challenge -> REGISTER w/ auth -> 200 OK for sip:+999700000001281@ims.mnc070.mcc999.3gpp.network.org
Jul  8 17:03:19 ims kamailio-scscf[3067]: INFO: tm [t_reply.c:900]: Call-ID: 0571bcedd841421b@ims.mnc070.mcc999.3gpp.network.org 180 Ringing -> 200 OK, dialog confirmed
Jul  8 17:03:34 ims kamailio-scscf[3067]: INFO: tm [t_reply.c:900]: Call-ID: 1e1e625867b74ff0@ims.mnc070.mcc999.3gpp.network.org 180 Ringing -> 200 OK, dialog confirmed
Jul  8 17:03:56 ims kamailio-scscf[3067]: INFO: registrar [save.c:498]: 401 challenge -> REGISTER w/ auth -> 200 OK for sip:+999700000003882@ims.mnc070.mcc999.3gpp.network.org
Jul  8 17:04:43 ims kamailio-scscf[3067]: INFO: tm [t_reply.c:900]: Call-ID: a5326d15ab024209@ims.mnc070.mcc999.3gpp.network.org 180 Ringing -> 200 OK, dialog confirmed
Jul  8 17:05:38 ims kamailio-scscf[3067]: INFO: registrar [save.c:498]: 401 challenge -> REGISTER w/ auth -> 200 OK for sip:+999700000003481@ims.mnc070.mcc999.3gpp.network.org
Jul  8 17:06:12 ims kamailio-scscf[3067]: INFO: registrar [save.c:498]: 401 challenge -> REGISTER w/ auth -> 200 OK for sip:+999700000000363@ims.mnc070.mcc999.3gpp.network.org
Jul  8 17:06:15 ims kamailio-scscf[3067]: INFO: registrar [save.c:498]: 401 challenge -> REGISTER w/ auth -> 200 OK for sip:+999700000004826@ims.mnc070.mcc999.3gpp.network.org
Jul  8 17:06:17 ims kamailio-scscf[3067]: INFO: tm [t_reply.c:900]: Call-ID: 620cc2df5f1a48fe@ims.mnc070.mcc999.3gpp.network.org 180 Ringing -> 200 OK, dialog confirmed
Jul  8 17:06:49 ims kamailio-scscf[3067]: INFO: registrar [save.c:498]: 401 challenge -> REGISTER w/ auth -> 200 OK for sip:+999700000004855@ims.mnc070.mcc999.3gpp.network.org
Jul  8 17:08:12 ims kamailio-scscf[3067]: INFO: registrar [save.c:498]: 401 challenge -> REGISTER w/ auth -> 200 OK for sip:+999700000004054@ims.mnc070.mcc999.3gpp.network.org
Jul  8 17:08:20 ims kamailio-scscf[3067]: INFO: registrar [save.c:498]: 401 challenge -> REGISTER w/ auth -> 200 OK for sip:+999700000004272@ims.mnc070.mcc999.3gpp.network.org
Jul  8 17:09:14 ims kamailio-scscf[3067]: INFO: tm [t_reply.c:900]: Call-ID: cc6b62a995624a6c@ims.mnc070.mcc999.3gpp.network.org 180 Ringing -> 200 OK, dialog confirmed
Jul  8 17:09:28 ims kamailio-scscf[3067]: INFO: tm [t_reply.c:900]: Call-ID: da22085d21cb4db5@ims.mnc070.mcc999.3gpp.network.org 180 Ringing -> 200 OK, dialog confirmed
Jul  8 17:10:15 ims kamailio-scscf[3067]: INFO: tm [t_reply.c:900]: Call-ID: bddcaf28b7e94dcf@ims.mnc070.mcc999.3gpp.network.org 180 Ringing -> 200 OK, dialog confirmed
Jul  8 17:10:23 ims kamailio-scscf[3067]: INFO: tm [t_reply.c:900]: Call-ID: a805bee30d3d4912@ims.mnc070.mcc999.3gpp.network.org 180 Ringing -> 200 OK, dialog confirmed
Jul  8 17:10:32 ims kamailio-scscf[3067]: WARNING: tm [t_reply.c:1201]: INVITE Call-ID: 1b24208c3d644087@ims.mnc070.mcc999.3gpp.network.org failed, 503/timeout downstream
Jul  8 17:11:18 ims kamailio-scscf[3067]: INFO: registrar [save.c:498]: 401 challenge -> REGISTER w/ auth -> 200 OK for sip:+999700000001685@ims.mnc070.mcc999.3gpp.network.org
Jul  8 17:12:07 ims kamailio-scscf[3067]: INFO: tm [t_reply.c:900]: Call-ID: 6e63ddd540634062@ims.mnc070.mcc999.3gpp.network.org 180 Ringing -> 200 OK, dialog confirmed
Jul  8 17:12:18 ims kamailio-scscf[3067]: INFO: registrar [save.c:498]: 401 challenge -> REGISTER w/ auth -> 200 OK for sip:+999700000004019@ims.mnc070.mcc999.3gpp.network.org
Jul  8 17:13:19 ims kamailio-scscf[3067]: INFO: registrar [save.c:498]: 401 challenge -> REGISTER w/ auth -> 200 OK for sip:+999700000003140@ims.mnc070.mcc999.3gpp.network.org
Jul  8 17:13:26 ims kamailio-scscf[3067]: INFO: registrar [save.c:498]: 401 challenge -> REGISTER w/ auth -> 200 OK for sip:+999700000001745@ims.mnc070.mcc999.3gpp.network.org
Jul  8 17:13:45 ims kamailio-scscf[3067]: INFO: registrar [save.c:498]: 401 challenge -> REGISTER w/ auth -> 200 OK for sip:+999700000003614@ims.mnc070.mcc999.3gpp.network.org
Jul  8 17:14:02 ims kamailio-scscf[3067]: INFO: tm [t_reply.c:900]: Call-ID: ffa26f2fcfac4978@ims.mnc070.mcc999.3gpp.network.org final reply 480 No Answer
Jul  8 17:14:33 ims kamailio-scscf[3067]: INFO: registrar [save.c:498]: 401 challenge -> REGISTER w/ auth -> 200 OK for sip:+999700000004902@ims.mnc070.mcc999.3gpp.network.org
Jul  8 17:15:24 ims kamailio-scscf[3067]: INFO: registrar [save.c:498]: 401 challenge -> REGISTER w/ auth -> 200 OK for sip:+999700000000019@ims.mnc070.mcc999.3gpp.network.org
Jul  8 17:16:02 ims kamailio-scscf[3067]: INFO: tm [t_reply.c:900]: Call-ID: 3fbaaab95a114b9b@ims.mnc070.mcc999.3gpp.network.org final reply 480 No Answer
Jul  8 17:16:21 ims kamailio-scscf[3067]: INFO: tm [t_reply.c:900]: Call-ID: 2335c2a7c24141f8@ims.mnc070.mcc999.3gpp.network.org final reply 480 No Answer
Jul  8 17:16:40 ims kamailio-scscf[3067]: INFO: registrar [save.c:498]: 401 challenge -> REGISTER w/ auth -> 200 OK for sip:+999700000002139@ims.mnc070.mcc999.3gpp.network.org
Jul  8 17:16:46 ims kamailio-scscf[3067]: INFO: registrar [save.c:498]: 401 challenge -> REGISTER w/ auth -> 200 OK for sip:+999700000000972@ims.mnc070.mcc999.3gpp.network.org
Jul  8 17:18:05 ims kamailio-scscf[3067]: INFO: registrar [save.c:498]: 401 challenge -> REGISTER w/ auth -> 200 OK for sip:+999700000002144@ims.mnc070.mcc999.3gpp.network.org
Jul  8 17:18:34 ims kamailio-scscf[3067]: INFO: registrar [save.c:498]: 401 challenge -> REGISTER w/ auth -> 200 OK for sip:+999700000001600@ims.mnc070.mcc999.3gpp.network.org
Jul  8 17:18:40 ims kamailio-scscf[3067]: INFO: tm [t_reply.c:900]: Call-ID: 065497bd15da40d9@ims.mnc070.mcc999.3gpp.network.org final reply 480 No Answer
Jul  8 17:18:51 ims kamailio-scscf[3067]: INFO: tm [t_reply.c:900]: Call-ID: c9856bafcbbf4b13@ims.mnc070.mcc999.3gpp.network.org 180 Ringing -> 200 OK, dialog confirmed
Jul  8 17:19:00 ims kamailio-scscf[3067]: INFO: registrar [save.c:498]: 401 challenge -> REGISTER w/ auth -> 200 OK for sip:+999700000002448@ims.mnc070.mcc999.3gpp.network.org
Jul  8 17:19:19 ims kamailio-scscf[3067]: INFO: tm [t_reply.c:900]: Call-ID: 0139ba4120cf4409@ims.mnc070.mcc999.3gpp.network.org 180 Ringing -> 200 OK, dialog confirmed
Jul  8 17:19:33 ims kamailio-scscf[3067]: INFO: registrar [save.c:498]: 401 challenge -> REGISTER w/ auth -> 200 OK for sip:+999700000001892@ims.mnc070.mcc999.3gpp.network.org
Jul  8 17:19:43 ims kamailio-scscf[3067]: INFO: registrar [save.c:498]: 401 challenge -> REGISTER w/ auth -> 200 OK for sip:+999700000000299@ims.mnc070.mcc999.3gpp.network.org
Jul  8 17:20:09 ims kamailio-scscf[3067]: INFO: registrar [save.c:498]: 401 challenge -> REGISTER w/ auth -> 200 OK for sip:+999700000002586@ims.mnc070.mcc999.3gpp.network.org
Jul  8 17:20:16 ims kamailio-scscf[3067]: INFO: tm [t_reply.c:900]: Call-ID: 23985cce5f2c470c@ims.mnc070.mcc999.3gpp.network.org 180 Ringing -> 200 OK, dialog confirmed
Jul  8 17:20:34 ims kamailio-scscf[3067]: INFO: registrar [save.c:498]: 401 challenge -> REGISTER w/ auth -> 200 OK for sip:+999700000003911@ims.mnc070.mcc999.3gpp.network.org
Jul  8 17:21:26 ims kamailio-scscf[3067]: INFO: tm [t_reply.c:900]: Call-ID: 7fb6601bc33446e4@ims.mnc070.mcc999.3gpp.network.org 180 Ringing -> 200 OK, dialog confirmed
Jul  8 17:21:50 ims kamailio-scscf[3067]: INFO: registrar [save.c:498]: 401 challenge -> REGISTER w/ auth -> 200 OK for sip:+999700000003482@ims.mnc070.mcc999.3gpp.network.org
Jul  8 17:23:42 ims kamailio-scscf[3067]: INFO: tm [t_reply.c:900]: Call-ID: c0ac750f64014024@ims.mnc070.mcc999.3gpp.network.org 180 Ringing -> 200 OK, dialog confirmed
Jul  8 17:24:15 ims kamailio-scscf[3067]: INFO: registrar [save.c:498]: 401 challenge -> REGISTER w/ auth -> 200 OK for sip:+999700000002621@ims.mnc070.mcc999.3gpp.network.org
Jul  8 17:24:34 ims kamailio-scscf[3067]: INFO: registrar [save.c:498]: 401 challenge -> REGISTER w/ auth -> 200 OK for sip:+999700000002016@ims.mnc070.mcc999.3gpp.network.org
Jul  8 17:24:38 ims kamailio-scscf[3067]: INFO: registrar [save.c:498]: 401 challenge -> REGISTER w/ auth -> 200 OK for sip:+999700000000765@ims.mnc070.mcc999.3gpp.network.org
Jul  8 17:26:32 ims kamailio-scscf[3067]: INFO: registrar [save.c:498]: 401 challenge -> REGISTER w/ auth -> 200 OK for sip:+999700000004117@ims.mnc070.mcc999.3gpp.network.org
Jul  8 17:27:31 ims kamailio-scscf[3067]: INFO: registrar [save.c:498]: 401 challenge -> REGISTER w/ auth -> 200 OK for sip:+999700000002081@ims.mnc070.mcc999.3gpp.network.org
Jul  8 17:27:38 ims kamailio-scscf[3067]: INFO: tm [t_reply.c:900]: Call-ID: 31cbe94cddaa44cd@ims.mnc070.mcc999.3gpp.network.org 180 Ringing -> 200 OK, dialog confirmed
Jul  8 17:28:20 ims kamailio-scscf[3067]: INFO: tm [t_reply.c:900]: Call-ID: f1dc47a893174efb@ims.mnc070.mcc999.3gpp.network.org 180 Ringing -> 200 OK, dialog confirmed
Jul  8 17:28:40 ims kamailio-scscf[3067]: INFO: registrar [save.c:498]: 401 challenge -> REGISTER w/ auth -> 200 OK for sip:+999700000001606@ims.mnc070.mcc999.3gpp.network.org
Jul  8 17:29:29 ims kamailio-scscf[3067]: INFO: registrar [save.c:498]: 401 challenge -> REGISTER w/ auth -> 200 OK for sip:+999700000001693@ims.mnc070.mcc999.3gpp.network.org
Jul  8 17:29:38 ims kamailio-scscf[3067]: INFO: registrar [save.c:498]: 401 challenge -> REGISTER w/ auth -> 200 OK for sip:+999700000004887@ims.mnc070.mcc999.3gpp.network.org
Jul  8 17:29:43 ims kamailio-scscf[3067]: INFO: registrar [save.c:498]: 401 challenge -> REGISTER w/ auth -> 200 OK for sip:+999700000002759@ims.mnc070.mcc999.3gpp.network.org
Jul  8 17:30:20 ims kamailio-scscf[3067]: INFO: registrar [save.c:498]: 401 challenge -> REGISTER w/ auth -> 200 OK for sip:+999700000004917@ims.mnc070.mcc999.3gpp.network.org
Jul  8 17:31:19 ims kamailio-scscf[3067]: INFO: tm [t_reply.c:900]: Call-ID: 6c08db33ad454528@ims.mnc070.mcc999.3gpp.network.org 180 Ringing -> 200 OK, dialog confirmed
Jul  8 17:31:20 ims kamailio-scscf[3067]: INFO: registrar [save.c:498]: 401 challenge -> REGISTER w/ auth -> 200 OK for sip:+999700000004456@ims.mnc070.mcc999.3gpp.network.org
Jul  8 17:33:44 ims kamailio-scscf[3067]: INFO: tm [t_reply.c:900]: Call-ID: 944ad9214f0e4f77@ims.mnc070.mcc999.3gpp.network.org 180 Ringing -> 200 OK, dialog confirmed
Jul  8 17:33:44 ims kamailio-scscf[3067]: INFO: registrar [save.c:498]: 401 challenge -> REGISTER w/ auth -> 200 OK for sip:+999700000001723@ims.mnc070.mcc999.3gpp.network.org
Jul  8 17:34:19 ims kamailio-scscf[3067]: INFO: tm [t_reply.c:900]: Call-ID: 8bfb66bc763e44e9@ims.mnc070.mcc999.3gpp.network.org 180 Ringing -> 200 OK, dialog confirmed
Jul  8 17:34:29 ims kamailio-scscf[3067]: INFO: registrar [save.c:498]: 401 challenge -> REGISTER w/ auth -> 200 OK for sip:+999700000001949@ims.mnc070.mcc999.3gpp.network.org
Jul  8 17:35:00 ims kamailio-scscf[3067]: INFO: registrar [save.c:498]: 401 challenge -> REGISTER w/ auth -> 200 OK for sip:+999700000001268@ims.mnc070.mcc999.3gpp.network.org
Jul  8 17:35:42 ims kamailio-scscf[3067]: INFO: registrar [save.c:498]: 401 challenge -> REGISTER w/ auth -> 200 OK for sip:+999700000001775@ims.mnc070.mcc999.3gpp.network.org
Jul  8 17:37:26 ims kamailio-scscf[3067]: INFO: registrar [save.c:498]: 401 challenge -> REGISTER w/ auth -> 200 OK for sip:+999700000003214@ims.mnc070.mcc999.3gpp.network.org
Jul  8 17:37:39 ims kamailio-scscf[3067]: INFO: tm [t_reply.c:900]: Call-ID: 30cd19c5c05640cb@ims.mnc070.mcc999.3gpp.network.org 180 Ringing -> 200 OK, dialog confirmed
Jul  8 17:39:05 ims kamailio-scscf[3067]: INFO: tm [t_reply.c:900]: Call-ID: 49c832e69df74074@ims.mnc070.mcc999.3gpp.network.org 180 Ringing -> 200 OK, dialog confirmed
Jul  8 17:39:45 ims kamailio-scscf[3067]: INFO: tm [t_reply.c:900]: Call-ID: f1f052d3cfd84d88@ims.mnc070.mcc999.3gpp.network.org final reply 480 No Answer
Jul  8 17:40:12 ims kamailio-scscf[3067]: INFO: registrar [save.c:498]: 401 challenge -> REGISTER w/ auth -> 200 OK for sip:+999700000004168@ims.mnc070.mcc999.3gpp.network.org
Jul  8 17:40:49 ims kamailio-scscf[3067]: INFO: registrar [save.c:498]: 401 challenge -> REGISTER w/ auth -> 200 OK for sip:+999700000000055@ims.mnc070.mcc999.3gpp.network.org
Jul  8 17:41:03 ims kamailio-scscf[3067]: INFO: tm [t_reply.c:900]: Call-ID: 77e196b2577848c5@ims.mnc070.mcc999.3gpp.network.org 180 Ringing -> 200 OK, dialog confirmed
Jul  8 17:41:27 ims kamailio-scscf[3067]: INFO: registrar [save.c:498]: 401 challenge -> REGISTER w/ auth -> 200 OK for sip:+999700000002732@ims.mnc070.mcc999.3gpp.network.org
Jul  8 17:41:27 ims kamailio-scscf[3067]: INFO: registrar [save.c:498]: 401 challenge -> REGISTER w/ auth -> 200 OK for sip:+999700000001347@ims.mnc070.mcc999.3gpp.network.org
Jul  8 17:41:29 ims kamailio-scscf[3067]: INFO: tm [t_reply.c:900]: Call-ID: 1ed70f663efd4989@ims.mnc070.mcc999.3gpp.network.org final reply 480 No Answer
Jul  8 17:42:29 ims kamailio-scscf[3067]: INFO: registrar [save.c:498]: 401 challenge -> REGISTER w/ auth -> 200 OK for sip:+999700000004572@ims.mnc070.mcc999.3gpp.network.org
Jul  8 17:43:28 ims kamailio-scscf[3067]: INFO: tm [t_reply.c:900]: Call-ID: bd9ba882caa44a3f@ims.mnc070.mcc999.3gpp.network.org 180 Ringing -> 200 OK, dialog confirmed
Jul  8 17:43:54 ims kamailio-scscf[3067]: INFO: registrar [save.c:498]: 401 challenge -> REGISTER w/ auth -> 200 OK for sip:+999700000004941@ims.mnc070.mcc999.3gpp.network.org
Jul  8 17:44:37 ims kamailio-scscf[3067]: INFO: registrar [save.c:498]: 401 challenge -> REGISTER w/ auth -> 200 OK for sip:+999700000001769@ims.mnc070.mcc999.3gpp.network.org
Jul  8 17:44:46 ims kamailio-scscf[3067]: INFO: registrar [save.c:498]: 401 challenge -> REGISTER w/ auth -> 200 OK for sip:+999700000004259@ims.mnc070.mcc999.3gpp.network.org
Jul  8 17:44:52 ims kamailio-scscf[3067]: INFO: registrar [save.c:498]: 401 challenge -> REGISTER w/ auth -> 200 OK for sip:+999700000003150@ims.mnc070.mcc999.3gpp.network.org
Jul  8 17:44:57 ims kamailio-scscf[3067]: INFO: registrar [save.c:498]: 401 challenge -> REGISTER w/ auth -> 200 OK for sip:+999700000004447@ims.mnc070.mcc999.3gpp.network.org
Jul  8 17:45:37 ims kamailio-scscf[3067]: INFO: tm [t_reply.c:900]: Call-ID: 997fd74292724374@ims.mnc070.mcc999.3gpp.network.org 180 Ringing -> 200 OK, dialog confirmed
Jul  8 17:45:58 ims kamailio-scscf[3067]: INFO: tm [t_reply.c:900]: Call-ID: 5791bc76a6c74b68@ims.mnc070.mcc999.3gpp.network.org 180 Ringing -> 200 OK, dialog confirmed
Jul  8 17:46:25 ims kamailio-scscf[3067]: INFO: tm [t_reply.c:900]: Call-ID: b3d804e8bba94b6f@ims.mnc070.mcc999.3gpp.network.org 180 Ringing -> 200 OK, dialog confirmed
Jul  8 17:46:39 ims kamailio-scscf[3067]: INFO: registrar [save.c:498]: 401 challenge -> REGISTER w/ auth -> 200 OK for sip:+999700000002689@ims.mnc070.mcc999.3gpp.network.org
Jul  8 17:48:30 ims kamailio-scscf[3067]: INFO: tm [t_reply.c:900]: Call-ID: 813432319be847cf@ims.mnc070.mcc999.3gpp.network.org 180 Ringing -> 200 OK, dialog confirmed
Jul  8 17:48:53 ims kamailio-scscf[3067]: INFO: tm [t_reply.c:900]: Call-ID: 398dd633ffb3456a@ims.mnc070.mcc999.3gpp.network.org 180 Ringing -> 200 OK, dialog confirmed
Jul  8 17:49:31 ims kamailio-scscf[3067]: INFO: registrar [save.c:498]: 401 challenge -> REGISTER w/ auth -> 200 OK for sip:+999700000004730@ims.mnc070.mcc999.3gpp.network.org
Jul  8 17:49:45 ims kamailio-scscf[3067]: INFO: tm [t_reply.c:900]: Call-ID: b51578812fbd4b7b@ims.mnc070.mcc999.3gpp.network.org 180 Ringing -> 200 OK, dialog confirmed
Jul  8 17:50:00 ims kamailio-scscf[3067]: INFO: tm [t_reply.c:900]: Call-ID: 5bc38adb550b4716@ims.mnc070.mcc999.3gpp.network.org 180 Ringing -> 200 OK, dialog confirmed
Jul  8 17:50:24 ims kamailio-scscf[3067]: INFO: registrar [save.c:498]: 401 challenge -> REGISTER w/ auth -> 200 OK for sip:+999700000000126@ims.mnc070.mcc999.3gpp.network.org
Jul  8 17:50:47 ims kamailio-scscf[3067]: INFO: registrar [save.c:498]: 401 challenge -> REGISTER w/ auth -> 200 OK for sip:+999700000003437@ims.mnc070.mcc999.3gpp.network.org
Jul  8 17:50:53 ims kamailio-scscf[3067]: INFO: registrar [save.c:498]: 401 challenge -> REGISTER w/ auth -> 200 OK for sip:+999700000000630@ims.mnc070.mcc999.3gpp.network.org
Jul  8 17:52:16 ims kamailio-scscf[3067]: INFO: registrar [save.c:498]: 401 challenge -> REGISTER w/ auth -> 200 OK for sip:+999700000001755@ims.mnc070.mcc999.3gpp.network.org
Jul  8 17:52:37 ims kamailio-scscf[3067]: INFO: registrar [save.c:498]: 401 challenge -> REGISTER w/ auth -> 200 OK for sip:+999700000004557@ims.mnc070.mcc999.3gpp.network.org
Jul  8 17:52:50 ims kamailio-scscf[3067]: INFO: registrar [save.c:498]: 401 challenge -> REGISTER w/ auth -> 200 OK for sip:+999700000002399@ims.mnc070.mcc999.3gpp.network.org
Jul  8 17:53:04 ims kamailio-scscf[3067]: INFO: tm [t_reply.c:900]: Call-ID: 36ac2f8a09e74f89@ims.mnc070.mcc999.3gpp.network.org 180 Ringing -> 200 OK, dialog confirmed
Jul  8 17:54:37 ims kamailio-scscf[3067]: INFO: registrar [save.c:498]: 401 challenge -> REGISTER w/ auth -> 200 OK for sip:+999700000003372@ims.mnc070.mcc999.3gpp.network.org
Jul  8 17:55:27 ims kamailio-scscf[3067]: INFO: tm [t_reply.c:900]: Call-ID: 39b52b2bb6724b15@ims.mnc070.mcc999.3gpp.network.org 180 Ringing -> 200 OK, dialog confirmed
Jul  8 17:56:10 ims kamailio-scscf[3067]: WARNING: tm [t_reply.c:1201]: INVITE Call-ID: cd332aa37ed44b4e@ims.mnc070.mcc999.3gpp.network.org failed, 503/timeout downstream
Jul  8 17:57:28 ims kamailio-scscf[3067]: INFO: tm [t_reply.c:900]: Call-ID: c5b3e1b6d53643e7@ims.mnc070.mcc999.3gpp.network.org 180 Ringing -> 200 OK, dialog confirmed
Jul  8 17:57:38 ims kamailio-scscf[3067]: INFO: tm [t_reply.c:900]: Call-ID: 76abba468ce342f1@ims.mnc070.mcc999.3gpp.network.org final reply 480 No Answer
Jul  8 17:57:48 ims kamailio-scscf[3067]: INFO: registrar [save.c:498]: 401 challenge -> REGISTER w/ auth -> 200 OK for sip:+999700000003080@ims.mnc070.mcc999.3gpp.network.org
Jul  8 17:58:06 ims kamailio-scscf[3067]: INFO: registrar [save.c:498]: 401 challenge -> REGISTER w/ auth -> 200 OK for sip:+999700000003532@ims.mnc070.mcc999.3gpp.network.org
Jul  8 17:58:09 ims kamailio-scscf[3067]: INFO: registrar [save.c:498]: 401 challenge -> REGISTER w/ auth -> 200 OK for sip:+999700000000706@ims.mnc070.mcc999.3gpp.network.org
Jul  8 17:58:55 ims kamailio-scscf[3067]: INFO: registrar [save.c:498]: 401 challenge -> REGISTER w/ auth -> 200 OK for sip:+999700000000403@ims.mnc070.mcc999.3gpp.network.org
Jul  8 17:59:13 ims kamailio-scscf[3067]: INFO: registrar [save.c:498]: 401 challenge -> REGISTER w/ auth -> 200 OK for sip:+999700000002681@ims.mnc070.mcc999.3gpp.network.org
Jul  8 17:59:33 ims kamailio-scscf[3067]: INFO: tm [t_reply.c:900]: Call-ID: a2aa7ce7879f467d@ims.mnc070.mcc999.3gpp.network.org 180 Ringing -> 200 OK, dialog confirmed
Jul  8 18:00:26 ims kamailio-scscf[3067]: INFO: registrar [save.c:498]: 401 challenge -> REGISTER w/ auth -> 200 OK for sip:+999700000002689@ims.mnc070.mcc999.3gpp.network.org
Jul  8 18:00:35 ims kamailio-scscf[3067]: INFO: registrar [save.c:498]: 401 challenge -> REGISTER w/ auth -> 200 OK for sip:+999700000004455@ims.mnc070.mcc999.3gpp.network.org
Jul  8 18:01:37 ims kamailio-scscf[3067]: INFO: tm [t_reply.c:900]: Call-ID: 809ead245d6d4a99@ims.mnc070.mcc999.3gpp.network.org 180 Ringing -> 200 OK, dialog confirmed
Jul  8 18:03:12 ims kamailio-scscf[3067]: INFO: registrar [save.c:498]: 401 challenge -> REGISTER w/ auth -> 200 OK for sip:+999700000001210@ims.mnc070.mcc999.3gpp.network.org
Jul  8 18:05:04 ims kamailio-scscf[3067]: INFO: tm [t_reply.c:900]: Call-ID: 9d5de06ece724b93@ims.mnc070.mcc999.3gpp.network.org final reply 486 Busy Here
Jul  8 18:05:32 ims kamailio-scscf[3067]: INFO: registrar [save.c:498]: 401 challenge -> REGISTER w/ auth -> 200 OK for sip:+999700000003846@ims.mnc070.mcc999.3gpp.network.org
Jul  8 18:06:09 ims kamailio-scscf[3067]: INFO: tm [t_reply.c:900]: Call-ID: de14df36b8fa4855@ims.mnc070.mcc999.3gpp.network.org 180 Ringing -> 200 OK, dialog confirmed
Jul  8 18:07:30 ims kamailio-scscf[3067]: INFO: tm [t_reply.c:900]: Call-ID: ea3f962562234680@ims.mnc070.mcc999.3gpp.network.org 180 Ringing -> 200 OK, dialog confirmed
Jul  8 18:07:41 ims kamailio-scscf[3067]: INFO: registrar [save.c:498]: 401 challenge -> REGISTER w/ auth -> 200 OK for sip:+999700000003774@ims.mnc070.mcc999.3gpp.network.org
Jul  8 18:08:31 ims kamailio-scscf[3067]: INFO: tm [t_reply.c:900]: Call-ID: b01cbf2f5594419a@ims.mnc070.mcc999.3gpp.network.org final reply 480 No Answer
Jul  8 18:08:59 ims kamailio-scscf[3067]: INFO: tm [t_reply.c:900]: Call-ID: 29fc882b9919445f@ims.mnc070.mcc999.3gpp.network.org final reply 486 Busy Here
Jul  8 18:09:15 ims kamailio-scscf[3067]: INFO: registrar [save.c:498]: 401 challenge -> REGISTER w/ auth -> 200 OK for sip:+999700000002924@ims.mnc070.mcc999.3gpp.network.org
Jul  8 18:09:25 ims kamailio-scscf[3067]: INFO: registrar [save.c:498]: 401 challenge -> REGISTER w/ auth -> 200 OK for sip:+999700000002078@ims.mnc070.mcc999.3gpp.network.org
Jul  8 18:09:34 ims kamailio-scscf[3067]: INFO: registrar [save.c:498]: 401 challenge -> REGISTER w/ auth -> 200 OK for sip:+999700000001002@ims.mnc070.mcc999.3gpp.network.org
Jul  8 18:09:45 ims kamailio-scscf[3067]: INFO: registrar [save.c:498]: 401 challenge -> REGISTER w/ auth -> 200 OK for sip:+999700000001525@ims.mnc070.mcc999.3gpp.network.org
Jul  8 18:10:01 ims kamailio-scscf[3067]: INFO: registrar [save.c:498]: 401 challenge -> REGISTER w/ auth -> 200 OK for sip:+999700000001052@ims.mnc070.mcc999.3gpp.network.org
Jul  8 18:10:25 ims kamailio-scscf[3067]: INFO: registrar [save.c:498]: 401 challenge -> REGISTER w/ auth -> 200 OK for sip:+999700000002685@ims.mnc070.mcc999.3gpp.network.org
Jul  8 18:10:30 ims kamailio-scscf[3067]: INFO: registrar [save.c:498]: 401 challenge -> REGISTER w/ auth -> 200 OK for sip:+999700000002880@ims.mnc070.mcc999.3gpp.network.org
Jul  8 18:11:21 ims kamailio-scscf[3067]: INFO: registrar [save.c:498]: 401 challenge -> REGISTER w/ auth -> 200 OK for sip:+999700000000478@ims.mnc070.mcc999.3gpp.network.org
Jul  8 18:11:34 ims kamailio-scscf[3067]: INFO: registrar [save.c:498]: 401 challenge -> REGISTER w/ auth -> 200 OK for sip:+999700000002470@ims.mnc070.mcc999.3gpp.network.org
Jul  8 18:12:04 ims kamailio-scscf[3067]: INFO: registrar [save.c:498]: 401 challenge -> REGISTER w/ auth -> 200 OK for sip:+999700000004646@ims.mnc070.mcc999.3gpp.network.org
Jul  8 18:12:04 ims kamailio-scscf[3067]: INFO: registrar [save.c:498]: 401 challenge -> REGISTER w/ auth -> 200 OK for sip:+999700000003002@ims.mnc070.mcc999.3gpp.network.org
Jul  8 18:12:22 ims kamailio-scscf[3067]: INFO: tm [t_reply.c:900]: Call-ID: 539a6816096d4436@ims.mnc070.mcc999.3gpp.network.org 180 Ringing -> 200 OK, dialog confirmed
Jul  8 18:12:28 ims kamailio-scscf[3067]: INFO: tm [t_reply.c:900]: Call-ID: 65eba62cb6ec45c1@ims.mnc070.mcc999.3gpp.network.org 180 Ringing -> 200 OK, dialog confirmed
Jul  8 18:12:34 ims kamailio-scscf[3067]: INFO: registrar [save.c:498]: 401 challenge -> REGISTER w/ auth -> 200 OK for sip:+999700000000349@ims.mnc070.mcc999.3gpp.network.org
Jul  8 18:12:45 ims kamailio-scscf[3067]: INFO: tm [t_reply.c:900]: Call-ID: e3aa253f2d824c3a@ims.mnc070.mcc999.3gpp.network.org 180 Ringing -> 200 OK, dialog confirmed
Jul  8 18:13:01 ims kamailio-scscf[3067]: INFO: tm [t_reply.c:900]: Call-ID: bfdf5885df024de3@ims.mnc070.mcc999.3gpp.network.org 180 Ringing -> 200 OK, dialog confirmed
Jul  8 18:13:40 ims kamailio-scscf[3067]: INFO: registrar [save.c:498]: 401 challenge -> REGISTER w/ auth -> 200 OK for sip:+999700000001303@ims.mnc070.mcc999.3gpp.network.org
Jul  8 18:13:55 ims kamailio-scscf[3067]: INFO: registrar [save.c:498]: 401 challenge -> REGISTER w/ auth -> 200 OK for sip:+999700000002662@ims.mnc070.mcc999.3gpp.network.org
Jul  8 18:14:06 ims kamailio-scscf[3067]: INFO: tm [t_reply.c:900]: Call-ID: 58df8f0008704740@ims.mnc070.mcc999.3gpp.network.org final reply 480 No Answer
Jul  8 18:14:40 ims kamailio-scscf[3067]: INFO: registrar [save.c:498]: 401 challenge -> REGISTER w/ auth -> 200 OK for sip:+999700000002657@ims.mnc070.mcc999.3gpp.network.org
Jul  8 18:15:34 ims kamailio-scscf[3067]: INFO: registrar [save.c:498]: 401 challenge -> REGISTER w/ auth -> 200 OK for sip:+999700000004268@ims.mnc070.mcc999.3gpp.network.org
Jul  8 18:17:24 ims kamailio-scscf[3067]: INFO: registrar [save.c:498]: 401 challenge -> REGISTER w/ auth -> 200 OK for sip:+999700000000428@ims.mnc070.mcc999.3gpp.network.org
Jul  8 18:18:03 ims kamailio-scscf[3067]: WARNING: tm [t_reply.c:1201]: INVITE Call-ID: 7610eea4ea1f487d@ims.mnc070.mcc999.3gpp.network.org failed, 503/timeout downstream
Jul  8 18:18:32 ims kamailio-scscf[3067]: INFO: registrar [save.c:498]: 401 challenge -> REGISTER w/ auth -> 200 OK for sip:+999700000002526@ims.mnc070.mcc999.3gpp.network.org
Jul  8 18:18:35 ims kamailio-scscf[3067]: INFO: registrar [save.c:498]: 401 challenge -> REGISTER w/ auth -> 200 OK for sip:+999700000001028@ims.mnc070.mcc999.3gpp.network.org
Jul  8 18:18:37 ims kamailio-scscf[3067]: INFO: registrar [save.c:498]: 401 challenge -> REGISTER w/ auth -> 200 OK for sip:+999700000003879@ims.mnc070.mcc999.3gpp.network.org
Jul  8 18:18:52 ims kamailio-scscf[3067]: INFO: registrar [save.c:498]: 401 challenge -> REGISTER w/ auth -> 200 OK for sip:+999700000002711@ims.mnc070.mcc999.3gpp.network.org
Jul  8 18:19:36 ims kamailio-scscf[3067]: INFO: tm [t_reply.c:900]: Call-ID: 0c7c8ece86654b00@ims.mnc070.mcc999.3gpp.network.org 180 Ringing -> 200 OK, dialog confirmed
Jul  8 18:21:13 ims kamailio-scscf[3067]: INFO: registrar [save.c:498]: 401 challenge -> REGISTER w/ auth -> 200 OK for sip:+999700000003427@ims.mnc070.mcc999.3gpp.network.org
Jul  8 18:21:45 ims kamailio-scscf[3067]: INFO: tm [t_reply.c:900]: Call-ID: e5784a954a794959@ims.mnc070.mcc999.3gpp.network.org 180 Ringing -> 200 OK, dialog confirmed
Jul  8 18:21:57 ims kamailio-scscf[3067]: INFO: tm [t_reply.c:900]: Call-ID: e960fb1a9c09476a@ims.mnc070.mcc999.3gpp.network.org 180 Ringing -> 200 OK, dialog confirmed
Jul  8 18:22:08 ims kamailio-scscf[3067]: INFO: tm [t_reply.c:900]: Call-ID: ac65655b8d4041dd@ims.mnc070.mcc999.3gpp.network.org 180 Ringing -> 200 OK, dialog confirmed
Jul  8 18:22:23 ims kamailio-scscf[3067]: INFO: registrar [save.c:498]: 401 challenge -> REGISTER w/ auth -> 200 OK for sip:+999700000002197@ims.mnc070.mcc999.3gpp.network.org
Jul  8 18:22:37 ims kamailio-scscf[3067]: INFO: tm [t_reply.c:900]: Call-ID: 205d541fa87d4ddf@ims.mnc070.mcc999.3gpp.network.org 180 Ringing -> 200 OK, dialog confirmed
Jul  8 18:22:42 ims kamailio-scscf[3067]: INFO: registrar [save.c:498]: 401 challenge -> REGISTER w/ auth -> 200 OK for sip:+999700000000961@ims.mnc070.mcc999.3gpp.network.org
Jul  8 18:22:57 ims kamailio-scscf[3067]: INFO: tm [t_reply.c:900]: Call-ID: fb490310c574435c@ims.mnc070.mcc999.3gpp.network.org 180 Ringing -> 200 OK, dialog confirmed
Jul  8 18:23:31 ims kamailio-scscf[3067]: INFO: tm [t_reply.c:900]: Call-ID: 4ce3e0ef37a24e31@ims.mnc070.mcc999.3gpp.network.org 180 Ringing -> 200 OK, dialog confirmed
Jul  8 18:24:10 ims kamailio-scscf[3067]: INFO: registrar [save.c:498]: 401 challenge -> REGISTER w/ auth -> 200 OK for sip:+999700000004748@ims.mnc070.mcc999.3gpp.network.org
Jul  8 18:24:53 ims kamailio-scscf[3067]: INFO: registrar [save.c:498]: 401 challenge -> REGISTER w/ auth -> 200 OK for sip:+999700000001366@ims.mnc070.mcc999.3gpp.network.org
Jul  8 18:25:36 ims kamailio-scscf[3067]: INFO: registrar [save.c:498]: 401 challenge -> REGISTER w/ auth -> 200 OK for sip:+999700000002817@ims.mnc070.mcc999.3gpp.network.org
Jul  8 18:26:32 ims kamailio-scscf[3067]: INFO: registrar [save.c:498]: 401 challenge -> REGISTER w/ auth -> 200 OK for sip:+999700000000892@ims.mnc070.mcc999.3gpp.network.org
Jul  8 18:26:56 ims kamailio-scscf[3067]: INFO: registrar [save.c:498]: 401 challenge -> REGISTER w/ auth -> 200 OK for sip:+999700000001683@ims.mnc070.mcc999.3gpp.network.org
Jul  8 18:27:03 ims kamailio-scscf[3067]: INFO: registrar [save.c:498]: 401 challenge -> REGISTER w/ auth -> 200 OK for sip:+999700000004247@ims.mnc070.mcc999.3gpp.network.org
Jul  8 18:27:32 ims kamailio-scscf[3067]: INFO: tm [t_reply.c:900]: Call-ID: 0037dc98140d4c6d@ims.mnc070.mcc999.3gpp.network.org 180 Ringing -> 200 OK, dialog confirmed
Jul  8 18:27:37 ims kamailio-scscf[3067]: INFO: registrar [save.c:498]: 401 challenge -> REGISTER w/ auth -> 200 OK for sip:+999700000000683@ims.mnc070.mcc999.3gpp.network.org
Jul  8 18:27:54 ims kamailio-scscf[3067]: INFO: registrar [save.c:498]: 401 challenge -> REGISTER w/ auth -> 200 OK for sip:+999700000004175@ims.mnc070.mcc999.3gpp.network.org
Jul  8 18:28:57 ims kamailio-scscf[3067]: INFO: registrar [save.c:498]: 401 challenge -> REGISTER w/ auth -> 200 OK for sip:+999700000000821@ims.mnc070.mcc999.3gpp.network.org
Jul  8 18:29:26 ims kamailio-scscf[3067]: INFO: tm [t_reply.c:900]: Call-ID: 505544bdad9c4239@ims.mnc070.mcc999.3gpp.network.org final reply 486 Busy Here
Jul  8 18:29:28 ims kamailio-scscf[3067]: INFO: registrar [save.c:498]: 401 challenge -> REGISTER w/ auth -> 200 OK for sip:+999700000001719@ims.mnc070.mcc999.3gpp.network.org
Jul  8 18:30:46 ims kamailio-scscf[3067]: INFO: registrar [save.c:498]: 401 challenge -> REGISTER w/ auth -> 200 OK for sip:+999700000001157@ims.mnc070.mcc999.3gpp.network.org
Jul  8 18:31:09 ims kamailio-scscf[3067]: INFO: registrar [save.c:498]: 401 challenge -> REGISTER w/ auth -> 200 OK for sip:+999700000003722@ims.mnc070.mcc999.3gpp.network.org
Jul  8 18:31:17 ims kamailio-scscf[3067]: INFO: registrar [save.c:498]: 401 challenge -> REGISTER w/ auth -> 200 OK for sip:+999700000002608@ims.mnc070.mcc999.3gpp.network.org
Jul  8 18:32:42 ims kamailio-scscf[3067]: INFO: registrar [save.c:498]: 401 challenge -> REGISTER w/ auth -> 200 OK for sip:+999700000001417@ims.mnc070.mcc999.3gpp.network.org
Jul  8 18:32:56 ims kamailio-scscf[3067]: INFO: tm [t_reply.c:900]: Call-ID: 0d6b5d1d6ed947d5@ims.mnc070.mcc999.3gpp.network.org 180 Ringing -> 200 OK, dialog confirmed
Jul  8 18:33:46 ims kamailio-scscf[3067]: INFO: tm [t_reply.c:900]: Call-ID: d08801eb31ef4af1@ims.mnc070.mcc999.3gpp.network.org 180 Ringing -> 200 OK, dialog confirmed
Jul  8 18:34:49 ims kamailio-scscf[3067]: INFO: tm [t_reply.c:900]: Call-ID: 72d4d4d478e7430e@ims.mnc070.mcc999.3gpp.network.org 180 Ringing -> 200 OK, dialog confirmed
Jul  8 18:36:05 ims kamailio-scscf[3067]: INFO: tm [t_reply.c:900]: Call-ID: 0041031431534840@ims.mnc070.mcc999.3gpp.network.org 180 Ringing -> 200 OK, dialog confirmed
Jul  8 18:36:07 ims kamailio-scscf[3067]: INFO: registrar [save.c:498]: 401 challenge -> REGISTER w/ auth -> 200 OK for sip:+999700000001663@ims.mnc070.mcc999.3gpp.network.org
Jul  8 18:36:46 ims kamailio-scscf[3067]: INFO: registrar [save.c:498]: 401 challenge -> REGISTER w/ auth -> 200 OK for sip:+999700000001848@ims.mnc070.mcc999.3gpp.network.org
Jul  8 18:37:04 ims kamailio-scscf[3067]: INFO: registrar [save.c:498]: 401 challenge -> REGISTER w/ auth -> 200 OK for sip:+999700000002491@ims.mnc070.mcc999.3gpp.network.org
Jul  8 18:37:30 ims kamailio-scscf[3067]: INFO: tm [t_reply.c:900]: Call-ID: 1f4ceeebc9ad44a6@ims.mnc070.mcc999.3gpp.network.org 180 Ringing -> 200 OK, dialog confirmed
Jul  8 18:38:12 ims kamailio-scscf[3067]: INFO: registrar [save.c:498]: 401 challenge -> REGISTER w/ auth -> 200 OK for sip:+999700000003699@ims.mnc070.mcc999.3gpp.network.org
Jul  8 18:38:43 ims kamailio-scscf[3067]: INFO: tm [t_reply.c:900]: Call-ID: 4d1bbdd04c124269@ims.mnc070.mcc999.3gpp.network.org 180 Ringing -> 200 OK, dialog confirmed
Jul  8 18:38:50 ims kamailio-scscf[3067]: INFO: registrar [save.c:498]: 401 challenge -> REGISTER w/ auth -> 200 OK for sip:+999700000001317@ims.mnc070.mcc999.3gpp.network.org
Jul  8 18:39:34 ims kamailio-scscf[3067]: INFO: registrar [save.c:498]: 401 challenge -> REGISTER w/ auth -> 200 OK for sip:+999700000000796@ims.mnc070.mcc999.3gpp.network.org
Jul  8 18:39:45 ims kamailio-scscf[3067]: INFO: registrar [save.c:498]: 401 challenge -> REGISTER w/ auth -> 200 OK for sip:+999700000000037@ims.mnc070.mcc999.3gpp.network.org
Jul  8 18:41:24 ims kamailio-scscf[3067]: INFO: tm [t_reply.c:900]: Call-ID: 17e4bddc41714e30@ims.mnc070.mcc999.3gpp.network.org 180 Ringing -> 200 OK, dialog confirmed
Jul  8 18:41:33 ims kamailio-scscf[3067]: INFO: registrar [save.c:498]: 401 challenge -> REGISTER w/ auth -> 200 OK for sip:+999700000001643@ims.mnc070.mcc999.3gpp.network.org
Jul  8 18:42:29 ims kamailio-scscf[3067]: INFO: registrar [save.c:498]: 401 challenge -> REGISTER w/ auth -> 200 OK for sip:+999700000004408@ims.mnc070.mcc999.3gpp.network.org
Jul  8 18:43:11 ims kamailio-scscf[3067]: INFO: registrar [save.c:498]: 401 challenge -> REGISTER w/ auth -> 200 OK for sip:+999700000001404@ims.mnc070.mcc999.3gpp.network.org
Jul  8 18:43:12 ims kamailio-scscf[3067]: INFO: tm [t_reply.c:900]: Call-ID: df2ad8c660f549c0@ims.mnc070.mcc999.3gpp.network.org final reply 480 No Answer
Jul  8 18:43:29 ims kamailio-scscf[3067]: INFO: tm [t_reply.c:900]: Call-ID: db9cab405e9c4dac@ims.mnc070.mcc999.3gpp.network.org 180 Ringing -> 200 OK, dialog confirmed
Jul  8 18:44:47 ims kamailio-scscf[3067]: INFO: registrar [save.c:498]: 401 challenge -> REGISTER w/ auth -> 200 OK for sip:+999700000001218@ims.mnc070.mcc999.3gpp.network.org
Jul  8 18:45:17 ims kamailio-scscf[3067]: INFO: registrar [save.c:498]: 401 challenge -> REGISTER w/ auth -> 200 OK for sip:+999700000000152@ims.mnc070.mcc999.3gpp.network.org
Jul  8 18:46:12 ims kamailio-scscf[3067]: INFO: registrar [save.c:498]: 401 challenge -> REGISTER w/ auth -> 200 OK for sip:+999700000001765@ims.mnc070.mcc999.3gpp.network.org
Jul  8 18:47:14 ims kamailio-scscf[3067]: INFO: tm [t_reply.c:900]: Call-ID: df71976e9d3342aa@ims.mnc070.mcc999.3gpp.network.org 180 Ringing -> 200 OK, dialog confirmed
Jul  8 18:48:28 ims kamailio-scscf[3067]: INFO: registrar [save.c:498]: 401 challenge -> REGISTER w/ auth -> 200 OK for sip:+999700000004168@ims.mnc070.mcc999.3gpp.network.org
Jul  8 18:48:52 ims kamailio-scscf[3067]: INFO: tm [t_reply.c:900]: Call-ID: cda15f42e6454576@ims.mnc070.mcc999.3gpp.network.org 180 Ringing -> 200 OK, dialog confirmed
Jul  8 18:49:01 ims kamailio-scscf[3067]: INFO: tm [t_reply.c:900]: Call-ID: 8a67dab8f5454885@ims.mnc070.mcc999.3gpp.network.org 180 Ringing -> 200 OK, dialog confirmed
Jul  8 18:50:24 ims kamailio-scscf[3067]: INFO: registrar [save.c:498]: 401 challenge -> REGISTER w/ auth -> 200 OK for sip:+999700000000789@ims.mnc070.mcc999.3gpp.network.org
Jul  8 18:50:41 ims kamailio-scscf[3067]: INFO: tm [t_reply.c:900]: Call-ID: 92f738d429574265@ims.mnc070.mcc999.3gpp.network.org 180 Ringing -> 200 OK, dialog confirmed
Jul  8 18:50:44 ims kamailio-scscf[3067]: INFO: registrar [save.c:498]: 401 challenge -> REGISTER w/ auth -> 200 OK for sip:+999700000001898@ims.mnc070.mcc999.3gpp.network.org
Jul  8 18:51:59 ims kamailio-scscf[3067]: INFO: tm [t_reply.c:900]: Call-ID: d855396a3f7045ef@ims.mnc070.mcc999.3gpp.network.org 180 Ringing -> 200 OK, dialog confirmed
Jul  8 18:52:12 ims kamailio-scscf[3067]: INFO: registrar [save.c:498]: 401 challenge -> REGISTER w/ auth -> 200 OK for sip:+999700000004852@ims.mnc070.mcc999.3gpp.network.org
Jul  8 18:52:38 ims kamailio-scscf[3067]: INFO: tm [t_reply.c:900]: Call-ID: c14f45da5f7947ac@ims.mnc070.mcc999.3gpp.network.org 180 Ringing -> 200 OK, dialog confirmed
Jul  8 18:52:58 ims kamailio-scscf[3067]: INFO: registrar [save.c:498]: 401 challenge -> REGISTER w/ auth -> 200 OK for sip:+999700000001799@ims.mnc070.mcc999.3gpp.network.org
Jul  8 18:53:08 ims kamailio-scscf[3067]: INFO: registrar [save.c:498]: 401 challenge -> REGISTER w/ auth -> 200 OK for sip:+999700000001423@ims.mnc070.mcc999.3gpp.network.org
Jul  8 18:53:43 ims kamailio-scscf[3067]: INFO: registrar [save.c:498]: 401 challenge -> REGISTER w/ auth -> 200 OK for sip:+999700000003827@ims.mnc070.mcc999.3gpp.network.org
Jul  8 18:54:15 ims kamailio-scscf[3067]: WARNING: tm [t_reply.c:1201]: INVITE Call-ID: 76336355b92a4ab8@ims.mnc070.mcc999.3gpp.network.org failed, 503/timeout downstream
Jul  8 18:55:29 ims kamailio-scscf[3067]: INFO: registrar [save.c:498]: 401 challenge -> REGISTER w/ auth -> 200 OK for sip:+999700000000131@ims.mnc070.mcc999.3gpp.network.org
Jul  8 18:56:33 ims kamailio-scscf[3067]: INFO: tm [t_reply.c:900]: Call-ID: 71c2ae563d8a4e26@ims.mnc070.mcc999.3gpp.network.org 180 Ringing -> 200 OK, dialog confirmed
Jul  8 18:57:13 ims kamailio-scscf[3067]: INFO: registrar [save.c:498]: 401 challenge -> REGISTER w/ auth -> 200 OK for sip:+999700000000032@ims.mnc070.mcc999.3gpp.network.org
Jul  8 18:57:30 ims kamailio-scscf[3067]: INFO: registrar [save.c:498]: 401 challenge -> REGISTER w/ auth -> 200 OK for sip:+999700000000973@ims.mnc070.mcc999.3gpp.network.org
Jul  8 18:59:05 ims kamailio-scscf[3067]: INFO: registrar [save.c:498]: 401 challenge -> REGISTER w/ auth -> 200 OK for sip:+999700000003701@ims.mnc070.mcc999.3gpp.network.org
Jul  8 18:59:36 ims kamailio-scscf[3067]: INFO: registrar [save.c:498]: 401 challenge -> REGISTER w/ auth -> 200 OK for sip:+999700000001381@ims.mnc070.mcc999.3gpp.network.org
Jul  8 19:00:22 ims kamailio-scscf[3067]: INFO: registrar [save.c:498]: 401 challenge -> REGISTER w/ auth -> 200 OK for sip:+999700000004585@ims.mnc070.mcc999.3gpp.network.org
Jul  8 19:00:57 ims kamailio-scscf[3067]: INFO: registrar [save.c:498]: 401 challenge -> REGISTER w/ auth -> 200 OK for sip:+999700000004432@ims.mnc070.mcc999.3gpp.network.org
Jul  8 19:01:30 ims kamailio-scscf[3067]: INFO: registrar [save.c:498]: 401 challenge -> REGISTER w/ auth -> 200 OK for sip:+999700000000801@ims.mnc070.mcc999.3gpp.network.org
Jul  8 19:01:42 ims kamailio-scscf[3067]: INFO: tm [t_reply.c:900]: Call-ID: 5a58a64fb0c542fe@ims.mnc070.mcc999.3gpp.network.org 180 Ringing -> 200 OK, dialog confirmed
Jul  8 19:01:42 ims kamailio-scscf[3067]: INFO: tm [t_reply.c:900]: Call-ID: 2a660c1ddc8049c0@ims.mnc070.mcc999.3gpp.network.org final reply 480 No Answer
Jul  8 19:01:58 ims kamailio-scscf[3067]: INFO: tm [t_reply.c:900]: Call-ID: 722654eae56b4bb0@ims.mnc070.mcc999.3gpp.network.org 180 Ringing -> 200 OK, dialog confirmed
Jul  8 19:02:00 ims kamailio-scscf[3067]: INFO: tm [t_reply.c:900]: Call-ID: 93472dcc433a49ca@ims.mnc070.mcc999.3gpp.network.org 180 Ringing -> 200 OK, dialog confirmed
Jul  8 19:02:55 ims kamailio-scscf[3067]: INFO: registrar [save.c:498]: 401 challenge -> REGISTER w/ auth -> 200 OK for sip:+999700000002380@ims.mnc070.mcc999.3gpp.network.org
Jul  8 19:04:08 ims kamailio-scscf[3067]: INFO: tm [t_reply.c:900]: Call-ID: 47457f98f6b4499e@ims.mnc070.mcc999.3gpp.network.org 180 Ringing -> 200 OK, dialog confirmed
Jul  8 19:04:16 ims kamailio-scscf[3067]: INFO: tm [t_reply.c:900]: Call-ID: 59604c7055874562@ims.mnc070.mcc999.3gpp.network.org 180 Ringing -> 200 OK, dialog confirmed
Jul  8 19:04:58 ims kamailio-scscf[3067]: INFO: registrar [save.c:498]: 401 challenge -> REGISTER w/ auth -> 200 OK for sip:+999700000003388@ims.mnc070.mcc999.3gpp.network.org
Jul  8 19:05:22 ims kamailio-scscf[3067]: INFO: tm [t_reply.c:900]: Call-ID: 8058d68e9af0409e@ims.mnc070.mcc999.3gpp.network.org 180 Ringing -> 200 OK, dialog confirmed
Jul  8 19:06:11 ims kamailio-scscf[3067]: INFO: registrar [save.c:498]: 401 challenge -> REGISTER w/ auth -> 200 OK for sip:+999700000000474@ims.mnc070.mcc999.3gpp.network.org
Jul  8 19:07:11 ims kamailio-scscf[3067]: INFO: registrar [save.c:498]: 401 challenge -> REGISTER w/ auth -> 200 OK for sip:+999700000003641@ims.mnc070.mcc999.3gpp.network.org
Jul  8 19:07:13 ims kamailio-scscf[3067]: INFO: tm [t_reply.c:900]: Call-ID: e2f5c1ae3dab420e@ims.mnc070.mcc999.3gpp.network.org 180 Ringing -> 200 OK, dialog confirmed
Jul  8 19:07:56 ims kamailio-scscf[3067]: INFO: registrar [save.c:498]: 401 challenge -> REGISTER w/ auth -> 200 OK for sip:+999700000003546@ims.mnc070.mcc999.3gpp.network.org
Jul  8 19:08:56 ims kamailio-scscf[3067]: INFO: registrar [save.c:498]: 401 challenge -> REGISTER w/ auth -> 200 OK for sip:+999700000000789@ims.mnc070.mcc999.3gpp.network.org
Jul  8 19:08:56 ims kamailio-scscf[3067]: INFO: tm [t_reply.c:900]: Call-ID: 8fe6e9a760884d6e@ims.mnc070.mcc999.3gpp.network.org 180 Ringing -> 200 OK, dialog confirmed
Jul  8 19:09:42 ims kamailio-scscf[3067]: INFO: registrar [save.c:498]: 401 challenge -> REGISTER w/ auth -> 200 OK for sip:+999700000004876@ims.mnc070.mcc999.3gpp.network.org
Jul  8 19:09:59 ims kamailio-scscf[3067]: INFO: tm [t_reply.c:900]: Call-ID: 05aa3b8a83174f1f@ims.mnc070.mcc999.3gpp.network.org 180 Ringing -> 200 OK, dialog confirmed
Jul  8 19:10:36 ims kamailio-scscf[3067]: INFO: tm [t_reply.c:900]: Call-ID: e50da3b0963842fe@ims.mnc070.mcc999.3gpp.network.org final reply 486 Busy Here
Jul  8 19:11:13 ims kamailio-scscf[3067]: INFO: registrar [save.c:498]: 401 challenge -> REGISTER w/ auth -> 200 OK for sip:+999700000002369@ims.mnc070.mcc999.3gpp.network.org
Jul  8 19:12:35 ims kamailio-scscf[3067]: INFO: tm [t_reply.c:900]: Call-ID: b219d4ba071b4002@ims.mnc070.mcc999.3gpp.network.org 180 Ringing -> 200 OK, dialog confirmed
Jul  8 19:12:50 ims kamailio-scscf[3067]: INFO: registrar [save.c:498]: 401 challenge -> REGISTER w/ auth -> 200 OK for sip:+999700000000784@ims.mnc070.mcc999.3gpp.network.org
Jul  8 19:12:54 ims kamailio-scscf[3067]: INFO: registrar [save.c:498]: 401 challenge -> REGISTER w/ auth -> 200 OK for sip:+999700000001232@ims.mnc070.mcc999.3gpp.network.org
Jul  8 19:12:54 ims kamailio-scscf[3067]: INFO: registrar [save.c:498]: 401 challenge -> REGISTER w/ auth -> 200 OK for sip:+999700000002773@ims.mnc070.mcc999.3gpp.network.org
Jul  8 19:13:01 ims kamailio-scscf[3067]: INFO: registrar [save.c:498]: 401 challenge -> REGISTER w/ auth -> 200 OK for sip:+999700000000226@ims.mnc070.mcc999.3gpp.network.org
Jul  8 19:14:09 ims kamailio-scscf[3067]: INFO: registrar [save.c:498]: 401 challenge -> REGISTER w/ auth -> 200 OK for sip:+999700000000177@ims.mnc070.mcc999.3gpp.network.org
Jul  8 19:14:59 ims kamailio-scscf[3067]: WARNING: tm [t_reply.c:1201]: INVITE Call-ID: 8c428ba458514bdf@ims.mnc070.mcc999.3gpp.network.org failed, 503/timeout downstream
Jul  8 19:15:23 ims kamailio-scscf[3067]: INFO: registrar [save.c:498]: 401 challenge -> REGISTER w/ auth -> 200 OK for sip:+999700000002153@ims.mnc070.mcc999.3gpp.network.org
Jul  8 19:15:37 ims kamailio-scscf[3067]: INFO: registrar [save.c:498]: 401 challenge -> REGISTER w/ auth -> 200 OK for sip:+999700000000445@ims.mnc070.mcc999.3gpp.network.org
Jul  8 19:16:32 ims kamailio-scscf[3067]: WARNING: tm [t_reply.c:1201]: INVITE Call-ID: 08c98ee9581a4b55@ims.mnc070.mcc999.3gpp.network.org failed, 503/timeout downstream
Jul  8 19:16:48 ims kamailio-scscf[3067]: INFO: registrar [save.c:498]: 401 challenge -> REGISTER w/ auth -> 200 OK for sip:+999700000000323@ims.mnc070.mcc999.3gpp.network.org
Jul  8 19:16:49 ims kamailio-scscf[3067]: INFO: registrar [save.c:498]: 401 challenge -> REGISTER w/ auth -> 200 OK for sip:+999700000003002@ims.mnc070.mcc999.3gpp.network.org
Jul  8 19:17:30 ims kamailio-scscf[3067]: INFO: tm [t_reply.c:900]: Call-ID: 398a583ac0b8412c@ims.mnc070.mcc999.3gpp.network.org 180 Ringing -> 200 OK, dialog confirmed
Jul  8 19:17:49 ims kamailio-scscf[3067]: INFO: registrar [save.c:498]: 401 challenge -> REGISTER w/ auth -> 200 OK for sip:+999700000003277@ims.mnc070.mcc999.3gpp.network.org
Jul  8 19:18:25 ims kamailio-scscf[3067]: INFO: registrar [save.c:498]: 401 challenge -> REGISTER w/ auth -> 200 OK for sip:+999700000001878@ims.mnc070.mcc999.3gpp.network.org
Jul  8 19:19:14 ims kamailio-scscf[3067]: INFO: tm [t_reply.c:900]: Call-ID: bd3e583ac6b249c1@ims.mnc070.mcc999.3gpp.network.org 180 Ringing -> 200 OK, dialog confirmed
Jul  8 19:19:51 ims kamailio-scscf[3067]: INFO: tm [t_reply.c:900]: Call-ID: 67e00615ab7949ee@ims.mnc070.mcc999.3gpp.network.org 180 Ringing -> 200 OK, dialog confirmed
Jul  8 19:20:43 ims kamailio-scscf[3067]: INFO: registrar [save.c:498]: 401 challenge -> REGISTER w/ auth -> 200 OK for sip:+999700000002593@ims.mnc070.mcc999.3gpp.network.org
Jul  8 19:22:02 ims kamailio-scscf[3067]: INFO: registrar [save.c:498]: 401 challenge -> REGISTER w/ auth -> 200 OK for sip:+999700000002123@ims.mnc070.mcc999.3gpp.network.org
Jul  8 19:22:20 ims kamailio-scscf[3067]: INFO: registrar [save.c:498]: 401 challenge -> REGISTER w/ auth -> 200 OK for sip:+999700000000249@ims.mnc070.mcc999.3gpp.network.org
Jul  8 19:22:35 ims kamailio-scscf[3067]: INFO: tm [t_reply.c:900]: Call-ID: aab4032ddbe64c93@ims.mnc070.mcc999.3gpp.network.org 180 Ringing -> 200 OK, dialog confirmed
Jul  8 19:22:58 ims kamailio-scscf[3067]: INFO: registrar [save.c:498]: 401 challenge -> REGISTER w/ auth -> 200 OK for sip:+999700000003759@ims.mnc070.mcc999.3gpp.network.org
Jul  8 19:24:49 ims kamailio-scscf[3067]: INFO: registrar [save.c:498]: 401 challenge -> REGISTER w/ auth -> 200 OK for sip:+999700000004472@ims.mnc070.mcc999.3gpp.network.org
Jul  8 19:24:51 ims kamailio-scscf[3067]: INFO: registrar [save.c:498]: 401 challenge -> REGISTER w/ auth -> 200 OK for sip:+999700000003208@ims.mnc070.mcc999.3gpp.network.org
Jul  8 19:25:14 ims kamailio-scscf[3067]: INFO: registrar [save.c:498]: 401 challenge -> REGISTER w/ auth -> 200 OK for sip:+999700000001969@ims.mnc070.mcc999.3gpp.network.org
Jul  8 19:25:39 ims kamailio-scscf[3067]: INFO: tm [t_reply.c:900]: Call-ID: 5adbab54fbee467e@ims.mnc070.mcc999.3gpp.network.org 180 Ringing -> 200 OK, dialog confirmed
Jul  8 19:26:13 ims kamailio-scscf[3067]: INFO: tm [t_reply.c:900]: Call-ID: 0b0d902fb62f411e@ims.mnc070.mcc999.3gpp.network.org 180 Ringing -> 200 OK, dialog confirmed
Jul  8 19:26:44 ims kamailio-scscf[3067]: INFO: registrar [save.c:498]: 401 challenge -> REGISTER w/ auth -> 200 OK for sip:+999700000004470@ims.mnc070.mcc999.3gpp.network.org
Jul  8 19:28:52 ims kamailio-scscf[3067]: INFO: tm [t_reply.c:900]: Call-ID: a3ea4f6b20d04998@ims.mnc070.mcc999.3gpp.network.org 180 Ringing -> 200 OK, dialog confirmed
Jul  8 19:28:56 ims kamailio-scscf[3067]: INFO: tm [t_reply.c:900]: Call-ID: e602b38d9dab48af@ims.mnc070.mcc999.3gpp.network.org 180 Ringing -> 200 OK, dialog confirmed
Jul  8 19:29:06 ims kamailio-scscf[3067]: INFO: tm [t_reply.c:900]: Call-ID: 6e2aaa36be3440fa@ims.mnc070.mcc999.3gpp.network.org 180 Ringing -> 200 OK, dialog confirmed
Jul  8 19:29:18 ims kamailio-scscf[3067]: INFO: tm [t_reply.c:900]: Call-ID: 360f35cee0a2495a@ims.mnc070.mcc999.3gpp.network.org 180 Ringing -> 200 OK, dialog confirmed
Jul  8 19:29:37 ims kamailio-scscf[3067]: INFO: registrar [save.c:498]: 401 challenge -> REGISTER w/ auth -> 200 OK for sip:+999700000003066@ims.mnc070.mcc999.3gpp.network.org
Jul  8 19:30:33 ims kamailio-scscf[3067]: INFO: registrar [save.c:498]: 401 challenge -> REGISTER w/ auth -> 200 OK for sip:+999700000000317@ims.mnc070.mcc999.3gpp.network.org
Jul  8 19:30:50 ims kamailio-scscf[3067]: INFO: tm [t_reply.c:900]: Call-ID: 48adb7f92d644171@ims.mnc070.mcc999.3gpp.network.org 180 Ringing -> 200 OK, dialog confirmed
Jul  8 19:31:09 ims kamailio-scscf[3067]: INFO: registrar [save.c:498]: 401 challenge -> REGISTER w/ auth -> 200 OK for sip:+999700000000195@ims.mnc070.mcc999.3gpp.network.org
Jul  8 19:32:25 ims kamailio-scscf[3067]: INFO: registrar [save.c:498]: 401 challenge -> REGISTER w/ auth -> 200 OK for sip:+999700000001014@ims.mnc070.mcc999.3gpp.network.org
Jul  8 19:32:55 ims kamailio-scscf[3067]: INFO: registrar [save.c:498]: 401 challenge -> REGISTER w/ auth -> 200 OK for sip:+999700000003113@ims.mnc070.mcc999.3gpp.network.org
Jul  8 19:34:02 ims kamailio-scscf[3067]: INFO: tm [t_reply.c:900]: Call-ID: 0716ce1e629e41f9@ims.mnc070.mcc999.3gpp.network.org 180 Ringing -> 200 OK, dialog confirmed
Jul  8 19:34:09 ims kamailio-scscf[3067]: INFO: registrar [save.c:498]: 401 challenge -> REGISTER w/ auth -> 200 OK for sip:+999700000001329@ims.mnc070.mcc999.3gpp.network.org
Jul  8 19:34:32 ims kamailio-scscf[3067]: INFO: registrar [save.c:498]: 401 challenge -> REGISTER w/ auth -> 200 OK for sip:+999700000004902@ims.mnc070.mcc999.3gpp.network.org
Jul  8 19:34:38 ims kamailio-scscf[3067]: INFO: registrar [save.c:498]: 401 challenge -> REGISTER w/ auth -> 200 OK for sip:+999700000002178@ims.mnc070.mcc999.3gpp.network.org
Jul  8 19:35:09 ims kamailio-scscf[3067]: INFO: registrar [save.c:498]: 401 challenge -> REGISTER w/ auth -> 200 OK for sip:+999700000001974@ims.mnc070.mcc999.3gpp.network.org
Jul  8 19:35:37 ims kamailio-scscf[3067]: INFO: tm [t_reply.c:900]: Call-ID: fa8e3d50adc04055@ims.mnc070.mcc999.3gpp.network.org 180 Ringing -> 200 OK, dialog confirmed
Jul  8 19:36:02 ims kamailio-scscf[3067]: INFO: registrar [save.c:498]: 401 challenge -> REGISTER w/ auth -> 200 OK for sip:+999700000000123@ims.mnc070.mcc999.3gpp.network.org
Jul  8 19:36:28 ims kamailio-scscf[3067]: INFO: tm [t_reply.c:900]: Call-ID: 5f8a08c41b8142a2@ims.mnc070.mcc999.3gpp.network.org 180 Ringing -> 200 OK, dialog confirmed
Jul  8 19:36:37 ims kamailio-scscf[3067]: INFO: registrar [save.c:498]: 401 challenge -> REGISTER w/ auth -> 200 OK for sip:+999700000001272@ims.mnc070.mcc999.3gpp.network.org
Jul  8 19:36:51 ims kamailio-scscf[3067]: INFO: registrar [save.c:498]: 401 challenge -> REGISTER w/ auth -> 200 OK for sip:+999700000003991@ims.mnc070.mcc999.3gpp.network.org
Jul  8 19:37:44 ims kamailio-scscf[3067]: INFO: registrar [save.c:498]: 401 challenge -> REGISTER w/ auth -> 200 OK for sip:+999700000001391@ims.mnc070.mcc999.3gpp.network.org
Jul  8 19:38:03 ims kamailio-scscf[3067]: INFO: tm [t_reply.c:900]: Call-ID: 5e48297355354045@ims.mnc070.mcc999.3gpp.network.org 180 Ringing -> 200 OK, dialog confirmed
Jul  8 19:39:37 ims kamailio-scscf[3067]: INFO: tm [t_reply.c:900]: Call-ID: 4d93f97787634d8f@ims.mnc070.mcc999.3gpp.network.org 180 Ringing -> 200 OK, dialog confirmed
Jul  8 19:39:50 ims kamailio-scscf[3067]: INFO: registrar [save.c:498]: 401 challenge -> REGISTER w/ auth -> 200 OK for sip:+999700000003178@ims.mnc070.mcc999.3gpp.network.org
Jul  8 19:39:58 ims kamailio-scscf[3067]: INFO: registrar [save.c:498]: 401 challenge -> REGISTER w/ auth -> 200 OK for sip:+999700000000542@ims.mnc070.mcc999.3gpp.network.org
Jul  8 19:40:35 ims kamailio-scscf[3067]: INFO: registrar [save.c:498]: 401 challenge -> REGISTER w/ auth -> 200 OK for sip:+999700000000701@ims.mnc070.mcc999.3gpp.network.org
Jul  8 19:41:33 ims kamailio-scscf[3067]: INFO: registrar [save.c:498]: 401 challenge -> REGISTER w/ auth -> 200 OK for sip:+999700000003207@ims.mnc070.mcc999.3gpp.network.org
Jul  8 19:42:42 ims kamailio-scscf[3067]: INFO: tm [t_reply.c:900]: Call-ID: b0c996d9c93c4b25@ims.mnc070.mcc999.3gpp.network.org final reply 486 Busy Here
Jul  8 19:44:07 ims kamailio-scscf[3067]: INFO: registrar [save.c:498]: 401 challenge -> REGISTER w/ auth -> 200 OK for sip:+999700000000221@ims.mnc070.mcc999.3gpp.network.org
Jul  8 19:44:54 ims kamailio-scscf[3067]: INFO: tm [t_reply.c:900]: Call-ID: defc02d6866c4ba9@ims.mnc070.mcc999.3gpp.network.org 180 Ringing -> 200 OK, dialog confirmed
Jul  8 19:45:23 ims kamailio-scscf[3067]: INFO: tm [t_reply.c:900]: Call-ID: 2f46f72decac4806@ims.mnc070.mcc999.3gpp.network.org final reply 480 No Answer
Jul  8 19:45:35 ims kamailio-scscf[3067]: INFO: registrar [save.c:498]: 401 challenge -> REGISTER w/ auth -> 200 OK for sip:+999700000000550@ims.mnc070.mcc999.3gpp.network.org
Jul  8 19:45:41 ims kamailio-scscf[3067]: INFO: tm [t_reply.c:900]: Call-ID: ffb39b6738ae47b2@ims.mnc070.mcc999.3gpp.network.org 180 Ringing -> 200 OK, dialog confirmed
Jul  8 19:46:30 ims kamailio-scscf[3067]: INFO: tm [t_reply.c:900]: Call-ID: 5c99ad98f02a4ed2@ims.mnc070.mcc999.3gpp.network.org 180 Ringing -> 200 OK, dialog confirmed
Jul  8 19:46:56 ims kamailio-scscf[3067]: INFO: registrar [save.c:498]: 401 challenge -> REGISTER w/ auth -> 200 OK for sip:+999700000002654@ims.mnc070.mcc999.3gpp.network.org
Jul  8 19:48:00 ims kamailio-scscf[3067]: INFO: tm [t_reply.c:900]: Call-ID: 02e727d80d8949f3@ims.mnc070.mcc999.3gpp.network.org 180 Ringing -> 200 OK, dialog confirmed
Jul  8 19:48:15 ims kamailio-scscf[3067]: INFO: tm [t_reply.c:900]: Call-ID: bad2974d51704f83@ims.mnc070.mcc999.3gpp.network.org final reply 480 No Answer
Jul  8 19:50:24 ims kamailio-scscf[3067]: INFO: tm [t_reply.c:900]: Call-ID: d173d20667054e20@ims.mnc070.mcc999.3gpp.network.org 180 Ringing -> 200 OK, dialog confirmed
Jul  8 19:50:52 ims kamailio-scscf[3067]: INFO: tm [t_reply.c:900]: Call-ID: f8ca26169eb34b9f@ims.mnc070.mcc999.3gpp.network.org 180 Ringing -> 200 OK, dialog confirmed
Jul  8 19:51:21 ims kamailio-scscf[3067]: INFO: registrar [save.c:498]: 401 challenge -> REGISTER w/ auth -> 200 OK for sip:+999700000001599@ims.mnc070.mcc999.3gpp.network.org
Jul  8 19:51:40 ims kamailio-scscf[3067]: INFO: registrar [save.c:498]: 401 challenge -> REGISTER w/ auth -> 200 OK for sip:+999700000000963@ims.mnc070.mcc999.3gpp.network.org
Jul  8 19:52:11 ims kamailio-scscf[3067]: INFO: tm [t_reply.c:900]: Call-ID: 78f8ed54fe634e2d@ims.mnc070.mcc999.3gpp.network.org 180 Ringing -> 200 OK, dialog confirmed
Jul  8 19:52:14 ims kamailio-scscf[3067]: INFO: registrar [save.c:498]: 401 challenge -> REGISTER w/ auth -> 200 OK for sip:+999700000000004@ims.mnc070.mcc999.3gpp.network.org
Jul  8 19:52:27 ims kamailio-scscf[3067]: INFO: registrar [save.c:498]: 401 challenge -> REGISTER w/ auth -> 200 OK for sip:+999700000004327@ims.mnc070.mcc999.3gpp.network.org
Jul  8 19:54:07 ims kamailio-scscf[3067]: INFO: registrar [save.c:498]: 401 challenge -> REGISTER w/ auth -> 200 OK for sip:+999700000002375@ims.mnc070.mcc999.3gpp.network.org
Jul  8 19:54:13 ims kamailio-scscf[3067]: INFO: registrar [save.c:498]: 401 challenge -> REGISTER w/ auth -> 200 OK for sip:+999700000000770@ims.mnc070.mcc999.3gpp.network.org
Jul  8 19:55:52 ims kamailio-scscf[3067]: INFO: tm [t_reply.c:900]: Call-ID: a888ced45c1c4e35@ims.mnc070.mcc999.3gpp.network.org 180 Ringing -> 200 OK, dialog confirmed
Jul  8 19:56:20 ims kamailio-scscf[3067]: INFO: registrar [save.c:498]: 401 challenge -> REGISTER w/ auth -> 200 OK for sip:+999700000000462@ims.mnc070.mcc999.3gpp.network.org
Jul  8 19:56:47 ims kamailio-scscf[3067]: INFO: registrar [save.c:498]: 401 challenge -> REGISTER w/ auth -> 200 OK for sip:+999700000004682@ims.mnc070.mcc999.3gpp.network.org
Jul  8 19:56:59 ims kamailio-scscf[3067]: INFO: registrar [save.c:498]: 401 challenge -> REGISTER w/ auth -> 200 OK for sip:+999700000003559@ims.mnc070.mcc999.3gpp.network.org
Jul  8 19:57:20 ims kamailio-scscf[3067]: INFO: tm [t_reply.c:900]: Call-ID: abcbcb0a607943fa@ims.mnc070.mcc999.3gpp.network.org final reply 480 No Answer
Jul  8 19:59:07 ims kamailio-scscf[3067]: INFO: registrar [save.c:498]: 401 challenge -> REGISTER w/ auth -> 200 OK for sip:+999700000002224@ims.mnc070.mcc999.3gpp.network.org
Jul  8 19:59:22 ims kamailio-scscf[3067]: INFO: tm [t_reply.c:900]: Call-ID: 26afe56e27cc42ad@ims.mnc070.mcc999.3gpp.network.org 180 Ringing -> 200 OK, dialog confirmed
Jul  8 20:00:12 ims kamailio-scscf[3067]: INFO: registrar [save.c:498]: 401 challenge -> REGISTER w/ auth -> 200 OK for sip:+999700000004465@ims.mnc070.mcc999.3gpp.network.org
Jul  8 20:00:50 ims kamailio-scscf[3067]: INFO: registrar [save.c:498]: 401 challenge -> REGISTER w/ auth -> 200 OK for sip:+999700000002210@ims.mnc070.mcc999.3gpp.network.org
Jul  8 20:01:21 ims kamailio-scscf[3067]: INFO: registrar [save.c:498]: 401 challenge -> REGISTER w/ auth -> 200 OK for sip:+999700000001742@ims.mnc070.mcc999.3gpp.network.org
Jul  8 20:01:21 ims kamailio-scscf[3067]: INFO: registrar [save.c:498]: 401 challenge -> REGISTER w/ auth -> 200 OK for sip:+999700000003032@ims.mnc070.mcc999.3gpp.network.org
Jul  8 20:01:41 ims kamailio-scscf[3067]: INFO: tm [t_reply.c:900]: Call-ID: baaecd589f9e4e4b@ims.mnc070.mcc999.3gpp.network.org 180 Ringing -> 200 OK, dialog confirmed
Jul  8 20:03:27 ims kamailio-scscf[3067]: INFO: registrar [save.c:498]: 401 challenge -> REGISTER w/ auth -> 200 OK for sip:+999700000001133@ims.mnc070.mcc999.3gpp.network.org
Jul  8 20:04:02 ims kamailio-scscf[3067]: INFO: tm [t_reply.c:900]: Call-ID: 95b3412e492b4383@ims.mnc070.mcc999.3gpp.network.org 180 Ringing -> 200 OK, dialog confirmed
Jul  8 20:04:15 ims kamailio-scscf[3067]: INFO: registrar [save.c:498]: 401 challenge -> REGISTER w/ auth -> 200 OK for sip:+999700000002772@ims.mnc070.mcc999.3gpp.network.org
Jul  8 20:04:31 ims kamailio-scscf[3067]: INFO: tm [t_reply.c:900]: Call-ID: b975e3d558a74fae@ims.mnc070.mcc999.3gpp.network.org 180 Ringing -> 200 OK, dialog confirmed
Jul  8 20:04:56 ims kamailio-scscf[3067]: INFO: registrar [save.c:498]: 401 challenge -> REGISTER w/ auth -> 200 OK for sip:+999700000001424@ims.mnc070.mcc999.3gpp.network.org
Jul  8 20:04:57 ims kamailio-scscf[3067]: INFO: registrar [save.c:498]: 401 challenge -> REGISTER w/ auth -> 200 OK for sip:+999700000003061@ims.mnc070.mcc999.3gpp.network.org
Jul  8 20:05:03 ims kamailio-scscf[3067]: INFO: registrar [save.c:498]: 401 challenge -> REGISTER w/ auth -> 200 OK for sip:+999700000004340@ims.mnc070.mcc999.3gpp.network.org
Jul  8 20:05:59 ims kamailio-scscf[3067]: INFO: tm [t_reply.c:900]: Call-ID: a5f86ad0c5a94091@ims.mnc070.mcc999.3gpp.network.org 180 Ringing -> 200 OK, dialog confirmed
Jul  8 20:06:09 ims kamailio-scscf[3067]: INFO: registrar [save.c:498]: 401 challenge -> REGISTER w/ auth -> 200 OK for sip:+999700000002963@ims.mnc070.mcc999.3gpp.network.org
Jul  8 20:06:14 ims kamailio-scscf[3067]: INFO: tm [t_reply.c:900]: Call-ID: 31e21fc8e3424cd4@ims.mnc070.mcc999.3gpp.network.org 180 Ringing -> 200 OK, dialog confirmed
Jul  8 20:09:37 ims kamailio-scscf[3067]: INFO: tm [t_reply.c:900]: Call-ID: 51b94b70779c48c1@ims.mnc070.mcc999.3gpp.network.org 180 Ringing -> 200 OK, dialog confirmed
Jul  8 20:09:49 ims kamailio-scscf[3067]: INFO: registrar [save.c:498]: 401 challenge -> REGISTER w/ auth -> 200 OK for sip:+999700000000347@ims.mnc070.mcc999.3gpp.network.org
Jul  8 20:12:11 ims kamailio-scscf[3067]: INFO: registrar [save.c:498]: 401 challenge -> REGISTER w/ auth -> 200 OK for sip:+999700000001964@ims.mnc070.mcc999.3gpp.network.org
Jul  8 20:12:37 ims kamailio-scscf[3067]: INFO: tm [t_reply.c:900]: Call-ID: 64c893ee68444ad6@ims.mnc070.mcc999.3gpp.network.org 180 Ringing -> 200 OK, dialog confirmed
Jul  8 20:13:44 ims kamailio-scscf[3067]: INFO: registrar [save.c:498]: 401 challenge -> REGISTER w/ auth -> 200 OK for sip:+999700000003949@ims.mnc070.mcc999.3gpp.network.org
Jul  8 20:13:47 ims kamailio-scscf[3067]: INFO: registrar [save.c:498]: 401 challenge -> REGISTER w/ auth -> 200 OK for sip:+999700000003675@ims.mnc070.mcc999.3gpp.network.org
Jul  8 20:13:57 ims kamailio-scscf[3067]: INFO: registrar [save.c:498]: 401 challenge -> REGISTER w/ auth -> 200 OK for sip:+999700000000092@ims.mnc070.mcc999.3gpp.network.org
Jul  8 20:16:16 ims kamailio-scscf[3067]: INFO: tm [t_reply.c:900]: Call-ID: 5631fdfb20f24a8c@ims.mnc070.mcc999.3gpp.network.org 180 Ringing -> 200 OK, dialog confirmed
Jul  8 20:16:25 ims kamailio-scscf[3067]: INFO: registrar [save.c:498]: 401 challenge -> REGISTER w/ auth -> 200 OK for sip:+999700000002144@ims.mnc070.mcc999.3gpp.network.org
Jul  8 20:17:28 ims kamailio-scscf[3067]: INFO: tm [t_reply.c:900]: Call-ID: 7fd6c6bef9a2411b@ims.mnc070.mcc999.3gpp.network.org 180 Ringing -> 200 OK, dialog confirmed
Jul  8 20:18:17 ims kamailio-scscf[3067]: INFO: registrar [save.c:498]: 401 challenge -> REGISTER w/ auth -> 200 OK for sip:+999700000000483@ims.mnc070.mcc999.3gpp.network.org
Jul  8 20:18:35 ims kamailio-scscf[3067]: INFO: registrar [save.c:498]: 401 challenge -> REGISTER w/ auth -> 200 OK for sip:+999700000001346@ims.mnc070.mcc999.3gpp.network.org
Jul  8 20:19:50 ims kamailio-scscf[3067]: INFO: registrar [save.c:498]: 401 challenge -> REGISTER w/ auth -> 200 OK for sip:+999700000000550@ims.mnc070.mcc999.3gpp.network.org
Jul  8 20:20:03 ims kamailio-scscf[3067]: INFO: registrar [save.c:498]: 401 challenge -> REGISTER w/ auth -> 200 OK for sip:+999700000002206@ims.mnc070.mcc999.3gpp.network.org
Jul  8 20:20:40 ims kamailio-scscf[3067]: INFO: tm [t_reply.c:900]: Call-ID: 1a008e0b9c124de2@ims.mnc070.mcc999.3gpp.network.org 180 Ringing -> 200 OK, dialog confirmed
Jul  8 20:21:20 ims kamailio-scscf[3067]: WARNING: tm [t_reply.c:1201]: INVITE Call-ID: 57ace08571134078@ims.mnc070.mcc999.3gpp.network.org failed, 503/timeout downstream
Jul  8 20:21:41 ims kamailio-scscf[3067]: INFO: tm [t_reply.c:900]: Call-ID: 7c7e9cc7288d4d37@ims.mnc070.mcc999.3gpp.network.org final reply 486 Busy Here
Jul  8 20:23:14 ims kamailio-scscf[3067]: INFO: registrar [save.c:498]: 401 challenge -> REGISTER w/ auth -> 200 OK for sip:+999700000000652@ims.mnc070.mcc999.3gpp.network.org
Jul  8 20:24:19 ims kamailio-scscf[3067]: INFO: tm [t_reply.c:900]: Call-ID: e8546d062cf945cb@ims.mnc070.mcc999.3gpp.network.org final reply 480 No Answer
Jul  8 20:25:15 ims kamailio-scscf[3067]: INFO: tm [t_reply.c:900]: Call-ID: 169a3ac07ab441e3@ims.mnc070.mcc999.3gpp.network.org 180 Ringing -> 200 OK, dialog confirmed
Jul  8 20:25:51 ims kamailio-scscf[3067]: INFO: registrar [save.c:498]: 401 challenge -> REGISTER w/ auth -> 200 OK for sip:+999700000000454@ims.mnc070.mcc999.3gpp.network.org
Jul  8 20:26:44 ims kamailio-scscf[3067]: INFO: registrar [save.c:498]: 401 challenge -> REGISTER w/ auth -> 200 OK for sip:+999700000003552@ims.mnc070.mcc999.3gpp.network.org
Jul  8 20:27:42 ims kamailio-scscf[3067]: INFO: registrar [save.c:498]: 401 challenge -> REGISTER w/ auth -> 200 OK for sip:+999700000004860@ims.mnc070.mcc999.3gpp.network.org
Jul  8 20:27:49 ims kamailio-scscf[3067]: INFO: registrar [save.c:498]: 401 challenge -> REGISTER w/ auth -> 200 OK for sip:+999700000000059@ims.mnc070.mcc999.3gpp.network.org
Jul  8 20:28:13 ims kamailio-scscf[3067]: INFO: registrar [save.c:498]: 401 challenge -> REGISTER w/ auth -> 200 OK for sip:+999700000002664@ims.mnc070.mcc999.3gpp.network.org
Jul  8 20:28:19 ims kamailio-scscf[3067]: INFO: registrar [save.c:498]: 401 challenge -> REGISTER w/ auth -> 200 OK for sip:+999700000003575@ims.mnc070.mcc999.3gpp.network.org
Jul  8 20:29:18 ims kamailio-scscf[3067]: INFO: registrar [save.c:498]: 401 challenge -> REGISTER w/ auth -> 200 OK for sip:+999700000001077@ims.mnc070.mcc999.3gpp.network.org
Jul  8 20:30:58 ims kamailio-scscf[3067]: INFO: registrar [save.c:498]: 401 challenge -> REGISTER w/ auth -> 200 OK for sip:+999700000004322@ims.mnc070.mcc999.3gpp.network.org
Jul  8 20:32:40 ims kamailio-scscf[3067]: INFO: registrar [save.c:498]: 401 challenge -> REGISTER w/ auth -> 200 OK for sip:+999700000000315@ims.mnc070.mcc999.3gpp.network.org
Jul  8 20:33:22 ims kamailio-scscf[3067]: INFO: tm [t_reply.c:900]: Call-ID: a7fad1ebcfd24031@ims.mnc070.mcc999.3gpp.network.org 180 Ringing -> 200 OK, dialog confirmed
Jul  8 20:33:36 ims kamailio-scscf[3067]: INFO: tm [t_reply.c:900]: Call-ID: 5c6da6c14c86497a@ims.mnc070.mcc999.3gpp.network.org 180 Ringing -> 200 OK, dialog confirmed
Jul  8 20:34:00 ims kamailio-scscf[3067]: INFO: registrar [save.c:498]: 401 challenge -> REGISTER w/ auth -> 200 OK for sip:+999700000003439@ims.mnc070.mcc999.3gpp.network.org
Jul  8 20:35:11 ims kamailio-scscf[3067]: INFO: registrar [save.c:498]: 401 challenge -> REGISTER w/ auth -> 200 OK for sip:+999700000004515@ims.mnc070.mcc999.3gpp.network.org
Jul  8 20:35:25 ims kamailio-scscf[3067]: INFO: registrar [save.c:498]: 401 challenge -> REGISTER w/ auth -> 200 OK for sip:+999700000004528@ims.mnc070.mcc999.3gpp.network.org
Jul  8 20:35:54 ims kamailio-scscf[3067]: INFO: registrar [save.c:498]: 401 challenge -> REGISTER w/ auth -> 200 OK for sip:+999700000004344@ims.mnc070.mcc999.3gpp.network.org
Jul  8 20:36:14 ims kamailio-scscf[3067]: INFO: registrar [save.c:498]: 401 challenge -> REGISTER w/ auth -> 200 OK for sip:+999700000001937@ims.mnc070.mcc999.3gpp.network.org
Jul  8 20:36:21 ims kamailio-scscf[3067]: INFO: tm [t_reply.c:900]: Call-ID: af43b8cc3f4a4cc7@ims.mnc070.mcc999.3gpp.network.org 180 Ringing -> 200 OK, dialog confirmed
Jul  8 20:37:52 ims kamailio-scscf[3067]: INFO: tm [t_reply.c:900]: Call-ID: 1dde43ff7c074fea@ims.mnc070.mcc999.3gpp.network.org 180 Ringing -> 200 OK, dialog confirmed
Jul  8 20:38:03 ims kamailio-scscf[3067]: INFO: tm [t_reply.c:900]: Call-ID: 48567defb06046a6@ims.mnc070.mcc999.3gpp.network.org 180 Ringing -> 200 OK, dialog confirmed
Jul  8 20:38:05 ims kamailio-scscf[3067]: INFO: registrar [save.c:498]: 401 challenge -> REGISTER w/ auth -> 200 OK for sip:+999700000002726@ims.mnc070.mcc999.3gpp.network.org
Jul  8 20:39:33 ims kamailio-scscf[3067]: INFO: registrar [save.c:498]: 401 challenge -> REGISTER w/ auth -> 200 OK for sip:+999700000003228@ims.mnc070.mcc999.3gpp.network.org
Jul  8 20:40:55 ims kamailio-scscf[3067]: INFO: tm [t_reply.c:900]: Call-ID: ae052a1b0fef4580@ims.mnc070.mcc999.3gpp.network.org final reply 480 No Answer
Jul  8 20:41:09 ims kamailio-scscf[3067]: INFO: registrar [save.c:498]: 401 challenge -> REGISTER w/ auth -> 200 OK for sip:+999700000004042@ims.mnc070.mcc999.3gpp.network.org
Jul  8 20:44:22 ims kamailio-scscf[3067]: INFO: registrar [save.c:498]: 401 challenge -> REGISTER w/ auth -> 200 OK for sip:+999700000000477@ims.mnc070.mcc999.3gpp.network.org
Jul  8 20:44:54 ims kamailio-scscf[3067]: INFO: tm [t_reply.c:900]: Call-ID: 697b5b53aaf34e93@ims.mnc070.mcc999.3gpp.network.org 180 Ringing -> 200 OK, dialog confirmed
Jul  8 20:45:52 ims kamailio-scscf[3067]: INFO: registrar [save.c:498]: 401 challenge -> REGISTER w/ auth -> 200 OK for sip:+999700000003550@ims.mnc070.mcc999.3gpp.network.org
Jul  8 20:46:04 ims kamailio-scscf[3067]: INFO: tm [t_reply.c:900]: Call-ID: 196758fee77b49f7@ims.mnc070.mcc999.3gpp.network.org 180 Ringing -> 200 OK, dialog confirmed
Jul  8 20:46:11 ims kamailio-scscf[3067]: INFO: tm [t_reply.c:900]: Call-ID: e62ee87885984ea3@ims.mnc070.mcc999.3gpp.network.org final reply 486 Busy Here
Jul  8 20:48:36 ims kamailio-scscf[3067]: INFO: tm [t_reply.c:900]: Call-ID: 23e087a673c44086@ims.mnc070.mcc999.3gpp.network.org 180 Ringing -> 200 OK, dialog confirmed
Jul  8 20:49:18 ims kamailio-scscf[3067]: INFO: tm [t_reply.c:900]: Call-ID: 271667077c484ee5@ims.mnc070.mcc999.3gpp.network.org 180 Ringing -> 200 OK, dialog confirmed
Jul  8 20:49:31 ims kamailio-scscf[3067]: INFO: registrar [save.c:498]: 401 challenge -> REGISTER w/ auth -> 200 OK for sip:+999700000000108@ims.mnc070.mcc999.3gpp.network.org
Jul  8 20:50:10 ims kamailio-scscf[3067]: INFO: registrar [save.c:498]: 401 challenge -> REGISTER w/ auth -> 200 OK for sip:+999700000001242@ims.mnc070.mcc999.3gpp.network.org
Jul  8 20:50:46 ims kamailio-scscf[3067]: INFO: tm [t_reply.c:900]: Call-ID: 40b56d1685eb40c8@ims.mnc070.mcc999.3gpp.network.org 180 Ringing -> 200 OK, dialog confirmed
Jul  8 20:51:12 ims kamailio-scscf[3067]: INFO: registrar [save.c:498]: 401 challenge -> REGISTER w/ auth -> 200 OK for sip:+999700000000768@ims.mnc070.mcc999.3gpp.network.org
Jul  8 20:51:22 ims kamailio-scscf[3067]: INFO: registrar [save.c:498]: 401 challenge -> REGISTER w/ auth -> 200 OK for sip:+999700000000368@ims.mnc070.mcc999.3gpp.network.org
Jul  8 20:51:44 ims kamailio-scscf[3067]: INFO: registrar [save.c:498]: 401 challenge -> REGISTER w/ auth -> 200 OK for sip:+999700000000651@ims.mnc070.mcc999.3gpp.network.org
Jul  8 20:51:46 ims kamailio-scscf[3067]: INFO: registrar [save.c:498]: 401 challenge -> REGISTER w/ auth -> 200 OK for sip:+999700000002287@ims.mnc070.mcc999.3gpp.network.org
Jul  8 20:51:53 ims kamailio-scscf[3067]: INFO: registrar [save.c:498]: 401 challenge -> REGISTER w/ auth -> 200 OK for sip:+999700000003048@ims.mnc070.mcc999.3gpp.network.org
Jul  8 20:52:22 ims kamailio-scscf[3067]: INFO: tm [t_reply.c:900]: Call-ID: c0590dbbf6df4c63@ims.mnc070.mcc999.3gpp.network.org 180 Ringing -> 200 OK, dialog confirmed
Jul  8 20:52:36 ims kamailio-scscf[3067]: INFO: tm [t_reply.c:900]: Call-ID: d773f1b4d2ba4179@ims.mnc070.mcc999.3gpp.network.org 180 Ringing -> 200 OK, dialog confirmed
Jul  8 20:52:46 ims kamailio-scscf[3067]: INFO: registrar [save.c:498]: 401 challenge -> REGISTER w/ auth -> 200 OK for sip:+999700000004381@ims.mnc070.mcc999.3gpp.network.org
Jul  8 20:53:12 ims kamailio-scscf[3067]: INFO: registrar [save.c:498]: 401 challenge -> REGISTER w/ auth -> 200 OK for sip:+999700000000023@ims.mnc070.mcc999.3gpp.network.org
Jul  8 20:54:04 ims kamailio-scscf[3067]: INFO: registrar [save.c:498]: 401 challenge -> REGISTER w/ auth -> 200 OK for sip:+999700000003607@ims.mnc070.mcc999.3gpp.network.org
Jul  8 20:58:01 ims kamailio-scscf[3067]: INFO: registrar [save.c:498]: 401 challenge -> REGISTER w/ auth -> 200 OK for sip:+999700000000683@ims.mnc070.mcc999.3gpp.network.org
Jul  8 21:00:42 ims kamailio-scscf[3067]: INFO: registrar [save.c:498]: 401 challenge -> REGISTER w/ auth -> 200 OK for sip:+999700000003701@ims.mnc070.mcc999.3gpp.network.org
Jul  8 21:01:21 ims kamailio-scscf[3067]: INFO: tm [t_reply.c:900]: Call-ID: 485a369ae3b741b8@ims.mnc070.mcc999.3gpp.network.org 180 Ringing -> 200 OK, dialog confirmed
Jul  8 21:01:49 ims kamailio-scscf[3067]: INFO: tm [t_reply.c:900]: Call-ID: a8648bb2f7944c87@ims.mnc070.mcc999.3gpp.network.org 180 Ringing -> 200 OK, dialog confirmed
Jul  8 21:02:58 ims kamailio-scscf[3067]: INFO: registrar [save.c:498]: 401 challenge -> REGISTER w/ auth -> 200 OK for sip:+999700000004227@ims.mnc070.mcc999.3gpp.network.org
Jul  8 21:04:03 ims kamailio-scscf[3067]: INFO: registrar [save.c:498]: 401 challenge -> REGISTER w/ auth -> 200 OK for sip:+999700000003574@ims.mnc070.mcc999.3gpp.network.org
Jul  8 21:06:16 ims kamailio-scscf[3067]: INFO: tm [t_reply.c:900]: Call-ID: dfaac4dfd0784e54@ims.mnc070.mcc999.3gpp.network.org 180 Ringing -> 200 OK, dialog confirmed
Jul  8 21:08:10 ims kamailio-scscf[3067]: INFO: registrar [save.c:498]: 401 challenge -> REGISTER w/ auth -> 200 OK for sip:+999700000003137@ims.mnc070.mcc999.3gpp.network.org
Jul  8 21:08:47 ims kamailio-scscf[3067]: INFO: registrar [save.c:498]: 401 challenge -> REGISTER w/ auth -> 200 OK for sip:+999700000002776@ims.mnc070.mcc999.3gpp.network.org
Jul  8 21:08:54 ims kamailio-scscf[3067]: INFO: registrar [save.c:498]: 401 challenge -> REGISTER w/ auth -> 200 OK for sip:+999700000001839@ims.mnc070.mcc999.3gpp.network.org
Jul  8 21:09:09 ims kamailio-scscf[3067]: INFO: registrar [save.c:498]: 401 challenge -> REGISTER w/ auth -> 200 OK for sip:+999700000001045@ims.mnc070.mcc999.3gpp.network.org
Jul  8 21:09:15 ims kamailio-scscf[3067]: INFO: tm [t_reply.c:900]: Call-ID: aec69b646dc94bf0@ims.mnc070.mcc999.3gpp.network.org 180 Ringing -> 200 OK, dialog confirmed
Jul  8 21:09:43 ims kamailio-scscf[3067]: INFO: tm [t_reply.c:900]: Call-ID: a63b4fa95ede4720@ims.mnc070.mcc999.3gpp.network.org final reply 486 Busy Here
Jul  8 21:10:12 ims kamailio-scscf[3067]: INFO: registrar [save.c:498]: 401 challenge -> REGISTER w/ auth -> 200 OK for sip:+999700000002703@ims.mnc070.mcc999.3gpp.network.org
Jul  8 21:10:51 ims kamailio-scscf[3067]: INFO: registrar [save.c:498]: 401 challenge -> REGISTER w/ auth -> 200 OK for sip:+999700000003015@ims.mnc070.mcc999.3gpp.network.org
Jul  8 21:11:06 ims kamailio-scscf[3067]: INFO: registrar [save.c:498]: 401 challenge -> REGISTER w/ auth -> 200 OK for sip:+999700000003311@ims.mnc070.mcc999.3gpp.network.org
Jul  8 21:11:20 ims kamailio-scscf[3067]: INFO: registrar [save.c:498]: 401 challenge -> REGISTER w/ auth -> 200 OK for sip:+999700000001008@ims.mnc070.mcc999.3gpp.network.org
Jul  8 21:13:13 ims kamailio-scscf[3067]: INFO: registrar [save.c:498]: 401 challenge -> REGISTER w/ auth -> 200 OK for sip:+999700000001569@ims.mnc070.mcc999.3gpp.network.org
Jul  8 21:13:32 ims kamailio-scscf[3067]: INFO: tm [t_reply.c:900]: Call-ID: 70e3b0fc1e2e4ded@ims.mnc070.mcc999.3gpp.network.org 180 Ringing -> 200 OK, dialog confirmed
Jul  8 21:14:26 ims kamailio-scscf[3067]: INFO: tm [t_reply.c:900]: Call-ID: 799ae934aa9a4c1d@ims.mnc070.mcc999.3gpp.network.org 180 Ringing -> 200 OK, dialog confirmed
Jul  8 21:14:56 ims kamailio-scscf[3067]: INFO: registrar [save.c:498]: 401 challenge -> REGISTER w/ auth -> 200 OK for sip:+999700000001627@ims.mnc070.mcc999.3gpp.network.org
Jul  8 21:16:46 ims kamailio-scscf[3067]: INFO: tm [t_reply.c:900]: Call-ID: 5fb943eef1f64e19@ims.mnc070.mcc999.3gpp.network.org 180 Ringing -> 200 OK, dialog confirmed
Jul  8 21:17:13 ims kamailio-scscf[3067]: INFO: registrar [save.c:498]: 401 challenge -> REGISTER w/ auth -> 200 OK for sip:+999700000000517@ims.mnc070.mcc999.3gpp.network.org
Jul  8 21:17:36 ims kamailio-scscf[3067]: INFO: registrar [save.c:498]: 401 challenge -> REGISTER w/ auth -> 200 OK for sip:+999700000001741@ims.mnc070.mcc999.3gpp.network.org
Jul  8 21:18:43 ims kamailio-scscf[3067]: INFO: registrar [save.c:498]: 401 challenge -> REGISTER w/ auth -> 200 OK for sip:+999700000002143@ims.mnc070.mcc999.3gpp.network.org
Jul  8 21:18:56 ims kamailio-scscf[3067]: INFO: registrar [save.c:498]: 401 challenge -> REGISTER w/ auth -> 200 OK for sip:+999700000003921@ims.mnc070.mcc999.3gpp.network.org
Jul  8 21:19:25 ims kamailio-scscf[3067]: INFO: registrar [save.c:498]: 401 challenge -> REGISTER w/ auth -> 200 OK for sip:+999700000002893@ims.mnc070.mcc999.3gpp.network.org
Jul  8 21:19:47 ims kamailio-scscf[3067]: INFO: registrar [save.c:498]: 401 challenge -> REGISTER w/ auth -> 200 OK for sip:+999700000002184@ims.mnc070.mcc999.3gpp.network.org
Jul  8 21:20:56 ims kamailio-scscf[3067]: INFO: tm [t_reply.c:900]: Call-ID: b1c633140fe0404e@ims.mnc070.mcc999.3gpp.network.org 180 Ringing -> 200 OK, dialog confirmed
Jul  8 21:21:09 ims kamailio-scscf[3067]: INFO: registrar [save.c:498]: 401 challenge -> REGISTER w/ auth -> 200 OK for sip:+999700000000933@ims.mnc070.mcc999.3gpp.network.org
Jul  8 21:21:30 ims kamailio-scscf[3067]: INFO: registrar [save.c:498]: 401 challenge -> REGISTER w/ auth -> 200 OK for sip:+999700000002451@ims.mnc070.mcc999.3gpp.network.org
Jul  8 21:22:13 ims kamailio-scscf[3067]: INFO: tm [t_reply.c:900]: Call-ID: e23dc39487e246cc@ims.mnc070.mcc999.3gpp.network.org 180 Ringing -> 200 OK, dialog confirmed
Jul  8 21:22:13 ims kamailio-scscf[3067]: INFO: registrar [save.c:498]: 401 challenge -> REGISTER w/ auth -> 200 OK for sip:+999700000004078@ims.mnc070.mcc999.3gpp.network.org
Jul  8 21:22:58 ims kamailio-scscf[3067]: INFO: tm [t_reply.c:900]: Call-ID: 7062cafd328143bf@ims.mnc070.mcc999.3gpp.network.org final reply 480 No Answer
Jul  8 21:24:54 ims kamailio-scscf[3067]: INFO: registrar [save.c:498]: 401 challenge -> REGISTER w/ auth -> 200 OK for sip:+999700000003387@ims.mnc070.mcc999.3gpp.network.org
Jul  8 21:25:50 ims kamailio-scscf[3067]: INFO: registrar [save.c:498]: 401 challenge -> REGISTER w/ auth -> 200 OK for sip:+999700000003295@ims.mnc070.mcc999.3gpp.network.org
Jul  8 21:27:45 ims kamailio-scscf[3067]: INFO: registrar [save.c:498]: 401 challenge -> REGISTER w/ auth -> 200 OK for sip:+999700000001344@ims.mnc070.mcc999.3gpp.network.org
Jul  8 21:27:52 ims kamailio-scscf[3067]: INFO: registrar [save.c:498]: 401 challenge -> REGISTER w/ auth -> 200 OK for sip:+999700000000647@ims.mnc070.mcc999.3gpp.network.org
Jul  8 21:28:11 ims kamailio-scscf[3067]: INFO: tm [t_reply.c:900]: Call-ID: bcf6fad4477148df@ims.mnc070.mcc999.3gpp.network.org 180 Ringing -> 200 OK, dialog confirmed
Jul  8 21:31:09 ims kamailio-scscf[3067]: INFO: registrar [save.c:498]: 401 challenge -> REGISTER w/ auth -> 200 OK for sip:+999700000001662@ims.mnc070.mcc999.3gpp.network.org
Jul  8 21:32:29 ims kamailio-scscf[3067]: INFO: registrar [save.c:498]: 401 challenge -> REGISTER w/ auth -> 200 OK for sip:+999700000000065@ims.mnc070.mcc999.3gpp.network.org
Jul  8 21:34:35 ims kamailio-scscf[3067]: INFO: registrar [save.c:498]: 401 challenge -> REGISTER w/ auth -> 200 OK for sip:+999700000003569@ims.mnc070.mcc999.3gpp.network.org
Jul  8 21:34:55 ims kamailio-scscf[3067]: INFO: tm [t_reply.c:900]: Call-ID: 44f283d6bed743d2@ims.mnc070.mcc999.3gpp.network.org 180 Ringing -> 200 OK, dialog confirmed
Jul  8 21:35:04 ims kamailio-scscf[3067]: INFO: registrar [save.c:498]: 401 challenge -> REGISTER w/ auth -> 200 OK for sip:+999700000004782@ims.mnc070.mcc999.3gpp.network.org
Jul  8 21:36:13 ims kamailio-scscf[3067]: INFO: registrar [save.c:498]: 401 challenge -> REGISTER w/ auth -> 200 OK for sip:+999700000000980@ims.mnc070.mcc999.3gpp.network.org
Jul  8 21:37:16 ims kamailio-scscf[3067]: INFO: tm [t_reply.c:900]: Call-ID: 039adf6e22524ee9@ims.mnc070.mcc999.3gpp.network.org 180 Ringing -> 200 OK, dialog confirmed
Jul  8 21:38:17 ims kamailio-scscf[3067]: INFO: registrar [save.c:498]: 401 challenge -> REGISTER w/ auth -> 200 OK for sip:+999700000000821@ims.mnc070.mcc999.3gpp.network.org
Jul  8 21:39:19 ims kamailio-scscf[3067]: INFO: registrar [save.c:498]: 401 challenge -> REGISTER w/ auth -> 200 OK for sip:+999700000004740@ims.mnc070.mcc999.3gpp.network.org
Jul  8 21:39:58 ims kamailio-scscf[3067]: INFO: registrar [save.c:498]: 401 challenge -> REGISTER w/ auth -> 200 OK for sip:+999700000001534@ims.mnc070.mcc999.3gpp.network.org
Jul  8 21:41:00 ims kamailio-scscf[3067]: INFO: registrar [save.c:498]: 401 challenge -> REGISTER w/ auth -> 200 OK for sip:+999700000002965@ims.mnc070.mcc999.3gpp.network.org
Jul  8 21:41:02 ims kamailio-scscf[3067]: INFO: tm [t_reply.c:900]: Call-ID: 98d0fc5edad84dca@ims.mnc070.mcc999.3gpp.network.org 180 Ringing -> 200 OK, dialog confirmed
Jul  8 21:41:46 ims kamailio-scscf[3067]: INFO: registrar [save.c:498]: 401 challenge -> REGISTER w/ auth -> 200 OK for sip:+999700000004664@ims.mnc070.mcc999.3gpp.network.org
Jul  8 21:43:29 ims kamailio-scscf[3067]: INFO: tm [t_reply.c:900]: Call-ID: 1120c344de7b4198@ims.mnc070.mcc999.3gpp.network.org 180 Ringing -> 200 OK, dialog confirmed
Jul  8 21:43:31 ims kamailio-scscf[3067]: INFO: tm [t_reply.c:900]: Call-ID: 35f19f65d7714180@ims.mnc070.mcc999.3gpp.network.org 180 Ringing -> 200 OK, dialog confirmed
Jul  8 21:44:08 ims kamailio-scscf[3067]: INFO: registrar [save.c:498]: 401 challenge -> REGISTER w/ auth -> 200 OK for sip:+999700000003151@ims.mnc070.mcc999.3gpp.network.org
Jul  8 21:44:21 ims kamailio-scscf[3067]: INFO: registrar [save.c:498]: 401 challenge -> REGISTER w/ auth -> 200 OK for sip:+999700000002853@ims.mnc070.mcc999.3gpp.network.org
Jul  8 21:44:31 ims kamailio-scscf[3067]: INFO: registrar [save.c:498]: 401 challenge -> REGISTER w/ auth -> 200 OK for sip:+999700000002704@ims.mnc070.mcc999.3gpp.network.org
Jul  8 21:46:36 ims kamailio-scscf[3067]: INFO: registrar [save.c:498]: 401 challenge -> REGISTER w/ auth -> 200 OK for sip:+999700000004345@ims.mnc070.mcc999.3gpp.network.org
Jul  8 21:47:36 ims kamailio-scscf[3067]: INFO: registrar [save.c:498]: 401 challenge -> REGISTER w/ auth -> 200 OK for sip:+999700000002370@ims.mnc070.mcc999.3gpp.network.org
Jul  8 21:48:03 ims kamailio-scscf[3067]: INFO: tm [t_reply.c:900]: Call-ID: 4ce0bf35749b47ee@ims.mnc070.mcc999.3gpp.network.org 180 Ringing -> 200 OK, dialog confirmed
Jul  8 21:48:07 ims kamailio-scscf[3067]: INFO: tm [t_reply.c:900]: Call-ID: 9896a5219c244ab5@ims.mnc070.mcc999.3gpp.network.org 180 Ringing -> 200 OK, dialog confirmed
Jul  8 21:48:50 ims kamailio-scscf[3067]: INFO: tm [t_reply.c:900]: Call-ID: e502cf438ac24c8d@ims.mnc070.mcc999.3gpp.network.org 180 Ringing -> 200 OK, dialog confirmed
Jul  8 21:51:10 ims kamailio-scscf[3067]: INFO: registrar [save.c:498]: 401 challenge -> REGISTER w/ auth -> 200 OK for sip:+999700000003072@ims.mnc070.mcc999.3gpp.network.org
Jul  8 21:51:44 ims kamailio-scscf[3067]: WARNING: tm [t_reply.c:1201]: INVITE Call-ID: 642a5f467c1c4ef4@ims.mnc070.mcc999.3gpp.network.org failed, 503/timeout downstream
Jul  8 21:51:54 ims kamailio-scscf[3067]: INFO: registrar [save.c:498]: 401 challenge -> REGISTER w/ auth -> 200 OK for sip:+999700000004301@ims.mnc070.mcc999.3gpp.network.org
Jul  8 21:54:24 ims kamailio-scscf[3067]: INFO: registrar [save.c:498]: 401 challenge -> REGISTER w/ auth -> 200 OK for sip:+999700000002995@ims.mnc070.mcc999.3gpp.network.org
Jul  8 21:54:58 ims kamailio-scscf[3067]: INFO: registrar [save.c:498]: 401 challenge -> REGISTER w/ auth -> 200 OK for sip:+999700000000708@ims.mnc070.mcc999.3gpp.network.org
Jul  8 21:55:53 ims kamailio-scscf[3067]: INFO: registrar [save.c:498]: 401 challenge -> REGISTER w/ auth -> 200 OK for sip:+999700000003744@ims.mnc070.mcc999.3gpp.network.org
Jul  8 21:58:24 ims kamailio-scscf[3067]: INFO: registrar [save.c:498]: 401 challenge -> REGISTER w/ auth -> 200 OK for sip:+999700000003581@ims.mnc070.mcc999.3gpp.network.org
Jul  8 21:59:50 ims kamailio-scscf[3067]: INFO: registrar [save.c:498]: 401 challenge -> REGISTER w/ auth -> 200 OK for sip:+999700000003637@ims.mnc070.mcc999.3gpp.network.org
Jul  8 21:59:59 ims kamailio-scscf[3067]: INFO: registrar [save.c:498]: 401 challenge -> REGISTER w/ auth -> 200 OK for sip:+999700000001434@ims.mnc070.mcc999.3gpp.network.org
Jul  8 22:02:20 ims kamailio-scscf[3067]: INFO: registrar [save.c:498]: 401 challenge -> REGISTER w/ auth -> 200 OK for sip:+999700000003608@ims.mnc070.mcc999.3gpp.network.org
Jul  8 22:02:55 ims kamailio-scscf[3067]: INFO: registrar [save.c:498]: 401 challenge -> REGISTER w/ auth -> 200 OK for sip:+999700000004127@ims.mnc070.mcc999.3gpp.network.org
Jul  8 22:03:03 ims kamailio-scscf[3067]: INFO: registrar [save.c:498]: 401 challenge -> REGISTER w/ auth -> 200 OK for sip:+999700000004183@ims.mnc070.mcc999.3gpp.network.org
Jul  8 22:06:00 ims kamailio-scscf[3067]: INFO: tm [t_reply.c:900]: Call-ID: ea53d40189074796@ims.mnc070.mcc999.3gpp.network.org 180 Ringing -> 200 OK, dialog confirmed
Jul  8 22:06:45 ims kamailio-scscf[3067]: INFO: tm [t_reply.c:900]: Call-ID: 2e892e98b4704e0a@ims.mnc070.mcc999.3gpp.network.org 180 Ringing -> 200 OK, dialog confirmed
Jul  8 22:06:55 ims kamailio-scscf[3067]: INFO: tm [t_reply.c:900]: Call-ID: 0788b2bfed0a4a4a@ims.mnc070.mcc999.3gpp.network.org 180 Ringing -> 200 OK, dialog confirmed
Jul  8 22:08:09 ims kamailio-scscf[3067]: INFO: registrar [save.c:498]: 401 challenge -> REGISTER w/ auth -> 200 OK for sip:+999700000002263@ims.mnc070.mcc999.3gpp.network.org
Jul  8 22:08:37 ims kamailio-scscf[3067]: INFO: registrar [save.c:498]: 401 challenge -> REGISTER w/ auth -> 200 OK for sip:+999700000003034@ims.mnc070.mcc999.3gpp.network.org
Jul  8 22:08:50 ims kamailio-scscf[3067]: INFO: tm [t_reply.c:900]: Call-ID: f06a962dee03412e@ims.mnc070.mcc999.3gpp.network.org 180 Ringing -> 200 OK, dialog confirmed
Jul  8 22:09:49 ims kamailio-scscf[3067]: INFO: registrar [save.c:498]: 401 challenge -> REGISTER w/ auth -> 200 OK for sip:+999700000000530@ims.mnc070.mcc999.3gpp.network.org
Jul  8 22:10:52 ims kamailio-scscf[3067]: INFO: registrar [save.c:498]: 401 challenge -> REGISTER w/ auth -> 200 OK for sip:+999700000004490@ims.mnc070.mcc999.3gpp.network.org
Jul  8 22:13:00 ims kamailio-scscf[3067]: INFO: tm [t_reply.c:900]: Call-ID: ade36e83973d40ce@ims.mnc070.mcc999.3gpp.network.org 180 Ringing -> 200 OK, dialog confirmed
Jul  8 22:13:14 ims kamailio-scscf[3067]: INFO: registrar [save.c:498]: 401 challenge -> REGISTER w/ auth -> 200 OK for sip:+999700000002780@ims.mnc070.mcc999.3gpp.network.org
Jul  8 22:13:21 ims kamailio-scscf[3067]: INFO: registrar [save.c:498]: 401 challenge -> REGISTER w/ auth -> 200 OK for sip:+999700000004382@ims.mnc070.mcc999.3gpp.network.org
Jul  8 22:13:27 ims kamailio-scscf[3067]: INFO: registrar [save.c:498]: 401 challenge -> REGISTER w/ auth -> 200 OK for sip:+999700000001270@ims.mnc070.mcc999.3gpp.network.org
Jul  8 22:14:20 ims kamailio-scscf[3067]: INFO: registrar [save.c:498]: 401 challenge -> REGISTER w/ auth -> 200 OK for sip:+999700000000319@ims.mnc070.mcc999.3gpp.network.org
Jul  8 22:16:10 ims kamailio-scscf[3067]: INFO: registrar [save.c:498]: 401 challenge -> REGISTER w/ auth -> 200 OK for sip:+999700000004329@ims.mnc070.mcc999.3gpp.network.org
Jul  8 22:16:31 ims kamailio-scscf[3067]: INFO: registrar [save.c:498]: 401 challenge -> REGISTER w/ auth -> 200 OK for sip:+999700000000391@ims.mnc070.mcc999.3gpp.network.org
Jul  8 22:16:31 ims kamailio-scscf[3067]: INFO: registrar [save.c:498]: 401 challenge -> REGISTER w/ auth -> 200 OK for sip:+999700000003272@ims.mnc070.mcc999.3gpp.network.org
Jul  8 22:17:12 ims kamailio-scscf[3067]: INFO: registrar [save.c:498]: 401 challenge -> REGISTER w/ auth -> 200 OK for sip:+999700000001406@ims.mnc070.mcc999.3gpp.network.org
Jul  8 22:18:16 ims kamailio-scscf[3067]: INFO: registrar [save.c:498]: 401 challenge -> REGISTER w/ auth -> 200 OK for sip:+999700000002972@ims.mnc070.mcc999.3gpp.network.org
Jul  8 22:21:07 ims kamailio-scscf[3067]: INFO: registrar [save.c:498]: 401 challenge -> REGISTER w/ auth -> 200 OK for sip:+999700000002583@ims.mnc070.mcc999.3gpp.network.org
Jul  8 22:21:46 ims kamailio-scscf[3067]: INFO: registrar [save.c:498]: 401 challenge -> REGISTER w/ auth -> 200 OK for sip:+999700000002947@ims.mnc070.mcc999.3gpp.network.org
Jul  8 22:23:38 ims kamailio-scscf[3067]: INFO: tm [t_reply.c:900]: Call-ID: 423fec03f5bf46a5@ims.mnc070.mcc999.3gpp.network.org 180 Ringing -> 200 OK, dialog confirmed
Jul  8 22:27:10 ims kamailio-scscf[3067]: INFO: tm [t_reply.c:900]: Call-ID: 3ed1b7c7f6d647e9@ims.mnc070.mcc999.3gpp.network.org 180 Ringing -> 200 OK, dialog confirmed
Jul  8 22:27:16 ims kamailio-scscf[3067]: INFO: registrar [save.c:498]: 401 challenge -> REGISTER w/ auth -> 200 OK for sip:+999700000004469@ims.mnc070.mcc999.3gpp.network.org
Jul  8 22:28:11 ims kamailio-scscf[3067]: INFO: registrar [save.c:498]: 401 challenge -> REGISTER w/ auth -> 200 OK for sip:+999700000000329@ims.mnc070.mcc999.3gpp.network.org
Jul  8 22:28:26 ims kamailio-scscf[3067]: INFO: tm [t_reply.c:900]: Call-ID: 3a34916be24b4498@ims.mnc070.mcc999.3gpp.network.org 180 Ringing -> 200 OK, dialog confirmed
Jul  8 22:29:58 ims kamailio-scscf[3067]: INFO: tm [t_reply.c:900]: Call-ID: b88d5190a2d9440b@ims.mnc070.mcc999.3gpp.network.org 180 Ringing -> 200 OK, dialog confirmed
Jul  8 22:31:09 ims kamailio-scscf[3067]: INFO: registrar [save.c:498]: 401 challenge -> REGISTER w/ auth -> 200 OK for sip:+999700000001465@ims.mnc070.mcc999.3gpp.network.org
Jul  8 22:31:47 ims kamailio-scscf[3067]: INFO: registrar [save.c:498]: 401 challenge -> REGISTER w/ auth -> 200 OK for sip:+999700000003057@ims.mnc070.mcc999.3gpp.network.org
Jul  8 22:32:11 ims kamailio-scscf[3067]: INFO: registrar [save.c:498]: 401 challenge -> REGISTER w/ auth -> 200 OK for sip:+999700000002919@ims.mnc070.mcc999.3gpp.network.org
Jul  8 22:34:03 ims kamailio-scscf[3067]: INFO: tm [t_reply.c:900]: Call-ID: cff2e4659c01492b@ims.mnc070.mcc999.3gpp.network.org final reply 480 No Answer
Jul  8 22:34:40 ims kamailio-scscf[3067]: INFO: tm [t_reply.c:900]: Call-ID: a84e983c179e4fd2@ims.mnc070.mcc999.3gpp.network.org 180 Ringing -> 200 OK, dialog confirmed
Jul  8 22:35:03 ims kamailio-scscf[3067]: INFO: registrar [save.c:498]: 401 challenge -> REGISTER w/ auth -> 200 OK for sip:+999700000000400@ims.mnc070.mcc999.3gpp.network.org
Jul  8 22:35:20 ims kamailio-scscf[3067]: INFO: registrar [save.c:498]: 401 challenge -> REGISTER w/ auth -> 200 OK for sip:+999700000001665@ims.mnc070.mcc999.3gpp.network.org
Jul  8 22:35:47 ims kamailio-scscf[3067]: INFO: tm [t_reply.c:900]: Call-ID: c284b7decc8c4455@ims.mnc070.mcc999.3gpp.network.org 180 Ringing -> 200 OK, dialog confirmed
Jul  8 22:39:45 ims kamailio-scscf[3067]: INFO: registrar [save.c:498]: 401 challenge -> REGISTER w/ auth -> 200 OK for sip:+999700000000433@ims.mnc070.mcc999.3gpp.network.org
Jul  8 22:41:10 ims kamailio-scscf[3067]: INFO: tm [t_reply.c:900]: Call-ID: 69c6daf1a36d4240@ims.mnc070.mcc999.3gpp.network.org 180 Ringing -> 200 OK, dialog confirmed
Jul  8 22:41:30 ims kamailio-scscf[3067]: INFO: registrar [save.c:498]: 401 challenge -> REGISTER w/ auth -> 200 OK for sip:+999700000003883@ims.mnc070.mcc999.3gpp.network.org
Jul  8 22:42:01 ims kamailio-scscf[3067]: INFO: registrar [save.c:498]: 401 challenge -> REGISTER w/ auth -> 200 OK for sip:+999700000003704@ims.mnc070.mcc999.3gpp.network.org
Jul  8 22:42:24 ims kamailio-scscf[3067]: INFO: tm [t_reply.c:900]: Call-ID: 3a16ab5c5e3c48cc@ims.mnc070.mcc999.3gpp.network.org 180 Ringing -> 200 OK, dialog confirmed
Jul  8 22:43:59 ims kamailio-scscf[3067]: INFO: registrar [save.c:498]: 401 challenge -> REGISTER w/ auth -> 200 OK for sip:+999700000000728@ims.mnc070.mcc999.3gpp.network.org
Jul  8 22:44:37 ims kamailio-scscf[3067]: INFO: registrar [save.c:498]: 401 challenge -> REGISTER w/ auth -> 200 OK for sip:+999700000002941@ims.mnc070.mcc999.3gpp.network.org
Jul  8 22:44:50 ims kamailio-scscf[3067]: INFO: registrar [save.c:498]: 401 challenge -> REGISTER w/ auth -> 200 OK for sip:+999700000004876@ims.mnc070.mcc999.3gpp.network.org
Jul  8 22:46:15 ims kamailio-scscf[3067]: INFO: registrar [save.c:498]: 401 challenge -> REGISTER w/ auth -> 200 OK for sip:+999700000003467@ims.mnc070.mcc999.3gpp.network.org
Jul  8 22:48:20 ims kamailio-scscf[3067]: INFO: registrar [save.c:498]: 401 challenge -> REGISTER w/ auth -> 200 OK for sip:+999700000001092@ims.mnc070.mcc999.3gpp.network.org
Jul  8 22:48:23 ims kamailio-scscf[3067]: INFO: registrar [save.c:498]: 401 challenge -> REGISTER w/ auth -> 200 OK for sip:+999700000000900@ims.mnc070.mcc999.3gpp.network.org
Jul  8 22:49:11 ims kamailio-scscf[3067]: INFO: registrar [save.c:498]: 401 challenge -> REGISTER w/ auth -> 200 OK for sip:+999700000000182@ims.mnc070.mcc999.3gpp.network.org
Jul  8 22:52:25 ims kamailio-scscf[3067]: INFO: tm [t_reply.c:900]: Call-ID: 62ef9467c0454285@ims.mnc070.mcc999.3gpp.network.org 180 Ringing -> 200 OK, dialog confirmed
Jul  8 22:52:45 ims kamailio-scscf[3067]: INFO: tm [t_reply.c:900]: Call-ID: 580f54bde5444968@ims.mnc070.mcc999.3gpp.network.org 180 Ringing -> 200 OK, dialog confirmed
Jul  8 22:53:12 ims kamailio-scscf[3067]: INFO: tm [t_reply.c:900]: Call-ID: b8b7821bbca64b3c@ims.mnc070.mcc999.3gpp.network.org 180 Ringing -> 200 OK, dialog confirmed
Jul  8 22:53:17 ims kamailio-scscf[3067]: INFO: registrar [save.c:498]: 401 challenge -> REGISTER w/ auth -> 200 OK for sip:+999700000004200@ims.mnc070.mcc999.3gpp.network.org
Jul  8 22:54:16 ims kamailio-scscf[3067]: INFO: registrar [save.c:498]: 401 challenge -> REGISTER w/ auth -> 200 OK for sip:+999700000000816@ims.mnc070.mcc999.3gpp.network.org
Jul  8 22:55:24 ims kamailio-scscf[3067]: INFO: tm [t_reply.c:900]: Call-ID: 5157cb8506924093@ims.mnc070.mcc999.3gpp.network.org 180 Ringing -> 200 OK, dialog confirmed
Jul  8 22:56:01 ims kamailio-scscf[3067]: INFO: registrar [save.c:498]: 401 challenge -> REGISTER w/ auth -> 200 OK for sip:+999700000004392@ims.mnc070.mcc999.3gpp.network.org
Jul  8 22:57:45 ims kamailio-scscf[3067]: INFO: registrar [save.c:498]: 401 challenge -> REGISTER w/ auth -> 200 OK for sip:+999700000000772@ims.mnc070.mcc999.3gpp.network.org
Jul  8 22:57:52 ims kamailio-scscf[3067]: INFO: registrar [save.c:498]: 401 challenge -> REGISTER w/ auth -> 200 OK for sip:+999700000004715@ims.mnc070.mcc999.3gpp.network.org
Jul  8 22:58:34 ims kamailio-scscf[3067]: INFO: registrar [save.c:498]: 401 challenge -> REGISTER w/ auth -> 200 OK for sip:+999700000000381@ims.mnc070.mcc999.3gpp.network.org
Jul  8 22:58:39 ims kamailio-scscf[3067]: INFO: registrar [save.c:498]: 401 challenge -> REGISTER w/ auth -> 200 OK for sip:+999700000004277@ims.mnc070.mcc999.3gpp.network.org
Jul  8 23:00:34 ims kamailio-scscf[3067]: INFO: tm [t_reply.c:900]: Call-ID: f88d689148ba4046@ims.mnc070.mcc999.3gpp.network.org final reply 480 No Answer
Jul  8 23:01:37 ims kamailio-scscf[3067]: INFO: registrar [save.c:498]: 401 challenge -> REGISTER w/ auth -> 200 OK for sip:+999700000004390@ims.mnc070.mcc999.3gpp.network.org
Jul  8 23:03:32 ims kamailio-scscf[3067]: INFO: registrar [save.c:498]: 401 challenge -> REGISTER w/ auth -> 200 OK for sip:+999700000003382@ims.mnc070.mcc999.3gpp.network.org
Jul  8 23:06:44 ims kamailio-scscf[3067]: INFO: registrar [save.c:498]: 401 challenge -> REGISTER w/ auth -> 200 OK for sip:+999700000001711@ims.mnc070.mcc999.3gpp.network.org
Jul  8 23:08:37 ims kamailio-scscf[3067]: INFO: registrar [save.c:498]: 401 challenge -> REGISTER w/ auth -> 200 OK for sip:+999700000003551@ims.mnc070.mcc999.3gpp.network.org
Jul  8 23:10:23 ims kamailio-scscf[3067]: INFO: registrar [save.c:498]: 401 challenge -> REGISTER w/ auth -> 200 OK for sip:+999700000000991@ims.mnc070.mcc999.3gpp.network.org
Jul  8 23:10:52 ims kamailio-scscf[3067]: INFO: tm [t_reply.c:900]: Call-ID: 4118e45d0dfe4279@ims.mnc070.mcc999.3gpp.network.org 180 Ringing -> 200 OK, dialog confirmed
Jul  8 23:11:33 ims kamailio-scscf[3067]: INFO: registrar [save.c:498]: 401 challenge -> REGISTER w/ auth -> 200 OK for sip:+999700000004205@ims.mnc070.mcc999.3gpp.network.org
Jul  8 23:12:26 ims kamailio-scscf[3067]: INFO: registrar [save.c:498]: 401 challenge -> REGISTER w/ auth -> 200 OK for sip:+999700000004736@ims.mnc070.mcc999.3gpp.network.org
Jul  8 23:12:30 ims kamailio-scscf[3067]: INFO: registrar [save.c:498]: 401 challenge -> REGISTER w/ auth -> 200 OK for sip:+999700000001748@ims.mnc070.mcc999.3gpp.network.org
Jul  8 23:13:50 ims kamailio-scscf[3067]: INFO: tm [t_reply.c:900]: Call-ID: c266bb9a3df94a43@ims.mnc070.mcc999.3gpp.network.org 180 Ringing -> 200 OK, dialog confirmed
Jul  8 23:14:00 ims kamailio-scscf[3067]: INFO: tm [t_reply.c:900]: Call-ID: aed30c31f3624af5@ims.mnc070.mcc999.3gpp.network.org 180 Ringing -> 200 OK, dialog confirmed
Jul  8 23:14:11 ims kamailio-scscf[3067]: INFO: registrar [save.c:498]: 401 challenge -> REGISTER w/ auth -> 200 OK for sip:+999700000004649@ims.mnc070.mcc999.3gpp.network.org
Jul  8 23:15:23 ims kamailio-scscf[3067]: INFO: registrar [save.c:498]: 401 challenge -> REGISTER w/ auth -> 200 OK for sip:+999700000002493@ims.mnc070.mcc999.3gpp.network.org
Jul  8 23:16:31 ims kamailio-scscf[3067]: INFO: registrar [save.c:498]: 401 challenge -> REGISTER w/ auth -> 200 OK for sip:+999700000001130@ims.mnc070.mcc999.3gpp.network.org
Jul  8 23:17:48 ims kamailio-scscf[3067]: INFO: registrar [save.c:498]: 401 challenge -> REGISTER w/ auth -> 200 OK for sip:+999700000000847@ims.mnc070.mcc999.3gpp.network.org
Jul  8 23:18:42 ims kamailio-scscf[3067]: INFO: registrar [save.c:498]: 401 challenge -> REGISTER w/ auth -> 200 OK for sip:+999700000003409@ims.mnc070.mcc999.3gpp.network.org
Jul  8 23:19:02 ims kamailio-scscf[3067]: INFO: registrar [save.c:498]: 401 challenge -> REGISTER w/ auth -> 200 OK for sip:+999700000002139@ims.mnc070.mcc999.3gpp.network.org
Jul  8 23:19:29 ims kamailio-scscf[3067]: INFO: registrar [save.c:498]: 401 challenge -> REGISTER w/ auth -> 200 OK for sip:+999700000004682@ims.mnc070.mcc999.3gpp.network.org
Jul  8 23:19:37 ims kamailio-scscf[3067]: INFO: tm [t_reply.c:900]: Call-ID: b65b51db97344035@ims.mnc070.mcc999.3gpp.network.org 180 Ringing -> 200 OK, dialog confirmed
Jul  8 23:19:55 ims kamailio-scscf[3067]: INFO: registrar [save.c:498]: 401 challenge -> REGISTER w/ auth -> 200 OK for sip:+999700000003183@ims.mnc070.mcc999.3gpp.network.org
Jul  8 23:20:05 ims kamailio-scscf[3067]: INFO: registrar [save.c:498]: 401 challenge -> REGISTER w/ auth -> 200 OK for sip:+999700000000850@ims.mnc070.mcc999.3gpp.network.org
Jul  8 23:20:59 ims kamailio-scscf[3067]: INFO: registrar [save.c:498]: 401 challenge -> REGISTER w/ auth -> 200 OK for sip:+999700000000305@ims.mnc070.mcc999.3gpp.network.org
Jul  8 23:24:59 ims kamailio-scscf[3067]: INFO: tm [t_reply.c:900]: Call-ID: 03d710dcc6fe42f1@ims.mnc070.mcc999.3gpp.network.org 180 Ringing -> 200 OK, dialog confirmed
Jul  8 23:25:03 ims kamailio-scscf[3067]: INFO: tm [t_reply.c:900]: Call-ID: 59d2a9cfbed340f1@ims.mnc070.mcc999.3gpp.network.org 180 Ringing -> 200 OK, dialog confirmed
Jul  8 23:26:59 ims kamailio-scscf[3067]: INFO: registrar [save.c:498]: 401 challenge -> REGISTER w/ auth -> 200 OK for sip:+999700000004606@ims.mnc070.mcc999.3gpp.network.org
Jul  8 23:27:11 ims kamailio-scscf[3067]: INFO: tm [t_reply.c:900]: Call-ID: 356967562c70496a@ims.mnc070.mcc999.3gpp.network.org 180 Ringing -> 200 OK, dialog confirmed
Jul  8 23:27:19 ims kamailio-scscf[3067]: INFO: tm [t_reply.c:900]: Call-ID: 1ae2de4b62dc4006@ims.mnc070.mcc999.3gpp.network.org final reply 486 Busy Here
Jul  8 23:30:20 ims kamailio-scscf[3067]: INFO: registrar [save.c:498]: 401 challenge -> REGISTER w/ auth -> 200 OK for sip:+999700000002476@ims.mnc070.mcc999.3gpp.network.org
Jul  8 23:31:03 ims kamailio-scscf[3067]: INFO: registrar [save.c:498]: 401 challenge -> REGISTER w/ auth -> 200 OK for sip:+999700000003162@ims.mnc070.mcc999.3gpp.network.org
Jul  8 23:33:06 ims kamailio-scscf[3067]: INFO: registrar [save.c:498]: 401 challenge -> REGISTER w/ auth -> 200 OK for sip:+999700000003883@ims.mnc070.mcc999.3gpp.network.org
Jul  8 23:34:49 ims kamailio-scscf[3067]: INFO: registrar [save.c:498]: 401 challenge -> REGISTER w/ auth -> 200 OK for sip:+999700000001726@ims.mnc070.mcc999.3gpp.network.org
Jul  8 23:35:27 ims kamailio-scscf[3067]: INFO: registrar [save.c:498]: 401 challenge -> REGISTER w/ auth -> 200 OK for sip:+999700000003442@ims.mnc070.mcc999.3gpp.network.org
Jul  8 23:37:10 ims kamailio-scscf[3067]: INFO: registrar [save.c:498]: 401 challenge -> REGISTER w/ auth -> 200 OK for sip:+999700000000064@ims.mnc070.mcc999.3gpp.network.org
Jul  8 23:37:29 ims kamailio-scscf[3067]: INFO: registrar [save.c:498]: 401 challenge -> REGISTER w/ auth -> 200 OK for sip:+999700000004857@ims.mnc070.mcc999.3gpp.network.org
Jul  8 23:37:58 ims kamailio-scscf[3067]: INFO: tm [t_reply.c:900]: Call-ID: ca98578ed9494963@ims.mnc070.mcc999.3gpp.network.org 180 Ringing -> 200 OK, dialog confirmed
Jul  8 23:40:47 ims kamailio-scscf[3067]: INFO: tm [t_reply.c:900]: Call-ID: 3e2cb8e7ec714c65@ims.mnc070.mcc999.3gpp.network.org 180 Ringing -> 200 OK, dialog confirmed
Jul  8 23:43:10 ims kamailio-scscf[3067]: INFO: tm [t_reply.c:900]: Call-ID: e8903f1437574687@ims.mnc070.mcc999.3gpp.network.org 180 Ringing -> 200 OK, dialog confirmed
Jul  8 23:43:25 ims kamailio-scscf[3067]: INFO: registrar [save.c:498]: 401 challenge -> REGISTER w/ auth -> 200 OK for sip:+999700000000117@ims.mnc070.mcc999.3gpp.network.org
Jul  8 23:44:16 ims kamailio-scscf[3067]: INFO: registrar [save.c:498]: 401 challenge -> REGISTER w/ auth -> 200 OK for sip:+999700000002546@ims.mnc070.mcc999.3gpp.network.org
Jul  8 23:44:52 ims kamailio-scscf[3067]: INFO: tm [t_reply.c:900]: Call-ID: bd92d02d8a424202@ims.mnc070.mcc999.3gpp.network.org 180 Ringing -> 200 OK, dialog confirmed
Jul  8 23:44:58 ims kamailio-scscf[3067]: INFO: registrar [save.c:498]: 401 challenge -> REGISTER w/ auth -> 200 OK for sip:+999700000001240@ims.mnc070.mcc999.3gpp.network.org
Jul  8 23:45:22 ims kamailio-scscf[3067]: INFO: registrar [save.c:498]: 401 challenge -> REGISTER w/ auth -> 200 OK for sip:+999700000003192@ims.mnc070.mcc999.3gpp.network.org
Jul  8 23:46:12 ims kamailio-scscf[3067]: INFO: registrar [save.c:498]: 401 challenge -> REGISTER w/ auth -> 200 OK for sip:+999700000001951@ims.mnc070.mcc999.3gpp.network.org
Jul  8 23:46:27 ims kamailio-scscf[3067]: INFO: tm [t_reply.c:900]: Call-ID: 541b0efd75ed4d2f@ims.mnc070.mcc999.3gpp.network.org 180 Ringing -> 200 OK, dialog confirmed
Jul  8 23:47:07 ims kamailio-scscf[3067]: INFO: registrar [save.c:498]: 401 challenge -> REGISTER w/ auth -> 200 OK for sip:+999700000004199@ims.mnc070.mcc999.3gpp.network.org
Jul  8 23:47:50 ims kamailio-scscf[3067]: INFO: registrar [save.c:498]: 401 challenge -> REGISTER w/ auth -> 200 OK for sip:+999700000002330@ims.mnc070.mcc999.3gpp.network.org
Jul  8 23:48:02 ims kamailio-scscf[3067]: INFO: registrar [save.c:498]: 401 challenge -> REGISTER w/ auth -> 200 OK for sip:+999700000001970@ims.mnc070.mcc999.3gpp.network.org
Jul  8 23:52:04 ims kamailio-scscf[3067]: INFO: registrar [save.c:498]: 401 challenge -> REGISTER w/ auth -> 200 OK for sip:+999700000002154@ims.mnc070.mcc999.3gpp.network.org
Jul  8 23:56:31 ims kamailio-scscf[3067]: INFO: registrar [save.c:498]: 401 challenge -> REGISTER w/ auth -> 200 OK for sip:+999700000003427@ims.mnc070.mcc999.3gpp.network.org
Jul  8 23:56:51 ims kamailio-scscf[3067]: INFO: registrar [save.c:498]: 401 challenge -> REGISTER w/ auth -> 200 OK for sip:+999700000002797@ims.mnc070.mcc999.3gpp.network.org
Jul  8 23:57:41 ims kamailio-scscf[3067]: INFO: tm [t_reply.c:900]: Call-ID: 9e247571e69040d7@ims.mnc070.mcc999.3gpp.network.org final reply 486 Busy Here
Jul  8 23:58:14 ims kamailio-scscf[3067]: INFO: registrar [save.c:498]: 401 challenge -> REGISTER w/ auth -> 200 OK for sip:+999700000004298@ims.mnc070.mcc999.3gpp.network.org
Jul  8 23:58:36 ims kamailio-scscf[3067]: INFO: tm [t_reply.c:900]: Call-ID: 45643cc2c4a54b51@ims.mnc070.mcc999.3gpp.network.org 180 Ringing -> 200 OK, dialog confirmed
