07/06 00:00:25.702: [amf] INFO: InitialUEMessage [suci-0-999-70-0000-0-0-6122807694] Registration request (../src/amf/ngap-handler.c:401)
07/06 00:00:25.744: [amf] INFO: [imsi-999706122807694] Registration complete (../src/amf/gmm-sm.c:1050)
07/06 00:02:01.738: [amf] INFO: InitialUEMessage [suci-0-999-70-0000-0-0-3333177336] Registration request (../src/amf/ngap-handler.c:401)
07/06 00:02:01.798: [amf] INFO: [imsi-999703333177336] Registration complete (../src/amf/gmm-sm.c:1050)
07/06 00:04:58.245: [amf] INFO: InitialUEMessage [suci-0-999-70-0000-0-0-3872617683] Registration request (../src/amf/ngap-handler.c:401)
07/06 00:04:58.293: [amf] INFO: [imsi-999703872617683] Registration complete (../src/amf/gmm-sm.c:1050)
07/06 00:05:08.039: [amf] INFO: InitialUEMessage [suci-0-999-70-0000-0-0-1806545816] Registration request (../src/amf/ngap-handler.c:401)
07/06 00:05:08.091: [amf] INFO: [imsi-999701806545816] Registration complete (../src/amf/gmm-sm.c:1050)
07/06 00:07:49.459: [amf] INFO: InitialUEMessage [suci-0-999-70-0000-0-0-4804642810] Registration request (../src/amf/ngap-handler.c:401)
07/06 00:07:49.508: [amf] INFO: [imsi-999704804642810] Registration complete (../src/amf/gmm-sm.c:1050)
07/06 00:09:06.462: [amf] INFO: InitialUEMessage [suci-0-999-70-0000-0-0-3251173421] Registration request (../src/amf/ngap-handler.c:401)
07/06 00:09:06.518: [amf] INFO: [imsi-999703251173421] Registration complete (../src/amf/gmm-sm.c:1050)
07/06 00:13:05.090: [amf] INFO: InitialUEMessage [suci-0-999-70-0000-0-0-7258710596] Registration request (../src/amf/ngap-handler.c:401)
07/06 00:13:05.128: [amf] INFO: [imsi-999707258710596] Registration complete (../src/amf/gmm-sm.c:1050)
07/06 00:18:02.776: [amf] INFO: InitialUEMessage [suci-0-999-70-0000-0-0-8440085424] Registration request (../src/amf/ngap-handler.c:401)
07/06 00:18:02.797: [amf] INFO: [imsi-999708440085424] Registration complete (../src/amf/gmm-sm.c:1050)
07/06 00:18:48.267: [amf] INFO: InitialUEMessage [suci-0-999-70-0000-0-0-8812359727] Registration request (../src/amf/ngap-handler.c:401)
07/06 00:18:48.307: [amf] INFO: [imsi-999708812359727] Registration complete (../src/amf/gmm-sm.c:1050)
07/06 00:18:48.751: [amf] INFO: InitialUEMessage [suci-0-999-70-0000-0-0-9761940064] Registration request (../src/amf/ngap-handler.c:401)
07/06 00:18:48.794: [amf] INFO: [imsi-999709761940064] Registration complete (../src/amf/gmm-sm.c:1050)
07/06 00:20:15.323: [amf] INFO: InitialUEMessage [suci-0-999-70-0000-0-0-8957394625] Registration request (../src/amf/ngap-handler.c:401)
07/06 00:20:15.369: [amf] INFO: [imsi-999708957394625] Registration complete (../src/amf/gmm-sm.c:1050)
07/06 00:23:19.801: [amf] INFO: InitialUEMessage [suci-0-999-70-0000-0-0-0118782506] Registration request (../src/amf/ngap-handler.c:401)
07/06 00:23:19.870: [amf] INFO: [imsi-999700118782506] Registration complete (../src/amf/gmm-sm.c:1050)
07/06 00:29:19.176: [amf] INFO: InitialUEMessage [suci-0-999-70-0000-0-0-6449685143] Registration request (../src/amf/ngap-handler.c:401)
07/06 00:29:19.206: [amf] INFO: [imsi-999706449685143] Registration complete (../src/amf/gmm-sm.c:1050)
07/06 00:30:01.067: [amf] INFO: InitialUEMessage [suci-0-999-70-0000-0-0-9166909555] Registration request (../src/amf/ngap-handler.c:401)
07/06 00:30:01.099: [amf] INFO: [imsi-999709166909555] Registration complete (../src/amf/gmm-sm.c:1050)
07/06 00:30:35.502: [amf] INFO: InitialUEMessage [suci-0-999-70-0000-0-0-2038075795] Registration request (../src/amf/ngap-handler.c:401)
07/06 00:30:35.544: [amf] INFO: [imsi-999702038075795] Registration complete (../src/amf/gmm-sm.c:1050)
07/06 00:32:12.098: [amf] INFO: InitialUEMessage [suci-0-999-70-0000-0-0-1253042720] Registration request (../src/amf/ngap-handler.c:401)
07/06 00:32:12.144: [amf] INFO: [imsi-999701253042720] Registration complete (../src/amf/gmm-sm.c:1050)
07/06 00:33:35.202: [amf] INFO: InitialUEMessage [suci-0-999-70-0000-0-0-9187524158] Registration request (../src/amf/ngap-handler.c:401)
07/06 00:33:35.246: [amf] INFO: [imsi-999709187524158] Registration complete (../src/amf/gmm-sm.c:1050)
07/06 00:40:39.414: [amf] WARNING: OVERLOAD-START: rejecting non-emergency registrations (../src/amf/ngap-handler.c:1490)
07/06 00:41:39.950: [amf] INFO: InitialUEMessage [suci-0-999-70-0000-0-0-0870266838] Registration request (../src/amf/ngap-handler.c:401)
07/06 00:41:39.994: [amf] INFO: [imsi-999700870266838] Registration complete (../src/amf/gmm-sm.c:1050)
07/06 00:44:16.454: [amf] INFO: InitialUEMessage [suci-0-999-70-0000-0-0-6488048736] Registration request (../src/amf/ngap-handler.c:401)
07/06 00:44:16.507: [amf] INFO: [imsi-999706488048736] Registration complete (../src/amf/gmm-sm.c:1050)
07/06 00:47:10.567: [amf] INFO: InitialUEMessage [suci-0-999-70-0000-0-0-5750380729] Registration request (../src/amf/ngap-handler.c:401)
07/06 00:47:10.604: [amf] INFO: [imsi-999705750380729] Registration complete (../src/amf/gmm-sm.c:1050)
07/06 00:48:15.655: [amf] INFO: InitialUEMessage [suci-0-999-70-0000-0-0-3972127981] Registration request (../src/amf/ngap-handler.c:401)
07/06 00:48:15.683: [amf] INFO: [imsi-999703972127981] Registration complete (../src/amf/gmm-sm.c:1050)
07/06 00:48:15.856: [amf] WARNING: [imsi-999703972127981] PDU Session Establishment reject [PSI:1 Cause: Network failure] (../src/amf/nsmf-handler.c:520)
07/06 00:49:19.083: [amf] INFO: InitialUEMessage [suci-0-999-70-0000-0-0-0928879330] Registration request (../src/amf/ngap-handler.c:401)
07/06 00:49:19.136: [amf] INFO: [imsi-999700928879330] Registration complete (../src/amf/gmm-sm.c:1050)
07/06 00:49:54.562: [amf] INFO: InitialUEMessage [suci-0-999-70-0000-0-0-1770617830] Registration request (../src/amf/ngap-handler.c:401)
07/06 00:49:54.611: [amf] INFO: [imsi-999701770617830] Registration complete (../src/amf/gmm-sm.c:1050)
07/06 00:50:03.439: [amf] INFO: InitialUEMessage [suci-0-999-70-0000-0-0-1233237725] Registration request (../src/amf/ngap-handler.c:401)
07/06 00:50:03.465: [amf] INFO: [imsi-999701233237725] Registration complete (../src/amf/gmm-sm.c:1050)
07/06 00:50:18.475: [amf] INFO: InitialUEMessage [suci-0-999-70-0000-0-0-8125045667] Registration request (../src/amf/ngap-handler.c:401)
07/06 00:50:18.528: [amf] INFO: [imsi-999708125045667] Registration complete (../src/amf/gmm-sm.c:1050)
07/06 00:55:29.909: [amf] INFO: InitialUEMessage [suci-0-999-70-0000-0-0-9175444834] Registration request (../src/amf/ngap-handler.c:401)
07/06 00:55:29.940: [amf] INFO: [imsi-999709175444834] Registration complete (../src/amf/gmm-sm.c:1050)
07/06 00:55:53.756: [amf] WARNING: OVERLOAD-START: rejecting non-emergency registrations (../src/amf/ngap-handler.c:1490)
07/06 01:05:19.992: [amf] INFO: InitialUEMessage [suci-0-999-70-0000-0-0-0015590042] Registration request (../src/amf/ngap-handler.c:401)
07/06 01:05:20.019: [amf] INFO: [imsi-999700015590042] Registration complete (../src/amf/gmm-sm.c:1050)
07/06 01:08:05.646: [amf] INFO: InitialUEMessage [suci-0-999-70-0000-0-0-0701098963] Registration request (../src/amf/ngap-handler.c:401)
07/06 01:08:05.685: [amf] INFO: [imsi-999700701098963] Registration complete (../src/amf/gmm-sm.c:1050)
07/06 01:08:31.917: [amf] INFO: InitialUEMessage [suci-0-999-70-0000-0-0-5408940110] Registration request (../src/amf/ngap-handler.c:401)
07/06 01:08:31.961: [amf] INFO: [imsi-999705408940110] Registration complete (../src/amf/gmm-sm.c:1050)
07/06 01:08:48.573: [amf] INFO: InitialUEMessage [suci-0-999-70-0000-0-0-2551854053] Registration request (../src/amf/ngap-handler.c:401)
07/06 01:08:48.608: [amf] INFO: [imsi-999702551854053] Registration complete (../src/amf/gmm-sm.c:1050)
07/06 01:10:59.201: [amf] INFO: InitialUEMessage [suci-0-999-70-0000-0-0-3110282253] Registration request (../src/amf/ngap-handler.c:401)
07/06 01:10:59.247: [amf] INFO: [imsi-999703110282253] Registration complete (../src/amf/gmm-sm.c:1050)
07/06 01:13:03.384: [amf] INFO: InitialUEMessage [suci-0-999-70-0000-0-0-9175915524] Registration request (../src/amf/ngap-handler.c:401)
07/06 01:13:03.446: [amf] INFO: [imsi-999709175915524] Registration complete (../src/amf/gmm-sm.c:1050)
07/06 01:19:51.216: [amf] INFO: InitialUEMessage [suci-0-999-70-0000-0-0-3399572916] Registration request (../src/amf/ngap-handler.c:401)
07/06 01:19:51.247: [amf] INFO: [imsi-999703399572916] Registration complete (../src/amf/gmm-sm.c:1050)
07/06 01:23:00.806: [amf] INFO: InitialUEMessage [suci-0-999-70-0000-0-0-6053314002] Registration request (../src/amf/ngap-handler.c:401)
07/06 01:23:00.850: [amf] INFO: [imsi-999706053314002] Registration complete (../src/amf/gmm-sm.c:1050)
07/06 01:23:36.805: [amf] INFO: InitialUEMessage [suci-0-999-70-0000-0-0-0932570002] Registration request (../src/amf/ngap-handler.c:401)
07/06 01:23:36.856: [amf] INFO: [imsi-999700932570002] Registration complete (../src/amf/gmm-sm.c:1050)
07/06 01:24:42.334: [amf] INFO: InitialUEMessage [suci-0-999-70-0000-0-0-4102106701] Registration request (../src/amf/ngap-handler.c:401)
07/06 01:24:42.371: [amf] INFO: [imsi-999704102106701] Registration complete (../src/amf/gmm-sm.c:1050)
07/06 01:25:18.965: [amf] INFO: InitialUEMessage [suci-0-999-70-0000-0-0-7364699992] Registration request (../src/amf/ngap-handler.c:401)
07/06 01:25:19.020: [amf] INFO: [imsi-999707364699992] Registration complete (../src/amf/gmm-sm.c:1050)
07/06 01:30:45.977: [amf] INFO: InitialUEMessage [suci-0-999-70-0000-0-0-6932859510] Registration request (../src/amf/ngap-handler.c:401)
07/06 01:30:46.034: [amf] INFO: [imsi-999706932859510] Registration complete (../src/amf/gmm-sm.c:1050)
07/06 01:33:36.954: [amf] INFO: InitialUEMessage [suci-0-999-70-0000-0-0-3503233656] Registration request (../src/amf/ngap-handler.c:401)
07/06 01:33:36.997: [amf] INFO: [imsi-999703503233656] Registration complete (../src/amf/gmm-sm.c:1050)
07/06 01:39:43.541: [amf] INFO: InitialUEMessage [suci-0-999-70-0000-0-0-8208118734] Registration request (../src/amf/ngap-handler.c:401)
07/06 01:39:43.567: [amf] INFO: [imsi-999708208118734] Registration complete (../src/amf/gmm-sm.c:1050)
07/06 01:39:57.559: [amf] INFO: InitialUEMessage [suci-0-999-70-0000-0-0-9955212714] Registration request (../src/amf/ngap-handler.c:401)
07/06 01:39:57.613: [amf] INFO: [imsi-999709955212714] Registration complete (../src/amf/gmm-sm.c:1050)
07/06 01:41:10.597: [amf] INFO: InitialUEMessage [suci-0-999-70-0000-0-0-7272559347] Registration request (../src/amf/ngap-handler.c:401)
07/06 01:41:10.640: [amf] INFO: [imsi-999707272559347] Registration complete (../src/amf/gmm-sm.c:1050)
07/06 01:48:49.257: [amf] INFO: InitialUEMessage [suci-0-999-70-0000-0-0-0925297040] Registration request (../src/amf/ngap-handler.c:401)
07/06 01:48:49.291: [amf] INFO: [imsi-999700925297040] Registration complete (../src/amf/gmm-sm.c:1050)
07/06 01:53:09.538: [amf] INFO: InitialUEMessage [suci-0-999-70-0000-0-0-0705578438] Registration request (../src/amf/ngap-handler.c:401)
07/06 01:53:09.564: [amf] INFO: [imsi-999700705578438] Registration complete (../src/amf/gmm-sm.c:1050)
07/06 01:55:19.050: [amf] INFO: InitialUEMessage [suci-0-999-70-0000-0-0-7868015640] Registration request (../src/amf/ngap-handler.c:401)
07/06 01:55:19.084: [amf] INFO: [imsi-999707868015640] Registration complete (../src/amf/gmm-sm.c:1050)
07/06 01:56:16.521: [amf] INFO: InitialUEMessage [suci-0-999-70-0000-0-0-7685058107] Registration request (../src/amf/ngap-handler.c:401)
07/06 01:56:16.544: [amf] INFO: [imsi-999707685058107] Registration complete (../src/amf/gmm-sm.c:1050)
07/06 01:57:22.706: [amf] INFO: InitialUEMessage [suci-0-999-70-0000-0-0-9202438383] Registration request (../src/amf/ngap-handler.c:401)
07/06 01:57:22.737: [amf] INFO: [imsi-999709202438383] Registration complete (../src/amf/gmm-sm.c:1050)
07/06 02:00:16.980: [amf] INFO: InitialUEMessage [suci-0-999-70-0000-0-0-7252984162] Registration request (../src/amf/ngap-handler.c:401)
07/06 02:00:17.009: [amf] INFO: [imsi-999707252984162] Registration complete (../src/amf/gmm-sm.c:1050)
07/06 02:07:25.805: [amf] INFO: InitialUEMessage [suci-0-999-70-0000-0-0-0800551432] Registration request (../src/amf/ngap-handler.c:401)
07/06 02:07:25.863: [amf] INFO: [imsi-999700800551432] Registration complete (../src/amf/gmm-sm.c:1050)
07/06 02:10:33.558: [amf] INFO: InitialUEMessage [suci-0-999-70-0000-0-0-6830716456] Registration request (../src/amf/ngap-handler.c:401)
07/06 02:10:33.580: [amf] INFO: [imsi-999706830716456] Registration complete (../src/amf/gmm-sm.c:1050)
07/06 02:10:53.636: [amf] INFO: InitialUEMessage [suci-0-999-70-0000-0-0-6495704463] Registration request (../src/amf/ngap-handler.c:401)
07/06 02:10:53.683: [amf] INFO: [imsi-999706495704463] Registration complete (../src/amf/gmm-sm.c:1050)
07/06 02:24:12.748: [amf] INFO: InitialUEMessage [suci-0-999-70-0000-0-0-8908936099] Registration request (../src/amf/ngap-handler.c:401)
07/06 02:24:12.795: [amf] INFO: [imsi-999708908936099] Registration complete (../src/amf/gmm-sm.c:1050)
07/06 02:25:10.786: [amf] INFO: InitialUEMessage [suci-0-999-70-0000-0-0-2668071898] Registration request (../src/amf/ngap-handler.c:401)
07/06 02:25:10.814: [amf] INFO: [imsi-999702668071898] Registration complete (../src/amf/gmm-sm.c:1050)
07/06 02:28:48.413: [amf] INFO: InitialUEMessage [suci-0-999-70-0000-0-0-3656962344] Registration request (../src/amf/ngap-handler.c:401)
07/06 02:28:48.467: [amf] INFO: [imsi-999703656962344] Registration complete (../src/amf/gmm-sm.c:1050)
07/06 02:31:19.339: [amf] INFO: InitialUEMessage [suci-0-999-70-0000-0-0-3537508116] Registration request (../src/amf/ngap-handler.c:401)
07/06 02:31:19.385: [amf] INFO: [imsi-999703537508116] Registration complete (../src/amf/gmm-sm.c:1050)
07/06 02:37:00.823: [amf] INFO: InitialUEMessage [suci-0-999-70-0000-0-0-8158336812] Registration request (../src/amf/ngap-handler.c:401)
07/06 02:37:00.863: [amf] INFO: [imsi-999708158336812] Registration complete (../src/amf/gmm-sm.c:1050)
07/06 02:41:00.089: [amf] INFO: InitialUEMessage [suci-0-999-70-0000-0-0-8055859518] Registration request (../src/amf/ngap-handler.c:401)
07/06 02:41:00.117: [amf] INFO: [imsi-999708055859518] Registration complete (../src/amf/gmm-sm.c:1050)
07/06 02:43:21.436: [amf] INFO: InitialUEMessage [suci-0-999-70-0000-0-0-0634141913] Registration request (../src/amf/ngap-handler.c:401)
07/06 02:43:21.500: [amf] INFO: [imsi-999700634141913] Registration complete (../src/amf/gmm-sm.c:1050)
07/06 02:46:31.798: [amf] INFO: InitialUEMessage [suci-0-999-70-0000-0-0-7464479611] Registration request (../src/amf/ngap-handler.c:401)
07/06 02:46:31.833: [amf] INFO: [imsi-999707464479611] Registration complete (../src/amf/gmm-sm.c:1050)
07/06 02:46:58.160: [amf] INFO: InitialUEMessage [suci-0-999-70-0000-0-0-1403736460] Registration request (../src/amf/ngap-handler.c:401)
07/06 02:46:58.201: [amf] INFO: [imsi-999701403736460] Registration complete (../src/amf/gmm-sm.c:1050)
07/06 02:46:58.338: [amf] WARNING: [imsi-999701403736460] PDU Session Establishment reject [PSI:1 Cause: Network failure] (../src/amf/nsmf-handler.c:520)
07/06 02:57:53.821: [amf] INFO: InitialUEMessage [suci-0-999-70-0000-0-0-1095014455] Registration request (../src/amf/ngap-handler.c:401)
07/06 02:57:53.860: [amf] INFO: [imsi-999701095014455] Registration complete (../src/amf/gmm-sm.c:1050)
07/06 02:58:52.986: [amf] INFO: InitialUEMessage [suci-0-999-70-0000-0-0-9207876580] Registration request (../src/amf/ngap-handler.c:401)
07/06 02:58:53.044: [amf] INFO: [imsi-999709207876580] Registration complete (../src/amf/gmm-sm.c:1050)
07/06 03:09:18.567: [amf] INFO: InitialUEMessage [suci-0-999-70-0000-0-0-7211489634] Registration request (../src/amf/ngap-handler.c:401)
07/06 03:09:18.606: [amf] INFO: [imsi-999707211489634] Registration complete (../src/amf/gmm-sm.c:1050)
07/06 03:10:56.487: [amf] INFO: InitialUEMessage [suci-0-999-70-0000-0-0-2176703476] Registration request (../src/amf/ngap-handler.c:401)
07/06 03:10:56.510: [amf] INFO: [imsi-999702176703476] Registration complete (../src/amf/gmm-sm.c:1050)
07/06 03:14:04.076: [amf] INFO: InitialUEMessage [suci-0-999-70-0000-0-0-3558289582] Registration request (../src/amf/ngap-handler.c:401)
07/06 03:14:04.123: [amf] INFO: [imsi-999703558289582] Registration complete (../src/amf/gmm-sm.c:1050)
07/06 03:14:48.993: [amf] INFO: InitialUEMessage [suci-0-999-70-0000-0-0-1054250437] Registration request (../src/amf/ngap-handler.c:401)
07/06 03:14:49.031: [amf] INFO: [imsi-999701054250437] Registration complete (../src/amf/gmm-sm.c:1050)
07/06 03:17:36.345: [amf] INFO: InitialUEMessage [suci-0-999-70-0000-0-0-4204195434] Registration request (../src/amf/ngap-handler.c:401)
07/06 03:17:36.378: [amf] INFO: [imsi-999704204195434] Registration complete (../src/amf/gmm-sm.c:1050)
07/06 03:20:23.044: [amf] INFO: InitialUEMessage [suci-0-999-70-0000-0-0-8278313872] Registration request (../src/amf/ngap-handler.c:401)
07/06 03:20:23.084: [amf] INFO: [imsi-999708278313872] Registration complete (../src/amf/gmm-sm.c:1050)
07/06 03:24:15.728: [amf] INFO: InitialUEMessage [suci-0-999-70-0000-0-0-6086739144] Registration request (../src/amf/ngap-handler.c:401)
07/06 03:24:15.769: [amf] INFO: [imsi-999706086739144] Registration complete (../src/amf/gmm-sm.c:1050)
07/06 03:26:32.578: [amf] INFO: InitialUEMessage [suci-0-999-70-0000-0-0-7457894692] Registration request (../src/amf/ngap-handler.c:401)
07/06 03:26:32.638: [amf] INFO: [imsi-999707457894692] Registration complete (../src/amf/gmm-sm.c:1050)
07/06 03:27:05.268: [amf] INFO: InitialUEMessage [suci-0-999-70-0000-0-0-4353707622] Registration request (../src/amf/ngap-handler.c:401)
07/06 03:27:05.323: [amf] INFO: [imsi-999704353707622] Registration complete (../src/amf/gmm-sm.c:1050)
07/06 03:31:15.710: [amf] INFO: InitialUEMessage [suci-0-999-70-0000-0-0-7145584065] Registration request (../src/amf/ngap-handler.c:401)
07/06 03:31:15.761: [amf] INFO: [imsi-999707145584065] Registration complete (../src/amf/gmm-sm.c:1050)
07/06 03:39:24.662: [amf] INFO: InitialUEMessage [suci-0-999-70-0000-0-0-8327551510] Registration request (../src/amf/ngap-handler.c:401)
07/06 03:39:24.685: [amf] INFO: [imsi-999708327551510] Registration complete (../src/amf/gmm-sm.c:1050)
07/06 03:39:48.141: [amf] INFO: InitialUEMessage [suci-0-999-70-0000-0-0-7358459750] Registration request (../src/amf/ngap-handler.c:401)
07/06 03:39:48.208: [amf] INFO: [imsi-999707358459750] Registration complete (../src/amf/gmm-sm.c:1050)
07/06 03:41:24.696: [amf] INFO: InitialUEMessage [suci-0-999-70-0000-0-0-8324381172] Registration request (../src/amf/ngap-handler.c:401)
07/06 03:41:24.726: [amf] INFO: [imsi-999708324381172] Registration complete (../src/amf/gmm-sm.c:1050)
07/06 03:46:22.118: [amf] INFO: InitialUEMessage [suci-0-999-70-0000-0-0-4392136256] Registration request (../src/amf/ngap-handler.c:401)
07/06 03:46:22.145: [amf] INFO: [imsi-999704392136256] Registration complete (../src/amf/gmm-sm.c:1050)
07/06 03:48:25.320: [amf] INFO: InitialUEMessage [suci-0-999-70-0000-0-0-4667537295] Registration request (../src/amf/ngap-handler.c:401)
07/06 03:48:25.364: [amf] INFO: [imsi-999704667537295] Registration complete (../src/amf/gmm-sm.c:1050)
07/06 03:59:39.992: [amf] INFO: InitialUEMessage [suci-0-999-70-0000-0-0-5174070599] Registration request (../src/amf/ngap-handler.c:401)
07/06 03:59:40.030: [amf] INFO: [imsi-999705174070599] Registration complete (../src/amf/gmm-sm.c:1050)
07/06 03:59:56.178: [amf] INFO: InitialUEMessage [suci-0-999-70-0000-0-0-2487260911] Registration request (../src/amf/ngap-handler.c:401)
07/06 03:59:56.211: [amf] INFO: [imsi-999702487260911] Registration complete (../src/amf/gmm-sm.c:1050)
07/06 04:00:02.775: [amf] INFO: InitialUEMessage [suci-0-999-70-0000-0-0-1023005377] Registration request (../src/amf/ngap-handler.c:401)
07/06 04:00:02.833: [amf] INFO: [imsi-999701023005377] Registration complete (../src/amf/gmm-sm.c:1050)
07/06 04:03:10.352: [amf] INFO: InitialUEMessage [suci-0-999-70-0000-0-0-0207802541] Registration request (../src/amf/ngap-handler.c:401)
07/06 04:03:10.381: [amf] INFO: [imsi-999700207802541] Registration complete (../src/amf/gmm-sm.c:1050)
07/06 04:07:26.033: [amf] INFO: InitialUEMessage [suci-0-999-70-0000-0-0-1081472472] Registration request (../src/amf/ngap-handler.c:401)
07/06 04:07:26.066: [amf] INFO: [imsi-999701081472472] Registration complete (../src/amf/gmm-sm.c:1050)
07/06 04:09:18.682: [amf] INFO: InitialUEMessage [suci-0-999-70-0000-0-0-6988968015] Registration request (../src/amf/ngap-handler.c:401)
07/06 04:09:18.739: [amf] INFO: [imsi-999706988968015] Registration complete (../src/amf/gmm-sm.c:1050)
07/06 04:16:42.498: [amf] INFO: InitialUEMessage [suci-0-999-70-0000-0-0-5476475441] Registration request (../src/amf/ngap-handler.c:401)
07/06 04:16:42.542: [amf] INFO: [imsi-999705476475441] Registration complete (../src/amf/gmm-sm.c:1050)
07/06 04:19:26.276: [amf] INFO: InitialUEMessage [suci-0-999-70-0000-0-0-7566829518] Registration request (../src/amf/ngap-handler.c:401)
07/06 04:19:26.315: [amf] INFO: [imsi-999707566829518] Registration complete (../src/amf/gmm-sm.c:1050)
07/06 04:25:23.905: [amf] INFO: InitialUEMessage [suci-0-999-70-0000-0-0-0228355637] Registration request (../src/amf/ngap-handler.c:401)
07/06 04:25:23.937: [amf] INFO: [imsi-999700228355637] Registration complete (../src/amf/gmm-sm.c:1050)
07/06 04:29:04.941: [amf] INFO: InitialUEMessage [suci-0-999-70-0000-0-0-0720792632] Registration request (../src/amf/ngap-handler.c:401)
07/06 04:29:04.985: [amf] INFO: [imsi-999700720792632] Registration complete (../src/amf/gmm-sm.c:1050)
07/06 04:33:16.886: [amf] INFO: InitialUEMessage [suci-0-999-70-0000-0-0-9089012670] Registration request (../src/amf/ngap-handler.c:401)
07/06 04:33:16.916: [amf] INFO: [imsi-999709089012670] Registration complete (../src/amf/gmm-sm.c:1050)
07/06 04:33:51.122: [amf] INFO: InitialUEMessage [suci-0-999-70-0000-0-0-9042110405] Registration request (../src/amf/ngap-handler.c:401)
07/06 04:33:51.180: [amf] INFO: [imsi-999709042110405] Registration complete (../src/amf/gmm-sm.c:1050)
07/06 04:34:37.386: [amf] INFO: InitialUEMessage [suci-0-999-70-0000-0-0-3116974901] Registration request (../src/amf/ngap-handler.c:401)
07/06 04:34:37.429: [amf] INFO: [imsi-999703116974901] Registration complete (../src/amf/gmm-sm.c:1050)
07/06 04:43:25.425: [amf] INFO: InitialUEMessage [suci-0-999-70-0000-0-0-1546487615] Registration request (../src/amf/ngap-handler.c:401)
07/06 04:43:25.469: [amf] INFO: [imsi-999701546487615] Registration complete (../src/amf/gmm-sm.c:1050)
07/06 04:47:24.903: [amf] INFO: InitialUEMessage [suci-0-999-70-0000-0-0-7101474205] Registration request (../src/amf/ngap-handler.c:401)
07/06 04:47:24.942: [amf] INFO: [imsi-999707101474205] Registration complete (../src/amf/gmm-sm.c:1050)
07/06 04:53:01.391: [amf] INFO: InitialUEMessage [suci-0-999-70-0000-0-0-8821929659] Registration request (../src/amf/ngap-handler.c:401)
07/06 04:53:01.445: [amf] INFO: [imsi-999708821929659] Registration complete (../src/amf/gmm-sm.c:1050)
07/06 04:54:42.143: [amf] INFO: InitialUEMessage [suci-0-999-70-0000-0-0-1988767799] Registration request (../src/amf/ngap-handler.c:401)
07/06 04:54:42.177: [amf] INFO: [imsi-999701988767799] Registration complete (../src/amf/gmm-sm.c:1050)
07/06 04:58:50.831: [amf] INFO: InitialUEMessage [suci-0-999-70-0000-0-0-5906494448] Registration request (../src/amf/ngap-handler.c:401)
07/06 04:58:50.871: [amf] INFO: [imsi-999705906494448] Registration complete (../src/amf/gmm-sm.c:1050)
07/06 05:00:41.628: [amf] INFO: InitialUEMessage [suci-0-999-70-0000-0-0-4733156275] Registration request (../src/amf/ngap-handler.c:401)
07/06 05:00:41.654: [amf] INFO: [imsi-999704733156275] Registration complete (../src/amf/gmm-sm.c:1050)
07/06 05:01:00.868: [amf] INFO: InitialUEMessage [suci-0-999-70-0000-0-0-7545437609] Registration request (../src/amf/ngap-handler.c:401)
07/06 05:01:00.916: [amf] INFO: [imsi-999707545437609] Registration complete (../src/amf/gmm-sm.c:1050)
07/06 05:01:43.610: [amf] INFO: InitialUEMessage [suci-0-999-70-0000-0-0-8388935719] Registration request (../src/amf/ngap-handler.c:401)
07/06 05:01:43.659: [amf] INFO: [imsi-999708388935719] Registration complete (../src/amf/gmm-sm.c:1050)
07/06 05:03:31.552: [amf] INFO: InitialUEMessage [suci-0-999-70-0000-0-0-2776892119] Registration request (../src/amf/ngap-handler.c:401)
07/06 05:03:31.605: [amf] INFO: [imsi-999702776892119] Registration complete (../src/amf/gmm-sm.c:1050)
07/06 05:08:47.685: [amf] INFO: InitialUEMessage [suci-0-999-70-0000-0-0-0272682966] Registration request (../src/amf/ngap-handler.c:401)
07/06 05:08:47.751: [amf] INFO: [imsi-999700272682966] Registration complete (../src/amf/gmm-sm.c:1050)
07/06 05:19:10.583: [amf] INFO: InitialUEMessage [suci-0-999-70-0000-0-0-7914684747] Registration request (../src/amf/ngap-handler.c:401)
07/06 05:19:10.626: [amf] INFO: [imsi-999707914684747] Registration complete (../src/amf/gmm-sm.c:1050)
07/06 05:19:10.821: [amf] INFO: InitialUEMessage [suci-0-999-70-0000-0-0-7475369527] Registration request (../src/amf/ngap-handler.c:401)
07/06 05:19:10.866: [amf] INFO: [imsi-999707475369527] Registration complete (../src/amf/gmm-sm.c:1050)
07/06 05:22:51.107: [amf] INFO: InitialUEMessage [suci-0-999-70-0000-0-0-8771649109] Registration request (../src/amf/ngap-handler.c:401)
07/06 05:22:51.148: [amf] INFO: [imsi-999708771649109] Registration complete (../src/amf/gmm-sm.c:1050)
07/06 05:27:37.105: [amf] INFO: InitialUEMessage [suci-0-999-70-0000-0-0-0902461808] Registration request (../src/amf/ngap-handler.c:401)
07/06 05:27:37.163: [amf] INFO: [imsi-999700902461808] Registration complete (../src/amf/gmm-sm.c:1050)
07/06 05:28:20.671: [amf] INFO: InitialUEMessage [suci-0-999-70-0000-0-0-3098927310] Registration request (../src/amf/ngap-handler.c:401)
07/06 05:28:20.724: [amf] INFO: [imsi-999703098927310] Registration complete (../src/amf/gmm-sm.c:1050)
07/06 05:32:10.637: [amf] INFO: InitialUEMessage [suci-0-999-70-0000-0-0-8295526387] Registration request (../src/amf/ngap-handler.c:401)
07/06 05:32:10.692: [amf] INFO: [imsi-999708295526387] Registration complete (../src/amf/gmm-sm.c:1050)
07/06 05:34:26.083: [amf] INFO: InitialUEMessage [suci-0-999-70-0000-0-0-4391966115] Registration request (../src/amf/ngap-handler.c:401)
07/06 05:34:26.120: [amf] INFO: [imsi-999704391966115] Registration complete (../src/amf/gmm-sm.c:1050)
07/06 05:39:52.149: [amf] INFO: InitialUEMessage [suci-0-999-70-0000-0-0-4178837422] Registration request (../src/amf/ngap-handler.c:401)
07/06 05:39:52.195: [amf] INFO: [imsi-999704178837422] Registration complete (../src/amf/gmm-sm.c:1050)
07/06 05:44:09.587: [amf] INFO: InitialUEMessage [suci-0-999-70-0000-0-0-1057401810] Registration request (../src/amf/ngap-handler.c:401)
07/06 05:44:09.648: [amf] INFO: [imsi-999701057401810] Registration complete (../src/amf/gmm-sm.c:1050)
07/06 05:45:43.442: [amf] INFO: InitialUEMessage [suci-0-999-70-0000-0-0-4507419147] Registration request (../src/amf/ngap-handler.c:401)
07/06 05:45:43.502: [amf] INFO: [imsi-999704507419147] Registration complete (../src/amf/gmm-sm.c:1050)
07/06 05:46:56.991: [amf] INFO: InitialUEMessage [suci-0-999-70-0000-0-0-8017757062] Registration request (../src/amf/ngap-handler.c:401)
07/06 05:46:57.012: [amf] INFO: [imsi-999708017757062] Registration complete (../src/amf/gmm-sm.c:1050)
07/06 05:54:59.933: [amf] INFO: InitialUEMessage [suci-0-999-70-0000-0-0-4156446502] Registration request (../src/amf/ngap-handler.c:401)
07/06 05:54:59.988: [amf] INFO: [imsi-999704156446502] Registration complete (../src/amf/gmm-sm.c:1050)
07/06 05:58:22.858: [amf] INFO: InitialUEMessage [suci-0-999-70-0000-0-0-0477003607] Registration request (../src/amf/ngap-handler.c:401)
07/06 05:58:22.902: [amf] INFO: [imsi-999700477003607] Registration complete (../src/amf/gmm-sm.c:1050)
07/06 05:59:40.213: [amf] INFO: InitialUEMessage [suci-0-999-70-0000-0-0-1169828747] Registration request (../src/amf/ngap-handler.c:401)
07/06 05:59:40.244: [amf] INFO: [imsi-999701169828747] Registration complete (../src/amf/gmm-sm.c:1050)
07/06 06:01:56.157: [amf] INFO: InitialUEMessage [suci-0-999-70-0000-0-0-3476845799] Registration request (../src/amf/ngap-handler.c:401)
07/06 06:01:56.178: [amf] INFO: [imsi-999703476845799] Registration complete (../src/amf/gmm-sm.c:1050)
07/06 06:01:59.586: [amf] INFO: InitialUEMessage [suci-0-999-70-0000-0-0-5133352218] Registration request (../src/amf/ngap-handler.c:401)
07/06 06:01:59.626: [amf] INFO: [imsi-999705133352218] Registration complete (../src/amf/gmm-sm.c:1050)
07/06 06:02:54.834: [amf] INFO: InitialUEMessage [suci-0-999-70-0000-0-0-4581962379] Registration request (../src/amf/ngap-handler.c:401)
07/06 06:02:54.861: [amf] INFO: [imsi-999704581962379] Registration complete (../src/amf/gmm-sm.c:1050)
07/06 06:09:40.610: [amf] INFO: InitialUEMessage [suci-0-999-70-0000-0-0-9234374982] Registration request (../src/amf/ngap-handler.c:401)
07/06 06:09:40.669: [amf] INFO: [imsi-999709234374982] Registration complete (../src/amf/gmm-sm.c:1050)
07/06 06:19:43.830: [amf] INFO: InitialUEMessage [suci-0-999-70-0000-0-0-4900539234] Registration request (../src/amf/ngap-handler.c:401)
07/06 06:19:43.881: [amf] INFO: [imsi-999704900539234] Registration complete (../src/amf/gmm-sm.c:1050)
07/06 06:28:24.181: [amf] INFO: InitialUEMessage [suci-0-999-70-0000-0-0-8507501410] Registration request (../src/amf/ngap-handler.c:401)
07/06 06:28:24.244: [amf] INFO: [imsi-999708507501410] Registration complete (../src/amf/gmm-sm.c:1050)
07/06 06:28:35.896: [amf] INFO: InitialUEMessage [suci-0-999-70-0000-0-0-0667023465] Registration request (../src/amf/ngap-handler.c:401)
07/06 06:28:35.926: [amf] INFO: [imsi-999700667023465] Registration complete (../src/amf/gmm-sm.c:1050)
07/06 06:28:45.064: [amf] INFO: InitialUEMessage [suci-0-999-70-0000-0-0-9093183275] Registration request (../src/amf/ngap-handler.c:401)
07/06 06:28:45.086: [amf] INFO: [imsi-999709093183275] Registration complete (../src/amf/gmm-sm.c:1050)
07/06 06:34:03.160: [amf] INFO: InitialUEMessage [suci-0-999-70-0000-0-0-9445483273] Registration request (../src/amf/ngap-handler.c:401)
07/06 06:34:03.202: [amf] INFO: [imsi-999709445483273] Registration complete (../src/amf/gmm-sm.c:1050)
07/06 06:37:16.363: [amf] INFO: InitialUEMessage [suci-0-999-70-0000-0-0-9128692602] Registration request (../src/amf/ngap-handler.c:401)
07/06 06:37:16.409: [amf] INFO: [imsi-999709128692602] Registration complete (../src/amf/gmm-sm.c:1050)
07/06 06:38:58.522: [amf] INFO: InitialUEMessage [suci-0-999-70-0000-0-0-8038848356] Registration request (../src/amf/ngap-handler.c:401)
07/06 06:38:58.565: [amf] INFO: [imsi-999708038848356] Registration complete (../src/amf/gmm-sm.c:1050)
07/06 06:42:31.252: [amf] INFO: InitialUEMessage [suci-0-999-70-0000-0-0-8136023941] Registration request (../src/amf/ngap-handler.c:401)
07/06 06:42:31.290: [amf] INFO: [imsi-999708136023941] Registration complete (../src/amf/gmm-sm.c:1050)
07/06 06:44:10.444: [amf] INFO: InitialUEMessage [suci-0-999-70-0000-0-0-4773028540] Registration request (../src/amf/ngap-handler.c:401)
07/06 06:44:10.492: [amf] INFO: [imsi-999704773028540] Registration complete (../src/amf/gmm-sm.c:1050)
07/06 06:46:32.605: [amf] INFO: InitialUEMessage [suci-0-999-70-0000-0-0-4046212891] Registration request (../src/amf/ngap-handler.c:401)
07/06 06:46:32.658: [amf] INFO: [imsi-999704046212891] Registration complete (../src/amf/gmm-sm.c:1050)
07/06 06:46:38.867: [amf] INFO: InitialUEMessage [suci-0-999-70-0000-0-0-2602614336] Registration request (../src/amf/ngap-handler.c:401)
07/06 06:46:38.925: [amf] INFO: [imsi-999702602614336] Registration complete (../src/amf/gmm-sm.c:1050)
07/06 06:50:48.870: [amf] INFO: InitialUEMessage [suci-0-999-70-0000-0-0-5879155758] Registration request (../src/amf/ngap-handler.c:401)
07/06 06:50:48.912: [amf] INFO: [imsi-999705879155758] Registration complete (../src/amf/gmm-sm.c:1050)
07/06 06:50:48.999: [amf] WARNING: [imsi-999705879155758] PDU Session Establishment reject [PSI:1 Cause: Network failure] (../src/amf/nsmf-handler.c:520)
07/06 06:58:05.041: [amf] INFO: InitialUEMessage [suci-0-999-70-0000-0-0-7419773607] Registration request (../src/amf/ngap-handler.c:401)
07/06 06:58:05.088: [amf] INFO: [imsi-999707419773607] Registration complete (../src/amf/gmm-sm.c:1050)
07/06 06:58:50.091: [amf] INFO: InitialUEMessage [suci-0-999-70-0000-0-0-3186889393] Registration request (../src/amf/ngap-handler.c:401)
07/06 06:58:50.146: [amf] INFO: [imsi-999703186889393] Registration complete (../src/amf/gmm-sm.c:1050)
07/06 07:00:04.188: [amf] INFO: InitialUEMessage [suci-0-999-70-0000-0-0-1453883889] Registration request (../src/amf/ngap-handler.c:401)
07/06 07:00:04.246: [amf] INFO: [imsi-999701453883889] Registration complete (../src/amf/gmm-sm.c:1050)
07/06 07:00:25.292: [amf] INFO: InitialUEMessage [suci-0-999-70-0000-0-0-2848120742] Registration request (../src/amf/ngap-handler.c:401)
07/06 07:00:25.343: [amf] INFO: [imsi-999702848120742] Registration complete (../src/amf/gmm-sm.c:1050)
07/06 07:00:44.511: [amf] INFO: InitialUEMessage [suci-0-999-70-0000-0-0-3201907071] Registration request (../src/amf/ngap-handler.c:401)
07/06 07:00:44.549: [amf] INFO: [imsi-999703201907071] Registration complete (../src/amf/gmm-sm.c:1050)
07/06 07:00:44.725: [amf] WARNING: [imsi-999703201907071] PDU Session Establishment reject [PSI:1 Cause: Network failure] (../src/amf/nsmf-handler.c:520)
07/06 07:02:22.492: [amf] INFO: InitialUEMessage [suci-0-999-70-0000-0-0-9513105557] Registration request (../src/amf/ngap-handler.c:401)
07/06 07:02:22.538: [amf] INFO: [imsi-999709513105557] Registration complete (../src/amf/gmm-sm.c:1050)
07/06 07:02:29.988: [amf] INFO: InitialUEMessage [suci-0-999-70-0000-0-0-6168051677] Registration request (../src/amf/ngap-handler.c:401)
07/06 07:02:30.042: [amf] INFO: [imsi-999706168051677] Registration complete (../src/amf/gmm-sm.c:1050)
07/06 07:11:21.568: [amf] INFO: InitialUEMessage [suci-0-999-70-0000-0-0-6813991199] Registration request (../src/amf/ngap-handler.c:401)
07/06 07:11:21.624: [amf] INFO: [imsi-999706813991199] Registration complete (../src/amf/gmm-sm.c:1050)
07/06 07:19:42.403: [amf] INFO: InitialUEMessage [suci-0-999-70-0000-0-0-8070616766] Registration request (../src/amf/ngap-handler.c:401)
07/06 07:19:42.436: [amf] INFO: [imsi-999708070616766] Registration complete (../src/amf/gmm-sm.c:1050)
07/06 07:21:19.495: [amf] INFO: InitialUEMessage [suci-0-999-70-0000-0-0-1951070560] Registration request (../src/amf/ngap-handler.c:401)
07/06 07:21:19.539: [amf] INFO: [imsi-999701951070560] Registration complete (../src/amf/gmm-sm.c:1050)
07/06 07:27:38.267: [amf] INFO: InitialUEMessage [suci-0-999-70-0000-0-0-8379831452] Registration request (../src/amf/ngap-handler.c:401)
07/06 07:27:38.310: [amf] INFO: [imsi-999708379831452] Registration complete (../src/amf/gmm-sm.c:1050)
07/06 07:28:41.426: [amf] INFO: InitialUEMessage [suci-0-999-70-0000-0-0-1590268873] Registration request (../src/amf/ngap-handler.c:401)
07/06 07:28:41.467: [amf] INFO: [imsi-999701590268873] Registration complete (../src/amf/gmm-sm.c:1050)
07/06 07:28:57.628: [amf] INFO: InitialUEMessage [suci-0-999-70-0000-0-0-3692867189] Registration request (../src/amf/ngap-handler.c:401)
07/06 07:28:57.673: [amf] INFO: [imsi-999703692867189] Registration complete (../src/amf/gmm-sm.c:1050)
07/06 07:31:29.546: [amf] INFO: InitialUEMessage [suci-0-999-70-0000-0-0-9346434248] Registration request (../src/amf/ngap-handler.c:401)
07/06 07:31:29.600: [amf] INFO: [imsi-999709346434248] Registration complete (../src/amf/gmm-sm.c:1050)
07/06 07:32:34.372: [amf] INFO: InitialUEMessage [suci-0-999-70-0000-0-0-6004667637] Registration request (../src/amf/ngap-handler.c:401)
07/06 07:32:34.406: [amf] INFO: [imsi-999706004667637] Registration complete (../src/amf/gmm-sm.c:1050)
07/06 07:33:12.595: [amf] INFO: InitialUEMessage [suci-0-999-70-0000-0-0-7736812572] Registration request (../src/amf/ngap-handler.c:401)
07/06 07:33:12.629: [amf] INFO: [imsi-999707736812572] Registration complete (../src/amf/gmm-sm.c:1050)
07/06 07:36:10.496: [amf] INFO: InitialUEMessage [suci-0-999-70-0000-0-0-1053501425] Registration request (../src/amf/ngap-handler.c:401)
07/06 07:36:10.532: [amf] INFO: [imsi-999701053501425] Registration complete (../src/amf/gmm-sm.c:1050)
07/06 07:40:03.789: [amf] INFO: InitialUEMessage [suci-0-999-70-0000-0-0-6411447448] Registration request (../src/amf/ngap-handler.c:401)
07/06 07:40:03.856: [amf] INFO: [imsi-999706411447448] Registration complete (../src/amf/gmm-sm.c:1050)
07/06 07:42:36.675: [amf] INFO: InitialUEMessage [suci-0-999-70-0000-0-0-3978344430] Registration request (../src/amf/ngap-handler.c:401)
07/06 07:42:36.719: [amf] INFO: [imsi-999703978344430] Registration complete (../src/amf/gmm-sm.c:1050)
07/06 07:44:37.975: [amf] INFO: InitialUEMessage [suci-0-999-70-0000-0-0-1004469272] Registration request (../src/amf/ngap-handler.c:401)
07/06 07:44:38.010: [amf] INFO: [imsi-999701004469272] Registration complete (../src/amf/gmm-sm.c:1050)
07/06 07:46:00.354: [amf] INFO: InitialUEMessage [suci-0-999-70-0000-0-0-6946010817] Registration request (../src/amf/ngap-handler.c:401)
07/06 07:46:00.379: [amf] INFO: [imsi-999706946010817] Registration complete (../src/amf/gmm-sm.c:1050)
07/06 07:49:42.492: [amf] INFO: InitialUEMessage [suci-0-999-70-0000-0-0-9844013877] Registration request (../src/amf/ngap-handler.c:401)
07/06 07:49:42.525: [amf] INFO: [imsi-999709844013877] Registration complete (../src/amf/gmm-sm.c:1050)
07/06 07:50:58.245: [amf] INFO: InitialUEMessage [suci-0-999-70-0000-0-0-6522064712] Registration request (../src/amf/ngap-handler.c:401)
07/06 07:50:58.285: [amf] INFO: [imsi-999706522064712] Registration complete (../src/amf/gmm-sm.c:1050)
07/06 07:53:39.141: [amf] INFO: InitialUEMessage [suci-0-999-70-0000-0-0-7930710931] Registration request (../src/amf/ngap-handler.c:401)
07/06 07:53:39.196: [amf] INFO: [imsi-999707930710931] Registration complete (../src/amf/gmm-sm.c:1050)
07/06 07:54:09.725: [amf] INFO: InitialUEMessage [suci-0-999-70-0000-0-0-0622516931] Registration request (../src/amf/ngap-handler.c:401)
07/06 07:54:09.781: [amf] INFO: [imsi-999700622516931] Registration complete (../src/amf/gmm-sm.c:1050)
07/06 07:58:44.238: [amf] INFO: InitialUEMessage [suci-0-999-70-0000-0-0-7414383679] Registration request (../src/amf/ngap-handler.c:401)
07/06 07:58:44.301: [amf] INFO: [imsi-999707414383679] Registration complete (../src/amf/gmm-sm.c:1050)
07/06 08:00:04.062: [amf] INFO: InitialUEMessage [suci-0-999-70-0000-0-0-5847205651] Registration request (../src/amf/ngap-handler.c:401)
07/06 08:00:04.094: [amf] INFO: [imsi-999705847205651] Registration complete (../src/amf/gmm-sm.c:1050)
07/06 08:02:34.635: [amf] INFO: InitialUEMessage [suci-0-999-70-0000-0-0-2189217332] Registration request (../src/amf/ngap-handler.c:401)
07/06 08:02:34.663: [amf] INFO: [imsi-999702189217332] Registration complete (../src/amf/gmm-sm.c:1050)
07/06 08:08:09.869: [amf] INFO: InitialUEMessage [suci-0-999-70-0000-0-0-6610831867] Registration request (../src/amf/ngap-handler.c:401)
07/06 08:08:09.892: [amf] INFO: [imsi-999706610831867] Registration complete (../src/amf/gmm-sm.c:1050)
07/06 08:10:22.747: [amf] INFO: InitialUEMessage [suci-0-999-70-0000-0-0-5012562790] Registration request (../src/amf/ngap-handler.c:401)
07/06 08:10:22.809: [amf] INFO: [imsi-999705012562790] Registration complete (../src/amf/gmm-sm.c:1050)
07/06 08:12:27.365: [amf] INFO: InitialUEMessage [suci-0-999-70-0000-0-0-9542628924] Registration request (../src/amf/ngap-handler.c:401)
07/06 08:12:27.419: [amf] INFO: [imsi-999709542628924] Registration complete (../src/amf/gmm-sm.c:1050)
07/06 08:12:40.334: [amf] INFO: InitialUEMessage [suci-0-999-70-0000-0-0-4726755402] Registration request (../src/amf/ngap-handler.c:401)
07/06 08:12:40.362: [amf] INFO: [imsi-999704726755402] Registration complete (../src/amf/gmm-sm.c:1050)
07/06 08:17:42.913: [amf] INFO: InitialUEMessage [suci-0-999-70-0000-0-0-8325004988] Registration request (../src/amf/ngap-handler.c:401)
07/06 08:17:42.949: [amf] INFO: [imsi-999708325004988] Registration complete (../src/amf/gmm-sm.c:1050)
07/06 08:17:49.983: [amf] INFO: InitialUEMessage [suci-0-999-70-0000-0-0-9563703909] Registration request (../src/amf/ngap-handler.c:401)
07/06 08:17:50.040: [amf] INFO: [imsi-999709563703909] Registration complete (../src/amf/gmm-sm.c:1050)
07/06 08:17:52.498: [amf] INFO: InitialUEMessage [suci-0-999-70-0000-0-0-8729715861] Registration request (../src/amf/ngap-handler.c:401)
07/06 08:17:52.545: [amf] INFO: [imsi-999708729715861] Registration complete (../src/amf/gmm-sm.c:1050)
07/06 08:21:06.308: [amf] INFO: InitialUEMessage [suci-0-999-70-0000-0-0-7368801932] Registration request (../src/amf/ngap-handler.c:401)
07/06 08:21:06.339: [amf] INFO: [imsi-999707368801932] Registration complete (../src/amf/gmm-sm.c:1050)
07/06 08:21:10.887: [amf] INFO: InitialUEMessage [suci-0-999-70-0000-0-0-8988011317] Registration request (../src/amf/ngap-handler.c:401)
07/06 08:21:10.929: [amf] INFO: [imsi-999708988011317] Registration complete (../src/amf/gmm-sm.c:1050)
07/06 08:22:02.076: [amf] INFO: InitialUEMessage [suci-0-999-70-0000-0-0-6958137945] Registration request (../src/amf/ngap-handler.c:401)
07/06 08:22:02.110: [amf] INFO: [imsi-999706958137945] Registration complete (../src/amf/gmm-sm.c:1050)
07/06 08:24:41.114: [amf] INFO: InitialUEMessage [suci-0-999-70-0000-0-0-3045166417] Registration request (../src/amf/ngap-handler.c:401)
07/06 08:24:41.154: [amf] INFO: [imsi-999703045166417] Registration complete (../src/amf/gmm-sm.c:1050)
07/06 08:32:25.380: [amf] INFO: InitialUEMessage [suci-0-999-70-0000-0-0-3437382831] Registration request (../src/amf/ngap-handler.c:401)
07/06 08:32:25.408: [amf] INFO: [imsi-999703437382831] Registration complete (../src/amf/gmm-sm.c:1050)
07/06 08:33:08.233: [amf] INFO: InitialUEMessage [suci-0-999-70-0000-0-0-5054425606] Registration request (../src/amf/ngap-handler.c:401)
07/06 08:33:08.256: [amf] INFO: [imsi-999705054425606] Registration complete (../src/amf/gmm-sm.c:1050)
07/06 08:33:18.606: [amf] INFO: InitialUEMessage [suci-0-999-70-0000-0-0-8068037233] Registration request (../src/amf/ngap-handler.c:401)
07/06 08:33:18.661: [amf] INFO: [imsi-999708068037233] Registration complete (../src/amf/gmm-sm.c:1050)
07/06 08:34:33.554: [amf] INFO: InitialUEMessage [suci-0-999-70-0000-0-0-6107935529] Registration request (../src/amf/ngap-handler.c:401)
07/06 08:34:33.587: [amf] INFO: [imsi-999706107935529] Registration complete (../src/amf/gmm-sm.c:1050)
07/06 08:35:09.561: [amf] INFO: InitialUEMessage [suci-0-999-70-0000-0-0-8621238805] Registration request (../src/amf/ngap-handler.c:401)
07/06 08:35:09.626: [amf] INFO: [imsi-999708621238805] Registration complete (../src/amf/gmm-sm.c:1050)
07/06 08:35:55.143: [amf] INFO: InitialUEMessage [suci-0-999-70-0000-0-0-5813910696] Registration request (../src/amf/ngap-handler.c:401)
07/06 08:35:55.180: [amf] INFO: [imsi-999705813910696] Registration complete (../src/amf/gmm-sm.c:1050)
07/06 08:37:34.739: [amf] INFO: InitialUEMessage [suci-0-999-70-0000-0-0-6797025589] Registration request (../src/amf/ngap-handler.c:401)
07/06 08:37:34.787: [amf] INFO: [imsi-999706797025589] Registration complete (../src/amf/gmm-sm.c:1050)
07/06 08:38:28.814: [amf] INFO: InitialUEMessage [suci-0-999-70-0000-0-0-0054600967] Registration request (../src/amf/ngap-handler.c:401)
07/06 08:38:28.865: [amf] INFO: [imsi-999700054600967] Registration complete (../src/amf/gmm-sm.c:1050)
07/06 08:43:29.520: [amf] INFO: InitialUEMessage [suci-0-999-70-0000-0-0-0553735736] Registration request (../src/amf/ngap-handler.c:401)
07/06 08:43:29.563: [amf] INFO: [imsi-999700553735736] Registration complete (../src/amf/gmm-sm.c:1050)
07/06 08:46:48.698: [amf] INFO: InitialUEMessage [suci-0-999-70-0000-0-0-1342242071] Registration request (../src/amf/ngap-handler.c:401)
07/06 08:46:48.739: [amf] INFO: [imsi-999701342242071] Registration complete (../src/amf/gmm-sm.c:1050)
07/06 08:48:07.458: [amf] INFO: InitialUEMessage [suci-0-999-70-0000-0-0-4299047658] Registration request (../src/amf/ngap-handler.c:401)
07/06 08:48:07.506: [amf] INFO: [imsi-999704299047658] Registration complete (../src/amf/gmm-sm.c:1050)
07/06 08:48:38.766: [amf] INFO: InitialUEMessage [suci-0-999-70-0000-0-0-8265229308] Registration request (../src/amf/ngap-handler.c:401)
07/06 08:48:38.805: [amf] INFO: [imsi-999708265229308] Registration complete (../src/amf/gmm-sm.c:1050)
07/06 08:51:08.165: [amf] INFO: InitialUEMessage [suci-0-999-70-0000-0-0-5257052546] Registration request (../src/amf/ngap-handler.c:401)
07/06 08:51:08.194: [amf] INFO: [imsi-999705257052546] Registration complete (../src/amf/gmm-sm.c:1050)
07/06 08:53:18.620: [amf] INFO: InitialUEMessage [suci-0-999-70-0000-0-0-6536105708] Registration request (../src/amf/ngap-handler.c:401)
07/06 08:53:18.644: [amf] INFO: [imsi-999706536105708] Registration complete (../src/amf/gmm-sm.c:1050)
07/06 08:54:29.506: [amf] INFO: InitialUEMessage [suci-0-999-70-0000-0-0-3861567818] Registration request (../src/amf/ngap-handler.c:401)
07/06 08:54:29.563: [amf] INFO: [imsi-999703861567818] Registration complete (../src/amf/gmm-sm.c:1050)
07/06 08:55:16.988: [amf] INFO: InitialUEMessage [suci-0-999-70-0000-0-0-5120693233] Registration request (../src/amf/ngap-handler.c:401)
07/06 08:55:17.023: [amf] INFO: [imsi-999705120693233] Registration complete (../src/amf/gmm-sm.c:1050)
07/06 08:58:29.845: [amf] INFO: InitialUEMessage [suci-0-999-70-0000-0-0-6941662257] Registration request (../src/amf/ngap-handler.c:401)
07/06 08:58:29.895: [amf] INFO: [imsi-999706941662257] Registration complete (../src/amf/gmm-sm.c:1050)
07/06 09:02:45.118: [amf] INFO: InitialUEMessage [suci-0-999-70-0000-0-0-6683697805] Registration request (../src/amf/ngap-handler.c:401)
07/06 09:02:45.160: [amf] INFO: [imsi-999706683697805] Registration complete (../src/amf/gmm-sm.c:1050)
07/06 09:03:04.996: [amf] INFO: InitialUEMessage [suci-0-999-70-0000-0-0-3259922043] Registration request (../src/amf/ngap-handler.c:401)
07/06 09:03:05.040: [amf] INFO: [imsi-999703259922043] Registration complete (../src/amf/gmm-sm.c:1050)
07/06 09:05:23.125: [amf] INFO: InitialUEMessage [suci-0-999-70-0000-0-0-5053240754] Registration request (../src/amf/ngap-handler.c:401)
07/06 09:05:23.183: [amf] INFO: [imsi-999705053240754] Registration complete (../src/amf/gmm-sm.c:1050)
07/06 09:05:58.994: [amf] INFO: InitialUEMessage [suci-0-999-70-0000-0-0-5110860756] Registration request (../src/amf/ngap-handler.c:401)
07/06 09:05:59.038: [amf] INFO: [imsi-999705110860756] Registration complete (../src/amf/gmm-sm.c:1050)
07/06 09:07:36.086: [amf] INFO: InitialUEMessage [suci-0-999-70-0000-0-0-6168249632] Registration request (../src/amf/ngap-handler.c:401)
07/06 09:07:36.143: [amf] INFO: [imsi-999706168249632] Registration complete (../src/amf/gmm-sm.c:1050)
07/06 09:10:32.044: [amf] INFO: InitialUEMessage [suci-0-999-70-0000-0-0-9140888467] Registration request (../src/amf/ngap-handler.c:401)
07/06 09:10:32.097: [amf] INFO: [imsi-999709140888467] Registration complete (../src/amf/gmm-sm.c:1050)
07/06 09:11:11.173: [amf] INFO: InitialUEMessage [suci-0-999-70-0000-0-0-7112487107] Registration request (../src/amf/ngap-handler.c:401)
07/06 09:11:11.203: [amf] INFO: [imsi-999707112487107] Registration complete (../src/amf/gmm-sm.c:1050)
07/06 09:11:30.563: [amf] INFO: InitialUEMessage [suci-0-999-70-0000-0-0-6895240191] Registration request (../src/amf/ngap-handler.c:401)
07/06 09:11:30.608: [amf] INFO: [imsi-999706895240191] Registration complete (../src/amf/gmm-sm.c:1050)
07/06 09:14:09.210: [amf] INFO: InitialUEMessage [suci-0-999-70-0000-0-0-5867630502] Registration request (../src/amf/ngap-handler.c:401)
07/06 09:14:09.249: [amf] INFO: [imsi-999705867630502] Registration complete (../src/amf/gmm-sm.c:1050)
07/06 09:16:33.262: [amf] WARNING: gNB-N2[127.0.0.100] connection refused, SCTP shutdown (../src/amf/ngap-sctp.c:113)
07/06 09:18:05.306: [amf] INFO: InitialUEMessage [suci-0-999-70-0000-0-0-7667156736] Registration request (../src/amf/ngap-handler.c:401)
07/06 09:18:05.345: [amf] INFO: [imsi-999707667156736] Registration complete (../src/amf/gmm-sm.c:1050)
07/06 09:22:48.550: [amf] INFO: gNB-N2 removed, ran_ue context released (../src/amf/context.c:1120)
07/06 09:25:47.084: [amf] INFO: InitialUEMessage [suci-0-999-70-0000-0-0-9544358481] Registration request (../src/amf/ngap-handler.c:401)
07/06 09:25:47.115: [amf] INFO: [imsi-999709544358481] Registration complete (../src/amf/gmm-sm.c:1050)
07/06 09:32:22.630: [amf] INFO: gNB-N2 removed, ran_ue context released (../src/amf/context.c:1120)
07/06 09:33:48.093: [amf] INFO: InitialUEMessage [suci-0-999-70-0000-0-0-9449136394] Registration request (../src/amf/ngap-handler.c:401)
07/06 09:33:48.138: [amf] INFO: [imsi-999709449136394] Registration complete (../src/amf/gmm-sm.c:1050)
07/06 09:35:00.625: [amf] INFO: InitialUEMessage [suci-0-999-70-0000-0-0-6650538750] Registration request (../src/amf/ngap-handler.c:401)
07/06 09:35:00.670: [amf] INFO: [imsi-999706650538750] Registration complete (../src/amf/gmm-sm.c:1050)
07/06 09:40:16.382: [amf] INFO: InitialUEMessage [suci-0-999-70-0000-0-0-2706977877] Registration request (../src/amf/ngap-handler.c:401)
07/06 09:40:16.408: [amf] INFO: [imsi-999702706977877] Registration complete (../src/amf/gmm-sm.c:1050)
07/06 09:41:36.943: [amf] WARNING: gNB-N2[127.0.0.100] connection refused, SCTP shutdown (../src/amf/ngap-sctp.c:113)
07/06 09:45:03.683: [amf] INFO: InitialUEMessage [suci-0-999-70-0000-0-0-6702450330] Registration request (../src/amf/ngap-handler.c:401)
07/06 09:45:03.722: [amf] INFO: [imsi-999706702450330] Registration complete (../src/amf/gmm-sm.c:1050)
07/06 09:48:31.179: [amf] INFO: gNB-N2 removed, ran_ue context released (../src/amf/context.c:1120)
07/06 09:48:34.926: [amf] WARNING: gNB-N2[127.0.0.100] connection refused, SCTP shutdown (../src/amf/ngap-sctp.c:113)
07/06 09:48:58.796: [amf] INFO: InitialUEMessage [suci-0-999-70-0000-0-0-5972292185] Registration request (../src/amf/ngap-handler.c:401)
07/06 09:48:58.833: [amf] INFO: [imsi-999705972292185] Registration complete (../src/amf/gmm-sm.c:1050)
07/06 09:53:22.333: [amf] INFO: InitialUEMessage [suci-0-999-70-0000-0-0-8055195150] Registration request (../src/amf/ngap-handler.c:401)
07/06 09:53:22.375: [amf] INFO: [imsi-999708055195150] Registration complete (../src/amf/gmm-sm.c:1050)
07/06 10:00:06.093: [amf] INFO: InitialUEMessage [suci-0-999-70-0000-0-0-2424889037] Registration request (../src/amf/ngap-handler.c:401)
07/06 10:00:06.124: [amf] INFO: [imsi-999702424889037] Registration complete (../src/amf/gmm-sm.c:1050)
07/06 10:01:14.713: [amf] INFO: InitialUEMessage [suci-0-999-70-0000-0-0-8412442139] Registration request (../src/amf/ngap-handler.c:401)
07/06 10:01:14.748: [amf] INFO: [imsi-999708412442139] Registration complete (../src/amf/gmm-sm.c:1050)
07/06 10:02:11.156: [amf] INFO: InitialUEMessage [suci-0-999-70-0000-0-0-4007106736] Registration request (../src/amf/ngap-handler.c:401)
07/06 10:02:11.185: [amf] INFO: [imsi-999704007106736] Registration complete (../src/amf/gmm-sm.c:1050)
07/06 10:05:25.897: [amf] INFO: InitialUEMessage [suci-0-999-70-0000-0-0-2209475275] Registration request (../src/amf/ngap-handler.c:401)
07/06 10:05:25.926: [amf] INFO: [imsi-999702209475275] Registration complete (../src/amf/gmm-sm.c:1050)
07/06 10:05:58.980: [amf] INFO: InitialUEMessage [suci-0-999-70-0000-0-0-7951667951] Registration request (../src/amf/ngap-handler.c:401)
07/06 10:05:59.016: [amf] INFO: [imsi-999707951667951] Registration complete (../src/amf/gmm-sm.c:1050)
07/06 10:06:54.384: [amf] INFO: InitialUEMessage [suci-0-999-70-0000-0-0-8945977151] Registration request (../src/amf/ngap-handler.c:401)
07/06 10:06:54.422: [amf] INFO: [imsi-999708945977151] Registration complete (../src/amf/gmm-sm.c:1050)
07/06 10:08:28.693: [amf] INFO: InitialUEMessage [suci-0-999-70-0000-0-0-8212703538] Registration request (../src/amf/ngap-handler.c:401)
07/06 10:08:28.737: [amf] INFO: [imsi-999708212703538] Registration complete (../src/amf/gmm-sm.c:1050)
07/06 10:09:37.520: [amf] INFO: InitialUEMessage [suci-0-999-70-0000-0-0-1733592205] Registration request (../src/amf/ngap-handler.c:401)
07/06 10:09:37.567: [amf] INFO: [imsi-999701733592205] Registration complete (../src/amf/gmm-sm.c:1050)
07/06 10:09:38.659: [amf] INFO: InitialUEMessage [suci-0-999-70-0000-0-0-9723467617] Registration request (../src/amf/ngap-handler.c:401)
07/06 10:09:38.702: [amf] INFO: [imsi-999709723467617] Registration complete (../src/amf/gmm-sm.c:1050)
07/06 10:10:50.024: [amf] INFO: InitialUEMessage [suci-0-999-70-0000-0-0-2879624420] Registration request (../src/amf/ngap-handler.c:401)
07/06 10:10:50.052: [amf] INFO: [imsi-999702879624420] Registration complete (../src/amf/gmm-sm.c:1050)
07/06 10:11:20.451: [amf] INFO: InitialUEMessage [suci-0-999-70-0000-0-0-8026208423] Registration request (../src/amf/ngap-handler.c:401)
07/06 10:11:20.509: [amf] INFO: [imsi-999708026208423] Registration complete (../src/amf/gmm-sm.c:1050)
07/06 10:11:54.210: [amf] INFO: InitialUEMessage [suci-0-999-70-0000-0-0-7314571475] Registration request (../src/amf/ngap-handler.c:401)
07/06 10:11:54.265: [amf] INFO: [imsi-999707314571475] Registration complete (../src/amf/gmm-sm.c:1050)
07/06 10:16:16.677: [amf] INFO: InitialUEMessage [suci-0-999-70-0000-0-0-2313073472] Registration request (../src/amf/ngap-handler.c:401)
07/06 10:16:16.722: [amf] INFO: [imsi-999702313073472] Registration complete (../src/amf/gmm-sm.c:1050)
07/06 10:17:04.474: [amf] INFO: InitialUEMessage [suci-0-999-70-0000-0-0-5838294682] Registration request (../src/amf/ngap-handler.c:401)
07/06 10:17:04.508: [amf] INFO: [imsi-999705838294682] Registration complete (../src/amf/gmm-sm.c:1050)
07/06 10:19:37.512: [amf] INFO: InitialUEMessage [suci-0-999-70-0000-0-0-6976535664] Registration request (../src/amf/ngap-handler.c:401)
07/06 10:19:37.568: [amf] INFO: [imsi-999706976535664] Registration complete (../src/amf/gmm-sm.c:1050)
07/06 10:21:54.151: [amf] INFO: InitialUEMessage [suci-0-999-70-0000-0-0-6716711437] Registration request (../src/amf/ngap-handler.c:401)
07/06 10:21:54.207: [amf] INFO: [imsi-999706716711437] Registration complete (../src/amf/gmm-sm.c:1050)
07/06 10:22:44.105: [amf] INFO: InitialUEMessage [suci-0-999-70-0000-0-0-0379724452] Registration request (../src/amf/ngap-handler.c:401)
07/06 10:22:44.159: [amf] INFO: [imsi-999700379724452] Registration complete (../src/amf/gmm-sm.c:1050)
07/06 10:23:33.816: [amf] INFO: InitialUEMessage [suci-0-999-70-0000-0-0-8089470628] Registration request (../src/amf/ngap-handler.c:401)
07/06 10:23:33.855: [amf] INFO: [imsi-999708089470628] Registration complete (../src/amf/gmm-sm.c:1050)
07/06 10:23:39.660: [amf] INFO: InitialUEMessage [suci-0-999-70-0000-0-0-4877655284] Registration request (../src/amf/ngap-handler.c:401)
07/06 10:23:39.698: [amf] INFO: [imsi-999704877655284] Registration complete (../src/amf/gmm-sm.c:1050)
07/06 10:24:40.908: [amf] INFO: InitialUEMessage [suci-0-999-70-0000-0-0-5179618824] Registration request (../src/amf/ngap-handler.c:401)
07/06 10:24:40.927: [amf] INFO: [imsi-999705179618824] Registration complete (../src/amf/gmm-sm.c:1050)
07/06 10:25:21.398: [amf] INFO: InitialUEMessage [suci-0-999-70-0000-0-0-1298578450] Registration request (../src/amf/ngap-handler.c:401)
07/06 10:25:21.446: [amf] INFO: [imsi-999701298578450] Registration complete (../src/amf/gmm-sm.c:1050)
07/06 10:25:44.759: [amf] INFO: InitialUEMessage [suci-0-999-70-0000-0-0-0966656583] Registration request (../src/amf/ngap-handler.c:401)
07/06 10:25:44.816: [amf] INFO: [imsi-999700966656583] Registration complete (../src/amf/gmm-sm.c:1050)
07/06 10:25:51.101: [amf] INFO: InitialUEMessage [suci-0-999-70-0000-0-0-0301771762] Registration request (../src/amf/ngap-handler.c:401)
07/06 10:25:51.138: [amf] INFO: [imsi-999700301771762] Registration complete (../src/amf/gmm-sm.c:1050)
07/06 10:27:23.012: [amf] INFO: InitialUEMessage [suci-0-999-70-0000-0-0-4642025911] Registration request (../src/amf/ngap-handler.c:401)
07/06 10:27:23.075: [amf] INFO: [imsi-999704642025911] Registration complete (../src/amf/gmm-sm.c:1050)
07/06 10:28:37.428: [amf] INFO: InitialUEMessage [suci-0-999-70-0000-0-0-4270640271] Registration request (../src/amf/ngap-handler.c:401)
07/06 10:28:37.485: [amf] INFO: [imsi-999704270640271] Registration complete (../src/amf/gmm-sm.c:1050)
07/06 10:29:13.366: [amf] INFO: InitialUEMessage [suci-0-999-70-0000-0-0-0120695398] Registration request (../src/amf/ngap-handler.c:401)
07/06 10:29:13.405: [amf] INFO: [imsi-999700120695398] Registration complete (../src/amf/gmm-sm.c:1050)
07/06 10:32:35.384: [amf] INFO: InitialUEMessage [suci-0-999-70-0000-0-0-9745527644] Registration request (../src/amf/ngap-handler.c:401)
07/06 10:32:35.431: [amf] INFO: [imsi-999709745527644] Registration complete (../src/amf/gmm-sm.c:1050)
07/06 10:33:05.099: [amf] INFO: InitialUEMessage [suci-0-999-70-0000-0-0-0564828130] Registration request (../src/amf/ngap-handler.c:401)
07/06 10:33:05.163: [amf] INFO: [imsi-999700564828130] Registration complete (../src/amf/gmm-sm.c:1050)
07/06 10:33:07.289: [amf] INFO: InitialUEMessage [suci-0-999-70-0000-0-0-7243650031] Registration request (../src/amf/ngap-handler.c:401)
07/06 10:33:07.339: [amf] INFO: [imsi-999707243650031] Registration complete (../src/amf/gmm-sm.c:1050)
07/06 10:34:02.460: [amf] INFO: InitialUEMessage [suci-0-999-70-0000-0-0-2358164326] Registration request (../src/amf/ngap-handler.c:401)
07/06 10:34:02.499: [amf] INFO: [imsi-999702358164326] Registration complete (../src/amf/gmm-sm.c:1050)
07/06 10:34:22.041: [amf] INFO: InitialUEMessage [suci-0-999-70-0000-0-0-8921735143] Registration request (../src/amf/ngap-handler.c:401)
07/06 10:34:22.090: [amf] INFO: [imsi-999708921735143] Registration complete (../src/amf/gmm-sm.c:1050)
07/06 10:34:55.466: [amf] INFO: InitialUEMessage [suci-0-999-70-0000-0-0-4185358694] Registration request (../src/amf/ngap-handler.c:401)
07/06 10:34:55.509: [amf] INFO: [imsi-999704185358694] Registration complete (../src/amf/gmm-sm.c:1050)
07/06 10:36:05.674: [amf] INFO: InitialUEMessage [suci-0-999-70-0000-0-0-2275327707] Registration request (../src/amf/ngap-handler.c:401)
07/06 10:36:05.732: [amf] INFO: [imsi-999702275327707] Registration complete (../src/amf/gmm-sm.c:1050)
07/06 10:37:25.519: [amf] INFO: InitialUEMessage [suci-0-999-70-0000-0-0-3691831973] Registration request (../src/amf/ngap-handler.c:401)
07/06 10:37:25.550: [amf] INFO: [imsi-999703691831973] Registration complete (../src/amf/gmm-sm.c:1050)
07/06 10:39:48.651: [amf] INFO: InitialUEMessage [suci-0-999-70-0000-0-0-5047547830] Registration request (../src/amf/ngap-handler.c:401)
07/06 10:39:48.715: [amf] INFO: [imsi-999705047547830] Registration complete (../src/amf/gmm-sm.c:1050)
07/06 10:40:02.464: [amf] INFO: InitialUEMessage [suci-0-999-70-0000-0-0-7048379240] Registration request (../src/amf/ngap-handler.c:401)
07/06 10:40:02.510: [amf] INFO: [imsi-999707048379240] Registration complete (../src/amf/gmm-sm.c:1050)
07/06 10:42:23.148: [amf] INFO: InitialUEMessage [suci-0-999-70-0000-0-0-2999918563] Registration request (../src/amf/ngap-handler.c:401)
07/06 10:42:23.192: [amf] INFO: [imsi-999702999918563] Registration complete (../src/amf/gmm-sm.c:1050)
07/06 10:43:19.498: [amf] INFO: InitialUEMessage [suci-0-999-70-0000-0-0-5237669079] Registration request (../src/amf/ngap-handler.c:401)
07/06 10:43:19.548: [amf] INFO: [imsi-999705237669079] Registration complete (../src/amf/gmm-sm.c:1050)
07/06 10:43:24.697: [amf] INFO: InitialUEMessage [suci-0-999-70-0000-0-0-5078564623] Registration request (../src/amf/ngap-handler.c:401)
07/06 10:43:24.732: [amf] WARNING: [suci-0-999-70-0000-0-0-5078564623] Registration reject [5GMM Cause: Illegal UE] (../src/amf/gmm-handler.c:230)
07/06 10:43:46.460: [amf] INFO: InitialUEMessage [suci-0-999-70-0000-0-0-9126001954] Registration request (../src/amf/ngap-handler.c:401)
07/06 10:43:46.505: [amf] INFO: [imsi-999709126001954] Registration complete (../src/amf/gmm-sm.c:1050)
07/06 10:45:01.816: [amf] INFO: InitialUEMessage [suci-0-999-70-0000-0-0-7349952536] Registration request (../src/amf/ngap-handler.c:401)
07/06 10:45:01.847: [amf] INFO: [imsi-999707349952536] Registration complete (../src/amf/gmm-sm.c:1050)
07/06 10:45:33.231: [amf] INFO: InitialUEMessage [suci-0-999-70-0000-0-0-1413096766] Registration request (../src/amf/ngap-handler.c:401)
07/06 10:45:33.263: [amf] INFO: [imsi-999701413096766] Registration complete (../src/amf/gmm-sm.c:1050)
07/06 10:46:26.227: [amf] INFO: InitialUEMessage [suci-0-999-70-0000-0-0-6058088395] Registration request (../src/amf/ngap-handler.c:401)
07/06 10:46:26.260: [amf] INFO: [imsi-999706058088395] Registration complete (../src/amf/gmm-sm.c:1050)
07/06 10:46:57.172: [amf] INFO: InitialUEMessage [suci-0-999-70-0000-0-0-2848474484] Registration request (../src/amf/ngap-handler.c:401)
07/06 10:46:57.213: [amf] INFO: [imsi-999702848474484] Registration complete (../src/amf/gmm-sm.c:1050)
07/06 10:47:54.034: [amf] INFO: InitialUEMessage [suci-0-999-70-0000-0-0-8577544965] Registration request (../src/amf/ngap-handler.c:401)
07/06 10:47:54.094: [amf] INFO: [imsi-999708577544965] Registration complete (../src/amf/gmm-sm.c:1050)
07/06 10:48:46.174: [amf] INFO: InitialUEMessage [suci-0-999-70-0000-0-0-8014774120] Registration request (../src/amf/ngap-handler.c:401)
07/06 10:48:46.209: [amf] INFO: [imsi-999708014774120] Registration complete (../src/amf/gmm-sm.c:1050)
07/06 10:48:47.323: [amf] INFO: InitialUEMessage [suci-0-999-70-0000-0-0-7906985898] Registration request (../src/amf/ngap-handler.c:401)
07/06 10:48:47.365: [amf] INFO: [imsi-999707906985898] Registration complete (../src/amf/gmm-sm.c:1050)
07/06 10:49:46.427: [amf] INFO: InitialUEMessage [suci-0-999-70-0000-0-0-0425674625] Registration request (../src/amf/ngap-handler.c:401)
07/06 10:49:46.471: [amf] INFO: [imsi-999700425674625] Registration complete (../src/amf/gmm-sm.c:1050)
07/06 10:50:39.190: [amf] INFO: InitialUEMessage [suci-0-999-70-0000-0-0-2674691288] Registration request (../src/amf/ngap-handler.c:401)
07/06 10:50:39.236: [amf] INFO: [imsi-999702674691288] Registration complete (../src/amf/gmm-sm.c:1050)
07/06 10:50:39.400: [amf] WARNING: [imsi-999702674691288] PDU Session Establishment reject [PSI:1 Cause: Network failure] (../src/amf/nsmf-handler.c:520)
07/06 10:52:47.018: [amf] INFO: InitialUEMessage [suci-0-999-70-0000-0-0-6698105280] Registration request (../src/amf/ngap-handler.c:401)
07/06 10:52:47.070: [amf] INFO: [imsi-999706698105280] Registration complete (../src/amf/gmm-sm.c:1050)
07/06 10:55:14.436: [amf] INFO: InitialUEMessage [suci-0-999-70-0000-0-0-9377179617] Registration request (../src/amf/ngap-handler.c:401)
07/06 10:55:14.488: [amf] INFO: [imsi-999709377179617] Registration complete (../src/amf/gmm-sm.c:1050)
07/06 10:56:11.542: [amf] INFO: InitialUEMessage [suci-0-999-70-0000-0-0-7045716636] Registration request (../src/amf/ngap-handler.c:401)
07/06 10:56:11.594: [amf] INFO: [imsi-999707045716636] Registration complete (../src/amf/gmm-sm.c:1050)
07/06 10:56:27.058: [amf] INFO: InitialUEMessage [suci-0-999-70-0000-0-0-4361393371] Registration request (../src/amf/ngap-handler.c:401)
07/06 10:56:27.110: [amf] INFO: [imsi-999704361393371] Registration complete (../src/amf/gmm-sm.c:1050)
07/06 10:57:14.497: [amf] INFO: InitialUEMessage [suci-0-999-70-0000-0-0-6262296414] Registration request (../src/amf/ngap-handler.c:401)
07/06 10:57:14.534: [amf] INFO: [imsi-999706262296414] Registration complete (../src/amf/gmm-sm.c:1050)
07/06 10:58:19.886: [amf] INFO: InitialUEMessage [suci-0-999-70-0000-0-0-4544397328] Registration request (../src/amf/ngap-handler.c:401)
07/06 10:58:19.929: [amf] INFO: [imsi-999704544397328] Registration complete (../src/amf/gmm-sm.c:1050)
07/06 11:00:35.619: [amf] INFO: InitialUEMessage [suci-0-999-70-0000-0-0-8070839396] Registration request (../src/amf/ngap-handler.c:401)
07/06 11:00:35.666: [amf] INFO: [imsi-999708070839396] Registration complete (../src/amf/gmm-sm.c:1050)
07/06 11:01:29.403: [amf] INFO: InitialUEMessage [suci-0-999-70-0000-0-0-2414827985] Registration request (../src/amf/ngap-handler.c:401)
07/06 11:01:29.440: [amf] INFO: [imsi-999702414827985] Registration complete (../src/amf/gmm-sm.c:1050)
07/06 11:01:42.985: [amf] INFO: InitialUEMessage [suci-0-999-70-0000-0-0-7889823666] Registration request (../src/amf/ngap-handler.c:401)
07/06 11:01:43.038: [amf] INFO: [imsi-999707889823666] Registration complete (../src/amf/gmm-sm.c:1050)
07/06 11:02:49.740: [amf] INFO: InitialUEMessage [suci-0-999-70-0000-0-0-6937595433] Registration request (../src/amf/ngap-handler.c:401)
07/06 11:02:49.800: [amf] INFO: [imsi-999706937595433] Registration complete (../src/amf/gmm-sm.c:1050)
07/06 11:03:04.206: [amf] INFO: InitialUEMessage [suci-0-999-70-0000-0-0-7318833570] Registration request (../src/amf/ngap-handler.c:401)
07/06 11:03:04.241: [amf] INFO: [imsi-999707318833570] Registration complete (../src/amf/gmm-sm.c:1050)
07/06 11:05:13.624: [amf] INFO: InitialUEMessage [suci-0-999-70-0000-0-0-8059053954] Registration request (../src/amf/ngap-handler.c:401)
07/06 11:05:13.663: [amf] INFO: [imsi-999708059053954] Registration complete (../src/amf/gmm-sm.c:1050)
07/06 11:05:46.214: [amf] INFO: InitialUEMessage [suci-0-999-70-0000-0-0-7118071744] Registration request (../src/amf/ngap-handler.c:401)
07/06 11:05:46.275: [amf] INFO: [imsi-999707118071744] Registration complete (../src/amf/gmm-sm.c:1050)
07/06 11:05:55.217: [amf] INFO: InitialUEMessage [suci-0-999-70-0000-0-0-8898311958] Registration request (../src/amf/ngap-handler.c:401)
07/06 11:05:55.243: [amf] INFO: [imsi-999708898311958] Registration complete (../src/amf/gmm-sm.c:1050)
07/06 11:07:46.180: [amf] INFO: InitialUEMessage [suci-0-999-70-0000-0-0-1490959072] Registration request (../src/amf/ngap-handler.c:401)
07/06 11:07:46.217: [amf] INFO: [imsi-999701490959072] Registration complete (../src/amf/gmm-sm.c:1050)
07/06 11:08:26.066: [amf] INFO: InitialUEMessage [suci-0-999-70-0000-0-0-6278327600] Registration request (../src/amf/ngap-handler.c:401)
07/06 11:08:26.125: [amf] INFO: [imsi-999706278327600] Registration complete (../src/amf/gmm-sm.c:1050)
07/06 11:10:16.371: [amf] INFO: InitialUEMessage [suci-0-999-70-0000-0-0-3642928124] Registration request (../src/amf/ngap-handler.c:401)
07/06 11:10:16.406: [amf] INFO: [imsi-999703642928124] Registration complete (../src/amf/gmm-sm.c:1050)
07/06 11:13:49.793: [amf] INFO: InitialUEMessage [suci-0-999-70-0000-0-0-5817571618] Registration request (../src/amf/ngap-handler.c:401)
07/06 11:13:49.818: [amf] INFO: [imsi-999705817571618] Registration complete (../src/amf/gmm-sm.c:1050)
07/06 11:14:03.537: [amf] INFO: InitialUEMessage [suci-0-999-70-0000-0-0-0705601081] Registration request (../src/amf/ngap-handler.c:401)
07/06 11:14:03.578: [amf] INFO: [imsi-999700705601081] Registration complete (../src/amf/gmm-sm.c:1050)
07/06 11:14:53.166: [amf] INFO: InitialUEMessage [suci-0-999-70-0000-0-0-8837608193] Registration request (../src/amf/ngap-handler.c:401)
07/06 11:14:53.192: [amf] INFO: [imsi-999708837608193] Registration complete (../src/amf/gmm-sm.c:1050)
07/06 11:15:32.789: [amf] INFO: InitialUEMessage [suci-0-999-70-0000-0-0-7128142373] Registration request (../src/amf/ngap-handler.c:401)
07/06 11:15:32.850: [amf] INFO: [imsi-999707128142373] Registration complete (../src/amf/gmm-sm.c:1050)
07/06 11:16:03.139: [amf] INFO: InitialUEMessage [suci-0-999-70-0000-0-0-1329445690] Registration request (../src/amf/ngap-handler.c:401)
07/06 11:16:03.183: [amf] INFO: [imsi-999701329445690] Registration complete (../src/amf/gmm-sm.c:1050)
07/06 11:17:03.656: [amf] INFO: InitialUEMessage [suci-0-999-70-0000-0-0-9729756881] Registration request (../src/amf/ngap-handler.c:401)
07/06 11:17:03.702: [amf] INFO: [imsi-999709729756881] Registration complete (../src/amf/gmm-sm.c:1050)
07/06 11:17:48.145: [amf] INFO: InitialUEMessage [suci-0-999-70-0000-0-0-9227843339] Registration request (../src/amf/ngap-handler.c:401)
07/06 11:17:48.183: [amf] INFO: [imsi-999709227843339] Registration complete (../src/amf/gmm-sm.c:1050)
07/06 11:20:24.047: [amf] INFO: InitialUEMessage [suci-0-999-70-0000-0-0-7270560478] Registration request (../src/amf/ngap-handler.c:401)
07/06 11:20:24.099: [amf] INFO: [imsi-999707270560478] Registration complete (../src/amf/gmm-sm.c:1050)
07/06 11:20:59.681: [amf] INFO: InitialUEMessage [suci-0-999-70-0000-0-0-3107940835] Registration request (../src/amf/ngap-handler.c:401)
07/06 11:20:59.720: [amf] INFO: [imsi-999703107940835] Registration complete (../src/amf/gmm-sm.c:1050)
07/06 11:21:16.984: [amf] INFO: InitialUEMessage [suci-0-999-70-0000-0-0-0156414181] Registration request (../src/amf/ngap-handler.c:401)
07/06 11:21:17.025: [amf] INFO: [imsi-999700156414181] Registration complete (../src/amf/gmm-sm.c:1050)
07/06 11:25:05.936: [amf] INFO: InitialUEMessage [suci-0-999-70-0000-0-0-9724526901] Registration request (../src/amf/ngap-handler.c:401)
07/06 11:25:05.998: [amf] INFO: [imsi-999709724526901] Registration complete (../src/amf/gmm-sm.c:1050)
07/06 11:26:46.980: [amf] INFO: InitialUEMessage [suci-0-999-70-0000-0-0-6337741557] Registration request (../src/amf/ngap-handler.c:401)
07/06 11:26:47.029: [amf] INFO: [imsi-999706337741557] Registration complete (../src/amf/gmm-sm.c:1050)
07/06 11:27:05.374: [amf] INFO: InitialUEMessage [suci-0-999-70-0000-0-0-9423867035] Registration request (../src/amf/ngap-handler.c:401)
07/06 11:27:05.413: [amf] INFO: [imsi-999709423867035] Registration complete (../src/amf/gmm-sm.c:1050)
07/06 11:27:05.602: [amf] WARNING: [imsi-999709423867035] PDU Session Establishment reject [PSI:1 Cause: Network failure] (../src/amf/nsmf-handler.c:520)
07/06 11:27:18.741: [amf] INFO: InitialUEMessage [suci-0-999-70-0000-0-0-6059992317] Registration request (../src/amf/ngap-handler.c:401)
07/06 11:27:18.776: [amf] INFO: [imsi-999706059992317] Registration complete (../src/amf/gmm-sm.c:1050)
07/06 11:28:15.943: [amf] INFO: InitialUEMessage [suci-0-999-70-0000-0-0-4691461819] Registration request (../src/amf/ngap-handler.c:401)
07/06 11:28:15.986: [amf] INFO: [imsi-999704691461819] Registration complete (../src/amf/gmm-sm.c:1050)
07/06 11:30:46.585: [amf] INFO: InitialUEMessage [suci-0-999-70-0000-0-0-0162848179] Registration request (../src/amf/ngap-handler.c:401)
07/06 11:30:46.618: [amf] INFO: [imsi-999700162848179] Registration complete (../src/amf/gmm-sm.c:1050)
07/06 11:31:32.301: [amf] INFO: InitialUEMessage [suci-0-999-70-0000-0-0-5551432960] Registration request (../src/amf/ngap-handler.c:401)
07/06 11:31:32.351: [amf] INFO: [imsi-999705551432960] Registration complete (../src/amf/gmm-sm.c:1050)
07/06 11:31:55.148: [amf] INFO: InitialUEMessage [suci-0-999-70-0000-0-0-4182351820] Registration request (../src/amf/ngap-handler.c:401)
07/06 11:31:55.179: [amf] INFO: [imsi-999704182351820] Registration complete (../src/amf/gmm-sm.c:1050)
07/06 11:32:35.273: [amf] INFO: InitialUEMessage [suci-0-999-70-0000-0-0-6186971757] Registration request (../src/amf/ngap-handler.c:401)
07/06 11:32:35.315: [amf] INFO: [imsi-999706186971757] Registration complete (../src/amf/gmm-sm.c:1050)
07/06 11:33:47.872: [amf] INFO: InitialUEMessage [suci-0-999-70-0000-0-0-8440042705] Registration request (../src/amf/ngap-handler.c:401)
07/06 11:33:47.921: [amf] INFO: [imsi-999708440042705] Registration complete (../src/amf/gmm-sm.c:1050)
07/06 11:35:08.091: [amf] INFO: InitialUEMessage [suci-0-999-70-0000-0-0-8991845255] Registration request (../src/amf/ngap-handler.c:401)
07/06 11:35:08.143: [amf] INFO: [imsi-999708991845255] Registration complete (../src/amf/gmm-sm.c:1050)
07/06 11:35:12.788: [amf] INFO: InitialUEMessage [suci-0-999-70-0000-0-0-3605166134] Registration request (../src/amf/ngap-handler.c:401)
07/06 11:35:12.825: [amf] INFO: [imsi-999703605166134] Registration complete (../src/amf/gmm-sm.c:1050)
07/06 11:35:40.307: [amf] INFO: InitialUEMessage [suci-0-999-70-0000-0-0-8641644799] Registration request (../src/amf/ngap-handler.c:401)
07/06 11:35:40.343: [amf] INFO: [imsi-999708641644799] Registration complete (../src/amf/gmm-sm.c:1050)
07/06 11:36:26.285: [amf] INFO: InitialUEMessage [suci-0-999-70-0000-0-0-7186998724] Registration request (../src/amf/ngap-handler.c:401)
07/06 11:36:26.337: [amf] INFO: [imsi-999707186998724] Registration complete (../src/amf/gmm-sm.c:1050)
07/06 11:37:34.815: [amf] INFO: InitialUEMessage [suci-0-999-70-0000-0-0-9482865657] Registration request (../src/amf/ngap-handler.c:401)
07/06 11:37:34.875: [amf] INFO: [imsi-999709482865657] Registration complete (../src/amf/gmm-sm.c:1050)
07/06 11:38:00.565: [amf] INFO: InitialUEMessage [suci-0-999-70-0000-0-0-4290069395] Registration request (../src/amf/ngap-handler.c:401)
07/06 11:38:00.612: [amf] INFO: [imsi-999704290069395] Registration complete (../src/amf/gmm-sm.c:1050)
07/06 11:38:40.901: [amf] INFO: InitialUEMessage [suci-0-999-70-0000-0-0-3838938621] Registration request (../src/amf/ngap-handler.c:401)
07/06 11:38:40.945: [amf] INFO: [imsi-999703838938621] Registration complete (../src/amf/gmm-sm.c:1050)
07/06 11:38:58.914: [amf] INFO: InitialUEMessage [suci-0-999-70-0000-0-0-4168150005] Registration request (../src/amf/ngap-handler.c:401)
07/06 11:38:58.953: [amf] INFO: [imsi-999704168150005] Registration complete (../src/amf/gmm-sm.c:1050)
07/06 11:39:59.128: [amf] INFO: InitialUEMessage [suci-0-999-70-0000-0-0-1075021646] Registration request (../src/amf/ngap-handler.c:401)
07/06 11:39:59.195: [amf] INFO: [imsi-999701075021646] Registration complete (../src/amf/gmm-sm.c:1050)
07/06 11:40:37.570: [amf] INFO: InitialUEMessage [suci-0-999-70-0000-0-0-4909885016] Registration request (../src/amf/ngap-handler.c:401)
07/06 11:40:37.608: [amf] INFO: [imsi-999704909885016] Registration complete (../src/amf/gmm-sm.c:1050)
07/06 11:41:21.104: [amf] INFO: InitialUEMessage [suci-0-999-70-0000-0-0-9074355280] Registration request (../src/amf/ngap-handler.c:401)
07/06 11:41:21.147: [amf] INFO: [imsi-999709074355280] Registration complete (../src/amf/gmm-sm.c:1050)
07/06 11:42:55.283: [amf] INFO: InitialUEMessage [suci-0-999-70-0000-0-0-4715507576] Registration request (../src/amf/ngap-handler.c:401)
07/06 11:42:55.350: [amf] INFO: [imsi-999704715507576] Registration complete (../src/amf/gmm-sm.c:1050)
07/06 11:43:11.094: [amf] INFO: InitialUEMessage [suci-0-999-70-0000-0-0-3880278063] Registration request (../src/amf/ngap-handler.c:401)
07/06 11:43:11.126: [amf] INFO: [imsi-999703880278063] Registration complete (../src/amf/gmm-sm.c:1050)
07/06 11:43:55.840: [amf] INFO: InitialUEMessage [suci-0-999-70-0000-0-0-2723459499] Registration request (../src/amf/ngap-handler.c:401)
07/06 11:43:55.879: [amf] INFO: [imsi-999702723459499] Registration complete (../src/amf/gmm-sm.c:1050)
07/06 11:44:30.054: [amf] INFO: InitialUEMessage [suci-0-999-70-0000-0-0-9220349296] Registration request (../src/amf/ngap-handler.c:401)
07/06 11:44:30.091: [amf] INFO: [imsi-999709220349296] Registration complete (../src/amf/gmm-sm.c:1050)
07/06 11:45:28.061: [amf] INFO: InitialUEMessage [suci-0-999-70-0000-0-0-7063227986] Registration request (../src/amf/ngap-handler.c:401)
07/06 11:45:28.097: [amf] INFO: [imsi-999707063227986] Registration complete (../src/amf/gmm-sm.c:1050)
07/06 11:45:46.630: [amf] INFO: InitialUEMessage [suci-0-999-70-0000-0-0-5456881423] Registration request (../src/amf/ngap-handler.c:401)
07/06 11:45:46.666: [amf] INFO: [imsi-999705456881423] Registration complete (../src/amf/gmm-sm.c:1050)
07/06 11:47:28.947: [amf] INFO: InitialUEMessage [suci-0-999-70-0000-0-0-9313597184] Registration request (../src/amf/ngap-handler.c:401)
07/06 11:47:28.978: [amf] INFO: [imsi-999709313597184] Registration complete (../src/amf/gmm-sm.c:1050)
07/06 11:48:58.028: [amf] INFO: InitialUEMessage [suci-0-999-70-0000-0-0-5939742663] Registration request (../src/amf/ngap-handler.c:401)
07/06 11:48:58.068: [amf] INFO: [imsi-999705939742663] Registration complete (../src/amf/gmm-sm.c:1050)
07/06 11:49:06.603: [amf] INFO: InitialUEMessage [suci-0-999-70-0000-0-0-2298302482] Registration request (../src/amf/ngap-handler.c:401)
07/06 11:49:06.651: [amf] INFO: [imsi-999702298302482] Registration complete (../src/amf/gmm-sm.c:1050)
07/06 11:51:43.517: [amf] INFO: InitialUEMessage [suci-0-999-70-0000-0-0-9868893760] Registration request (../src/amf/ngap-handler.c:401)
07/06 11:51:43.552: [amf] INFO: [imsi-999709868893760] Registration complete (../src/amf/gmm-sm.c:1050)
07/06 11:54:30.939: [amf] INFO: InitialUEMessage [suci-0-999-70-0000-0-0-0757433472] Registration request (../src/amf/ngap-handler.c:401)
07/06 11:54:30.970: [amf] INFO: [imsi-999700757433472] Registration complete (../src/amf/gmm-sm.c:1050)
07/06 11:54:32.119: [amf] INFO: InitialUEMessage [suci-0-999-70-0000-0-0-4204004164] Registration request (../src/amf/ngap-handler.c:401)
07/06 11:54:32.141: [amf] INFO: [imsi-999704204004164] Registration complete (../src/amf/gmm-sm.c:1050)
07/06 11:54:34.099: [amf] INFO: InitialUEMessage [suci-0-999-70-0000-0-0-4578965972] Registration request (../src/amf/ngap-handler.c:401)
07/06 11:54:34.162: [amf] INFO: [imsi-999704578965972] Registration complete (../src/amf/gmm-sm.c:1050)
07/06 11:55:40.816: [amf] INFO: InitialUEMessage [suci-0-999-70-0000-0-0-7144674460] Registration request (../src/amf/ngap-handler.c:401)
07/06 11:55:40.880: [amf] INFO: [imsi-999707144674460] Registration complete (../src/amf/gmm-sm.c:1050)
07/06 11:55:56.341: [amf] INFO: InitialUEMessage [suci-0-999-70-0000-0-0-5450168376] Registration request (../src/amf/ngap-handler.c:401)
07/06 11:55:56.385: [amf] INFO: [imsi-999705450168376] Registration complete (../src/amf/gmm-sm.c:1050)
07/06 11:55:59.859: [amf] INFO: InitialUEMessage [suci-0-999-70-0000-0-0-9102617049] Registration request (../src/amf/ngap-handler.c:401)
07/06 11:55:59.926: [amf] INFO: [imsi-999709102617049] Registration complete (../src/amf/gmm-sm.c:1050)
07/06 11:56:26.937: [amf] INFO: InitialUEMessage [suci-0-999-70-0000-0-0-3812317478] Registration request (../src/amf/ngap-handler.c:401)
07/06 11:56:26.978: [amf] INFO: [imsi-999703812317478] Registration complete (../src/amf/gmm-sm.c:1050)
07/06 11:56:43.833: [amf] INFO: InitialUEMessage [suci-0-999-70-0000-0-0-6274572131] Registration request (../src/amf/ngap-handler.c:401)
07/06 11:56:43.872: [amf] INFO: [imsi-999706274572131] Registration complete (../src/amf/gmm-sm.c:1050)
07/06 11:57:04.762: [amf] INFO: InitialUEMessage [suci-0-999-70-0000-0-0-8104558611] Registration request (../src/amf/ngap-handler.c:401)
07/06 11:57:04.784: [amf] INFO: [imsi-999708104558611] Registration complete (../src/amf/gmm-sm.c:1050)
07/06 11:57:59.113: [amf] INFO: InitialUEMessage [suci-0-999-70-0000-0-0-2584646475] Registration request (../src/amf/ngap-handler.c:401)
07/06 11:57:59.151: [amf] INFO: [imsi-999702584646475] Registration complete (../src/amf/gmm-sm.c:1050)
07/06 12:01:01.748: [amf] INFO: InitialUEMessage [suci-0-999-70-0000-0-0-5381213288] Registration request (../src/amf/ngap-handler.c:401)
07/06 12:01:01.776: [amf] INFO: [imsi-999705381213288] Registration complete (../src/amf/gmm-sm.c:1050)
07/06 12:02:17.723: [amf] INFO: InitialUEMessage [suci-0-999-70-0000-0-0-0442421249] Registration request (../src/amf/ngap-handler.c:401)
07/06 12:02:17.766: [amf] INFO: [imsi-999700442421249] Registration complete (../src/amf/gmm-sm.c:1050)
07/06 12:02:53.387: [amf] INFO: InitialUEMessage [suci-0-999-70-0000-0-0-6080858681] Registration request (../src/amf/ngap-handler.c:401)
07/06 12:02:53.427: [amf] INFO: [imsi-999706080858681] Registration complete (../src/amf/gmm-sm.c:1050)
07/06 12:03:05.515: [amf] INFO: InitialUEMessage [suci-0-999-70-0000-0-0-5256599054] Registration request (../src/amf/ngap-handler.c:401)
07/06 12:03:05.579: [amf] INFO: [imsi-999705256599054] Registration complete (../src/amf/gmm-sm.c:1050)
07/06 12:04:08.672: [amf] INFO: InitialUEMessage [suci-0-999-70-0000-0-0-8549281438] Registration request (../src/amf/ngap-handler.c:401)
07/06 12:04:08.725: [amf] INFO: [imsi-999708549281438] Registration complete (../src/amf/gmm-sm.c:1050)
07/06 12:05:12.732: [amf] INFO: InitialUEMessage [suci-0-999-70-0000-0-0-3190480148] Registration request (../src/amf/ngap-handler.c:401)
07/06 12:05:12.780: [amf] INFO: [imsi-999703190480148] Registration complete (../src/amf/gmm-sm.c:1050)
07/06 12:05:24.082: [amf] INFO: InitialUEMessage [suci-0-999-70-0000-0-0-4358024015] Registration request (../src/amf/ngap-handler.c:401)
07/06 12:05:24.128: [amf] INFO: [imsi-999704358024015] Registration complete (../src/amf/gmm-sm.c:1050)
07/06 12:05:37.616: [amf] INFO: InitialUEMessage [suci-0-999-70-0000-0-0-4598511809] Registration request (../src/amf/ngap-handler.c:401)
07/06 12:05:37.661: [amf] INFO: [imsi-999704598511809] Registration complete (../src/amf/gmm-sm.c:1050)
07/06 12:06:32.860: [amf] INFO: InitialUEMessage [suci-0-999-70-0000-0-0-6495216332] Registration request (../src/amf/ngap-handler.c:401)
07/06 12:06:32.921: [amf] INFO: [imsi-999706495216332] Registration complete (../src/amf/gmm-sm.c:1050)
07/06 12:07:22.063: [amf] INFO: InitialUEMessage [suci-0-999-70-0000-0-0-2733036933] Registration request (../src/amf/ngap-handler.c:401)
07/06 12:07:22.111: [amf] INFO: [imsi-999702733036933] Registration complete (../src/amf/gmm-sm.c:1050)
07/06 12:07:25.768: [amf] INFO: InitialUEMessage [suci-0-999-70-0000-0-0-6816781259] Registration request (../src/amf/ngap-handler.c:401)
07/06 12:07:25.816: [amf] WARNING: [imsi-999706816781259] Registration reject (../src/amf/gmm-handler.c:230)
07/06 12:08:31.469: [amf] INFO: InitialUEMessage [suci-0-999-70-0000-0-0-7663899250] Registration request (../src/amf/ngap-handler.c:401)
07/06 12:08:31.489: [amf] INFO: [imsi-999707663899250] Registration complete (../src/amf/gmm-sm.c:1050)
07/06 12:09:26.031: [amf] INFO: InitialUEMessage [suci-0-999-70-0000-0-0-6351329557] Registration request (../src/amf/ngap-handler.c:401)
07/06 12:09:26.073: [amf] INFO: [imsi-999706351329557] Registration complete (../src/amf/gmm-sm.c:1050)
07/06 12:09:39.383: [amf] INFO: InitialUEMessage [suci-0-999-70-0000-0-0-9359785401] Registration request (../src/amf/ngap-handler.c:401)
07/06 12:09:39.443: [amf] INFO: [imsi-999709359785401] Registration complete (../src/amf/gmm-sm.c:1050)
07/06 12:10:46.843: [amf] INFO: InitialUEMessage [suci-0-999-70-0000-0-0-8385739969] Registration request (../src/amf/ngap-handler.c:401)
07/06 12:10:46.881: [amf] INFO: [imsi-999708385739969] Registration complete (../src/amf/gmm-sm.c:1050)
07/06 12:12:39.570: [amf] INFO: InitialUEMessage [suci-0-999-70-0000-0-0-3060257693] Registration request (../src/amf/ngap-handler.c:401)
07/06 12:12:39.618: [amf] INFO: [imsi-999703060257693] Registration complete (../src/amf/gmm-sm.c:1050)
07/06 12:17:56.772: [amf] INFO: InitialUEMessage [suci-0-999-70-0000-0-0-2449169580] Registration request (../src/amf/ngap-handler.c:401)
07/06 12:17:56.805: [amf] INFO: [imsi-999702449169580] Registration complete (../src/amf/gmm-sm.c:1050)
07/06 12:18:06.527: [amf] INFO: InitialUEMessage [suci-0-999-70-0000-0-0-6291950226] Registration request (../src/amf/ngap-handler.c:401)
07/06 12:18:06.556: [amf] INFO: [imsi-999706291950226] Registration complete (../src/amf/gmm-sm.c:1050)
07/06 12:19:06.704: [amf] INFO: InitialUEMessage [suci-0-999-70-0000-0-0-4450996256] Registration request (../src/amf/ngap-handler.c:401)
07/06 12:19:06.746: [amf] INFO: [imsi-999704450996256] Registration complete (../src/amf/gmm-sm.c:1050)
07/06 12:20:16.131: [amf] INFO: InitialUEMessage [suci-0-999-70-0000-0-0-3067896955] Registration request (../src/amf/ngap-handler.c:401)
07/06 12:20:16.180: [amf] INFO: [imsi-999703067896955] Registration complete (../src/amf/gmm-sm.c:1050)
07/06 12:21:46.174: [amf] INFO: InitialUEMessage [suci-0-999-70-0000-0-0-2097873004] Registration request (../src/amf/ngap-handler.c:401)
07/06 12:21:46.215: [amf] INFO: [imsi-999702097873004] Registration complete (../src/amf/gmm-sm.c:1050)
07/06 12:22:32.601: [amf] INFO: InitialUEMessage [suci-0-999-70-0000-0-0-1095919965] Registration request (../src/amf/ngap-handler.c:401)
07/06 12:22:32.628: [amf] INFO: [imsi-999701095919965] Registration complete (../src/amf/gmm-sm.c:1050)
07/06 12:22:49.930: [amf] INFO: InitialUEMessage [suci-0-999-70-0000-0-0-3593076639] Registration request (../src/amf/ngap-handler.c:401)
07/06 12:22:49.966: [amf] INFO: [imsi-999703593076639] Registration complete (../src/amf/gmm-sm.c:1050)
07/06 12:22:57.360: [amf] INFO: InitialUEMessage [suci-0-999-70-0000-0-0-6187365518] Registration request (../src/amf/ngap-handler.c:401)
07/06 12:22:57.420: [amf] INFO: [imsi-999706187365518] Registration complete (../src/amf/gmm-sm.c:1050)
07/06 12:24:15.614: [amf] INFO: InitialUEMessage [suci-0-999-70-0000-0-0-4628555351] Registration request (../src/amf/ngap-handler.c:401)
07/06 12:24:15.665: [amf] INFO: [imsi-999704628555351] Registration complete (../src/amf/gmm-sm.c:1050)
07/06 12:24:38.100: [amf] INFO: InitialUEMessage [suci-0-999-70-0000-0-0-1526323976] Registration request (../src/amf/ngap-handler.c:401)
07/06 12:24:38.154: [amf] INFO: [imsi-999701526323976] Registration complete (../src/amf/gmm-sm.c:1050)
07/06 12:24:38.303: [amf] WARNING: [imsi-999701526323976] PDU Session Establishment reject [PSI:1 Cause: Network failure] (../src/amf/nsmf-handler.c:520)
07/06 12:24:46.983: [amf] INFO: InitialUEMessage [suci-0-999-70-0000-0-0-2671983659] Registration request (../src/amf/ngap-handler.c:401)
07/06 12:24:47.035: [amf] INFO: [imsi-999702671983659] Registration complete (../src/amf/gmm-sm.c:1050)
07/06 12:24:47.092: [amf] INFO: InitialUEMessage [suci-0-999-70-0000-0-0-5443888637] Registration request (../src/amf/ngap-handler.c:401)
07/06 12:24:47.155: [amf] INFO: [imsi-999705443888637] Registration complete (../src/amf/gmm-sm.c:1050)
07/06 12:26:24.298: [amf] INFO: InitialUEMessage [suci-0-999-70-0000-0-0-1672630639] Registration request (../src/amf/ngap-handler.c:401)
07/06 12:26:24.341: [amf] INFO: [imsi-999701672630639] Registration complete (../src/amf/gmm-sm.c:1050)
07/06 12:26:40.443: [amf] INFO: InitialUEMessage [suci-0-999-70-0000-0-0-2384897139] Registration request (../src/amf/ngap-handler.c:401)
07/06 12:26:40.509: [amf] INFO: [imsi-999702384897139] Registration complete (../src/amf/gmm-sm.c:1050)
07/06 12:26:40.568: [amf] WARNING: [imsi-999702384897139] PDU Session Establishment reject [PSI:1 Cause: Network failure] (../src/amf/nsmf-handler.c:520)
07/06 12:27:42.428: [amf] INFO: InitialUEMessage [suci-0-999-70-0000-0-0-3242842459] Registration request (../src/amf/ngap-handler.c:401)
07/06 12:27:42.459: [amf] INFO: [imsi-999703242842459] Registration complete (../src/amf/gmm-sm.c:1050)
07/06 12:28:59.219: [amf] INFO: InitialUEMessage [suci-0-999-70-0000-0-0-9811003520] Registration request (../src/amf/ngap-handler.c:401)
07/06 12:28:59.281: [amf] INFO: [imsi-999709811003520] Registration complete (../src/amf/gmm-sm.c:1050)
07/06 12:29:10.617: [amf] INFO: InitialUEMessage [suci-0-999-70-0000-0-0-6976687981] Registration request (../src/amf/ngap-handler.c:401)
07/06 12:29:10.646: [amf] INFO: [imsi-999706976687981] Registration complete (../src/amf/gmm-sm.c:1050)
07/06 12:29:12.480: [amf] INFO: InitialUEMessage [suci-0-999-70-0000-0-0-1282726681] Registration request (../src/amf/ngap-handler.c:401)
07/06 12:29:12.530: [amf] INFO: [imsi-999701282726681] Registration complete (../src/amf/gmm-sm.c:1050)
07/06 12:30:35.508: [amf] INFO: InitialUEMessage [suci-0-999-70-0000-0-0-5938970374] Registration request (../src/amf/ngap-handler.c:401)
07/06 12:30:35.566: [amf] INFO: [imsi-999705938970374] Registration complete (../src/amf/gmm-sm.c:1050)
07/06 12:31:29.996: [amf] INFO: InitialUEMessage [suci-0-999-70-0000-0-0-2395622625] Registration request (../src/amf/ngap-handler.c:401)
07/06 12:31:30.029: [amf] INFO: [imsi-999702395622625] Registration complete (../src/amf/gmm-sm.c:1050)
07/06 12:32:45.813: [amf] INFO: InitialUEMessage [suci-0-999-70-0000-0-0-0083789489] Registration request (../src/amf/ngap-handler.c:401)
07/06 12:32:45.865: [amf] INFO: [imsi-999700083789489] Registration complete (../src/amf/gmm-sm.c:1050)
07/06 12:33:39.104: [amf] INFO: InitialUEMessage [suci-0-999-70-0000-0-0-3693913666] Registration request (../src/amf/ngap-handler.c:401)
07/06 12:33:39.159: [amf] INFO: [imsi-999703693913666] Registration complete (../src/amf/gmm-sm.c:1050)
07/06 12:33:40.530: [amf] INFO: InitialUEMessage [suci-0-999-70-0000-0-0-8164494987] Registration request (../src/amf/ngap-handler.c:401)
07/06 12:33:40.572: [amf] INFO: [imsi-999708164494987] Registration complete (../src/amf/gmm-sm.c:1050)
07/06 12:33:53.622: [amf] INFO: InitialUEMessage [suci-0-999-70-0000-0-0-2921150315] Registration request (../src/amf/ngap-handler.c:401)
07/06 12:33:53.646: [amf] INFO: [imsi-999702921150315] Registration complete (../src/amf/gmm-sm.c:1050)
07/06 12:34:13.671: [amf] INFO: InitialUEMessage [suci-0-999-70-0000-0-0-3998692006] Registration request (../src/amf/ngap-handler.c:401)
07/06 12:34:13.726: [amf] INFO: [imsi-999703998692006] Registration complete (../src/amf/gmm-sm.c:1050)
07/06 12:34:16.641: [amf] INFO: InitialUEMessage [suci-0-999-70-0000-0-0-9726430233] Registration request (../src/amf/ngap-handler.c:401)
07/06 12:34:16.683: [amf] INFO: [imsi-999709726430233] Registration complete (../src/amf/gmm-sm.c:1050)
07/06 12:34:28.005: [amf] INFO: InitialUEMessage [suci-0-999-70-0000-0-0-5275561343] Registration request (../src/amf/ngap-handler.c:401)
07/06 12:34:28.059: [amf] INFO: [imsi-999705275561343] Registration complete (../src/amf/gmm-sm.c:1050)
07/06 12:34:59.609: [amf] INFO: InitialUEMessage [suci-0-999-70-0000-0-0-1266642217] Registration request (../src/amf/ngap-handler.c:401)
07/06 12:34:59.639: [amf] INFO: [imsi-999701266642217] Registration complete (../src/amf/gmm-sm.c:1050)
07/06 12:35:11.761: [amf] INFO: InitialUEMessage [suci-0-999-70-0000-0-0-4427143137] Registration request (../src/amf/ngap-handler.c:401)
07/06 12:35:11.787: [amf] INFO: [imsi-999704427143137] Registration complete (../src/amf/gmm-sm.c:1050)
07/06 12:37:01.058: [amf] INFO: InitialUEMessage [suci-0-999-70-0000-0-0-3616687532] Registration request (../src/amf/ngap-handler.c:401)
07/06 12:37:01.107: [amf] INFO: [imsi-999703616687532] Registration complete (../src/amf/gmm-sm.c:1050)
07/06 12:38:39.400: [amf] INFO: InitialUEMessage [suci-0-999-70-0000-0-0-2787492849] Registration request (../src/amf/ngap-handler.c:401)
07/06 12:38:39.461: [amf] INFO: [imsi-999702787492849] Registration complete (../src/amf/gmm-sm.c:1050)
07/06 12:40:08.588: [amf] INFO: InitialUEMessage [suci-0-999-70-0000-0-0-4569113854] Registration request (../src/amf/ngap-handler.c:401)
07/06 12:40:08.640: [amf] INFO: [imsi-999704569113854] Registration complete (../src/amf/gmm-sm.c:1050)
07/06 12:40:08.748: [amf] INFO: InitialUEMessage [suci-0-999-70-0000-0-0-4650245792] Registration request (../src/amf/ngap-handler.c:401)
07/06 12:40:08.791: [amf] INFO: [imsi-999704650245792] Registration complete (../src/amf/gmm-sm.c:1050)
07/06 12:42:17.045: [amf] INFO: InitialUEMessage [suci-0-999-70-0000-0-0-7543864504] Registration request (../src/amf/ngap-handler.c:401)
07/06 12:42:17.077: [amf] INFO: [imsi-999707543864504] Registration complete (../src/amf/gmm-sm.c:1050)
07/06 12:42:43.844: [amf] INFO: InitialUEMessage [suci-0-999-70-0000-0-0-2533445604] Registration request (../src/amf/ngap-handler.c:401)
07/06 12:42:43.885: [amf] INFO: [imsi-999702533445604] Registration complete (../src/amf/gmm-sm.c:1050)
07/06 12:43:31.374: [amf] INFO: InitialUEMessage [suci-0-999-70-0000-0-0-0783806325] Registration request (../src/amf/ngap-handler.c:401)
07/06 12:43:31.403: [amf] INFO: [imsi-999700783806325] Registration complete (../src/amf/gmm-sm.c:1050)
07/06 12:44:36.556: [amf] INFO: InitialUEMessage [suci-0-999-70-0000-0-0-7813643083] Registration request (../src/amf/ngap-handler.c:401)
07/06 12:44:36.605: [amf] INFO: [imsi-999707813643083] Registration complete (../src/amf/gmm-sm.c:1050)
07/06 12:44:38.900: [amf] INFO: InitialUEMessage [suci-0-999-70-0000-0-0-3537435011] Registration request (../src/amf/ngap-handler.c:401)
07/06 12:44:38.945: [amf] INFO: [imsi-999703537435011] Registration complete (../src/amf/gmm-sm.c:1050)
07/06 12:45:16.997: [amf] INFO: InitialUEMessage [suci-0-999-70-0000-0-0-2705877488] Registration request (../src/amf/ngap-handler.c:401)
07/06 12:45:17.060: [amf] INFO: [imsi-999702705877488] Registration complete (../src/amf/gmm-sm.c:1050)
07/06 12:45:25.585: [amf] INFO: InitialUEMessage [suci-0-999-70-0000-0-0-5870590293] Registration request (../src/amf/ngap-handler.c:401)
07/06 12:45:25.609: [amf] INFO: [imsi-999705870590293] Registration complete (../src/amf/gmm-sm.c:1050)
07/06 12:45:41.647: [amf] INFO: InitialUEMessage [suci-0-999-70-0000-0-0-6561259432] Registration request (../src/amf/ngap-handler.c:401)
07/06 12:45:41.668: [amf] INFO: [imsi-999706561259432] Registration complete (../src/amf/gmm-sm.c:1050)
07/06 12:45:56.283: [amf] INFO: InitialUEMessage [suci-0-999-70-0000-0-0-4992672299] Registration request (../src/amf/ngap-handler.c:401)
07/06 12:45:56.339: [amf] INFO: [imsi-999704992672299] Registration complete (../src/amf/gmm-sm.c:1050)
07/06 12:46:30.864: [amf] INFO: InitialUEMessage [suci-0-999-70-0000-0-0-1824398713] Registration request (../src/amf/ngap-handler.c:401)
07/06 12:46:30.902: [amf] INFO: [imsi-999701824398713] Registration complete (../src/amf/gmm-sm.c:1050)
07/06 12:47:46.021: [amf] INFO: InitialUEMessage [suci-0-999-70-0000-0-0-1759028360] Registration request (../src/amf/ngap-handler.c:401)
07/06 12:47:46.052: [amf] INFO: [imsi-999701759028360] Registration complete (../src/amf/gmm-sm.c:1050)
07/06 12:48:12.069: [amf] INFO: InitialUEMessage [suci-0-999-70-0000-0-0-5662049665] Registration request (../src/amf/ngap-handler.c:401)
07/06 12:48:12.099: [amf] INFO: [imsi-999705662049665] Registration complete (../src/amf/gmm-sm.c:1050)
07/06 12:48:20.185: [amf] INFO: InitialUEMessage [suci-0-999-70-0000-0-0-6088539083] Registration request (../src/amf/ngap-handler.c:401)
07/06 12:48:20.228: [amf] INFO: [imsi-999706088539083] Registration complete (../src/amf/gmm-sm.c:1050)
07/06 12:50:30.201: [amf] INFO: InitialUEMessage [suci-0-999-70-0000-0-0-0868272323] Registration request (../src/amf/ngap-handler.c:401)
07/06 12:50:30.241: [amf] INFO: [imsi-999700868272323] Registration complete (../src/amf/gmm-sm.c:1050)
07/06 12:51:12.534: [amf] INFO: InitialUEMessage [suci-0-999-70-0000-0-0-3823998416] Registration request (../src/amf/ngap-handler.c:401)
07/06 12:51:12.562: [amf] INFO: [imsi-999703823998416] Registration complete (../src/amf/gmm-sm.c:1050)
07/06 12:51:14.269: [amf] INFO: InitialUEMessage [suci-0-999-70-0000-0-0-3362556207] Registration request (../src/amf/ngap-handler.c:401)
07/06 12:51:14.315: [amf] INFO: [imsi-999703362556207] Registration complete (../src/amf/gmm-sm.c:1050)
07/06 12:52:23.946: [amf] INFO: InitialUEMessage [suci-0-999-70-0000-0-0-9426522028] Registration request (../src/amf/ngap-handler.c:401)
07/06 12:52:23.991: [amf] INFO: [imsi-999709426522028] Registration complete (../src/amf/gmm-sm.c:1050)
07/06 12:53:40.456: [amf] INFO: InitialUEMessage [suci-0-999-70-0000-0-0-9508498403] Registration request (../src/amf/ngap-handler.c:401)
07/06 12:53:40.493: [amf] INFO: [imsi-999709508498403] Registration complete (../src/amf/gmm-sm.c:1050)
07/06 12:55:35.529: [amf] INFO: InitialUEMessage [suci-0-999-70-0000-0-0-7394453145] Registration request (../src/amf/ngap-handler.c:401)
07/06 12:55:35.570: [amf] INFO: [imsi-999707394453145] Registration complete (../src/amf/gmm-sm.c:1050)
07/06 12:55:50.063: [amf] INFO: InitialUEMessage [suci-0-999-70-0000-0-0-3507953939] Registration request (../src/amf/ngap-handler.c:401)
07/06 12:55:50.102: [amf] WARNING: [imsi-999703507953939] Registration reject (../src/amf/gmm-handler.c:230)
07/06 12:56:38.372: [amf] INFO: InitialUEMessage [suci-0-999-70-0000-0-0-3657472729] Registration request (../src/amf/ngap-handler.c:401)
07/06 12:56:38.434: [amf] INFO: [imsi-999703657472729] Registration complete (../src/amf/gmm-sm.c:1050)
07/06 12:57:02.690: [amf] INFO: InitialUEMessage [suci-0-999-70-0000-0-0-5778497174] Registration request (../src/amf/ngap-handler.c:401)
07/06 12:57:02.718: [amf] INFO: [imsi-999705778497174] Registration complete (../src/amf/gmm-sm.c:1050)
07/06 12:57:04.982: [amf] INFO: InitialUEMessage [suci-0-999-70-0000-0-0-3007786562] Registration request (../src/amf/ngap-handler.c:401)
07/06 12:57:05.025: [amf] INFO: [imsi-999703007786562] Registration complete (../src/amf/gmm-sm.c:1050)
07/06 12:57:16.097: [amf] INFO: InitialUEMessage [suci-0-999-70-0000-0-0-6269555101] Registration request (../src/amf/ngap-handler.c:401)
07/06 12:57:16.140: [amf] INFO: [imsi-999706269555101] Registration complete (../src/amf/gmm-sm.c:1050)
07/06 12:57:29.339: [amf] INFO: InitialUEMessage [suci-0-999-70-0000-0-0-0836622465] Registration request (../src/amf/ngap-handler.c:401)
07/06 12:57:29.385: [amf] INFO: [imsi-999700836622465] Registration complete (../src/amf/gmm-sm.c:1050)
07/06 12:58:07.296: [amf] INFO: InitialUEMessage [suci-0-999-70-0000-0-0-5070531827] Registration request (../src/amf/ngap-handler.c:401)
07/06 12:58:07.333: [amf] INFO: [imsi-999705070531827] Registration complete (../src/amf/gmm-sm.c:1050)
07/06 12:58:11.086: [amf] INFO: InitialUEMessage [suci-0-999-70-0000-0-0-4313742930] Registration request (../src/amf/ngap-handler.c:401)
07/06 12:58:11.135: [amf] INFO: [imsi-999704313742930] Registration complete (../src/amf/gmm-sm.c:1050)
07/06 12:59:03.792: [amf] INFO: InitialUEMessage [suci-0-999-70-0000-0-0-9091125277] Registration request (../src/amf/ngap-handler.c:401)
07/06 12:59:03.842: [amf] INFO: [imsi-999709091125277] Registration complete (../src/amf/gmm-sm.c:1050)
07/06 13:00:18.225: [amf] INFO: InitialUEMessage [suci-0-999-70-0000-0-0-7656170399] Registration request (../src/amf/ngap-handler.c:401)
07/06 13:00:18.270: [amf] INFO: [imsi-999707656170399] Registration complete (../src/amf/gmm-sm.c:1050)
07/06 13:02:00.507: [amf] INFO: InitialUEMessage [suci-0-999-70-0000-0-0-8322439449] Registration request (../src/amf/ngap-handler.c:401)
07/06 13:02:00.529: [amf] INFO: [imsi-999708322439449] Registration complete (../src/amf/gmm-sm.c:1050)
07/06 13:03:03.847: [amf] INFO: InitialUEMessage [suci-0-999-70-0000-0-0-1958469626] Registration request (../src/amf/ngap-handler.c:401)
07/06 13:03:03.874: [amf] INFO: [imsi-999701958469626] Registration complete (../src/amf/gmm-sm.c:1050)
07/06 13:04:17.994: [amf] INFO: InitialUEMessage [suci-0-999-70-0000-0-0-2623101345] Registration request (../src/amf/ngap-handler.c:401)
07/06 13:04:18.034: [amf] INFO: [imsi-999702623101345] Registration complete (../src/amf/gmm-sm.c:1050)
07/06 13:04:18.941: [amf] INFO: InitialUEMessage [suci-0-999-70-0000-0-0-4127315656] Registration request (../src/amf/ngap-handler.c:401)
07/06 13:04:18.993: [amf] INFO: [imsi-999704127315656] Registration complete (../src/amf/gmm-sm.c:1050)
07/06 13:04:31.600: [amf] INFO: InitialUEMessage [suci-0-999-70-0000-0-0-4242503071] Registration request (../src/amf/ngap-handler.c:401)
07/06 13:04:31.641: [amf] INFO: [imsi-999704242503071] Registration complete (../src/amf/gmm-sm.c:1050)
07/06 13:05:32.434: [amf] INFO: InitialUEMessage [suci-0-999-70-0000-0-0-4343720868] Registration request (../src/amf/ngap-handler.c:401)
07/06 13:05:32.488: [amf] INFO: [imsi-999704343720868] Registration complete (../src/amf/gmm-sm.c:1050)
07/06 13:07:08.046: [amf] INFO: InitialUEMessage [suci-0-999-70-0000-0-0-9949984325] Registration request (../src/amf/ngap-handler.c:401)
07/06 13:07:08.097: [amf] INFO: [imsi-999709949984325] Registration complete (../src/amf/gmm-sm.c:1050)
07/06 13:07:08.295: [amf] INFO: InitialUEMessage [suci-0-999-70-0000-0-0-0844245330] Registration request (../src/amf/ngap-handler.c:401)
07/06 13:07:08.339: [amf] INFO: [imsi-999700844245330] Registration complete (../src/amf/gmm-sm.c:1050)
07/06 13:07:09.475: [amf] INFO: InitialUEMessage [suci-0-999-70-0000-0-0-9821160634] Registration request (../src/amf/ngap-handler.c:401)
07/06 13:07:09.531: [amf] INFO: [imsi-999709821160634] Registration complete (../src/amf/gmm-sm.c:1050)
07/06 13:07:42.119: [amf] INFO: InitialUEMessage [suci-0-999-70-0000-0-0-6761150690] Registration request (../src/amf/ngap-handler.c:401)
07/06 13:07:42.152: [amf] INFO: [imsi-999706761150690] Registration complete (../src/amf/gmm-sm.c:1050)
07/06 13:07:42.500: [amf] INFO: InitialUEMessage [suci-0-999-70-0000-0-0-4453818715] Registration request (../src/amf/ngap-handler.c:401)
07/06 13:07:42.536: [amf] INFO: [imsi-999704453818715] Registration complete (../src/amf/gmm-sm.c:1050)
07/06 13:08:02.517: [amf] INFO: InitialUEMessage [suci-0-999-70-0000-0-0-0748662395] Registration request (../src/amf/ngap-handler.c:401)
07/06 13:08:02.549: [amf] INFO: [imsi-999700748662395] Registration complete (../src/amf/gmm-sm.c:1050)
07/06 13:09:12.241: [amf] INFO: InitialUEMessage [suci-0-999-70-0000-0-0-6354514098] Registration request (../src/amf/ngap-handler.c:401)
07/06 13:09:12.283: [amf] INFO: [imsi-999706354514098] Registration complete (../src/amf/gmm-sm.c:1050)
07/06 13:09:50.645: [amf] INFO: InitialUEMessage [suci-0-999-70-0000-0-0-3040531402] Registration request (../src/amf/ngap-handler.c:401)
07/06 13:09:50.708: [amf] INFO: [imsi-999703040531402] Registration complete (../src/amf/gmm-sm.c:1050)
07/06 13:11:40.029: [amf] INFO: InitialUEMessage [suci-0-999-70-0000-0-0-4622788427] Registration request (../src/amf/ngap-handler.c:401)
07/06 13:11:40.075: [amf] INFO: [imsi-999704622788427] Registration complete (../src/amf/gmm-sm.c:1050)
07/06 13:11:55.897: [amf] INFO: InitialUEMessage [suci-0-999-70-0000-0-0-8226199786] Registration request (../src/amf/ngap-handler.c:401)
07/06 13:11:55.951: [amf] INFO: [imsi-999708226199786] Registration complete (../src/amf/gmm-sm.c:1050)
07/06 13:14:07.935: [amf] INFO: InitialUEMessage [suci-0-999-70-0000-0-0-4548497894] Registration request (../src/amf/ngap-handler.c:401)
07/06 13:14:07.968: [amf] INFO: [imsi-999704548497894] Registration complete (../src/amf/gmm-sm.c:1050)
07/06 13:14:08.320: [amf] INFO: InitialUEMessage [suci-0-999-70-0000-0-0-0705114926] Registration request (../src/amf/ngap-handler.c:401)
07/06 13:14:08.354: [amf] INFO: [imsi-999700705114926] Registration complete (../src/amf/gmm-sm.c:1050)
07/06 13:15:13.649: [amf] INFO: InitialUEMessage [suci-0-999-70-0000-0-0-2282377274] Registration request (../src/amf/ngap-handler.c:401)
07/06 13:15:13.679: [amf] INFO: [imsi-999702282377274] Registration complete (../src/amf/gmm-sm.c:1050)
07/06 13:15:23.985: [amf] INFO: InitialUEMessage [suci-0-999-70-0000-0-0-3647140656] Registration request (../src/amf/ngap-handler.c:401)
07/06 13:15:24.032: [amf] INFO: [imsi-999703647140656] Registration complete (../src/amf/gmm-sm.c:1050)
07/06 13:16:23.039: [amf] INFO: InitialUEMessage [suci-0-999-70-0000-0-0-8855666444] Registration request (../src/amf/ngap-handler.c:401)
07/06 13:16:23.101: [amf] INFO: [imsi-999708855666444] Registration complete (../src/amf/gmm-sm.c:1050)
07/06 13:16:52.070: [amf] INFO: InitialUEMessage [suci-0-999-70-0000-0-0-8506297984] Registration request (../src/amf/ngap-handler.c:401)
07/06 13:16:52.119: [amf] INFO: [imsi-999708506297984] Registration complete (../src/amf/gmm-sm.c:1050)
07/06 13:17:04.274: [amf] INFO: InitialUEMessage [suci-0-999-70-0000-0-0-4616310955] Registration request (../src/amf/ngap-handler.c:401)
07/06 13:17:04.319: [amf] INFO: [imsi-999704616310955] Registration complete (../src/amf/gmm-sm.c:1050)
07/06 13:17:19.323: [amf] INFO: InitialUEMessage [suci-0-999-70-0000-0-0-4349425527] Registration request (../src/amf/ngap-handler.c:401)
07/06 13:17:19.372: [amf] INFO: [imsi-999704349425527] Registration complete (../src/amf/gmm-sm.c:1050)
07/06 13:19:07.507: [amf] INFO: InitialUEMessage [suci-0-999-70-0000-0-0-6894221517] Registration request (../src/amf/ngap-handler.c:401)
07/06 13:19:07.566: [amf] INFO: [imsi-999706894221517] Registration complete (../src/amf/gmm-sm.c:1050)
07/06 13:19:20.071: [amf] INFO: InitialUEMessage [suci-0-999-70-0000-0-0-3393524126] Registration request (../src/amf/ngap-handler.c:401)
07/06 13:19:20.103: [amf] INFO: [imsi-999703393524126] Registration complete (../src/amf/gmm-sm.c:1050)
07/06 13:19:27.134: [amf] INFO: InitialUEMessage [suci-0-999-70-0000-0-0-4955322057] Registration request (../src/amf/ngap-handler.c:401)
07/06 13:19:27.192: [amf] INFO: [imsi-999704955322057] Registration complete (../src/amf/gmm-sm.c:1050)
07/06 13:19:36.473: [amf] INFO: InitialUEMessage [suci-0-999-70-0000-0-0-2785756962] Registration request (../src/amf/ngap-handler.c:401)
07/06 13:19:36.529: [amf] INFO: [imsi-999702785756962] Registration complete (../src/amf/gmm-sm.c:1050)
07/06 13:20:13.291: [amf] INFO: InitialUEMessage [suci-0-999-70-0000-0-0-3488399953] Registration request (../src/amf/ngap-handler.c:401)
07/06 13:20:13.326: [amf] INFO: [imsi-999703488399953] Registration complete (../src/amf/gmm-sm.c:1050)
07/06 13:22:00.823: [amf] INFO: InitialUEMessage [suci-0-999-70-0000-0-0-6818871600] Registration request (../src/amf/ngap-handler.c:401)
07/06 13:22:00.864: [amf] INFO: [imsi-999706818871600] Registration complete (../src/amf/gmm-sm.c:1050)
07/06 13:24:26.117: [amf] INFO: InitialUEMessage [suci-0-999-70-0000-0-0-7632044688] Registration request (../src/amf/ngap-handler.c:401)
07/06 13:24:26.176: [amf] INFO: [imsi-999707632044688] Registration complete (../src/amf/gmm-sm.c:1050)
07/06 13:24:35.537: [amf] INFO: InitialUEMessage [suci-0-999-70-0000-0-0-7798292010] Registration request (../src/amf/ngap-handler.c:401)
07/06 13:24:35.588: [amf] INFO: [imsi-999707798292010] Registration complete (../src/amf/gmm-sm.c:1050)
07/06 13:24:40.580: [amf] INFO: InitialUEMessage [suci-0-999-70-0000-0-0-8807481946] Registration request (../src/amf/ngap-handler.c:401)
07/06 13:24:40.634: [amf] INFO: [imsi-999708807481946] Registration complete (../src/amf/gmm-sm.c:1050)
07/06 13:24:40.809: [amf] WARNING: [imsi-999708807481946] PDU Session Establishment reject [PSI:1 Cause: Network failure] (../src/amf/nsmf-handler.c:520)
07/06 13:25:43.234: [amf] INFO: InitialUEMessage [suci-0-999-70-0000-0-0-6759987925] Registration request (../src/amf/ngap-handler.c:401)
07/06 13:25:43.290: [amf] INFO: [imsi-999706759987925] Registration complete (../src/amf/gmm-sm.c:1050)
07/06 13:28:10.711: [amf] INFO: InitialUEMessage [suci-0-999-70-0000-0-0-5990234477] Registration request (../src/amf/ngap-handler.c:401)
07/06 13:28:10.743: [amf] INFO: [imsi-999705990234477] Registration complete (../src/amf/gmm-sm.c:1050)
07/06 13:28:33.694: [amf] INFO: InitialUEMessage [suci-0-999-70-0000-0-0-0240892614] Registration request (../src/amf/ngap-handler.c:401)
07/06 13:28:33.730: [amf] INFO: [imsi-999700240892614] Registration complete (../src/amf/gmm-sm.c:1050)
07/06 13:29:15.324: [amf] INFO: InitialUEMessage [suci-0-999-70-0000-0-0-4706969802] Registration request (../src/amf/ngap-handler.c:401)
07/06 13:29:15.391: [amf] INFO: [imsi-999704706969802] Registration complete (../src/amf/gmm-sm.c:1050)
07/06 13:30:41.709: [amf] INFO: InitialUEMessage [suci-0-999-70-0000-0-0-4196841585] Registration request (../src/amf/ngap-handler.c:401)
07/06 13:30:41.772: [amf] INFO: [imsi-999704196841585] Registration complete (../src/amf/gmm-sm.c:1050)
07/06 13:30:41.845: [amf] WARNING: [imsi-999704196841585] PDU Session Establishment reject [PSI:1 Cause: Network failure] (../src/amf/nsmf-handler.c:520)
07/06 13:31:07.643: [amf] INFO: InitialUEMessage [suci-0-999-70-0000-0-0-6748438254] Registration request (../src/amf/ngap-handler.c:401)
07/06 13:31:07.685: [amf] INFO: [imsi-999706748438254] Registration complete (../src/amf/gmm-sm.c:1050)
07/06 13:31:41.996: [amf] INFO: InitialUEMessage [suci-0-999-70-0000-0-0-6569395258] Registration request (../src/amf/ngap-handler.c:401)
07/06 13:31:42.037: [amf] INFO: [imsi-999706569395258] Registration complete (../src/amf/gmm-sm.c:1050)
07/06 13:31:42.208: [amf] WARNING: [imsi-999706569395258] PDU Session Establishment reject [PSI:1 Cause: Network failure] (../src/amf/nsmf-handler.c:520)
07/06 13:31:52.542: [amf] INFO: InitialUEMessage [suci-0-999-70-0000-0-0-8885118026] Registration request (../src/amf/ngap-handler.c:401)
07/06 13:31:52.595: [amf] INFO: [imsi-999708885118026] Registration complete (../src/amf/gmm-sm.c:1050)
07/06 13:31:56.042: [amf] INFO: InitialUEMessage [suci-0-999-70-0000-0-0-9089776656] Registration request (../src/amf/ngap-handler.c:401)
07/06 13:31:56.088: [amf] INFO: [imsi-999709089776656] Registration complete (../src/amf/gmm-sm.c:1050)
07/06 13:31:56.249: [amf] WARNING: [imsi-999709089776656] PDU Session Establishment reject [PSI:1 Cause: Network failure] (../src/amf/nsmf-handler.c:520)
07/06 13:32:34.374: [amf] INFO: InitialUEMessage [suci-0-999-70-0000-0-0-3536734013] Registration request (../src/amf/ngap-handler.c:401)
07/06 13:32:34.417: [amf] INFO: [imsi-999703536734013] Registration complete (../src/amf/gmm-sm.c:1050)
07/06 13:32:34.582: [amf] WARNING: [imsi-999703536734013] PDU Session Establishment reject [PSI:1 Cause: Network failure] (../src/amf/nsmf-handler.c:520)
07/06 13:32:37.924: [amf] INFO: InitialUEMessage [suci-0-999-70-0000-0-0-9631017860] Registration request (../src/amf/ngap-handler.c:401)
07/06 13:32:37.982: [amf] INFO: [imsi-999709631017860] Registration complete (../src/amf/gmm-sm.c:1050)
07/06 13:32:56.367: [amf] INFO: InitialUEMessage [suci-0-999-70-0000-0-0-0131890290] Registration request (../src/amf/ngap-handler.c:401)
07/06 13:32:56.427: [amf] INFO: [imsi-999700131890290] Registration complete (../src/amf/gmm-sm.c:1050)
07/06 13:34:20.145: [amf] INFO: InitialUEMessage [suci-0-999-70-0000-0-0-9041930634] Registration request (../src/amf/ngap-handler.c:401)
07/06 13:34:20.184: [amf] INFO: [imsi-999709041930634] Registration complete (../src/amf/gmm-sm.c:1050)
07/06 13:34:20.638: [amf] INFO: InitialUEMessage [suci-0-999-70-0000-0-0-6026147676] Registration request (../src/amf/ngap-handler.c:401)
07/06 13:34:20.679: [amf] INFO: [imsi-999706026147676] Registration complete (../src/amf/gmm-sm.c:1050)
07/06 13:34:22.465: [amf] INFO: InitialUEMessage [suci-0-999-70-0000-0-0-8395177947] Registration request (../src/amf/ngap-handler.c:401)
07/06 13:34:22.515: [amf] INFO: [imsi-999708395177947] Registration complete (../src/amf/gmm-sm.c:1050)
07/06 13:34:22.641: [amf] WARNING: [imsi-999708395177947] PDU Session Establishment reject [PSI:1 Cause: Network failure] (../src/amf/nsmf-handler.c:520)
07/06 13:34:28.985: [amf] INFO: InitialUEMessage [suci-0-999-70-0000-0-0-5863544450] Registration request (../src/amf/ngap-handler.c:401)
07/06 13:34:29.036: [amf] INFO: [imsi-999705863544450] Registration complete (../src/amf/gmm-sm.c:1050)
07/06 13:34:29.186: [amf] WARNING: [imsi-999705863544450] PDU Session Establishment reject [PSI:1 Cause: Network failure] (../src/amf/nsmf-handler.c:520)
07/06 13:34:40.106: [amf] INFO: InitialUEMessage [suci-0-999-70-0000-0-0-6726636655] Registration request (../src/amf/ngap-handler.c:401)
07/06 13:34:40.168: [amf] INFO: [imsi-999706726636655] Registration complete (../src/amf/gmm-sm.c:1050)
07/06 13:36:08.567: [amf] INFO: InitialUEMessage [suci-0-999-70-0000-0-0-3161381039] Registration request (../src/amf/ngap-handler.c:401)
07/06 13:36:08.602: [amf] INFO: [imsi-999703161381039] Registration complete (../src/amf/gmm-sm.c:1050)
07/06 13:36:08.772: [amf] WARNING: [imsi-999703161381039] PDU Session Establishment reject [PSI:1 Cause: Network failure] (../src/amf/nsmf-handler.c:520)
07/06 13:36:19.225: [amf] INFO: InitialUEMessage [suci-0-999-70-0000-0-0-4931047209] Registration request (../src/amf/ngap-handler.c:401)
07/06 13:36:19.284: [amf] INFO: [imsi-999704931047209] Registration complete (../src/amf/gmm-sm.c:1050)
07/06 13:36:48.458: [amf] INFO: InitialUEMessage [suci-0-999-70-0000-0-0-0980738519] Registration request (../src/amf/ngap-handler.c:401)
07/06 13:36:48.514: [amf] INFO: [imsi-999700980738519] Registration complete (../src/amf/gmm-sm.c:1050)
07/06 13:36:56.783: [amf] INFO: InitialUEMessage [suci-0-999-70-0000-0-0-8408425213] Registration request (../src/amf/ngap-handler.c:401)
07/06 13:36:56.833: [amf] INFO: [imsi-999708408425213] Registration complete (../src/amf/gmm-sm.c:1050)
07/06 13:36:59.593: [amf] INFO: InitialUEMessage [suci-0-999-70-0000-0-0-7595326115] Registration request (../src/amf/ngap-handler.c:401)
07/06 13:36:59.643: [amf] INFO: [imsi-999707595326115] Registration complete (../src/amf/gmm-sm.c:1050)
07/06 13:37:37.958: [amf] INFO: InitialUEMessage [suci-0-999-70-0000-0-0-3632910155] Registration request (../src/amf/ngap-handler.c:401)
07/06 13:37:38.021: [amf] INFO: [imsi-999703632910155] Registration complete (../src/amf/gmm-sm.c:1050)
07/06 13:37:38.080: [amf] WARNING: [imsi-999703632910155] PDU Session Establishment reject [PSI:1 Cause: Network failure] (../src/amf/nsmf-handler.c:520)
07/06 13:38:48.390: [amf] INFO: InitialUEMessage [suci-0-999-70-0000-0-0-8227034812] Registration request (../src/amf/ngap-handler.c:401)
07/06 13:38:48.413: [amf] INFO: [imsi-999708227034812] Registration complete (../src/amf/gmm-sm.c:1050)
07/06 13:39:01.029: [amf] INFO: InitialUEMessage [suci-0-999-70-0000-0-0-3265913972] Registration request (../src/amf/ngap-handler.c:401)
07/06 13:39:01.086: [amf] INFO: [imsi-999703265913972] Registration complete (../src/amf/gmm-sm.c:1050)
07/06 13:39:28.624: [amf] INFO: InitialUEMessage [suci-0-999-70-0000-0-0-7488633506] Registration request (../src/amf/ngap-handler.c:401)
07/06 13:39:28.665: [amf] INFO: [imsi-999707488633506] Registration complete (../src/amf/gmm-sm.c:1050)
07/06 13:39:44.794: [amf] INFO: InitialUEMessage [suci-0-999-70-0000-0-0-9878984883] Registration request (../src/amf/ngap-handler.c:401)
07/06 13:39:44.847: [amf] INFO: [imsi-999709878984883] Registration complete (../src/amf/gmm-sm.c:1050)
07/06 13:40:31.213: [amf] INFO: InitialUEMessage [suci-0-999-70-0000-0-0-3836958712] Registration request (../src/amf/ngap-handler.c:401)
07/06 13:40:31.255: [amf] INFO: [imsi-999703836958712] Registration complete (../src/amf/gmm-sm.c:1050)
07/06 13:40:31.419: [amf] WARNING: [imsi-999703836958712] PDU Session Establishment reject [PSI:1 Cause: Network failure] (../src/amf/nsmf-handler.c:520)
07/06 13:43:45.854: [amf] INFO: InitialUEMessage [suci-0-999-70-0000-0-0-9462452010] Registration request (../src/amf/ngap-handler.c:401)
07/06 13:43:45.905: [amf] INFO: [imsi-999709462452010] Registration complete (../src/amf/gmm-sm.c:1050)
07/06 13:43:46.578: [amf] INFO: InitialUEMessage [suci-0-999-70-0000-0-0-2253126209] Registration request (../src/amf/ngap-handler.c:401)
07/06 13:43:46.633: [amf] INFO: [imsi-999702253126209] Registration complete (../src/amf/gmm-sm.c:1050)
07/06 13:45:37.694: [amf] INFO: InitialUEMessage [suci-0-999-70-0000-0-0-3576713874] Registration request (../src/amf/ngap-handler.c:401)
07/06 13:45:37.732: [amf] INFO: [imsi-999703576713874] Registration complete (../src/amf/gmm-sm.c:1050)
07/06 13:45:37.876: [amf] WARNING: [imsi-999703576713874] PDU Session Establishment reject [PSI:1 Cause: Network failure] (../src/amf/nsmf-handler.c:520)
07/06 13:47:49.876: [amf] INFO: InitialUEMessage [suci-0-999-70-0000-0-0-2297480640] Registration request (../src/amf/ngap-handler.c:401)
07/06 13:47:49.925: [amf] INFO: [imsi-999702297480640] Registration complete (../src/amf/gmm-sm.c:1050)
07/06 13:48:28.156: [amf] INFO: InitialUEMessage [suci-0-999-70-0000-0-0-3565567195] Registration request (../src/amf/ngap-handler.c:401)
07/06 13:48:28.199: [amf] INFO: [imsi-999703565567195] Registration complete (../src/amf/gmm-sm.c:1050)
07/06 13:49:01.035: [amf] INFO: InitialUEMessage [suci-0-999-70-0000-0-0-1338715859] Registration request (../src/amf/ngap-handler.c:401)
07/06 13:49:01.066: [amf] INFO: [imsi-999701338715859] Registration complete (../src/amf/gmm-sm.c:1050)
07/06 13:49:34.965: [amf] INFO: InitialUEMessage [suci-0-999-70-0000-0-0-9744711454] Registration request (../src/amf/ngap-handler.c:401)
07/06 13:49:35.001: [amf] INFO: [imsi-999709744711454] Registration complete (../src/amf/gmm-sm.c:1050)
07/06 13:49:35.170: [amf] WARNING: [imsi-999709744711454] PDU Session Establishment reject [PSI:1 Cause: Network failure] (../src/amf/nsmf-handler.c:520)
07/06 13:51:07.571: [amf] INFO: InitialUEMessage [suci-0-999-70-0000-0-0-7274509179] Registration request (../src/amf/ngap-handler.c:401)
07/06 13:51:07.615: [amf] INFO: [imsi-999707274509179] Registration complete (../src/amf/gmm-sm.c:1050)
07/06 13:51:07.717: [amf] WARNING: [imsi-999707274509179] PDU Session Establishment reject [PSI:1 Cause: Network failure] (../src/amf/nsmf-handler.c:520)
07/06 13:51:54.385: [amf] INFO: InitialUEMessage [suci-0-999-70-0000-0-0-4264508760] Registration request (../src/amf/ngap-handler.c:401)
07/06 13:51:54.437: [amf] INFO: [imsi-999704264508760] Registration complete (../src/amf/gmm-sm.c:1050)
07/06 13:52:29.069: [amf] INFO: InitialUEMessage [suci-0-999-70-0000-0-0-5721685949] Registration request (../src/amf/ngap-handler.c:401)
07/06 13:52:29.120: [amf] INFO: [imsi-999705721685949] Registration complete (../src/amf/gmm-sm.c:1050)
07/06 13:53:09.027: [amf] INFO: InitialUEMessage [suci-0-999-70-0000-0-0-2780276968] Registration request (../src/amf/ngap-handler.c:401)
07/06 13:53:09.088: [amf] INFO: [imsi-999702780276968] Registration complete (../src/amf/gmm-sm.c:1050)
07/06 13:53:10.099: [amf] INFO: InitialUEMessage [suci-0-999-70-0000-0-0-5746895275] Registration request (../src/amf/ngap-handler.c:401)
07/06 13:53:10.154: [amf] INFO: [imsi-999705746895275] Registration complete (../src/amf/gmm-sm.c:1050)
07/06 13:53:12.059: [amf] INFO: InitialUEMessage [suci-0-999-70-0000-0-0-9048622006] Registration request (../src/amf/ngap-handler.c:401)
07/06 13:53:12.083: [amf] INFO: [imsi-999709048622006] Registration complete (../src/amf/gmm-sm.c:1050)
07/06 13:54:37.756: [amf] INFO: InitialUEMessage [suci-0-999-70-0000-0-0-5628036512] Registration request (../src/amf/ngap-handler.c:401)
07/06 13:54:37.791: [amf] INFO: [imsi-999705628036512] Registration complete (../src/amf/gmm-sm.c:1050)
07/06 13:55:53.055: [amf] INFO: InitialUEMessage [suci-0-999-70-0000-0-0-5252529240] Registration request (../src/amf/ngap-handler.c:401)
07/06 13:55:53.097: [amf] INFO: [imsi-999705252529240] Registration complete (../src/amf/gmm-sm.c:1050)
07/06 13:55:53.189: [amf] WARNING: [imsi-999705252529240] PDU Session Establishment reject [PSI:1 Cause: Network failure] (../src/amf/nsmf-handler.c:520)
07/06 13:56:01.279: [amf] INFO: InitialUEMessage [suci-0-999-70-0000-0-0-7545292501] Registration request (../src/amf/ngap-handler.c:401)
07/06 13:56:01.318: [amf] INFO: [imsi-999707545292501] Registration complete (../src/amf/gmm-sm.c:1050)
07/06 13:56:01.484: [amf] WARNING: [imsi-999707545292501] PDU Session Establishment reject [PSI:1 Cause: Network failure] (../src/amf/nsmf-handler.c:520)
07/06 13:56:02.288: [amf] INFO: InitialUEMessage [suci-0-999-70-0000-0-0-1522198365] Registration request (../src/amf/ngap-handler.c:401)
07/06 13:56:02.338: [amf] INFO: [imsi-999701522198365] Registration complete (../src/amf/gmm-sm.c:1050)
07/06 13:56:02.546: [amf] WARNING: [imsi-999701522198365] PDU Session Establishment reject [PSI:1 Cause: Network failure] (../src/amf/nsmf-handler.c:520)
07/06 13:56:16.945: [amf] INFO: InitialUEMessage [suci-0-999-70-0000-0-0-7929641526] Registration request (../src/amf/ngap-handler.c:401)
07/06 13:56:16.990: [amf] INFO: [imsi-999707929641526] Registration complete (../src/amf/gmm-sm.c:1050)
07/06 13:56:17.048: [amf] WARNING: [imsi-999707929641526] PDU Session Establishment reject [PSI:1 Cause: Network failure] (../src/amf/nsmf-handler.c:520)
07/06 13:56:36.862: [amf] INFO: InitialUEMessage [suci-0-999-70-0000-0-0-5671789375] Registration request (../src/amf/ngap-handler.c:401)
07/06 13:56:36.899: [amf] INFO: [imsi-999705671789375] Registration complete (../src/amf/gmm-sm.c:1050)
07/06 13:58:01.743: [amf] INFO: InitialUEMessage [suci-0-999-70-0000-0-0-2220416951] Registration request (../src/amf/ngap-handler.c:401)
07/06 13:58:01.780: [amf] INFO: [imsi-999702220416951] Registration complete (../src/amf/gmm-sm.c:1050)
07/06 13:58:15.188: [amf] INFO: InitialUEMessage [suci-0-999-70-0000-0-0-9901383010] Registration request (../src/amf/ngap-handler.c:401)
07/06 13:58:15.242: [amf] INFO: [imsi-999709901383010] Registration complete (../src/amf/gmm-sm.c:1050)
07/06 13:58:16.575: [amf] INFO: InitialUEMessage [suci-0-999-70-0000-0-0-6451090959] Registration request (../src/amf/ngap-handler.c:401)
07/06 13:58:16.632: [amf] INFO: [imsi-999706451090959] Registration complete (../src/amf/gmm-sm.c:1050)
07/06 13:58:39.346: [amf] INFO: InitialUEMessage [suci-0-999-70-0000-0-0-8662361488] Registration request (../src/amf/ngap-handler.c:401)
07/06 13:58:39.382: [amf] INFO: [imsi-999708662361488] Registration complete (../src/amf/gmm-sm.c:1050)
07/06 13:58:39.528: [amf] WARNING: [imsi-999708662361488] PDU Session Establishment reject [PSI:1 Cause: Network failure] (../src/amf/nsmf-handler.c:520)
07/06 14:01:05.215: [amf] INFO: InitialUEMessage [suci-0-999-70-0000-0-0-7019300401] Registration request (../src/amf/ngap-handler.c:401)
07/06 14:01:05.250: [amf] INFO: [imsi-999707019300401] Registration complete (../src/amf/gmm-sm.c:1050)
07/06 14:01:36.290: [amf] INFO: InitialUEMessage [suci-0-999-70-0000-0-0-1751072659] Registration request (../src/amf/ngap-handler.c:401)
07/06 14:01:36.334: [amf] INFO: [imsi-999701751072659] Registration complete (../src/amf/gmm-sm.c:1050)
07/06 14:01:40.758: [amf] INFO: InitialUEMessage [suci-0-999-70-0000-0-0-1092696105] Registration request (../src/amf/ngap-handler.c:401)
07/06 14:01:40.783: [amf] INFO: [imsi-999701092696105] Registration complete (../src/amf/gmm-sm.c:1050)
07/06 14:02:23.909: [amf] INFO: InitialUEMessage [suci-0-999-70-0000-0-0-4094034620] Registration request (../src/amf/ngap-handler.c:401)
07/06 14:02:23.952: [amf] INFO: [imsi-999704094034620] Registration complete (../src/amf/gmm-sm.c:1050)
07/06 14:02:42.233: [amf] INFO: InitialUEMessage [suci-0-999-70-0000-0-0-3713474508] Registration request (../src/amf/ngap-handler.c:401)
07/06 14:02:42.268: [amf] INFO: [imsi-999703713474508] Registration complete (../src/amf/gmm-sm.c:1050)
07/06 14:03:20.873: [amf] INFO: InitialUEMessage [suci-0-999-70-0000-0-0-9044165220] Registration request (../src/amf/ngap-handler.c:401)
07/06 14:03:20.911: [amf] INFO: [imsi-999709044165220] Registration complete (../src/amf/gmm-sm.c:1050)
07/06 14:04:06.838: [amf] INFO: InitialUEMessage [suci-0-999-70-0000-0-0-6615031203] Registration request (../src/amf/ngap-handler.c:401)
07/06 14:04:06.861: [amf] INFO: [imsi-999706615031203] Registration complete (../src/amf/gmm-sm.c:1050)
07/06 14:05:33.236: [amf] INFO: InitialUEMessage [suci-0-999-70-0000-0-0-6730390128] Registration request (../src/amf/ngap-handler.c:401)
07/06 14:05:33.279: [amf] INFO: [imsi-999706730390128] Registration complete (../src/amf/gmm-sm.c:1050)
07/06 14:06:40.219: [amf] INFO: InitialUEMessage [suci-0-999-70-0000-0-0-4151161670] Registration request (../src/amf/ngap-handler.c:401)
07/06 14:06:40.258: [amf] INFO: [imsi-999704151161670] Registration complete (../src/amf/gmm-sm.c:1050)
07/06 14:07:04.272: [amf] INFO: InitialUEMessage [suci-0-999-70-0000-0-0-5164587609] Registration request (../src/amf/ngap-handler.c:401)
07/06 14:07:04.311: [amf] INFO: [imsi-999705164587609] Registration complete (../src/amf/gmm-sm.c:1050)
07/06 14:07:09.766: [amf] INFO: InitialUEMessage [suci-0-999-70-0000-0-0-4510383503] Registration request (../src/amf/ngap-handler.c:401)
07/06 14:07:09.805: [amf] INFO: [imsi-999704510383503] Registration complete (../src/amf/gmm-sm.c:1050)
07/06 14:08:29.419: [amf] INFO: InitialUEMessage [suci-0-999-70-0000-0-0-1762227197] Registration request (../src/amf/ngap-handler.c:401)
07/06 14:08:29.455: [amf] INFO: [imsi-999701762227197] Registration complete (../src/amf/gmm-sm.c:1050)
07/06 14:08:53.702: [amf] INFO: InitialUEMessage [suci-0-999-70-0000-0-0-9647976476] Registration request (../src/amf/ngap-handler.c:401)
07/06 14:08:53.756: [amf] INFO: [imsi-999709647976476] Registration complete (../src/amf/gmm-sm.c:1050)
07/06 14:09:03.981: [amf] INFO: InitialUEMessage [suci-0-999-70-0000-0-0-3767245424] Registration request (../src/amf/ngap-handler.c:401)
07/06 14:09:04.036: [amf] INFO: [imsi-999703767245424] Registration complete (../src/amf/gmm-sm.c:1050)
07/06 14:09:50.407: [amf] INFO: InitialUEMessage [suci-0-999-70-0000-0-0-1269792685] Registration request (../src/amf/ngap-handler.c:401)
07/06 14:09:50.451: [amf] INFO: [imsi-999701269792685] Registration complete (../src/amf/gmm-sm.c:1050)
07/06 14:10:05.363: [amf] INFO: InitialUEMessage [suci-0-999-70-0000-0-0-2024778492] Registration request (../src/amf/ngap-handler.c:401)
07/06 14:10:05.416: [amf] INFO: [imsi-999702024778492] Registration complete (../src/amf/gmm-sm.c:1050)
07/06 14:10:43.246: [amf] INFO: InitialUEMessage [suci-0-999-70-0000-0-0-3911233801] Registration request (../src/amf/ngap-handler.c:401)
07/06 14:10:43.301: [amf] INFO: [imsi-999703911233801] Registration complete (../src/amf/gmm-sm.c:1050)
07/06 14:11:10.423: [amf] INFO: InitialUEMessage [suci-0-999-70-0000-0-0-7870049125] Registration request (../src/amf/ngap-handler.c:401)
07/06 14:11:10.470: [amf] INFO: [imsi-999707870049125] Registration complete (../src/amf/gmm-sm.c:1050)
07/06 14:11:18.572: [amf] INFO: InitialUEMessage [suci-0-999-70-0000-0-0-2963353730] Registration request (../src/amf/ngap-handler.c:401)
07/06 14:11:18.616: [amf] INFO: [imsi-999702963353730] Registration complete (../src/amf/gmm-sm.c:1050)
07/06 14:11:30.424: [amf] INFO: InitialUEMessage [suci-0-999-70-0000-0-0-5779793259] Registration request (../src/amf/ngap-handler.c:401)
07/06 14:11:30.455: [amf] INFO: [imsi-999705779793259] Registration complete (../src/amf/gmm-sm.c:1050)
07/06 14:11:56.059: [amf] INFO: InitialUEMessage [suci-0-999-70-0000-0-0-7102606712] Registration request (../src/amf/ngap-handler.c:401)
07/06 14:11:56.109: [amf] INFO: [imsi-999707102606712] Registration complete (../src/amf/gmm-sm.c:1050)
07/06 14:12:46.297: [amf] INFO: InitialUEMessage [suci-0-999-70-0000-0-0-2450813160] Registration request (../src/amf/ngap-handler.c:401)
07/06 14:12:46.343: [amf] INFO: [imsi-999702450813160] Registration complete (../src/amf/gmm-sm.c:1050)
07/06 14:13:03.403: [amf] INFO: InitialUEMessage [suci-0-999-70-0000-0-0-9627179740] Registration request (../src/amf/ngap-handler.c:401)
07/06 14:13:03.424: [amf] INFO: [imsi-999709627179740] Registration complete (../src/amf/gmm-sm.c:1050)
07/06 14:15:48.848: [amf] INFO: InitialUEMessage [suci-0-999-70-0000-0-0-5971780245] Registration request (../src/amf/ngap-handler.c:401)
07/06 14:15:48.902: [amf] INFO: [imsi-999705971780245] Registration complete (../src/amf/gmm-sm.c:1050)
07/06 14:16:03.401: [amf] INFO: InitialUEMessage [suci-0-999-70-0000-0-0-7415137968] Registration request (../src/amf/ngap-handler.c:401)
07/06 14:16:03.448: [amf] INFO: [imsi-999707415137968] Registration complete (../src/amf/gmm-sm.c:1050)
07/06 14:16:05.351: [amf] INFO: InitialUEMessage [suci-0-999-70-0000-0-0-9926416976] Registration request (../src/amf/ngap-handler.c:401)
07/06 14:16:05.392: [amf] INFO: [imsi-999709926416976] Registration complete (../src/amf/gmm-sm.c:1050)
07/06 14:16:23.399: [amf] INFO: InitialUEMessage [suci-0-999-70-0000-0-0-2612174568] Registration request (../src/amf/ngap-handler.c:401)
07/06 14:16:23.449: [amf] INFO: [imsi-999702612174568] Registration complete (../src/amf/gmm-sm.c:1050)
07/06 14:18:19.873: [amf] INFO: InitialUEMessage [suci-0-999-70-0000-0-0-6807284035] Registration request (../src/amf/ngap-handler.c:401)
07/06 14:18:19.913: [amf] INFO: [imsi-999706807284035] Registration complete (../src/amf/gmm-sm.c:1050)
07/06 14:20:45.304: [amf] INFO: InitialUEMessage [suci-0-999-70-0000-0-0-6094181059] Registration request (../src/amf/ngap-handler.c:401)
07/06 14:20:45.351: [amf] INFO: [imsi-999706094181059] Registration complete (../src/amf/gmm-sm.c:1050)
07/06 14:21:06.716: [amf] INFO: InitialUEMessage [suci-0-999-70-0000-0-0-3368540321] Registration request (../src/amf/ngap-handler.c:401)
07/06 14:21:06.745: [amf] INFO: [imsi-999703368540321] Registration complete (../src/amf/gmm-sm.c:1050)
07/06 14:21:31.377: [amf] INFO: InitialUEMessage [suci-0-999-70-0000-0-0-9382363646] Registration request (../src/amf/ngap-handler.c:401)
07/06 14:21:31.433: [amf] INFO: [imsi-999709382363646] Registration complete (../src/amf/gmm-sm.c:1050)
07/06 14:23:10.694: [amf] INFO: InitialUEMessage [suci-0-999-70-0000-0-0-6238285114] Registration request (../src/amf/ngap-handler.c:401)
07/06 14:23:10.748: [amf] INFO: [imsi-999706238285114] Registration complete (../src/amf/gmm-sm.c:1050)
07/06 14:23:47.192: [amf] INFO: InitialUEMessage [suci-0-999-70-0000-0-0-6817681439] Registration request (../src/amf/ngap-handler.c:401)
07/06 14:23:47.222: [amf] INFO: [imsi-999706817681439] Registration complete (../src/amf/gmm-sm.c:1050)
07/06 14:24:54.037: [amf] INFO: InitialUEMessage [suci-0-999-70-0000-0-0-0031726724] Registration request (../src/amf/ngap-handler.c:401)
07/06 14:24:54.069: [amf] INFO: [imsi-999700031726724] Registration complete (../src/amf/gmm-sm.c:1050)
07/06 14:25:08.464: [amf] INFO: InitialUEMessage [suci-0-999-70-0000-0-0-0106670927] Registration request (../src/amf/ngap-handler.c:401)
07/06 14:25:08.498: [amf] INFO: [imsi-999700106670927] Registration complete (../src/amf/gmm-sm.c:1050)
07/06 14:25:20.651: [amf] INFO: InitialUEMessage [suci-0-999-70-0000-0-0-0176221900] Registration request (../src/amf/ngap-handler.c:401)
07/06 14:25:20.692: [amf] INFO: [imsi-999700176221900] Registration complete (../src/amf/gmm-sm.c:1050)
07/06 14:25:44.931: [amf] INFO: InitialUEMessage [suci-0-999-70-0000-0-0-6915272641] Registration request (../src/amf/ngap-handler.c:401)
07/06 14:25:44.977: [amf] INFO: [imsi-999706915272641] Registration complete (../src/amf/gmm-sm.c:1050)
07/06 14:26:01.480: [amf] INFO: InitialUEMessage [suci-0-999-70-0000-0-0-7052394674] Registration request (../src/amf/ngap-handler.c:401)
07/06 14:26:01.508: [amf] INFO: [imsi-999707052394674] Registration complete (../src/amf/gmm-sm.c:1050)
07/06 14:26:05.230: [amf] INFO: InitialUEMessage [suci-0-999-70-0000-0-0-9728281247] Registration request (../src/amf/ngap-handler.c:401)
07/06 14:26:05.279: [amf] INFO: [imsi-999709728281247] Registration complete (../src/amf/gmm-sm.c:1050)
07/06 14:26:49.085: [amf] INFO: InitialUEMessage [suci-0-999-70-0000-0-0-1031613726] Registration request (../src/amf/ngap-handler.c:401)
07/06 14:26:49.134: [amf] INFO: [imsi-999701031613726] Registration complete (../src/amf/gmm-sm.c:1050)
07/06 14:27:02.172: [amf] INFO: InitialUEMessage [suci-0-999-70-0000-0-0-0666864992] Registration request (../src/amf/ngap-handler.c:401)
07/06 14:27:02.222: [amf] INFO: [imsi-999700666864992] Registration complete (../src/amf/gmm-sm.c:1050)
07/06 14:27:29.821: [amf] INFO: InitialUEMessage [suci-0-999-70-0000-0-0-7837201506] Registration request (../src/amf/ngap-handler.c:401)
07/06 14:27:29.840: [amf] INFO: [imsi-999707837201506] Registration complete (../src/amf/gmm-sm.c:1050)
07/06 14:27:46.592: [amf] INFO: InitialUEMessage [suci-0-999-70-0000-0-0-5027782703] Registration request (../src/amf/ngap-handler.c:401)
07/06 14:27:46.633: [amf] INFO: [imsi-999705027782703] Registration complete (../src/amf/gmm-sm.c:1050)
07/06 14:28:27.416: [amf] INFO: InitialUEMessage [suci-0-999-70-0000-0-0-0631891784] Registration request (../src/amf/ngap-handler.c:401)
07/06 14:28:27.469: [amf] INFO: [imsi-999700631891784] Registration complete (../src/amf/gmm-sm.c:1050)
07/06 14:30:42.588: [amf] INFO: InitialUEMessage [suci-0-999-70-0000-0-0-4879090251] Registration request (../src/amf/ngap-handler.c:401)
07/06 14:30:42.650: [amf] INFO: [imsi-999704879090251] Registration complete (../src/amf/gmm-sm.c:1050)
07/06 14:30:49.252: [amf] INFO: InitialUEMessage [suci-0-999-70-0000-0-0-9935417208] Registration request (../src/amf/ngap-handler.c:401)
07/06 14:30:49.311: [amf] INFO: [imsi-999709935417208] Registration complete (../src/amf/gmm-sm.c:1050)
07/06 14:31:50.356: [amf] INFO: InitialUEMessage [suci-0-999-70-0000-0-0-1831328998] Registration request (../src/amf/ngap-handler.c:401)
07/06 14:31:50.392: [amf] INFO: [imsi-999701831328998] Registration complete (../src/amf/gmm-sm.c:1050)
07/06 14:32:21.086: [amf] INFO: InitialUEMessage [suci-0-999-70-0000-0-0-8575047572] Registration request (../src/amf/ngap-handler.c:401)
07/06 14:32:21.135: [amf] INFO: [imsi-999708575047572] Registration complete (../src/amf/gmm-sm.c:1050)
07/06 14:32:21.993: [amf] INFO: InitialUEMessage [suci-0-999-70-0000-0-0-5383724077] Registration request (../src/amf/ngap-handler.c:401)
07/06 14:32:22.040: [amf] INFO: [imsi-999705383724077] Registration complete (../src/amf/gmm-sm.c:1050)
07/06 14:32:41.525: [amf] INFO: InitialUEMessage [suci-0-999-70-0000-0-0-3605173950] Registration request (../src/amf/ngap-handler.c:401)
07/06 14:32:41.580: [amf] INFO: [imsi-999703605173950] Registration complete (../src/amf/gmm-sm.c:1050)
07/06 14:33:43.200: [amf] INFO: InitialUEMessage [suci-0-999-70-0000-0-0-6805098763] Registration request (../src/amf/ngap-handler.c:401)
07/06 14:33:43.238: [amf] INFO: [imsi-999706805098763] Registration complete (../src/amf/gmm-sm.c:1050)
07/06 14:33:50.584: [amf] INFO: InitialUEMessage [suci-0-999-70-0000-0-0-7556797932] Registration request (../src/amf/ngap-handler.c:401)
07/06 14:33:50.630: [amf] INFO: [imsi-999707556797932] Registration complete (../src/amf/gmm-sm.c:1050)
07/06 14:34:17.703: [amf] INFO: InitialUEMessage [suci-0-999-70-0000-0-0-0718103440] Registration request (../src/amf/ngap-handler.c:401)
07/06 14:34:17.729: [amf] INFO: [imsi-999700718103440] Registration complete (../src/amf/gmm-sm.c:1050)
07/06 14:35:00.410: [amf] INFO: InitialUEMessage [suci-0-999-70-0000-0-0-4088718947] Registration request (../src/amf/ngap-handler.c:401)
07/06 14:35:00.466: [amf] INFO: [imsi-999704088718947] Registration complete (../src/amf/gmm-sm.c:1050)
07/06 14:35:10.625: [amf] INFO: InitialUEMessage [suci-0-999-70-0000-0-0-4630247747] Registration request (../src/amf/ngap-handler.c:401)
07/06 14:35:10.674: [amf] INFO: [imsi-999704630247747] Registration complete (../src/amf/gmm-sm.c:1050)
07/06 14:35:16.976: [amf] INFO: InitialUEMessage [suci-0-999-70-0000-0-0-0237139298] Registration request (../src/amf/ngap-handler.c:401)
07/06 14:35:17.040: [amf] INFO: [imsi-999700237139298] Registration complete (../src/amf/gmm-sm.c:1050)
07/06 14:35:25.766: [amf] INFO: InitialUEMessage [suci-0-999-70-0000-0-0-4055532290] Registration request (../src/amf/ngap-handler.c:401)
07/06 14:35:25.803: [amf] INFO: [imsi-999704055532290] Registration complete (../src/amf/gmm-sm.c:1050)
07/06 14:36:33.035: [amf] INFO: InitialUEMessage [suci-0-999-70-0000-0-0-4975362584] Registration request (../src/amf/ngap-handler.c:401)
07/06 14:36:33.090: [amf] INFO: [imsi-999704975362584] Registration complete (../src/amf/gmm-sm.c:1050)
07/06 14:36:56.547: [amf] INFO: InitialUEMessage [suci-0-999-70-0000-0-0-2938560239] Registration request (../src/amf/ngap-handler.c:401)
07/06 14:36:56.580: [amf] INFO: [imsi-999702938560239] Registration complete (../src/amf/gmm-sm.c:1050)
07/06 14:37:16.264: [amf] INFO: InitialUEMessage [suci-0-999-70-0000-0-0-8614530005] Registration request (../src/amf/ngap-handler.c:401)
07/06 14:37:16.296: [amf] INFO: [imsi-999708614530005] Registration complete (../src/amf/gmm-sm.c:1050)
07/06 14:38:07.111: [amf] INFO: InitialUEMessage [suci-0-999-70-0000-0-0-6271074893] Registration request (../src/amf/ngap-handler.c:401)
07/06 14:38:07.143: [amf] INFO: [imsi-999706271074893] Registration complete (../src/amf/gmm-sm.c:1050)
07/06 14:39:37.901: [amf] INFO: InitialUEMessage [suci-0-999-70-0000-0-0-4962779091] Registration request (../src/amf/ngap-handler.c:401)
07/06 14:39:37.929: [amf] INFO: [imsi-999704962779091] Registration complete (../src/amf/gmm-sm.c:1050)
07/06 14:40:27.924: [amf] INFO: InitialUEMessage [suci-0-999-70-0000-0-0-9132737838] Registration request (../src/amf/ngap-handler.c:401)
07/06 14:40:27.967: [amf] INFO: [imsi-999709132737838] Registration complete (../src/amf/gmm-sm.c:1050)
07/06 14:41:23.494: [amf] INFO: InitialUEMessage [suci-0-999-70-0000-0-0-8558009741] Registration request (../src/amf/ngap-handler.c:401)
07/06 14:41:23.546: [amf] INFO: [imsi-999708558009741] Registration complete (../src/amf/gmm-sm.c:1050)
07/06 14:42:30.999: [amf] INFO: InitialUEMessage [suci-0-999-70-0000-0-0-1619306681] Registration request (../src/amf/ngap-handler.c:401)
07/06 14:42:31.047: [amf] INFO: [imsi-999701619306681] Registration complete (../src/amf/gmm-sm.c:1050)
07/06 14:43:44.331: [amf] INFO: InitialUEMessage [suci-0-999-70-0000-0-0-5328042596] Registration request (../src/amf/ngap-handler.c:401)
07/06 14:43:44.384: [amf] INFO: [imsi-999705328042596] Registration complete (../src/amf/gmm-sm.c:1050)
07/06 14:43:50.672: [amf] INFO: InitialUEMessage [suci-0-999-70-0000-0-0-1691624296] Registration request (../src/amf/ngap-handler.c:401)
07/06 14:43:50.696: [amf] INFO: [imsi-999701691624296] Registration complete (../src/amf/gmm-sm.c:1050)
07/06 14:44:06.169: [amf] INFO: InitialUEMessage [suci-0-999-70-0000-0-0-8949782749] Registration request (../src/amf/ngap-handler.c:401)
07/06 14:44:06.210: [amf] INFO: [imsi-999708949782749] Registration complete (../src/amf/gmm-sm.c:1050)
07/06 14:45:09.358: [amf] INFO: InitialUEMessage [suci-0-999-70-0000-0-0-8187121524] Registration request (../src/amf/ngap-handler.c:401)
07/06 14:45:09.413: [amf] INFO: [imsi-999708187121524] Registration complete (../src/amf/gmm-sm.c:1050)
07/06 14:45:28.838: [amf] INFO: InitialUEMessage [suci-0-999-70-0000-0-0-2623895964] Registration request (../src/amf/ngap-handler.c:401)
07/06 14:45:28.865: [amf] INFO: [imsi-999702623895964] Registration complete (../src/amf/gmm-sm.c:1050)
07/06 14:46:59.886: [amf] INFO: InitialUEMessage [suci-0-999-70-0000-0-0-4487068956] Registration request (../src/amf/ngap-handler.c:401)
07/06 14:46:59.943: [amf] INFO: [imsi-999704487068956] Registration complete (../src/amf/gmm-sm.c:1050)
07/06 14:47:10.892: [amf] INFO: InitialUEMessage [suci-0-999-70-0000-0-0-9162788194] Registration request (../src/amf/ngap-handler.c:401)
07/06 14:47:10.956: [amf] INFO: [imsi-999709162788194] Registration complete (../src/amf/gmm-sm.c:1050)
07/06 14:49:12.539: [amf] INFO: InitialUEMessage [suci-0-999-70-0000-0-0-9747704704] Registration request (../src/amf/ngap-handler.c:401)
07/06 14:49:12.569: [amf] INFO: [imsi-999709747704704] Registration complete (../src/amf/gmm-sm.c:1050)
07/06 14:49:12.870: [amf] INFO: InitialUEMessage [suci-0-999-70-0000-0-0-1444838328] Registration request (../src/amf/ngap-handler.c:401)
07/06 14:49:12.933: [amf] INFO: [imsi-999701444838328] Registration complete (../src/amf/gmm-sm.c:1050)
07/06 14:50:15.766: [amf] INFO: InitialUEMessage [suci-0-999-70-0000-0-0-6619071438] Registration request (../src/amf/ngap-handler.c:401)
07/06 14:50:15.813: [amf] INFO: [imsi-999706619071438] Registration complete (../src/amf/gmm-sm.c:1050)
07/06 14:50:56.178: [amf] INFO: InitialUEMessage [suci-0-999-70-0000-0-0-3287289755] Registration request (../src/amf/ngap-handler.c:401)
07/06 14:50:56.240: [amf] INFO: [imsi-999703287289755] Registration complete (../src/amf/gmm-sm.c:1050)
07/06 14:51:14.088: [amf] INFO: InitialUEMessage [suci-0-999-70-0000-0-0-5061121262] Registration request (../src/amf/ngap-handler.c:401)
07/06 14:51:14.123: [amf] INFO: [imsi-999705061121262] Registration complete (../src/amf/gmm-sm.c:1050)
07/06 14:51:25.053: [amf] INFO: InitialUEMessage [suci-0-999-70-0000-0-0-4810548138] Registration request (../src/amf/ngap-handler.c:401)
07/06 14:51:25.111: [amf] INFO: [imsi-999704810548138] Registration complete (../src/amf/gmm-sm.c:1050)
07/06 14:51:42.501: [amf] INFO: InitialUEMessage [suci-0-999-70-0000-0-0-3844720618] Registration request (../src/amf/ngap-handler.c:401)
07/06 14:51:42.540: [amf] INFO: [imsi-999703844720618] Registration complete (../src/amf/gmm-sm.c:1050)
07/06 14:52:30.215: [amf] INFO: InitialUEMessage [suci-0-999-70-0000-0-0-5910621202] Registration request (../src/amf/ngap-handler.c:401)
07/06 14:52:30.248: [amf] INFO: [imsi-999705910621202] Registration complete (../src/amf/gmm-sm.c:1050)
07/06 14:54:26.793: [amf] INFO: InitialUEMessage [suci-0-999-70-0000-0-0-2641616439] Registration request (../src/amf/ngap-handler.c:401)
07/06 14:54:26.846: [amf] INFO: [imsi-999702641616439] Registration complete (../src/amf/gmm-sm.c:1050)
07/06 14:55:13.024: [amf] INFO: InitialUEMessage [suci-0-999-70-0000-0-0-0004475220] Registration request (../src/amf/ngap-handler.c:401)
07/06 14:55:13.066: [amf] INFO: [imsi-999700004475220] Registration complete (../src/amf/gmm-sm.c:1050)
07/06 14:55:24.573: [amf] INFO: InitialUEMessage [suci-0-999-70-0000-0-0-5125351658] Registration request (../src/amf/ngap-handler.c:401)
07/06 14:55:24.602: [amf] INFO: [imsi-999705125351658] Registration complete (../src/amf/gmm-sm.c:1050)
07/06 14:55:35.491: [amf] INFO: InitialUEMessage [suci-0-999-70-0000-0-0-6135666430] Registration request (../src/amf/ngap-handler.c:401)
07/06 14:55:35.555: [amf] INFO: [imsi-999706135666430] Registration complete (../src/amf/gmm-sm.c:1050)
07/06 14:55:41.328: [amf] INFO: InitialUEMessage [suci-0-999-70-0000-0-0-9190835707] Registration request (../src/amf/ngap-handler.c:401)
07/06 14:55:41.367: [amf] INFO: [imsi-999709190835707] Registration complete (../src/amf/gmm-sm.c:1050)
07/06 14:56:31.095: [amf] INFO: InitialUEMessage [suci-0-999-70-0000-0-0-1198013681] Registration request (../src/amf/ngap-handler.c:401)
07/06 14:56:31.152: [amf] INFO: [imsi-999701198013681] Registration complete (../src/amf/gmm-sm.c:1050)
07/06 14:56:39.238: [amf] INFO: InitialUEMessage [suci-0-999-70-0000-0-0-0110524622] Registration request (../src/amf/ngap-handler.c:401)
07/06 14:56:39.289: [amf] INFO: [imsi-999700110524622] Registration complete (../src/amf/gmm-sm.c:1050)
07/06 14:57:11.377: [amf] INFO: InitialUEMessage [suci-0-999-70-0000-0-0-3578556950] Registration request (../src/amf/ngap-handler.c:401)
07/06 14:57:11.412: [amf] INFO: [imsi-999703578556950] Registration complete (../src/amf/gmm-sm.c:1050)
07/06 14:57:45.790: [amf] INFO: InitialUEMessage [suci-0-999-70-0000-0-0-5914000359] Registration request (../src/amf/ngap-handler.c:401)
07/06 14:57:45.819: [amf] INFO: [imsi-999705914000359] Registration complete (../src/amf/gmm-sm.c:1050)
07/06 14:58:06.018: [amf] INFO: InitialUEMessage [suci-0-999-70-0000-0-0-0827539204] Registration request (../src/amf/ngap-handler.c:401)
07/06 14:58:06.045: [amf] INFO: [imsi-999700827539204] Registration complete (../src/amf/gmm-sm.c:1050)
07/06 14:59:51.149: [amf] INFO: InitialUEMessage [suci-0-999-70-0000-0-0-0687205450] Registration request (../src/amf/ngap-handler.c:401)
07/06 14:59:51.195: [amf] WARNING: [imsi-999700687205450] Registration reject (../src/amf/gmm-handler.c:230)
07/06 14:59:52.860: [amf] INFO: InitialUEMessage [suci-0-999-70-0000-0-0-1251652751] Registration request (../src/amf/ngap-handler.c:401)
07/06 14:59:52.898: [amf] INFO: [imsi-999701251652751] Registration complete (../src/amf/gmm-sm.c:1050)
07/06 15:00:30.528: [amf] INFO: InitialUEMessage [suci-0-999-70-0000-0-0-2047407113] Registration request (../src/amf/ngap-handler.c:401)
07/06 15:00:30.596: [amf] INFO: [imsi-999702047407113] Registration complete (../src/amf/gmm-sm.c:1050)
07/06 15:01:15.488: [amf] INFO: InitialUEMessage [suci-0-999-70-0000-0-0-7253169741] Registration request (../src/amf/ngap-handler.c:401)
07/06 15:01:15.547: [amf] INFO: [imsi-999707253169741] Registration complete (../src/amf/gmm-sm.c:1050)
07/06 15:03:43.104: [amf] INFO: InitialUEMessage [suci-0-999-70-0000-0-0-9651993986] Registration request (../src/amf/ngap-handler.c:401)
07/06 15:03:43.138: [amf] INFO: [imsi-999709651993986] Registration complete (../src/amf/gmm-sm.c:1050)
07/06 15:04:28.684: [amf] INFO: InitialUEMessage [suci-0-999-70-0000-0-0-8240152476] Registration request (../src/amf/ngap-handler.c:401)
07/06 15:04:28.712: [amf] INFO: [imsi-999708240152476] Registration complete (../src/amf/gmm-sm.c:1050)
07/06 15:06:26.621: [amf] INFO: InitialUEMessage [suci-0-999-70-0000-0-0-0520216198] Registration request (../src/amf/ngap-handler.c:401)
07/06 15:06:26.658: [amf] INFO: [imsi-999700520216198] Registration complete (../src/amf/gmm-sm.c:1050)
07/06 15:07:23.695: [amf] INFO: InitialUEMessage [suci-0-999-70-0000-0-0-6714946401] Registration request (../src/amf/ngap-handler.c:401)
07/06 15:07:23.749: [amf] INFO: [imsi-999706714946401] Registration complete (../src/amf/gmm-sm.c:1050)
07/06 15:07:35.595: [amf] INFO: InitialUEMessage [suci-0-999-70-0000-0-0-7322067688] Registration request (../src/amf/ngap-handler.c:401)
07/06 15:07:35.654: [amf] INFO: [imsi-999707322067688] Registration complete (../src/amf/gmm-sm.c:1050)
07/06 15:07:40.933: [amf] INFO: InitialUEMessage [suci-0-999-70-0000-0-0-0801722899] Registration request (../src/amf/ngap-handler.c:401)
07/06 15:07:40.968: [amf] INFO: [imsi-999700801722899] Registration complete (../src/amf/gmm-sm.c:1050)
07/06 15:08:08.185: [amf] INFO: InitialUEMessage [suci-0-999-70-0000-0-0-8638942113] Registration request (../src/amf/ngap-handler.c:401)
07/06 15:08:08.235: [amf] INFO: [imsi-999708638942113] Registration complete (../src/amf/gmm-sm.c:1050)
07/06 15:08:31.081: [amf] INFO: InitialUEMessage [suci-0-999-70-0000-0-0-0161138872] Registration request (../src/amf/ngap-handler.c:401)
07/06 15:08:31.137: [amf] INFO: [imsi-999700161138872] Registration complete (../src/amf/gmm-sm.c:1050)
07/06 15:08:43.373: [amf] INFO: InitialUEMessage [suci-0-999-70-0000-0-0-3286633009] Registration request (../src/amf/ngap-handler.c:401)
07/06 15:08:43.432: [amf] INFO: [imsi-999703286633009] Registration complete (../src/amf/gmm-sm.c:1050)
07/06 15:09:06.510: [amf] INFO: InitialUEMessage [suci-0-999-70-0000-0-0-6023943702] Registration request (../src/amf/ngap-handler.c:401)
07/06 15:09:06.551: [amf] INFO: [imsi-999706023943702] Registration complete (../src/amf/gmm-sm.c:1050)
07/06 15:10:07.050: [amf] INFO: InitialUEMessage [suci-0-999-70-0000-0-0-0711664929] Registration request (../src/amf/ngap-handler.c:401)
07/06 15:10:07.088: [amf] INFO: [imsi-999700711664929] Registration complete (../src/amf/gmm-sm.c:1050)
07/06 15:10:08.770: [amf] INFO: InitialUEMessage [suci-0-999-70-0000-0-0-1064255317] Registration request (../src/amf/ngap-handler.c:401)
07/06 15:10:08.817: [amf] INFO: [imsi-999701064255317] Registration complete (../src/amf/gmm-sm.c:1050)
07/06 15:11:33.535: [amf] INFO: InitialUEMessage [suci-0-999-70-0000-0-0-6033107155] Registration request (../src/amf/ngap-handler.c:401)
07/06 15:11:33.589: [amf] INFO: [imsi-999706033107155] Registration complete (../src/amf/gmm-sm.c:1050)
07/06 15:12:00.896: [amf] INFO: InitialUEMessage [suci-0-999-70-0000-0-0-5532145841] Registration request (../src/amf/ngap-handler.c:401)
07/06 15:12:00.929: [amf] INFO: [imsi-999705532145841] Registration complete (../src/amf/gmm-sm.c:1050)
07/06 15:12:09.484: [amf] INFO: InitialUEMessage [suci-0-999-70-0000-0-0-8813086062] Registration request (../src/amf/ngap-handler.c:401)
07/06 15:12:09.543: [amf] INFO: [imsi-999708813086062] Registration complete (../src/amf/gmm-sm.c:1050)
07/06 15:12:46.347: [amf] INFO: InitialUEMessage [suci-0-999-70-0000-0-0-9996888737] Registration request (../src/amf/ngap-handler.c:401)
07/06 15:12:46.372: [amf] INFO: [imsi-999709996888737] Registration complete (../src/amf/gmm-sm.c:1050)
07/06 15:13:11.913: [amf] INFO: InitialUEMessage [suci-0-999-70-0000-0-0-2384575846] Registration request (../src/amf/ngap-handler.c:401)
07/06 15:13:11.948: [amf] INFO: [imsi-999702384575846] Registration complete (../src/amf/gmm-sm.c:1050)
07/06 15:13:26.851: [amf] INFO: InitialUEMessage [suci-0-999-70-0000-0-0-7076899255] Registration request (../src/amf/ngap-handler.c:401)
07/06 15:13:26.908: [amf] INFO: [imsi-999707076899255] Registration complete (../src/amf/gmm-sm.c:1050)
07/06 15:13:36.794: [amf] INFO: InitialUEMessage [suci-0-999-70-0000-0-0-8841590735] Registration request (../src/amf/ngap-handler.c:401)
07/06 15:13:36.852: [amf] INFO: [imsi-999708841590735] Registration complete (../src/amf/gmm-sm.c:1050)
07/06 15:13:36.946: [amf] WARNING: [imsi-999708841590735] PDU Session Establishment reject [PSI:1 Cause: Network failure] (../src/amf/nsmf-handler.c:520)
07/06 15:14:15.285: [amf] INFO: InitialUEMessage [suci-0-999-70-0000-0-0-9715345821] Registration request (../src/amf/ngap-handler.c:401)
07/06 15:14:15.331: [amf] INFO: [imsi-999709715345821] Registration complete (../src/amf/gmm-sm.c:1050)
07/06 15:14:35.931: [amf] INFO: InitialUEMessage [suci-0-999-70-0000-0-0-7662569468] Registration request (../src/amf/ngap-handler.c:401)
07/06 15:14:35.964: [amf] INFO: [imsi-999707662569468] Registration complete (../src/amf/gmm-sm.c:1050)
07/06 15:14:41.342: [amf] INFO: InitialUEMessage [suci-0-999-70-0000-0-0-4095018143] Registration request (../src/amf/ngap-handler.c:401)
07/06 15:14:41.381: [amf] INFO: [imsi-999704095018143] Registration complete (../src/amf/gmm-sm.c:1050)
07/06 15:14:46.733: [amf] INFO: InitialUEMessage [suci-0-999-70-0000-0-0-8557920783] Registration request (../src/amf/ngap-handler.c:401)
07/06 15:14:46.782: [amf] INFO: [imsi-999708557920783] Registration complete (../src/amf/gmm-sm.c:1050)
07/06 15:15:49.092: [amf] INFO: InitialUEMessage [suci-0-999-70-0000-0-0-2252491043] Registration request (../src/amf/ngap-handler.c:401)
07/06 15:15:49.132: [amf] INFO: [imsi-999702252491043] Registration complete (../src/amf/gmm-sm.c:1050)
07/06 15:16:19.293: [amf] INFO: InitialUEMessage [suci-0-999-70-0000-0-0-1945935309] Registration request (../src/amf/ngap-handler.c:401)
07/06 15:16:19.349: [amf] INFO: [imsi-999701945935309] Registration complete (../src/amf/gmm-sm.c:1050)
07/06 15:16:45.376: [amf] INFO: InitialUEMessage [suci-0-999-70-0000-0-0-5941348077] Registration request (../src/amf/ngap-handler.c:401)
07/06 15:16:45.413: [amf] INFO: [imsi-999705941348077] Registration complete (../src/amf/gmm-sm.c:1050)
07/06 15:18:10.221: [amf] INFO: InitialUEMessage [suci-0-999-70-0000-0-0-9915276799] Registration request (../src/amf/ngap-handler.c:401)
07/06 15:18:10.275: [amf] INFO: [imsi-999709915276799] Registration complete (../src/amf/gmm-sm.c:1050)
07/06 15:18:54.244: [amf] INFO: InitialUEMessage [suci-0-999-70-0000-0-0-9306371249] Registration request (../src/amf/ngap-handler.c:401)
07/06 15:18:54.292: [amf] INFO: [imsi-999709306371249] Registration complete (../src/amf/gmm-sm.c:1050)
07/06 15:19:05.580: [amf] INFO: InitialUEMessage [suci-0-999-70-0000-0-0-8458383609] Registration request (../src/amf/ngap-handler.c:401)
07/06 15:19:05.623: [amf] INFO: [imsi-999708458383609] Registration complete (../src/amf/gmm-sm.c:1050)
07/06 15:19:40.780: [amf] INFO: InitialUEMessage [suci-0-999-70-0000-0-0-4784850367] Registration request (../src/amf/ngap-handler.c:401)
07/06 15:19:40.821: [amf] INFO: [imsi-999704784850367] Registration complete (../src/amf/gmm-sm.c:1050)
07/06 15:20:20.679: [amf] INFO: InitialUEMessage [suci-0-999-70-0000-0-0-6303789279] Registration request (../src/amf/ngap-handler.c:401)
07/06 15:20:20.706: [amf] INFO: [imsi-999706303789279] Registration complete (../src/amf/gmm-sm.c:1050)
07/06 15:20:39.663: [amf] INFO: InitialUEMessage [suci-0-999-70-0000-0-0-9166466136] Registration request (../src/amf/ngap-handler.c:401)
07/06 15:20:39.719: [amf] INFO: [imsi-999709166466136] Registration complete (../src/amf/gmm-sm.c:1050)
07/06 15:21:25.664: [amf] INFO: InitialUEMessage [suci-0-999-70-0000-0-0-5766202613] Registration request (../src/amf/ngap-handler.c:401)
07/06 15:21:25.708: [amf] INFO: [imsi-999705766202613] Registration complete (../src/amf/gmm-sm.c:1050)
07/06 15:22:04.324: [amf] INFO: InitialUEMessage [suci-0-999-70-0000-0-0-2430678203] Registration request (../src/amf/ngap-handler.c:401)
07/06 15:22:04.366: [amf] INFO: [imsi-999702430678203] Registration complete (../src/amf/gmm-sm.c:1050)
07/06 15:22:07.956: [amf] INFO: InitialUEMessage [suci-0-999-70-0000-0-0-0645345082] Registration request (../src/amf/ngap-handler.c:401)
07/06 15:22:08.019: [amf] INFO: [imsi-999700645345082] Registration complete (../src/amf/gmm-sm.c:1050)
07/06 15:22:30.686: [amf] INFO: InitialUEMessage [suci-0-999-70-0000-0-0-8744955913] Registration request (../src/amf/ngap-handler.c:401)
07/06 15:22:30.723: [amf] INFO: [imsi-999708744955913] Registration complete (../src/amf/gmm-sm.c:1050)
07/06 15:22:31.323: [amf] INFO: InitialUEMessage [suci-0-999-70-0000-0-0-1232877350] Registration request (../src/amf/ngap-handler.c:401)
07/06 15:22:31.368: [amf] INFO: [imsi-999701232877350] Registration complete (../src/amf/gmm-sm.c:1050)
07/06 15:23:38.250: [amf] INFO: InitialUEMessage [suci-0-999-70-0000-0-0-8601131207] Registration request (../src/amf/ngap-handler.c:401)
07/06 15:23:38.294: [amf] INFO: [imsi-999708601131207] Registration complete (../src/amf/gmm-sm.c:1050)
07/06 15:23:39.438: [amf] INFO: InitialUEMessage [suci-0-999-70-0000-0-0-1115918939] Registration request (../src/amf/ngap-handler.c:401)
07/06 15:23:39.487: [amf] INFO: [imsi-999701115918939] Registration complete (../src/amf/gmm-sm.c:1050)
07/06 15:24:12.547: [amf] INFO: InitialUEMessage [suci-0-999-70-0000-0-0-9229487793] Registration request (../src/amf/ngap-handler.c:401)
07/06 15:24:12.601: [amf] INFO: [imsi-999709229487793] Registration complete (../src/amf/gmm-sm.c:1050)
07/06 15:24:27.861: [amf] INFO: InitialUEMessage [suci-0-999-70-0000-0-0-0479155857] Registration request (../src/amf/ngap-handler.c:401)
07/06 15:24:27.924: [amf] INFO: [imsi-999700479155857] Registration complete (../src/amf/gmm-sm.c:1050)
07/06 15:24:28.142: [amf] INFO: InitialUEMessage [suci-0-999-70-0000-0-0-7569371502] Registration request (../src/amf/ngap-handler.c:401)
07/06 15:24:28.177: [amf] INFO: [imsi-999707569371502] Registration complete (../src/amf/gmm-sm.c:1050)
07/06 15:24:36.575: [amf] INFO: InitialUEMessage [suci-0-999-70-0000-0-0-0230999931] Registration request (../src/amf/ngap-handler.c:401)
07/06 15:24:36.613: [amf] INFO: [imsi-999700230999931] Registration complete (../src/amf/gmm-sm.c:1050)
07/06 15:24:48.415: [amf] INFO: InitialUEMessage [suci-0-999-70-0000-0-0-1880719361] Registration request (../src/amf/ngap-handler.c:401)
07/06 15:24:48.449: [amf] INFO: [imsi-999701880719361] Registration complete (../src/amf/gmm-sm.c:1050)
07/06 15:25:02.064: [amf] INFO: InitialUEMessage [suci-0-999-70-0000-0-0-2199664682] Registration request (../src/amf/ngap-handler.c:401)
07/06 15:25:02.108: [amf] INFO: [imsi-999702199664682] Registration complete (../src/amf/gmm-sm.c:1050)
07/06 15:26:05.402: [amf] INFO: InitialUEMessage [suci-0-999-70-0000-0-0-0992482074] Registration request (../src/amf/ngap-handler.c:401)
07/06 15:26:05.458: [amf] INFO: [imsi-999700992482074] Registration complete (../src/amf/gmm-sm.c:1050)
07/06 15:26:11.841: [amf] INFO: InitialUEMessage [suci-0-999-70-0000-0-0-4623742488] Registration request (../src/amf/ngap-handler.c:401)
07/06 15:26:11.893: [amf] INFO: [imsi-999704623742488] Registration complete (../src/amf/gmm-sm.c:1050)
07/06 15:27:16.195: [amf] INFO: InitialUEMessage [suci-0-999-70-0000-0-0-0555457877] Registration request (../src/amf/ngap-handler.c:401)
07/06 15:27:16.221: [amf] INFO: [imsi-999700555457877] Registration complete (../src/amf/gmm-sm.c:1050)
07/06 15:27:38.437: [amf] INFO: InitialUEMessage [suci-0-999-70-0000-0-0-9125547389] Registration request (../src/amf/ngap-handler.c:401)
07/06 15:27:38.489: [amf] INFO: [imsi-999709125547389] Registration complete (../src/amf/gmm-sm.c:1050)
07/06 15:27:40.699: [amf] INFO: InitialUEMessage [suci-0-999-70-0000-0-0-1090952531] Registration request (../src/amf/ngap-handler.c:401)
07/06 15:27:40.734: [amf] INFO: [imsi-999701090952531] Registration complete (../src/amf/gmm-sm.c:1050)
07/06 15:30:40.519: [amf] INFO: InitialUEMessage [suci-0-999-70-0000-0-0-5546903065] Registration request (../src/amf/ngap-handler.c:401)
07/06 15:30:40.563: [amf] INFO: [imsi-999705546903065] Registration complete (../src/amf/gmm-sm.c:1050)
07/06 15:32:43.936: [amf] INFO: InitialUEMessage [suci-0-999-70-0000-0-0-0618996474] Registration request (../src/amf/ngap-handler.c:401)
07/06 15:32:43.969: [amf] INFO: [imsi-999700618996474] Registration complete (../src/amf/gmm-sm.c:1050)
07/06 15:33:49.249: [amf] INFO: InitialUEMessage [suci-0-999-70-0000-0-0-0005524141] Registration request (../src/amf/ngap-handler.c:401)
07/06 15:33:49.293: [amf] INFO: [imsi-999700005524141] Registration complete (../src/amf/gmm-sm.c:1050)
07/06 15:34:03.316: [amf] INFO: InitialUEMessage [suci-0-999-70-0000-0-0-9926425548] Registration request (../src/amf/ngap-handler.c:401)
07/06 15:34:03.351: [amf] INFO: [imsi-999709926425548] Registration complete (../src/amf/gmm-sm.c:1050)
07/06 15:34:32.127: [amf] INFO: InitialUEMessage [suci-0-999-70-0000-0-0-1510445383] Registration request (../src/amf/ngap-handler.c:401)
07/06 15:34:32.178: [amf] INFO: [imsi-999701510445383] Registration complete (../src/amf/gmm-sm.c:1050)
07/06 15:35:07.191: [amf] INFO: InitialUEMessage [suci-0-999-70-0000-0-0-6824856656] Registration request (../src/amf/ngap-handler.c:401)
07/06 15:35:07.238: [amf] INFO: [imsi-999706824856656] Registration complete (../src/amf/gmm-sm.c:1050)
07/06 15:35:18.540: [amf] INFO: InitialUEMessage [suci-0-999-70-0000-0-0-0426696413] Registration request (../src/amf/ngap-handler.c:401)
07/06 15:35:18.588: [amf] INFO: [imsi-999700426696413] Registration complete (../src/amf/gmm-sm.c:1050)
07/06 15:36:18.782: [amf] INFO: InitialUEMessage [suci-0-999-70-0000-0-0-6364420898] Registration request (../src/amf/ngap-handler.c:401)
07/06 15:36:18.825: [amf] INFO: [imsi-999706364420898] Registration complete (../src/amf/gmm-sm.c:1050)
07/06 15:37:16.080: [amf] INFO: InitialUEMessage [suci-0-999-70-0000-0-0-1087805679] Registration request (../src/amf/ngap-handler.c:401)
07/06 15:37:16.113: [amf] INFO: [imsi-999701087805679] Registration complete (../src/amf/gmm-sm.c:1050)
07/06 15:38:16.253: [amf] INFO: InitialUEMessage [suci-0-999-70-0000-0-0-7006430822] Registration request (../src/amf/ngap-handler.c:401)
07/06 15:38:16.284: [amf] INFO: [imsi-999707006430822] Registration complete (../src/amf/gmm-sm.c:1050)
07/06 15:38:48.721: [amf] INFO: InitialUEMessage [suci-0-999-70-0000-0-0-8733788328] Registration request (../src/amf/ngap-handler.c:401)
07/06 15:38:48.759: [amf] INFO: [imsi-999708733788328] Registration complete (../src/amf/gmm-sm.c:1050)
07/06 15:39:10.751: [amf] INFO: InitialUEMessage [suci-0-999-70-0000-0-0-5578475935] Registration request (../src/amf/ngap-handler.c:401)
07/06 15:39:10.784: [amf] INFO: [imsi-999705578475935] Registration complete (../src/amf/gmm-sm.c:1050)
07/06 15:39:29.537: [amf] INFO: InitialUEMessage [suci-0-999-70-0000-0-0-9436798147] Registration request (../src/amf/ngap-handler.c:401)
07/06 15:39:29.567: [amf] INFO: [imsi-999709436798147] Registration complete (../src/amf/gmm-sm.c:1050)
07/06 15:39:55.291: [amf] INFO: InitialUEMessage [suci-0-999-70-0000-0-0-4745058719] Registration request (../src/amf/ngap-handler.c:401)
07/06 15:39:55.320: [amf] INFO: [imsi-999704745058719] Registration complete (../src/amf/gmm-sm.c:1050)
07/06 15:40:56.878: [amf] INFO: InitialUEMessage [suci-0-999-70-0000-0-0-4897548966] Registration request (../src/amf/ngap-handler.c:401)
07/06 15:40:56.913: [amf] INFO: [imsi-999704897548966] Registration complete (../src/amf/gmm-sm.c:1050)
07/06 15:41:10.674: [amf] INFO: InitialUEMessage [suci-0-999-70-0000-0-0-1096912462] Registration request (../src/amf/ngap-handler.c:401)
07/06 15:41:10.732: [amf] INFO: [imsi-999701096912462] Registration complete (../src/amf/gmm-sm.c:1050)
07/06 15:41:11.980: [amf] INFO: InitialUEMessage [suci-0-999-70-0000-0-0-3891600474] Registration request (../src/amf/ngap-handler.c:401)
07/06 15:41:12.016: [amf] INFO: [imsi-999703891600474] Registration complete (../src/amf/gmm-sm.c:1050)
07/06 15:42:06.878: [amf] INFO: InitialUEMessage [suci-0-999-70-0000-0-0-8825155420] Registration request (../src/amf/ngap-handler.c:401)
07/06 15:42:06.942: [amf] INFO: [imsi-999708825155420] Registration complete (../src/amf/gmm-sm.c:1050)
07/06 15:42:22.250: [amf] INFO: InitialUEMessage [suci-0-999-70-0000-0-0-3259807088] Registration request (../src/amf/ngap-handler.c:401)
07/06 15:42:22.290: [amf] INFO: [imsi-999703259807088] Registration complete (../src/amf/gmm-sm.c:1050)
07/06 15:42:40.442: [amf] INFO: InitialUEMessage [suci-0-999-70-0000-0-0-8275987078] Registration request (../src/amf/ngap-handler.c:401)
07/06 15:42:40.493: [amf] INFO: [imsi-999708275987078] Registration complete (../src/amf/gmm-sm.c:1050)
07/06 15:43:57.659: [amf] INFO: InitialUEMessage [suci-0-999-70-0000-0-0-4691035493] Registration request (../src/amf/ngap-handler.c:401)
07/06 15:43:57.687: [amf] INFO: [imsi-999704691035493] Registration complete (../src/amf/gmm-sm.c:1050)
07/06 15:45:43.164: [amf] INFO: InitialUEMessage [suci-0-999-70-0000-0-0-7502084309] Registration request (../src/amf/ngap-handler.c:401)
07/06 15:45:43.216: [amf] INFO: [imsi-999707502084309] Registration complete (../src/amf/gmm-sm.c:1050)
07/06 15:45:49.524: [amf] INFO: InitialUEMessage [suci-0-999-70-0000-0-0-0902434509] Registration request (../src/amf/ngap-handler.c:401)
07/06 15:45:49.554: [amf] INFO: [imsi-999700902434509] Registration complete (../src/amf/gmm-sm.c:1050)
07/06 15:46:17.974: [amf] INFO: InitialUEMessage [suci-0-999-70-0000-0-0-1670404540] Registration request (../src/amf/ngap-handler.c:401)
07/06 15:46:18.043: [amf] INFO: [imsi-999701670404540] Registration complete (../src/amf/gmm-sm.c:1050)
07/06 15:46:40.291: [amf] INFO: InitialUEMessage [suci-0-999-70-0000-0-0-2388113813] Registration request (../src/amf/ngap-handler.c:401)
07/06 15:46:40.327: [amf] INFO: [imsi-999702388113813] Registration complete (../src/amf/gmm-sm.c:1050)
07/06 15:47:44.087: [amf] INFO: InitialUEMessage [suci-0-999-70-0000-0-0-8824677645] Registration request (../src/amf/ngap-handler.c:401)
07/06 15:47:44.132: [amf] INFO: [imsi-999708824677645] Registration complete (../src/amf/gmm-sm.c:1050)
07/06 15:49:58.047: [amf] INFO: InitialUEMessage [suci-0-999-70-0000-0-0-2129904569] Registration request (../src/amf/ngap-handler.c:401)
07/06 15:49:58.096: [amf] INFO: [imsi-999702129904569] Registration complete (../src/amf/gmm-sm.c:1050)
07/06 15:50:52.288: [amf] INFO: InitialUEMessage [suci-0-999-70-0000-0-0-4803956785] Registration request (../src/amf/ngap-handler.c:401)
07/06 15:50:52.341: [amf] INFO: [imsi-999704803956785] Registration complete (../src/amf/gmm-sm.c:1050)
07/06 15:51:38.117: [amf] INFO: InitialUEMessage [suci-0-999-70-0000-0-0-3994047822] Registration request (../src/amf/ngap-handler.c:401)
07/06 15:51:38.170: [amf] INFO: [imsi-999703994047822] Registration complete (../src/amf/gmm-sm.c:1050)
07/06 15:52:05.943: [amf] INFO: InitialUEMessage [suci-0-999-70-0000-0-0-3476284509] Registration request (../src/amf/ngap-handler.c:401)
07/06 15:52:05.990: [amf] INFO: [imsi-999703476284509] Registration complete (../src/amf/gmm-sm.c:1050)
07/06 15:52:11.952: [amf] INFO: InitialUEMessage [suci-0-999-70-0000-0-0-5868374630] Registration request (../src/amf/ngap-handler.c:401)
07/06 15:52:12.014: [amf] INFO: [imsi-999705868374630] Registration complete (../src/amf/gmm-sm.c:1050)
07/06 15:52:59.589: [amf] INFO: InitialUEMessage [suci-0-999-70-0000-0-0-8703294661] Registration request (../src/amf/ngap-handler.c:401)
07/06 15:52:59.629: [amf] INFO: [imsi-999708703294661] Registration complete (../src/amf/gmm-sm.c:1050)
07/06 15:53:30.645: [amf] INFO: InitialUEMessage [suci-0-999-70-0000-0-0-7150879709] Registration request (../src/amf/ngap-handler.c:401)
07/06 15:53:30.678: [amf] INFO: [imsi-999707150879709] Registration complete (../src/amf/gmm-sm.c:1050)
07/06 15:53:46.372: [amf] INFO: InitialUEMessage [suci-0-999-70-0000-0-0-5553323246] Registration request (../src/amf/ngap-handler.c:401)
07/06 15:53:46.427: [amf] INFO: [imsi-999705553323246] Registration complete (../src/amf/gmm-sm.c:1050)
07/06 15:55:20.758: [amf] INFO: InitialUEMessage [suci-0-999-70-0000-0-0-7040098517] Registration request (../src/amf/ngap-handler.c:401)
07/06 15:55:20.785: [amf] INFO: [imsi-999707040098517] Registration complete (../src/amf/gmm-sm.c:1050)
07/06 15:55:23.527: [amf] INFO: InitialUEMessage [suci-0-999-70-0000-0-0-9965474522] Registration request (../src/amf/ngap-handler.c:401)
07/06 15:55:23.581: [amf] INFO: [imsi-999709965474522] Registration complete (../src/amf/gmm-sm.c:1050)
07/06 15:55:59.994: [amf] INFO: InitialUEMessage [suci-0-999-70-0000-0-0-6924092101] Registration request (../src/amf/ngap-handler.c:401)
07/06 15:56:00.055: [amf] INFO: [imsi-999706924092101] Registration complete (../src/amf/gmm-sm.c:1050)
07/06 15:56:54.154: [amf] INFO: InitialUEMessage [suci-0-999-70-0000-0-0-5361398598] Registration request (../src/amf/ngap-handler.c:401)
07/06 15:56:54.203: [amf] INFO: [imsi-999705361398598] Registration complete (../src/amf/gmm-sm.c:1050)
07/06 15:57:32.440: [amf] INFO: InitialUEMessage [suci-0-999-70-0000-0-0-3747853756] Registration request (../src/amf/ngap-handler.c:401)
07/06 15:57:32.476: [amf] INFO: [imsi-999703747853756] Registration complete (../src/amf/gmm-sm.c:1050)
07/06 15:58:25.905: [amf] INFO: InitialUEMessage [suci-0-999-70-0000-0-0-7482061114] Registration request (../src/amf/ngap-handler.c:401)
07/06 15:58:25.949: [amf] INFO: [imsi-999707482061114] Registration complete (../src/amf/gmm-sm.c:1050)
07/06 15:58:27.215: [amf] INFO: InitialUEMessage [suci-0-999-70-0000-0-0-8224198536] Registration request (../src/amf/ngap-handler.c:401)
07/06 15:58:27.235: [amf] INFO: [imsi-999708224198536] Registration complete (../src/amf/gmm-sm.c:1050)
07/06 15:58:33.918: [amf] INFO: InitialUEMessage [suci-0-999-70-0000-0-0-4561796236] Registration request (../src/amf/ngap-handler.c:401)
07/06 15:58:33.982: [amf] INFO: [imsi-999704561796236] Registration complete (../src/amf/gmm-sm.c:1050)
07/06 15:58:51.527: [amf] INFO: InitialUEMessage [suci-0-999-70-0000-0-0-2526709001] Registration request (../src/amf/ngap-handler.c:401)
07/06 15:58:51.567: [amf] INFO: [imsi-999702526709001] Registration complete (../src/amf/gmm-sm.c:1050)
07/06 15:59:05.206: [amf] INFO: InitialUEMessage [suci-0-999-70-0000-0-0-6513767632] Registration request (../src/amf/ngap-handler.c:401)
07/06 15:59:05.249: [amf] INFO: [imsi-999706513767632] Registration complete (../src/amf/gmm-sm.c:1050)
07/06 15:59:13.411: [amf] INFO: InitialUEMessage [suci-0-999-70-0000-0-0-3270957520] Registration request (../src/amf/ngap-handler.c:401)
07/06 15:59:13.466: [amf] INFO: [imsi-999703270957520] Registration complete (../src/amf/gmm-sm.c:1050)
07/06 15:59:17.596: [amf] INFO: InitialUEMessage [suci-0-999-70-0000-0-0-3136904050] Registration request (../src/amf/ngap-handler.c:401)
07/06 15:59:17.652: [amf] INFO: [imsi-999703136904050] Registration complete (../src/amf/gmm-sm.c:1050)
07/06 15:59:18.295: [amf] INFO: InitialUEMessage [suci-0-999-70-0000-0-0-2936589468] Registration request (../src/amf/ngap-handler.c:401)
07/06 15:59:18.349: [amf] INFO: [imsi-999702936589468] Registration complete (../src/amf/gmm-sm.c:1050)
07/06 15:59:48.213: [amf] INFO: InitialUEMessage [suci-0-999-70-0000-0-0-7218704036] Registration request (../src/amf/ngap-handler.c:401)
07/06 15:59:48.246: [amf] INFO: [imsi-999707218704036] Registration complete (../src/amf/gmm-sm.c:1050)
07/06 16:00:11.768: [amf] INFO: InitialUEMessage [suci-0-999-70-0000-0-0-9914362442] Registration request (../src/amf/ngap-handler.c:401)
07/06 16:00:11.810: [amf] INFO: [imsi-999709914362442] Registration complete (../src/amf/gmm-sm.c:1050)
07/06 16:01:07.719: [amf] INFO: InitialUEMessage [suci-0-999-70-0000-0-0-5789773667] Registration request (../src/amf/ngap-handler.c:401)
07/06 16:01:07.759: [amf] INFO: [imsi-999705789773667] Registration complete (../src/amf/gmm-sm.c:1050)
07/06 16:02:41.723: [amf] INFO: InitialUEMessage [suci-0-999-70-0000-0-0-3750210872] Registration request (../src/amf/ngap-handler.c:401)
07/06 16:02:41.747: [amf] INFO: [imsi-999703750210872] Registration complete (../src/amf/gmm-sm.c:1050)
07/06 16:02:49.216: [amf] INFO: InitialUEMessage [suci-0-999-70-0000-0-0-5020630911] Registration request (../src/amf/ngap-handler.c:401)
07/06 16:02:49.275: [amf] INFO: [imsi-999705020630911] Registration complete (../src/amf/gmm-sm.c:1050)
07/06 16:02:54.453: [amf] INFO: InitialUEMessage [suci-0-999-70-0000-0-0-1924574000] Registration request (../src/amf/ngap-handler.c:401)
07/06 16:02:54.497: [amf] INFO: [imsi-999701924574000] Registration complete (../src/amf/gmm-sm.c:1050)
07/06 16:02:56.060: [amf] INFO: InitialUEMessage [suci-0-999-70-0000-0-0-4554549186] Registration request (../src/amf/ngap-handler.c:401)
07/06 16:02:56.114: [amf] INFO: [imsi-999704554549186] Registration complete (../src/amf/gmm-sm.c:1050)
07/06 16:03:18.293: [amf] INFO: InitialUEMessage [suci-0-999-70-0000-0-0-4582311652] Registration request (../src/amf/ngap-handler.c:401)
07/06 16:03:18.333: [amf] INFO: [imsi-999704582311652] Registration complete (../src/amf/gmm-sm.c:1050)
07/06 16:03:39.090: [amf] INFO: InitialUEMessage [suci-0-999-70-0000-0-0-1874193057] Registration request (../src/amf/ngap-handler.c:401)
07/06 16:03:39.125: [amf] INFO: [imsi-999701874193057] Registration complete (../src/amf/gmm-sm.c:1050)
07/06 16:05:00.496: [amf] INFO: InitialUEMessage [suci-0-999-70-0000-0-0-8263801768] Registration request (../src/amf/ngap-handler.c:401)
07/06 16:05:00.525: [amf] INFO: [imsi-999708263801768] Registration complete (../src/amf/gmm-sm.c:1050)
07/06 16:05:04.360: [amf] INFO: InitialUEMessage [suci-0-999-70-0000-0-0-4143429368] Registration request (../src/amf/ngap-handler.c:401)
07/06 16:05:04.408: [amf] INFO: [imsi-999704143429368] Registration complete (../src/amf/gmm-sm.c:1050)
07/06 16:05:24.242: [amf] INFO: InitialUEMessage [suci-0-999-70-0000-0-0-6106122335] Registration request (../src/amf/ngap-handler.c:401)
07/06 16:05:24.291: [amf] INFO: [imsi-999706106122335] Registration complete (../src/amf/gmm-sm.c:1050)
07/06 16:07:19.361: [amf] INFO: InitialUEMessage [suci-0-999-70-0000-0-0-6350508508] Registration request (../src/amf/ngap-handler.c:401)
07/06 16:07:19.418: [amf] INFO: [imsi-999706350508508] Registration complete (../src/amf/gmm-sm.c:1050)
07/06 16:08:21.556: [amf] INFO: InitialUEMessage [suci-0-999-70-0000-0-0-3734035755] Registration request (../src/amf/ngap-handler.c:401)
07/06 16:08:21.622: [amf] INFO: [imsi-999703734035755] Registration complete (../src/amf/gmm-sm.c:1050)
07/06 16:08:26.441: [amf] INFO: InitialUEMessage [suci-0-999-70-0000-0-0-6128672901] Registration request (../src/amf/ngap-handler.c:401)
07/06 16:08:26.489: [amf] INFO: [imsi-999706128672901] Registration complete (../src/amf/gmm-sm.c:1050)
07/06 16:09:27.396: [amf] INFO: InitialUEMessage [suci-0-999-70-0000-0-0-9933573917] Registration request (../src/amf/ngap-handler.c:401)
07/06 16:09:27.444: [amf] INFO: [imsi-999709933573917] Registration complete (../src/amf/gmm-sm.c:1050)
07/06 16:10:35.095: [amf] INFO: InitialUEMessage [suci-0-999-70-0000-0-0-7198938754] Registration request (../src/amf/ngap-handler.c:401)
07/06 16:10:35.148: [amf] INFO: [imsi-999707198938754] Registration complete (../src/amf/gmm-sm.c:1050)
07/06 16:10:45.018: [amf] INFO: InitialUEMessage [suci-0-999-70-0000-0-0-1630464629] Registration request (../src/amf/ngap-handler.c:401)
07/06 16:10:45.048: [amf] INFO: [imsi-999701630464629] Registration complete (../src/amf/gmm-sm.c:1050)
07/06 16:10:47.244: [amf] INFO: InitialUEMessage [suci-0-999-70-0000-0-0-0771889180] Registration request (../src/amf/ngap-handler.c:401)
07/06 16:10:47.292: [amf] INFO: [imsi-999700771889180] Registration complete (../src/amf/gmm-sm.c:1050)
07/06 16:11:00.129: [amf] INFO: InitialUEMessage [suci-0-999-70-0000-0-0-3058053822] Registration request (../src/amf/ngap-handler.c:401)
07/06 16:11:00.181: [amf] INFO: [imsi-999703058053822] Registration complete (../src/amf/gmm-sm.c:1050)
07/06 16:12:18.228: [amf] INFO: InitialUEMessage [suci-0-999-70-0000-0-0-9711147402] Registration request (../src/amf/ngap-handler.c:401)
07/06 16:12:18.263: [amf] INFO: [imsi-999709711147402] Registration complete (../src/amf/gmm-sm.c:1050)
07/06 16:13:02.888: [amf] INFO: InitialUEMessage [suci-0-999-70-0000-0-0-3754102588] Registration request (../src/amf/ngap-handler.c:401)
07/06 16:13:02.928: [amf] INFO: [imsi-999703754102588] Registration complete (../src/amf/gmm-sm.c:1050)
07/06 16:13:13.870: [amf] INFO: InitialUEMessage [suci-0-999-70-0000-0-0-0153089359] Registration request (../src/amf/ngap-handler.c:401)
07/06 16:13:13.911: [amf] INFO: [imsi-999700153089359] Registration complete (../src/amf/gmm-sm.c:1050)
07/06 16:13:20.383: [amf] INFO: InitialUEMessage [suci-0-999-70-0000-0-0-2644670632] Registration request (../src/amf/ngap-handler.c:401)
07/06 16:13:20.412: [amf] INFO: [imsi-999702644670632] Registration complete (../src/amf/gmm-sm.c:1050)
07/06 16:13:26.529: [amf] INFO: InitialUEMessage [suci-0-999-70-0000-0-0-8867247458] Registration request (../src/amf/ngap-handler.c:401)
07/06 16:13:26.576: [amf] INFO: [imsi-999708867247458] Registration complete (../src/amf/gmm-sm.c:1050)
07/06 16:14:04.511: [amf] INFO: InitialUEMessage [suci-0-999-70-0000-0-0-9196270329] Registration request (../src/amf/ngap-handler.c:401)
07/06 16:14:04.550: [amf] INFO: [imsi-999709196270329] Registration complete (../src/amf/gmm-sm.c:1050)
07/06 16:14:09.356: [amf] INFO: InitialUEMessage [suci-0-999-70-0000-0-0-5933849206] Registration request (../src/amf/ngap-handler.c:401)
07/06 16:14:09.396: [amf] INFO: [imsi-999705933849206] Registration complete (../src/amf/gmm-sm.c:1050)
07/06 16:14:53.345: [amf] INFO: InitialUEMessage [suci-0-999-70-0000-0-0-4929968245] Registration request (../src/amf/ngap-handler.c:401)
07/06 16:14:53.384: [amf] INFO: [imsi-999704929968245] Registration complete (../src/amf/gmm-sm.c:1050)
07/06 16:15:06.669: [amf] INFO: InitialUEMessage [suci-0-999-70-0000-0-0-4001953945] Registration request (../src/amf/ngap-handler.c:401)
07/06 16:15:06.720: [amf] INFO: [imsi-999704001953945] Registration complete (../src/amf/gmm-sm.c:1050)
07/06 16:15:20.457: [amf] INFO: InitialUEMessage [suci-0-999-70-0000-0-0-9593935865] Registration request (../src/amf/ngap-handler.c:401)
07/06 16:15:20.506: [amf] INFO: [imsi-999709593935865] Registration complete (../src/amf/gmm-sm.c:1050)
07/06 16:15:31.048: [amf] INFO: InitialUEMessage [suci-0-999-70-0000-0-0-9314234629] Registration request (../src/amf/ngap-handler.c:401)
07/06 16:15:31.095: [amf] INFO: [imsi-999709314234629] Registration complete (../src/amf/gmm-sm.c:1050)
07/06 16:15:55.260: [amf] INFO: InitialUEMessage [suci-0-999-70-0000-0-0-0208048528] Registration request (../src/amf/ngap-handler.c:401)
07/06 16:15:55.325: [amf] INFO: [imsi-999700208048528] Registration complete (../src/amf/gmm-sm.c:1050)
07/06 16:16:37.226: [amf] INFO: InitialUEMessage [suci-0-999-70-0000-0-0-1507045526] Registration request (../src/amf/ngap-handler.c:401)
07/06 16:16:37.258: [amf] INFO: [imsi-999701507045526] Registration complete (../src/amf/gmm-sm.c:1050)
07/06 16:17:43.958: [amf] INFO: InitialUEMessage [suci-0-999-70-0000-0-0-8602749063] Registration request (../src/amf/ngap-handler.c:401)
07/06 16:17:43.998: [amf] INFO: [imsi-999708602749063] Registration complete (../src/amf/gmm-sm.c:1050)
07/06 16:17:57.009: [amf] INFO: InitialUEMessage [suci-0-999-70-0000-0-0-5113350633] Registration request (../src/amf/ngap-handler.c:401)
07/06 16:17:57.048: [amf] INFO: [imsi-999705113350633] Registration complete (../src/amf/gmm-sm.c:1050)
07/06 16:18:02.184: [amf] INFO: InitialUEMessage [suci-0-999-70-0000-0-0-3900174986] Registration request (../src/amf/ngap-handler.c:401)
07/06 16:18:02.246: [amf] INFO: [imsi-999703900174986] Registration complete (../src/amf/gmm-sm.c:1050)
07/06 16:18:54.760: [amf] INFO: InitialUEMessage [suci-0-999-70-0000-0-0-1497844133] Registration request (../src/amf/ngap-handler.c:401)
07/06 16:18:54.818: [amf] INFO: [imsi-999701497844133] Registration complete (../src/amf/gmm-sm.c:1050)
07/06 16:19:08.985: [amf] INFO: InitialUEMessage [suci-0-999-70-0000-0-0-1673033519] Registration request (../src/amf/ngap-handler.c:401)
07/06 16:19:09.031: [amf] INFO: [imsi-999701673033519] Registration complete (../src/amf/gmm-sm.c:1050)
07/06 16:19:24.526: [amf] INFO: InitialUEMessage [suci-0-999-70-0000-0-0-0750943653] Registration request (../src/amf/ngap-handler.c:401)
07/06 16:19:24.544: [amf] INFO: [imsi-999700750943653] Registration complete (../src/amf/gmm-sm.c:1050)
07/06 16:19:36.987: [amf] INFO: InitialUEMessage [suci-0-999-70-0000-0-0-8276922368] Registration request (../src/amf/ngap-handler.c:401)
07/06 16:19:37.037: [amf] INFO: [imsi-999708276922368] Registration complete (../src/amf/gmm-sm.c:1050)
07/06 16:19:44.125: [amf] INFO: InitialUEMessage [suci-0-999-70-0000-0-0-3462519102] Registration request (../src/amf/ngap-handler.c:401)
07/06 16:19:44.161: [amf] INFO: [imsi-999703462519102] Registration complete (../src/amf/gmm-sm.c:1050)
07/06 16:19:52.018: [amf] INFO: InitialUEMessage [suci-0-999-70-0000-0-0-4935770500] Registration request (../src/amf/ngap-handler.c:401)
07/06 16:19:52.057: [amf] INFO: [imsi-999704935770500] Registration complete (../src/amf/gmm-sm.c:1050)
07/06 16:20:03.354: [amf] INFO: InitialUEMessage [suci-0-999-70-0000-0-0-4033959958] Registration request (../src/amf/ngap-handler.c:401)
07/06 16:20:03.397: [amf] INFO: [imsi-999704033959958] Registration complete (../src/amf/gmm-sm.c:1050)
07/06 16:20:24.423: [amf] INFO: InitialUEMessage [suci-0-999-70-0000-0-0-2456734615] Registration request (../src/amf/ngap-handler.c:401)
07/06 16:20:24.476: [amf] INFO: [imsi-999702456734615] Registration complete (../src/amf/gmm-sm.c:1050)
07/06 16:22:09.798: [amf] INFO: InitialUEMessage [suci-0-999-70-0000-0-0-8688605097] Registration request (../src/amf/ngap-handler.c:401)
07/06 16:22:09.845: [amf] INFO: [imsi-999708688605097] Registration complete (../src/amf/gmm-sm.c:1050)
07/06 16:22:44.228: [amf] INFO: InitialUEMessage [suci-0-999-70-0000-0-0-6878850895] Registration request (../src/amf/ngap-handler.c:401)
07/06 16:22:44.269: [amf] INFO: [imsi-999706878850895] Registration complete (../src/amf/gmm-sm.c:1050)
07/06 16:22:57.480: [amf] INFO: InitialUEMessage [suci-0-999-70-0000-0-0-7331829727] Registration request (../src/amf/ngap-handler.c:401)
07/06 16:22:57.520: [amf] INFO: [imsi-999707331829727] Registration complete (../src/amf/gmm-sm.c:1050)
07/06 16:23:46.744: [amf] INFO: InitialUEMessage [suci-0-999-70-0000-0-0-7608065592] Registration request (../src/amf/ngap-handler.c:401)
07/06 16:23:46.791: [amf] INFO: [imsi-999707608065592] Registration complete (../src/amf/gmm-sm.c:1050)
07/06 16:23:57.191: [amf] INFO: InitialUEMessage [suci-0-999-70-0000-0-0-3612684722] Registration request (../src/amf/ngap-handler.c:401)
07/06 16:23:57.229: [amf] INFO: [imsi-999703612684722] Registration complete (../src/amf/gmm-sm.c:1050)
07/06 16:24:07.876: [amf] INFO: InitialUEMessage [suci-0-999-70-0000-0-0-1358236168] Registration request (../src/amf/ngap-handler.c:401)
07/06 16:24:07.910: [amf] INFO: [imsi-999701358236168] Registration complete (../src/amf/gmm-sm.c:1050)
07/06 16:25:31.040: [amf] INFO: InitialUEMessage [suci-0-999-70-0000-0-0-3914622772] Registration request (../src/amf/ngap-handler.c:401)
07/06 16:25:31.096: [amf] INFO: [imsi-999703914622772] Registration complete (../src/amf/gmm-sm.c:1050)
07/06 16:26:23.124: [amf] INFO: InitialUEMessage [suci-0-999-70-0000-0-0-5469458757] Registration request (../src/amf/ngap-handler.c:401)
07/06 16:26:23.152: [amf] INFO: [imsi-999705469458757] Registration complete (../src/amf/gmm-sm.c:1050)
07/06 16:26:53.483: [amf] INFO: InitialUEMessage [suci-0-999-70-0000-0-0-9378085820] Registration request (../src/amf/ngap-handler.c:401)
07/06 16:26:53.552: [amf] INFO: [imsi-999709378085820] Registration complete (../src/amf/gmm-sm.c:1050)
07/06 16:27:06.206: [amf] INFO: InitialUEMessage [suci-0-999-70-0000-0-0-7801971628] Registration request (../src/amf/ngap-handler.c:401)
07/06 16:27:06.241: [amf] INFO: [imsi-999707801971628] Registration complete (../src/amf/gmm-sm.c:1050)
07/06 16:27:50.873: [amf] INFO: InitialUEMessage [suci-0-999-70-0000-0-0-3167388126] Registration request (../src/amf/ngap-handler.c:401)
07/06 16:27:50.908: [amf] INFO: [imsi-999703167388126] Registration complete (../src/amf/gmm-sm.c:1050)
07/06 16:28:02.608: [amf] INFO: InitialUEMessage [suci-0-999-70-0000-0-0-3696054891] Registration request (../src/amf/ngap-handler.c:401)
07/06 16:28:02.638: [amf] INFO: [imsi-999703696054891] Registration complete (../src/amf/gmm-sm.c:1050)
07/06 16:30:07.155: [amf] INFO: InitialUEMessage [suci-0-999-70-0000-0-0-5394506319] Registration request (../src/amf/ngap-handler.c:401)
07/06 16:30:07.193: [amf] INFO: [imsi-999705394506319] Registration complete (../src/amf/gmm-sm.c:1050)
07/06 16:30:19.993: [amf] INFO: InitialUEMessage [suci-0-999-70-0000-0-0-3317371493] Registration request (../src/amf/ngap-handler.c:401)
07/06 16:30:20.041: [amf] INFO: [imsi-999703317371493] Registration complete (../src/amf/gmm-sm.c:1050)
07/06 16:30:48.923: [amf] INFO: InitialUEMessage [suci-0-999-70-0000-0-0-0096356882] Registration request (../src/amf/ngap-handler.c:401)
07/06 16:30:48.970: [amf] INFO: [imsi-999700096356882] Registration complete (../src/amf/gmm-sm.c:1050)
07/06 16:31:08.949: [amf] INFO: InitialUEMessage [suci-0-999-70-0000-0-0-8919687632] Registration request (../src/amf/ngap-handler.c:401)
07/06 16:31:09.004: [amf] INFO: [imsi-999708919687632] Registration complete (../src/amf/gmm-sm.c:1050)
07/06 16:31:24.780: [amf] INFO: InitialUEMessage [suci-0-999-70-0000-0-0-0049860004] Registration request (../src/amf/ngap-handler.c:401)
07/06 16:31:24.839: [amf] INFO: [imsi-999700049860004] Registration complete (../src/amf/gmm-sm.c:1050)
07/06 16:31:32.640: [amf] INFO: InitialUEMessage [suci-0-999-70-0000-0-0-7496633643] Registration request (../src/amf/ngap-handler.c:401)
07/06 16:31:32.666: [amf] INFO: [imsi-999707496633643] Registration complete (../src/amf/gmm-sm.c:1050)
07/06 16:31:56.516: [amf] INFO: InitialUEMessage [suci-0-999-70-0000-0-0-6503712160] Registration request (../src/amf/ngap-handler.c:401)
07/06 16:31:56.568: [amf] INFO: [imsi-999706503712160] Registration complete (../src/amf/gmm-sm.c:1050)
07/06 16:32:22.127: [amf] INFO: InitialUEMessage [suci-0-999-70-0000-0-0-4905242357] Registration request (../src/amf/ngap-handler.c:401)
07/06 16:32:22.165: [amf] INFO: [imsi-999704905242357] Registration complete (../src/amf/gmm-sm.c:1050)
07/06 16:33:28.937: [amf] INFO: InitialUEMessage [suci-0-999-70-0000-0-0-4881119901] Registration request (../src/amf/ngap-handler.c:401)
07/06 16:33:28.973: [amf] INFO: [imsi-999704881119901] Registration complete (../src/amf/gmm-sm.c:1050)
07/06 16:33:29.692: [amf] INFO: InitialUEMessage [suci-0-999-70-0000-0-0-3988767150] Registration request (../src/amf/ngap-handler.c:401)
07/06 16:33:29.734: [amf] INFO: [imsi-999703988767150] Registration complete (../src/amf/gmm-sm.c:1050)
07/06 16:33:37.585: [amf] INFO: InitialUEMessage [suci-0-999-70-0000-0-0-5689757247] Registration request (../src/amf/ngap-handler.c:401)
07/06 16:33:37.609: [amf] INFO: [imsi-999705689757247] Registration complete (../src/amf/gmm-sm.c:1050)
07/06 16:34:25.499: [amf] INFO: InitialUEMessage [suci-0-999-70-0000-0-0-9996509360] Registration request (../src/amf/ngap-handler.c:401)
07/06 16:34:25.523: [amf] INFO: [imsi-999709996509360] Registration complete (../src/amf/gmm-sm.c:1050)
07/06 16:34:31.886: [amf] INFO: InitialUEMessage [suci-0-999-70-0000-0-0-8183280592] Registration request (../src/amf/ngap-handler.c:401)
07/06 16:34:31.941: [amf] INFO: [imsi-999708183280592] Registration complete (../src/amf/gmm-sm.c:1050)
07/06 16:34:56.435: [amf] INFO: InitialUEMessage [suci-0-999-70-0000-0-0-0269087490] Registration request (../src/amf/ngap-handler.c:401)
07/06 16:34:56.475: [amf] INFO: [imsi-999700269087490] Registration complete (../src/amf/gmm-sm.c:1050)
07/06 16:35:47.934: [amf] INFO: InitialUEMessage [suci-0-999-70-0000-0-0-7508260612] Registration request (../src/amf/ngap-handler.c:401)
07/06 16:35:47.961: [amf] INFO: [imsi-999707508260612] Registration complete (../src/amf/gmm-sm.c:1050)
07/06 16:37:10.624: [amf] INFO: InitialUEMessage [suci-0-999-70-0000-0-0-7633626475] Registration request (../src/amf/ngap-handler.c:401)
07/06 16:37:10.656: [amf] INFO: [imsi-999707633626475] Registration complete (../src/amf/gmm-sm.c:1050)
07/06 16:37:14.662: [amf] INFO: InitialUEMessage [suci-0-999-70-0000-0-0-9058002048] Registration request (../src/amf/ngap-handler.c:401)
07/06 16:37:14.730: [amf] INFO: [imsi-999709058002048] Registration complete (../src/amf/gmm-sm.c:1050)
07/06 16:37:21.743: [amf] INFO: InitialUEMessage [suci-0-999-70-0000-0-0-7308215574] Registration request (../src/amf/ngap-handler.c:401)
07/06 16:37:21.779: [amf] INFO: [imsi-999707308215574] Registration complete (../src/amf/gmm-sm.c:1050)
07/06 16:37:46.839: [amf] INFO: InitialUEMessage [suci-0-999-70-0000-0-0-6836732142] Registration request (../src/amf/ngap-handler.c:401)
07/06 16:37:46.889: [amf] INFO: [imsi-999706836732142] Registration complete (../src/amf/gmm-sm.c:1050)
07/06 16:37:58.381: [amf] INFO: InitialUEMessage [suci-0-999-70-0000-0-0-1685239231] Registration request (../src/amf/ngap-handler.c:401)
07/06 16:37:58.418: [amf] INFO: [imsi-999701685239231] Registration complete (../src/amf/gmm-sm.c:1050)
07/06 16:39:06.755: [amf] INFO: InitialUEMessage [suci-0-999-70-0000-0-0-4823547949] Registration request (../src/amf/ngap-handler.c:401)
07/06 16:39:06.808: [amf] INFO: [imsi-999704823547949] Registration complete (../src/amf/gmm-sm.c:1050)
07/06 16:40:28.307: [amf] INFO: InitialUEMessage [suci-0-999-70-0000-0-0-5071766778] Registration request (../src/amf/ngap-handler.c:401)
07/06 16:40:28.373: [amf] INFO: [imsi-999705071766778] Registration complete (../src/amf/gmm-sm.c:1050)
07/06 16:40:29.919: [amf] INFO: InitialUEMessage [suci-0-999-70-0000-0-0-4299178839] Registration request (../src/amf/ngap-handler.c:401)
07/06 16:40:29.958: [amf] INFO: [imsi-999704299178839] Registration complete (../src/amf/gmm-sm.c:1050)
07/06 16:41:25.863: [amf] INFO: InitialUEMessage [suci-0-999-70-0000-0-0-6747112731] Registration request (../src/amf/ngap-handler.c:401)
07/06 16:41:25.885: [amf] INFO: [imsi-999706747112731] Registration complete (../src/amf/gmm-sm.c:1050)
07/06 16:42:34.568: [amf] INFO: InitialUEMessage [suci-0-999-70-0000-0-0-7164984261] Registration request (../src/amf/ngap-handler.c:401)
07/06 16:42:34.619: [amf] INFO: [imsi-999707164984261] Registration complete (../src/amf/gmm-sm.c:1050)
07/06 16:44:18.580: [amf] INFO: InitialUEMessage [suci-0-999-70-0000-0-0-5116678203] Registration request (../src/amf/ngap-handler.c:401)
07/06 16:44:18.621: [amf] INFO: [imsi-999705116678203] Registration complete (../src/amf/gmm-sm.c:1050)
07/06 16:45:16.249: [amf] INFO: InitialUEMessage [suci-0-999-70-0000-0-0-9091498097] Registration request (../src/amf/ngap-handler.c:401)
07/06 16:45:16.286: [amf] INFO: [imsi-999709091498097] Registration complete (../src/amf/gmm-sm.c:1050)
07/06 16:45:16.293: [amf] INFO: InitialUEMessage [suci-0-999-70-0000-0-0-4273966457] Registration request (../src/amf/ngap-handler.c:401)
07/06 16:45:16.354: [amf] INFO: [imsi-999704273966457] Registration complete (../src/amf/gmm-sm.c:1050)
07/06 16:45:25.915: [amf] INFO: InitialUEMessage [suci-0-999-70-0000-0-0-3600689125] Registration request (../src/amf/ngap-handler.c:401)
07/06 16:45:25.980: [amf] INFO: [imsi-999703600689125] Registration complete (../src/amf/gmm-sm.c:1050)
07/06 16:45:27.498: [amf] INFO: InitialUEMessage [suci-0-999-70-0000-0-0-3624570163] Registration request (../src/amf/ngap-handler.c:401)
07/06 16:45:27.541: [amf] INFO: [imsi-999703624570163] Registration complete (../src/amf/gmm-sm.c:1050)
07/06 16:45:30.848: [amf] INFO: InitialUEMessage [suci-0-999-70-0000-0-0-2267001598] Registration request (../src/amf/ngap-handler.c:401)
07/06 16:45:30.902: [amf] INFO: [imsi-999702267001598] Registration complete (../src/amf/gmm-sm.c:1050)
07/06 16:45:52.905: [amf] INFO: InitialUEMessage [suci-0-999-70-0000-0-0-3304720403] Registration request (../src/amf/ngap-handler.c:401)
07/06 16:45:52.953: [amf] INFO: [imsi-999703304720403] Registration complete (../src/amf/gmm-sm.c:1050)
07/06 16:45:59.164: [amf] INFO: InitialUEMessage [suci-0-999-70-0000-0-0-9669148005] Registration request (../src/amf/ngap-handler.c:401)
07/06 16:45:59.199: [amf] INFO: [imsi-999709669148005] Registration complete (../src/amf/gmm-sm.c:1050)
07/06 16:47:58.466: [amf] INFO: InitialUEMessage [suci-0-999-70-0000-0-0-3483047702] Registration request (../src/amf/ngap-handler.c:401)
07/06 16:47:58.499: [amf] INFO: InitialUEMessage [suci-0-999-70-0000-0-0-5406387180] Registration request (../src/amf/ngap-handler.c:401)
07/06 16:47:58.501: [amf] INFO: [imsi-999703483047702] Registration complete (../src/amf/gmm-sm.c:1050)
07/06 16:47:58.556: [amf] INFO: [imsi-999705406387180] Registration complete (../src/amf/gmm-sm.c:1050)
07/06 16:49:56.232: [amf] INFO: InitialUEMessage [suci-0-999-70-0000-0-0-3073324924] Registration request (../src/amf/ngap-handler.c:401)
07/06 16:49:56.283: [amf] INFO: [imsi-999703073324924] Registration complete (../src/amf/gmm-sm.c:1050)
07/06 16:50:21.361: [amf] INFO: InitialUEMessage [suci-0-999-70-0000-0-0-9919467910] Registration request (../src/amf/ngap-handler.c:401)
07/06 16:50:21.404: [amf] INFO: [imsi-999709919467910] Registration complete (../src/amf/gmm-sm.c:1050)
07/06 16:50:53.774: [amf] INFO: InitialUEMessage [suci-0-999-70-0000-0-0-4609337410] Registration request (../src/amf/ngap-handler.c:401)
07/06 16:50:53.802: [amf] INFO: [imsi-999704609337410] Registration complete (../src/amf/gmm-sm.c:1050)
07/06 16:51:11.539: [amf] INFO: InitialUEMessage [suci-0-999-70-0000-0-0-5645890951] Registration request (../src/amf/ngap-handler.c:401)
07/06 16:51:11.599: [amf] INFO: [imsi-999705645890951] Registration complete (../src/amf/gmm-sm.c:1050)
07/06 16:51:16.488: [amf] INFO: InitialUEMessage [suci-0-999-70-0000-0-0-4112165581] Registration request (../src/amf/ngap-handler.c:401)
07/06 16:51:16.528: [amf] INFO: [imsi-999704112165581] Registration complete (../src/amf/gmm-sm.c:1050)
07/06 16:51:43.858: [amf] INFO: InitialUEMessage [suci-0-999-70-0000-0-0-2459885594] Registration request (../src/amf/ngap-handler.c:401)
07/06 16:51:43.903: [amf] INFO: [imsi-999702459885594] Registration complete (../src/amf/gmm-sm.c:1050)
07/06 16:52:29.606: [amf] INFO: InitialUEMessage [suci-0-999-70-0000-0-0-6983852760] Registration request (../src/amf/ngap-handler.c:401)
07/06 16:52:29.633: [amf] INFO: [imsi-999706983852760] Registration complete (../src/amf/gmm-sm.c:1050)
07/06 16:53:16.801: [amf] INFO: InitialUEMessage [suci-0-999-70-0000-0-0-0620332903] Registration request (../src/amf/ngap-handler.c:401)
07/06 16:53:16.853: [amf] INFO: [imsi-999700620332903] Registration complete (../src/amf/gmm-sm.c:1050)
07/06 16:53:20.727: [amf] INFO: InitialUEMessage [suci-0-999-70-0000-0-0-9609209494] Registration request (../src/amf/ngap-handler.c:401)
07/06 16:53:20.780: [amf] INFO: [imsi-999709609209494] Registration complete (../src/amf/gmm-sm.c:1050)
07/06 16:53:51.177: [amf] INFO: InitialUEMessage [suci-0-999-70-0000-0-0-9614880057] Registration request (../src/amf/ngap-handler.c:401)
07/06 16:53:51.231: [amf] INFO: [imsi-999709614880057] Registration complete (../src/amf/gmm-sm.c:1050)
07/06 16:54:44.974: [amf] INFO: InitialUEMessage [suci-0-999-70-0000-0-0-1250199697] Registration request (../src/amf/ngap-handler.c:401)
07/06 16:54:44.998: [amf] INFO: [imsi-999701250199697] Registration complete (../src/amf/gmm-sm.c:1050)
07/06 16:55:04.183: [amf] INFO: InitialUEMessage [suci-0-999-70-0000-0-0-5070748392] Registration request (../src/amf/ngap-handler.c:401)
07/06 16:55:04.224: [amf] INFO: [imsi-999705070748392] Registration complete (../src/amf/gmm-sm.c:1050)
07/06 16:55:57.923: [amf] INFO: InitialUEMessage [suci-0-999-70-0000-0-0-8319592124] Registration request (../src/amf/ngap-handler.c:401)
07/06 16:55:57.980: [amf] INFO: [imsi-999708319592124] Registration complete (../src/amf/gmm-sm.c:1050)
07/06 16:56:29.306: [amf] INFO: InitialUEMessage [suci-0-999-70-0000-0-0-9676183122] Registration request (../src/amf/ngap-handler.c:401)
07/06 16:56:29.346: [amf] INFO: [imsi-999709676183122] Registration complete (../src/amf/gmm-sm.c:1050)
07/06 16:56:51.661: [amf] INFO: InitialUEMessage [suci-0-999-70-0000-0-0-6300865075] Registration request (../src/amf/ngap-handler.c:401)
07/06 16:56:51.723: [amf] INFO: [imsi-999706300865075] Registration complete (../src/amf/gmm-sm.c:1050)
07/06 16:56:54.465: [amf] INFO: InitialUEMessage [suci-0-999-70-0000-0-0-8008054213] Registration request (../src/amf/ngap-handler.c:401)
07/06 16:56:54.521: [amf] INFO: [imsi-999708008054213] Registration complete (../src/amf/gmm-sm.c:1050)
07/06 16:58:15.736: [amf] INFO: InitialUEMessage [suci-0-999-70-0000-0-0-8312366179] Registration request (../src/amf/ngap-handler.c:401)
07/06 16:58:15.766: [amf] INFO: [imsi-999708312366179] Registration complete (../src/amf/gmm-sm.c:1050)
07/06 16:59:53.167: [amf] INFO: InitialUEMessage [suci-0-999-70-0000-0-0-2759927349] Registration request (../src/amf/ngap-handler.c:401)
07/06 16:59:53.194: [amf] INFO: [imsi-999702759927349] Registration complete (../src/amf/gmm-sm.c:1050)
07/06 17:00:03.839: [amf] INFO: InitialUEMessage [suci-0-999-70-0000-0-0-8501186400] Registration request (../src/amf/ngap-handler.c:401)
07/06 17:00:03.902: [amf] INFO: [imsi-999708501186400] Registration complete (../src/amf/gmm-sm.c:1050)
07/06 17:01:08.650: [amf] INFO: InitialUEMessage [suci-0-999-70-0000-0-0-8900149280] Registration request (../src/amf/ngap-handler.c:401)
07/06 17:01:08.697: [amf] INFO: [imsi-999708900149280] Registration complete (../src/amf/gmm-sm.c:1050)
07/06 17:01:33.040: [amf] INFO: InitialUEMessage [suci-0-999-70-0000-0-0-2736513969] Registration request (../src/amf/ngap-handler.c:401)
07/06 17:01:33.077: [amf] INFO: [imsi-999702736513969] Registration complete (../src/amf/gmm-sm.c:1050)
07/06 17:02:56.213: [amf] INFO: InitialUEMessage [suci-0-999-70-0000-0-0-6948433388] Registration request (../src/amf/ngap-handler.c:401)
07/06 17:02:56.260: [amf] INFO: [imsi-999706948433388] Registration complete (../src/amf/gmm-sm.c:1050)
07/06 17:02:56.605: [amf] INFO: InitialUEMessage [suci-0-999-70-0000-0-0-4698355268] Registration request (../src/amf/ngap-handler.c:401)
07/06 17:02:56.649: [amf] INFO: [imsi-999704698355268] Registration complete (../src/amf/gmm-sm.c:1050)
07/06 17:05:01.497: [amf] INFO: InitialUEMessage [suci-0-999-70-0000-0-0-5482917927] Registration request (../src/amf/ngap-handler.c:401)
07/06 17:05:01.544: [amf] INFO: [imsi-999705482917927] Registration complete (../src/amf/gmm-sm.c:1050)
07/06 17:05:31.658: [amf] INFO: InitialUEMessage [suci-0-999-70-0000-0-0-6973316417] Registration request (../src/amf/ngap-handler.c:401)
07/06 17:05:31.715: [amf] INFO: [imsi-999706973316417] Registration complete (../src/amf/gmm-sm.c:1050)
07/06 17:05:43.307: [amf] INFO: InitialUEMessage [suci-0-999-70-0000-0-0-7431678818] Registration request (../src/amf/ngap-handler.c:401)
07/06 17:05:43.347: [amf] INFO: [imsi-999707431678818] Registration complete (../src/amf/gmm-sm.c:1050)
07/06 17:05:47.895: [amf] INFO: InitialUEMessage [suci-0-999-70-0000-0-0-4001253667] Registration request (../src/amf/ngap-handler.c:401)
07/06 17:05:47.933: [amf] INFO: [imsi-999704001253667] Registration complete (../src/amf/gmm-sm.c:1050)
07/06 17:06:09.278: [amf] INFO: InitialUEMessage [suci-0-999-70-0000-0-0-0628584317] Registration request (../src/amf/ngap-handler.c:401)
07/06 17:06:09.309: [amf] INFO: [imsi-999700628584317] Registration complete (../src/amf/gmm-sm.c:1050)
07/06 17:06:23.847: [amf] INFO: InitialUEMessage [suci-0-999-70-0000-0-0-1714563410] Registration request (../src/amf/ngap-handler.c:401)
07/06 17:06:23.893: [amf] INFO: [imsi-999701714563410] Registration complete (../src/amf/gmm-sm.c:1050)
07/06 17:07:11.856: [amf] INFO: InitialUEMessage [suci-0-999-70-0000-0-0-8343605319] Registration request (../src/amf/ngap-handler.c:401)
07/06 17:07:11.897: [amf] INFO: [imsi-999708343605319] Registration complete (../src/amf/gmm-sm.c:1050)
07/06 17:07:30.475: [amf] INFO: InitialUEMessage [suci-0-999-70-0000-0-0-2477186555] Registration request (../src/amf/ngap-handler.c:401)
07/06 17:07:30.521: [amf] INFO: [imsi-999702477186555] Registration complete (../src/amf/gmm-sm.c:1050)
07/06 17:07:34.867: [amf] INFO: InitialUEMessage [suci-0-999-70-0000-0-0-7184206162] Registration request (../src/amf/ngap-handler.c:401)
07/06 17:07:34.915: [amf] INFO: [imsi-999707184206162] Registration complete (../src/amf/gmm-sm.c:1050)
07/06 17:08:40.412: [amf] INFO: InitialUEMessage [suci-0-999-70-0000-0-0-9200851593] Registration request (../src/amf/ngap-handler.c:401)
07/06 17:08:40.475: [amf] INFO: [imsi-999709200851593] Registration complete (../src/amf/gmm-sm.c:1050)
07/06 17:08:42.181: [amf] INFO: InitialUEMessage [suci-0-999-70-0000-0-0-5039217587] Registration request (../src/amf/ngap-handler.c:401)
07/06 17:08:42.221: [amf] INFO: [imsi-999705039217587] Registration complete (../src/amf/gmm-sm.c:1050)
07/06 17:08:45.802: [amf] INFO: InitialUEMessage [suci-0-999-70-0000-0-0-1668212725] Registration request (../src/amf/ngap-handler.c:401)
07/06 17:08:45.859: [amf] INFO: [imsi-999701668212725] Registration complete (../src/amf/gmm-sm.c:1050)
07/06 17:09:21.102: [amf] INFO: InitialUEMessage [suci-0-999-70-0000-0-0-4417055816] Registration request (../src/amf/ngap-handler.c:401)
07/06 17:09:21.156: [amf] INFO: [imsi-999704417055816] Registration complete (../src/amf/gmm-sm.c:1050)
07/06 17:10:45.154: [amf] INFO: InitialUEMessage [suci-0-999-70-0000-0-0-5617260064] Registration request (../src/amf/ngap-handler.c:401)
07/06 17:10:45.194: [amf] INFO: [imsi-999705617260064] Registration complete (../src/amf/gmm-sm.c:1050)
07/06 17:11:15.367: [amf] INFO: InitialUEMessage [suci-0-999-70-0000-0-0-3104644979] Registration request (../src/amf/ngap-handler.c:401)
07/06 17:11:15.416: [amf] INFO: [imsi-999703104644979] Registration complete (../src/amf/gmm-sm.c:1050)
07/06 17:11:45.764: [amf] INFO: InitialUEMessage [suci-0-999-70-0000-0-0-0154826605] Registration request (../src/amf/ngap-handler.c:401)
07/06 17:11:45.831: [amf] INFO: [imsi-999700154826605] Registration complete (../src/amf/gmm-sm.c:1050)
07/06 17:12:49.069: [amf] INFO: InitialUEMessage [suci-0-999-70-0000-0-0-3491104432] Registration request (../src/amf/ngap-handler.c:401)
07/06 17:12:49.119: [amf] INFO: [imsi-999703491104432] Registration complete (../src/amf/gmm-sm.c:1050)
07/06 17:13:29.334: [amf] INFO: InitialUEMessage [suci-0-999-70-0000-0-0-2325008716] Registration request (../src/amf/ngap-handler.c:401)
07/06 17:13:29.388: [amf] INFO: [imsi-999702325008716] Registration complete (../src/amf/gmm-sm.c:1050)
07/06 17:13:33.403: [amf] INFO: InitialUEMessage [suci-0-999-70-0000-0-0-5151442023] Registration request (../src/amf/ngap-handler.c:401)
07/06 17:13:33.442: [amf] INFO: [imsi-999705151442023] Registration complete (../src/amf/gmm-sm.c:1050)
07/06 17:14:54.270: [amf] INFO: InitialUEMessage [suci-0-999-70-0000-0-0-7868214683] Registration request (../src/amf/ngap-handler.c:401)
07/06 17:14:54.317: [amf] INFO: [imsi-999707868214683] Registration complete (../src/amf/gmm-sm.c:1050)
07/06 17:15:59.896: [amf] INFO: InitialUEMessage [suci-0-999-70-0000-0-0-3453197392] Registration request (../src/amf/ngap-handler.c:401)
07/06 17:15:59.928: [amf] INFO: [imsi-999703453197392] Registration complete (../src/amf/gmm-sm.c:1050)
07/06 17:17:45.983: [amf] INFO: InitialUEMessage [suci-0-999-70-0000-0-0-8689839319] Registration request (../src/amf/ngap-handler.c:401)
07/06 17:17:46.023: [amf] INFO: [imsi-999708689839319] Registration complete (../src/amf/gmm-sm.c:1050)
07/06 17:17:46.698: [amf] INFO: InitialUEMessage [suci-0-999-70-0000-0-0-0310917614] Registration request (../src/amf/ngap-handler.c:401)
07/06 17:17:46.733: [amf] INFO: [imsi-999700310917614] Registration complete (../src/amf/gmm-sm.c:1050)
07/06 17:18:26.997: [amf] INFO: InitialUEMessage [suci-0-999-70-0000-0-0-5310082749] Registration request (../src/amf/ngap-handler.c:401)
07/06 17:18:27.033: [amf] WARNING: [imsi-999705310082749] Registration reject (../src/amf/gmm-handler.c:230)
07/06 17:18:38.105: [amf] INFO: InitialUEMessage [suci-0-999-70-0000-0-0-6525522221] Registration request (../src/amf/ngap-handler.c:401)
07/06 17:18:38.131: [amf] INFO: [imsi-999706525522221] Registration complete (../src/amf/gmm-sm.c:1050)
07/06 17:18:56.221: [amf] INFO: InitialUEMessage [suci-0-999-70-0000-0-0-7592779840] Registration request (../src/amf/ngap-handler.c:401)
07/06 17:18:56.277: [amf] INFO: [imsi-999707592779840] Registration complete (../src/amf/gmm-sm.c:1050)
07/06 17:19:10.088: [amf] INFO: InitialUEMessage [suci-0-999-70-0000-0-0-1387927334] Registration request (../src/amf/ngap-handler.c:401)
07/06 17:19:10.139: [amf] INFO: [imsi-999701387927334] Registration complete (../src/amf/gmm-sm.c:1050)
07/06 17:21:27.803: [amf] INFO: InitialUEMessage [suci-0-999-70-0000-0-0-4810750123] Registration request (../src/amf/ngap-handler.c:401)
07/06 17:21:27.865: [amf] INFO: [imsi-999704810750123] Registration complete (../src/amf/gmm-sm.c:1050)
07/06 17:21:42.106: [amf] INFO: InitialUEMessage [suci-0-999-70-0000-0-0-8142525780] Registration request (../src/amf/ngap-handler.c:401)
07/06 17:21:42.148: [amf] INFO: [imsi-999708142525780] Registration complete (../src/amf/gmm-sm.c:1050)
07/06 17:21:49.768: [amf] INFO: InitialUEMessage [suci-0-999-70-0000-0-0-9806455611] Registration request (../src/amf/ngap-handler.c:401)
07/06 17:21:49.812: [amf] INFO: [imsi-999709806455611] Registration complete (../src/amf/gmm-sm.c:1050)
07/06 17:22:06.425: [amf] INFO: InitialUEMessage [suci-0-999-70-0000-0-0-5238154786] Registration request (../src/amf/ngap-handler.c:401)
07/06 17:22:06.480: [amf] INFO: [imsi-999705238154786] Registration complete (../src/amf/gmm-sm.c:1050)
07/06 17:22:12.040: [amf] INFO: InitialUEMessage [suci-0-999-70-0000-0-0-4523261749] Registration request (../src/amf/ngap-handler.c:401)
07/06 17:22:12.079: [amf] INFO: [imsi-999704523261749] Registration complete (../src/amf/gmm-sm.c:1050)
07/06 17:22:16.366: [amf] INFO: InitialUEMessage [suci-0-999-70-0000-0-0-0942393391] Registration request (../src/amf/ngap-handler.c:401)
07/06 17:22:16.405: [amf] INFO: [imsi-999700942393391] Registration complete (../src/amf/gmm-sm.c:1050)
07/06 17:24:07.887: [amf] INFO: InitialUEMessage [suci-0-999-70-0000-0-0-5609231192] Registration request (../src/amf/ngap-handler.c:401)
07/06 17:24:07.928: [amf] INFO: [imsi-999705609231192] Registration complete (../src/amf/gmm-sm.c:1050)
07/06 17:24:48.806: [amf] INFO: InitialUEMessage [suci-0-999-70-0000-0-0-5231615593] Registration request (../src/amf/ngap-handler.c:401)
07/06 17:24:48.845: [amf] INFO: [imsi-999705231615593] Registration complete (../src/amf/gmm-sm.c:1050)
07/06 17:25:50.208: [amf] INFO: InitialUEMessage [suci-0-999-70-0000-0-0-3925118949] Registration request (../src/amf/ngap-handler.c:401)
07/06 17:25:50.250: [amf] INFO: [imsi-999703925118949] Registration complete (../src/amf/gmm-sm.c:1050)
07/06 17:26:11.349: [amf] INFO: InitialUEMessage [suci-0-999-70-0000-0-0-0558586319] Registration request (../src/amf/ngap-handler.c:401)
07/06 17:26:11.383: [amf] INFO: [imsi-999700558586319] Registration complete (../src/amf/gmm-sm.c:1050)
07/06 17:26:45.595: [amf] INFO: InitialUEMessage [suci-0-999-70-0000-0-0-2400132481] Registration request (../src/amf/ngap-handler.c:401)
07/06 17:26:45.632: [amf] INFO: [imsi-999702400132481] Registration complete (../src/amf/gmm-sm.c:1050)
07/06 17:26:52.508: [amf] INFO: InitialUEMessage [suci-0-999-70-0000-0-0-1408473864] Registration request (../src/amf/ngap-handler.c:401)
07/06 17:26:52.566: [amf] INFO: [imsi-999701408473864] Registration complete (../src/amf/gmm-sm.c:1050)
07/06 17:27:52.636: [amf] INFO: InitialUEMessage [suci-0-999-70-0000-0-0-7009013474] Registration request (../src/amf/ngap-handler.c:401)
07/06 17:27:52.686: [amf] INFO: [imsi-999707009013474] Registration complete (../src/amf/gmm-sm.c:1050)
07/06 17:27:57.680: [amf] INFO: InitialUEMessage [suci-0-999-70-0000-0-0-7618473647] Registration request (../src/amf/ngap-handler.c:401)
07/06 17:27:57.712: [amf] INFO: [imsi-999707618473647] Registration complete (../src/amf/gmm-sm.c:1050)
07/06 17:28:19.250: [amf] INFO: InitialUEMessage [suci-0-999-70-0000-0-0-5125587581] Registration request (../src/amf/ngap-handler.c:401)
07/06 17:28:19.302: [amf] INFO: [imsi-999705125587581] Registration complete (../src/amf/gmm-sm.c:1050)
07/06 17:28:27.275: [amf] INFO: InitialUEMessage [suci-0-999-70-0000-0-0-0841648807] Registration request (../src/amf/ngap-handler.c:401)
07/06 17:28:27.336: [amf] INFO: [imsi-999700841648807] Registration complete (../src/amf/gmm-sm.c:1050)
07/06 17:29:21.735: [amf] INFO: InitialUEMessage [suci-0-999-70-0000-0-0-7595763866] Registration request (../src/amf/ngap-handler.c:401)
07/06 17:29:21.775: [amf] INFO: [imsi-999707595763866] Registration complete (../src/amf/gmm-sm.c:1050)
07/06 17:29:39.228: [amf] INFO: InitialUEMessage [suci-0-999-70-0000-0-0-8075192477] Registration request (../src/amf/ngap-handler.c:401)
07/06 17:29:39.285: [amf] INFO: [imsi-999708075192477] Registration complete (../src/amf/gmm-sm.c:1050)
07/06 17:30:27.851: [amf] INFO: InitialUEMessage [suci-0-999-70-0000-0-0-8815064753] Registration request (../src/amf/ngap-handler.c:401)
07/06 17:30:27.900: [amf] INFO: [imsi-999708815064753] Registration complete (../src/amf/gmm-sm.c:1050)
07/06 17:30:35.390: [amf] INFO: InitialUEMessage [suci-0-999-70-0000-0-0-2020102566] Registration request (../src/amf/ngap-handler.c:401)
07/06 17:30:35.432: [amf] INFO: [imsi-999702020102566] Registration complete (../src/amf/gmm-sm.c:1050)
07/06 17:31:16.156: [amf] INFO: InitialUEMessage [suci-0-999-70-0000-0-0-9819678724] Registration request (../src/amf/ngap-handler.c:401)
07/06 17:31:16.207: [amf] INFO: [imsi-999709819678724] Registration complete (../src/amf/gmm-sm.c:1050)
07/06 17:31:58.430: [amf] INFO: InitialUEMessage [suci-0-999-70-0000-0-0-9385964160] Registration request (../src/amf/ngap-handler.c:401)
07/06 17:31:58.473: [amf] INFO: [imsi-999709385964160] Registration complete (../src/amf/gmm-sm.c:1050)
07/06 17:33:58.996: [amf] INFO: InitialUEMessage [suci-0-999-70-0000-0-0-5736683603] Registration request (../src/amf/ngap-handler.c:401)
07/06 17:33:59.052: [amf] INFO: [imsi-999705736683603] Registration complete (../src/amf/gmm-sm.c:1050)
07/06 17:34:13.322: [amf] INFO: InitialUEMessage [suci-0-999-70-0000-0-0-8683013626] Registration request (../src/amf/ngap-handler.c:401)
07/06 17:34:13.373: [amf] INFO: [imsi-999708683013626] Registration complete (../src/amf/gmm-sm.c:1050)
07/06 17:34:22.103: [amf] INFO: InitialUEMessage [suci-0-999-70-0000-0-0-3209050675] Registration request (../src/amf/ngap-handler.c:401)
07/06 17:34:22.138: [amf] INFO: [imsi-999703209050675] Registration complete (../src/amf/gmm-sm.c:1050)
07/06 17:34:55.321: [amf] INFO: InitialUEMessage [suci-0-999-70-0000-0-0-4259707075] Registration request (../src/amf/ngap-handler.c:401)
07/06 17:34:55.352: [amf] INFO: [imsi-999704259707075] Registration complete (../src/amf/gmm-sm.c:1050)
07/06 17:35:40.758: [amf] INFO: InitialUEMessage [suci-0-999-70-0000-0-0-8221028641] Registration request (../src/amf/ngap-handler.c:401)
07/06 17:35:40.823: [amf] INFO: [imsi-999708221028641] Registration complete (../src/amf/gmm-sm.c:1050)
07/06 17:35:48.598: [amf] INFO: InitialUEMessage [suci-0-999-70-0000-0-0-0752180574] Registration request (../src/amf/ngap-handler.c:401)
07/06 17:35:48.659: [amf] INFO: [imsi-999700752180574] Registration complete (../src/amf/gmm-sm.c:1050)
07/06 17:35:51.146: [amf] INFO: InitialUEMessage [suci-0-999-70-0000-0-0-4739752593] Registration request (../src/amf/ngap-handler.c:401)
07/06 17:35:51.184: [amf] INFO: [imsi-999704739752593] Registration complete (../src/amf/gmm-sm.c:1050)
07/06 17:35:54.105: [amf] INFO: InitialUEMessage [suci-0-999-70-0000-0-0-7699601913] Registration request (../src/amf/ngap-handler.c:401)
07/06 17:35:54.158: [amf] INFO: [imsi-999707699601913] Registration complete (../src/amf/gmm-sm.c:1050)
07/06 17:35:55.291: [amf] INFO: InitialUEMessage [suci-0-999-70-0000-0-0-6384919110] Registration request (../src/amf/ngap-handler.c:401)
07/06 17:35:55.349: [amf] INFO: [imsi-999706384919110] Registration complete (../src/amf/gmm-sm.c:1050)
07/06 17:36:04.720: [amf] INFO: InitialUEMessage [suci-0-999-70-0000-0-0-8711679495] Registration request (../src/amf/ngap-handler.c:401)
07/06 17:36:04.760: [amf] INFO: [imsi-999708711679495] Registration complete (../src/amf/gmm-sm.c:1050)
07/06 17:36:05.271: [amf] INFO: InitialUEMessage [suci-0-999-70-0000-0-0-0563002087] Registration request (../src/amf/ngap-handler.c:401)
07/06 17:36:05.293: [amf] INFO: [imsi-999700563002087] Registration complete (../src/amf/gmm-sm.c:1050)
07/06 17:37:58.671: [amf] INFO: InitialUEMessage [suci-0-999-70-0000-0-0-8210587954] Registration request (../src/amf/ngap-handler.c:401)
07/06 17:37:58.709: [amf] INFO: [imsi-999708210587954] Registration complete (../src/amf/gmm-sm.c:1050)
07/06 17:38:58.295: [amf] INFO: InitialUEMessage [suci-0-999-70-0000-0-0-6294941433] Registration request (../src/amf/ngap-handler.c:401)
07/06 17:38:58.359: [amf] INFO: [imsi-999706294941433] Registration complete (../src/amf/gmm-sm.c:1050)
07/06 17:40:17.655: [amf] INFO: InitialUEMessage [suci-0-999-70-0000-0-0-7891380171] Registration request (../src/amf/ngap-handler.c:401)
07/06 17:40:17.698: [amf] INFO: [imsi-999707891380171] Registration complete (../src/amf/gmm-sm.c:1050)
07/06 17:40:36.022: [amf] INFO: InitialUEMessage [suci-0-999-70-0000-0-0-2559365091] Registration request (../src/amf/ngap-handler.c:401)
07/06 17:40:36.053: [amf] INFO: [imsi-999702559365091] Registration complete (../src/amf/gmm-sm.c:1050)
07/06 17:41:23.598: [amf] INFO: InitialUEMessage [suci-0-999-70-0000-0-0-2065398210] Registration request (../src/amf/ngap-handler.c:401)
07/06 17:41:23.629: [amf] INFO: [imsi-999702065398210] Registration complete (../src/amf/gmm-sm.c:1050)
07/06 17:41:47.719: [amf] INFO: InitialUEMessage [suci-0-999-70-0000-0-0-4067019268] Registration request (../src/amf/ngap-handler.c:401)
07/06 17:41:47.771: [amf] INFO: [imsi-999704067019268] Registration complete (../src/amf/gmm-sm.c:1050)
07/06 17:42:59.018: [amf] INFO: InitialUEMessage [suci-0-999-70-0000-0-0-4877566162] Registration request (../src/amf/ngap-handler.c:401)
07/06 17:42:59.068: [amf] INFO: [imsi-999704877566162] Registration complete (../src/amf/gmm-sm.c:1050)
07/06 17:43:04.264: [amf] INFO: InitialUEMessage [suci-0-999-70-0000-0-0-7723376732] Registration request (../src/amf/ngap-handler.c:401)
07/06 17:43:04.299: [amf] INFO: [imsi-999707723376732] Registration complete (../src/amf/gmm-sm.c:1050)
07/06 17:44:33.680: [amf] INFO: InitialUEMessage [suci-0-999-70-0000-0-0-9940351107] Registration request (../src/amf/ngap-handler.c:401)
07/06 17:44:33.724: [amf] INFO: [imsi-999709940351107] Registration complete (../src/amf/gmm-sm.c:1050)
07/06 17:44:37.180: [amf] INFO: InitialUEMessage [suci-0-999-70-0000-0-0-7125797233] Registration request (../src/amf/ngap-handler.c:401)
07/06 17:44:37.234: [amf] INFO: [imsi-999707125797233] Registration complete (../src/amf/gmm-sm.c:1050)
07/06 17:45:08.301: [amf] INFO: InitialUEMessage [suci-0-999-70-0000-0-0-3513153364] Registration request (../src/amf/ngap-handler.c:401)
07/06 17:45:08.333: [amf] INFO: [imsi-999703513153364] Registration complete (../src/amf/gmm-sm.c:1050)
07/06 17:45:47.551: [amf] INFO: InitialUEMessage [suci-0-999-70-0000-0-0-6761021718] Registration request (../src/amf/ngap-handler.c:401)
07/06 17:45:47.611: [amf] INFO: [imsi-999706761021718] Registration complete (../src/amf/gmm-sm.c:1050)
07/06 17:45:55.149: [amf] INFO: InitialUEMessage [suci-0-999-70-0000-0-0-2548816558] Registration request (../src/amf/ngap-handler.c:401)
07/06 17:45:55.184: [amf] INFO: [imsi-999702548816558] Registration complete (../src/amf/gmm-sm.c:1050)
07/06 17:48:16.988: [amf] INFO: InitialUEMessage [suci-0-999-70-0000-0-0-3510096606] Registration request (../src/amf/ngap-handler.c:401)
07/06 17:48:17.025: [amf] INFO: [imsi-999703510096606] Registration complete (../src/amf/gmm-sm.c:1050)
07/06 17:49:04.186: [amf] INFO: InitialUEMessage [suci-0-999-70-0000-0-0-2149761428] Registration request (../src/amf/ngap-handler.c:401)
07/06 17:49:04.235: [amf] INFO: [imsi-999702149761428] Registration complete (../src/amf/gmm-sm.c:1050)
07/06 17:49:07.196: [amf] INFO: InitialUEMessage [suci-0-999-70-0000-0-0-4650732601] Registration request (../src/amf/ngap-handler.c:401)
07/06 17:49:07.230: [amf] INFO: [imsi-999704650732601] Registration complete (../src/amf/gmm-sm.c:1050)
07/06 17:49:45.759: [amf] INFO: InitialUEMessage [suci-0-999-70-0000-0-0-1239877251] Registration request (../src/amf/ngap-handler.c:401)
07/06 17:49:45.819: [amf] INFO: [imsi-999701239877251] Registration complete (../src/amf/gmm-sm.c:1050)
07/06 17:50:15.801: [amf] INFO: InitialUEMessage [suci-0-999-70-0000-0-0-6943294892] Registration request (../src/amf/ngap-handler.c:401)
07/06 17:50:15.842: [amf] INFO: [imsi-999706943294892] Registration complete (../src/amf/gmm-sm.c:1050)
07/06 17:50:32.131: [amf] INFO: InitialUEMessage [suci-0-999-70-0000-0-0-2674099723] Registration request (../src/amf/ngap-handler.c:401)
07/06 17:50:32.166: [amf] INFO: [imsi-999702674099723] Registration complete (../src/amf/gmm-sm.c:1050)
07/06 17:51:21.633: [amf] INFO: InitialUEMessage [suci-0-999-70-0000-0-0-6418685460] Registration request (../src/amf/ngap-handler.c:401)
07/06 17:51:21.661: [amf] INFO: [imsi-999706418685460] Registration complete (../src/amf/gmm-sm.c:1050)
07/06 17:52:17.431: [amf] INFO: InitialUEMessage [suci-0-999-70-0000-0-0-5985136505] Registration request (../src/amf/ngap-handler.c:401)
07/06 17:52:17.473: [amf] INFO: [imsi-999705985136505] Registration complete (../src/amf/gmm-sm.c:1050)
07/06 17:53:28.524: [amf] INFO: InitialUEMessage [suci-0-999-70-0000-0-0-9314704550] Registration request (../src/amf/ngap-handler.c:401)
07/06 17:53:28.557: [amf] INFO: [imsi-999709314704550] Registration complete (../src/amf/gmm-sm.c:1050)
07/06 17:54:04.822: [amf] INFO: InitialUEMessage [suci-0-999-70-0000-0-0-7924571670] Registration request (../src/amf/ngap-handler.c:401)
07/06 17:54:04.875: [amf] INFO: [imsi-999707924571670] Registration complete (../src/amf/gmm-sm.c:1050)
07/06 17:55:01.330: [amf] INFO: InitialUEMessage [suci-0-999-70-0000-0-0-0542038364] Registration request (../src/amf/ngap-handler.c:401)
07/06 17:55:01.377: [amf] INFO: [imsi-999700542038364] Registration complete (../src/amf/gmm-sm.c:1050)
07/06 17:56:31.878: [amf] INFO: InitialUEMessage [suci-0-999-70-0000-0-0-4741318113] Registration request (../src/amf/ngap-handler.c:401)
07/06 17:56:31.935: [amf] INFO: [imsi-999704741318113] Registration complete (../src/amf/gmm-sm.c:1050)
07/06 17:57:19.148: [amf] INFO: InitialUEMessage [suci-0-999-70-0000-0-0-8927918339] Registration request (../src/amf/ngap-handler.c:401)
07/06 17:57:19.196: [amf] INFO: [imsi-999708927918339] Registration complete (../src/amf/gmm-sm.c:1050)
07/06 17:57:38.034: [amf] INFO: InitialUEMessage [suci-0-999-70-0000-0-0-8901162987] Registration request (../src/amf/ngap-handler.c:401)
07/06 17:57:38.084: [amf] INFO: [imsi-999708901162987] Registration complete (../src/amf/gmm-sm.c:1050)
07/06 17:57:47.132: [amf] INFO: InitialUEMessage [suci-0-999-70-0000-0-0-9919023641] Registration request (../src/amf/ngap-handler.c:401)
07/06 17:57:47.168: [amf] INFO: [imsi-999709919023641] Registration complete (../src/amf/gmm-sm.c:1050)
07/06 17:58:21.495: [amf] INFO: InitialUEMessage [suci-0-999-70-0000-0-0-0248844335] Registration request (../src/amf/ngap-handler.c:401)
07/06 17:58:21.552: [amf] INFO: [imsi-999700248844335] Registration complete (../src/amf/gmm-sm.c:1050)
07/06 17:58:30.153: [amf] INFO: InitialUEMessage [suci-0-999-70-0000-0-0-3729560732] Registration request (../src/amf/ngap-handler.c:401)
07/06 17:58:30.193: [amf] INFO: [imsi-999703729560732] Registration complete (../src/amf/gmm-sm.c:1050)
07/06 17:58:49.325: [amf] INFO: InitialUEMessage [suci-0-999-70-0000-0-0-1254926378] Registration request (../src/amf/ngap-handler.c:401)
07/06 17:58:49.380: [amf] INFO: [imsi-999701254926378] Registration complete (../src/amf/gmm-sm.c:1050)
07/06 17:59:02.639: [amf] INFO: InitialUEMessage [suci-0-999-70-0000-0-0-1572810687] Registration request (../src/amf/ngap-handler.c:401)
07/06 17:59:02.685: [amf] INFO: [imsi-999701572810687] Registration complete (../src/amf/gmm-sm.c:1050)
07/06 18:00:43.139: [amf] INFO: NG Setup update from gNB-002: served cell removed (../src/amf/ngap-handler.c:250)
07/06 18:03:38.552: [amf] INFO: InitialUEMessage [suci-0-999-70-0000-0-0-3945784920] Registration request (../src/amf/ngap-handler.c:401)
07/06 18:03:38.581: [amf] INFO: [imsi-999703945784920] Registration complete (../src/amf/gmm-sm.c:1050)
07/06 18:04:26.639: [amf] INFO: InitialUEMessage [suci-0-999-70-0000-0-0-5852835034] Registration request (../src/amf/ngap-handler.c:401)
07/06 18:04:26.681: [amf] INFO: [imsi-999705852835034] Registration complete (../src/amf/gmm-sm.c:1050)
07/06 18:04:58.873: [amf] INFO: InitialUEMessage [suci-0-999-70-0000-0-0-4564565220] Registration request (../src/amf/ngap-handler.c:401)
07/06 18:04:58.901: [amf] INFO: [imsi-999704564565220] Registration complete (../src/amf/gmm-sm.c:1050)
07/06 18:06:06.402: [amf] INFO: InitialUEMessage [suci-0-999-70-0000-0-0-9531673250] Registration request (../src/amf/ngap-handler.c:401)
07/06 18:06:06.455: [amf] INFO: [imsi-999709531673250] Registration complete (../src/amf/gmm-sm.c:1050)
07/06 18:06:42.424: [amf] INFO: InitialUEMessage [suci-0-999-70-0000-0-0-5968432144] Registration request (../src/amf/ngap-handler.c:401)
07/06 18:06:42.484: [amf] INFO: [imsi-999705968432144] Registration complete (../src/amf/gmm-sm.c:1050)
07/06 18:06:53.271: [amf] INFO: InitialUEMessage [suci-0-999-70-0000-0-0-8867968174] Registration request (../src/amf/ngap-handler.c:401)
07/06 18:06:53.307: [amf] INFO: [imsi-999708867968174] Registration complete (../src/amf/gmm-sm.c:1050)
07/06 18:07:04.275: [amf] INFO: InitialUEMessage [suci-0-999-70-0000-0-0-6580000483] Registration request (../src/amf/ngap-handler.c:401)
07/06 18:07:04.327: [amf] INFO: [imsi-999706580000483] Registration complete (../src/amf/gmm-sm.c:1050)
07/06 18:07:29.921: [amf] INFO: InitialUEMessage [suci-0-999-70-0000-0-0-5918472666] Registration request (../src/amf/ngap-handler.c:401)
07/06 18:07:29.968: [amf] INFO: [imsi-999705918472666] Registration complete (../src/amf/gmm-sm.c:1050)
07/06 18:08:09.717: [amf] INFO: InitialUEMessage [suci-0-999-70-0000-0-0-0803162622] Registration request (../src/amf/ngap-handler.c:401)
07/06 18:08:09.779: [amf] INFO: [imsi-999700803162622] Registration complete (../src/amf/gmm-sm.c:1050)
07/06 18:09:35.796: [amf] INFO: InitialUEMessage [suci-0-999-70-0000-0-0-7485449595] Registration request (../src/amf/ngap-handler.c:401)
07/06 18:09:35.842: [amf] INFO: [imsi-999707485449595] Registration complete (../src/amf/gmm-sm.c:1050)
07/06 18:10:02.393: [amf] INFO: InitialUEMessage [suci-0-999-70-0000-0-0-8725053765] Registration request (../src/amf/ngap-handler.c:401)
07/06 18:10:02.431: [amf] INFO: [imsi-999708725053765] Registration complete (../src/amf/gmm-sm.c:1050)
07/06 18:11:48.787: [amf] INFO: InitialUEMessage [suci-0-999-70-0000-0-0-6113288632] Registration request (../src/amf/ngap-handler.c:401)
07/06 18:11:48.830: [amf] INFO: [imsi-999706113288632] Registration complete (../src/amf/gmm-sm.c:1050)
07/06 18:12:24.374: [amf] INFO: InitialUEMessage [suci-0-999-70-0000-0-0-5929771217] Registration request (../src/amf/ngap-handler.c:401)
07/06 18:12:24.412: [amf] INFO: [imsi-999705929771217] Registration complete (../src/amf/gmm-sm.c:1050)
07/06 18:14:32.388: [amf] INFO: InitialUEMessage [suci-0-999-70-0000-0-0-2363357087] Registration request (../src/amf/ngap-handler.c:401)
07/06 18:14:32.437: [amf] INFO: [imsi-999702363357087] Registration complete (../src/amf/gmm-sm.c:1050)
07/06 18:15:15.498: [amf] INFO: InitialUEMessage [suci-0-999-70-0000-0-0-0160699907] Registration request (../src/amf/ngap-handler.c:401)
07/06 18:15:15.553: [amf] INFO: [imsi-999700160699907] Registration complete (../src/amf/gmm-sm.c:1050)
07/06 18:15:24.333: [amf] INFO: InitialUEMessage [suci-0-999-70-0000-0-0-3573776675] Registration request (../src/amf/ngap-handler.c:401)
07/06 18:15:24.402: [amf] INFO: [imsi-999703573776675] Registration complete (../src/amf/gmm-sm.c:1050)
07/06 18:15:27.044: [amf] INFO: NG Setup update from gNB-002: served cell removed (../src/amf/ngap-handler.c:250)
07/06 18:18:39.667: [amf] INFO: InitialUEMessage [suci-0-999-70-0000-0-0-4573220355] Registration request (../src/amf/ngap-handler.c:401)
07/06 18:18:39.725: [amf] INFO: [imsi-999704573220355] Registration complete (../src/amf/gmm-sm.c:1050)
07/06 18:19:44.841: [amf] INFO: InitialUEMessage [suci-0-999-70-0000-0-0-7773019858] Registration request (../src/amf/ngap-handler.c:401)
07/06 18:19:44.883: [amf] INFO: [imsi-999707773019858] Registration complete (../src/amf/gmm-sm.c:1050)
07/06 18:20:54.783: [amf] INFO: InitialUEMessage [suci-0-999-70-0000-0-0-0894145916] Registration request (../src/amf/ngap-handler.c:401)
07/06 18:20:54.819: [amf] INFO: [imsi-999700894145916] Registration complete (../src/amf/gmm-sm.c:1050)
07/06 18:22:01.857: [amf] INFO: InitialUEMessage [suci-0-999-70-0000-0-0-5883797474] Registration request (../src/amf/ngap-handler.c:401)
07/06 18:22:01.904: [amf] INFO: [imsi-999705883797474] Registration complete (../src/amf/gmm-sm.c:1050)
07/06 18:27:20.040: [amf] INFO: InitialUEMessage [suci-0-999-70-0000-0-0-0905529169] Registration request (../src/amf/ngap-handler.c:401)
07/06 18:27:20.085: [amf] INFO: [imsi-999700905529169] Registration complete (../src/amf/gmm-sm.c:1050)
07/06 18:27:34.015: [amf] INFO: InitialUEMessage [suci-0-999-70-0000-0-0-4972213728] Registration request (../src/amf/ngap-handler.c:401)
07/06 18:27:34.063: [amf] INFO: [imsi-999704972213728] Registration complete (../src/amf/gmm-sm.c:1050)
07/06 18:28:11.025: [amf] INFO: InitialUEMessage [suci-0-999-70-0000-0-0-4724249168] Registration request (../src/amf/ngap-handler.c:401)
07/06 18:28:11.080: [amf] INFO: [imsi-999704724249168] Registration complete (../src/amf/gmm-sm.c:1050)
07/06 18:29:22.968: [amf] INFO: InitialUEMessage [suci-0-999-70-0000-0-0-2552306123] Registration request (../src/amf/ngap-handler.c:401)
07/06 18:29:23.010: [amf] INFO: [imsi-999702552306123] Registration complete (../src/amf/gmm-sm.c:1050)
07/06 18:29:40.399: [amf] INFO: InitialUEMessage [suci-0-999-70-0000-0-0-1624962465] Registration request (../src/amf/ngap-handler.c:401)
07/06 18:29:40.437: [amf] INFO: [imsi-999701624962465] Registration complete (../src/amf/gmm-sm.c:1050)
07/06 18:30:47.179: [amf] INFO: InitialUEMessage [suci-0-999-70-0000-0-0-6456007926] Registration request (../src/amf/ngap-handler.c:401)
07/06 18:30:47.230: [amf] INFO: [imsi-999706456007926] Registration complete (../src/amf/gmm-sm.c:1050)
07/06 18:31:36.494: [amf] INFO: NG Setup update from gNB-002: served cell removed (../src/amf/ngap-handler.c:250)
07/06 18:31:37.894: [amf] INFO: InitialUEMessage [suci-0-999-70-0000-0-0-3300633759] Registration request (../src/amf/ngap-handler.c:401)
07/06 18:31:37.923: [amf] INFO: [imsi-999703300633759] Registration complete (../src/amf/gmm-sm.c:1050)
07/06 18:32:47.832: [amf] INFO: InitialUEMessage [suci-0-999-70-0000-0-0-2951149934] Registration request (../src/amf/ngap-handler.c:401)
07/06 18:32:47.869: [amf] INFO: [imsi-999702951149934] Registration complete (../src/amf/gmm-sm.c:1050)
07/06 18:34:51.342: [amf] INFO: InitialUEMessage [suci-0-999-70-0000-0-0-7517586205] Registration request (../src/amf/ngap-handler.c:401)
07/06 18:34:51.395: [amf] INFO: [imsi-999707517586205] Registration complete (../src/amf/gmm-sm.c:1050)
07/06 18:35:27.662: [amf] INFO: InitialUEMessage [suci-0-999-70-0000-0-0-3770967034] Registration request (../src/amf/ngap-handler.c:401)
07/06 18:35:27.714: [amf] INFO: [imsi-999703770967034] Registration complete (../src/amf/gmm-sm.c:1050)
07/06 18:35:36.999: [amf] INFO: InitialUEMessage [suci-0-999-70-0000-0-0-8903756281] Registration request (../src/amf/ngap-handler.c:401)
07/06 18:35:37.059: [amf] INFO: [imsi-999708903756281] Registration complete (../src/amf/gmm-sm.c:1050)
07/06 18:35:51.881: [amf] INFO: InitialUEMessage [suci-0-999-70-0000-0-0-6790596391] Registration request (../src/amf/ngap-handler.c:401)
07/06 18:35:51.926: [amf] INFO: [imsi-999706790596391] Registration complete (../src/amf/gmm-sm.c:1050)
07/06 18:35:54.304: [amf] INFO: InitialUEMessage [suci-0-999-70-0000-0-0-6588112034] Registration request (../src/amf/ngap-handler.c:401)
07/06 18:35:54.336: [amf] INFO: [imsi-999706588112034] Registration complete (../src/amf/gmm-sm.c:1050)
07/06 18:36:07.250: [amf] INFO: InitialUEMessage [suci-0-999-70-0000-0-0-0431614530] Registration request (../src/amf/ngap-handler.c:401)
07/06 18:36:07.286: [amf] INFO: [imsi-999700431614530] Registration complete (../src/amf/gmm-sm.c:1050)
07/06 18:41:38.249: [amf] INFO: InitialUEMessage [suci-0-999-70-0000-0-0-3798511744] Registration request (../src/amf/ngap-handler.c:401)
07/06 18:41:38.292: [amf] INFO: [imsi-999703798511744] Registration complete (../src/amf/gmm-sm.c:1050)
07/06 18:41:39.446: [amf] INFO: InitialUEMessage [suci-0-999-70-0000-0-0-5379672357] Registration request (../src/amf/ngap-handler.c:401)
07/06 18:41:39.487: [amf] INFO: [imsi-999705379672357] Registration complete (../src/amf/gmm-sm.c:1050)
07/06 18:43:23.135: [amf] INFO: InitialUEMessage [suci-0-999-70-0000-0-0-9797823533] Registration request (../src/amf/ngap-handler.c:401)
07/06 18:43:23.182: [amf] INFO: [imsi-999709797823533] Registration complete (../src/amf/gmm-sm.c:1050)
07/06 18:44:52.583: [amf] INFO: InitialUEMessage [suci-0-999-70-0000-0-0-9874118673] Registration request (../src/amf/ngap-handler.c:401)
07/06 18:44:52.628: [amf] INFO: [imsi-999709874118673] Registration complete (../src/amf/gmm-sm.c:1050)
07/06 18:44:55.449: [amf] INFO: InitialUEMessage [suci-0-999-70-0000-0-0-2323513914] Registration request (../src/amf/ngap-handler.c:401)
07/06 18:44:55.488: [amf] INFO: [imsi-999702323513914] Registration complete (../src/amf/gmm-sm.c:1050)
07/06 18:45:26.577: [amf] INFO: NG Setup update from gNB-002: served cell removed (../src/amf/ngap-handler.c:250)
07/06 18:47:15.366: [amf] INFO: InitialUEMessage [suci-0-999-70-0000-0-0-7240310632] Registration request (../src/amf/ngap-handler.c:401)
07/06 18:47:15.413: [amf] INFO: [imsi-999707240310632] Registration complete (../src/amf/gmm-sm.c:1050)
07/06 18:47:23.846: [amf] INFO: InitialUEMessage [suci-0-999-70-0000-0-0-4428556329] Registration request (../src/amf/ngap-handler.c:401)
07/06 18:47:23.874: [amf] INFO: [imsi-999704428556329] Registration complete (../src/amf/gmm-sm.c:1050)
07/06 18:48:44.123: [amf] INFO: InitialUEMessage [suci-0-999-70-0000-0-0-8488743232] Registration request (../src/amf/ngap-handler.c:401)
07/06 18:48:44.161: [amf] INFO: [imsi-999708488743232] Registration complete (../src/amf/gmm-sm.c:1050)
07/06 18:48:47.289: [amf] INFO: InitialUEMessage [suci-0-999-70-0000-0-0-2222514558] Registration request (../src/amf/ngap-handler.c:401)
07/06 18:48:47.334: [amf] INFO: [imsi-999702222514558] Registration complete (../src/amf/gmm-sm.c:1050)
07/06 18:48:58.315: [amf] INFO: InitialUEMessage [suci-0-999-70-0000-0-0-4021688252] Registration request (../src/amf/ngap-handler.c:401)
07/06 18:48:58.368: [amf] INFO: [imsi-999704021688252] Registration complete (../src/amf/gmm-sm.c:1050)
07/06 18:50:14.266: [amf] INFO: InitialUEMessage [suci-0-999-70-0000-0-0-3961206468] Registration request (../src/amf/ngap-handler.c:401)
07/06 18:50:14.312: [amf] INFO: [imsi-999703961206468] Registration complete (../src/amf/gmm-sm.c:1050)
07/06 18:50:29.783: [amf] INFO: InitialUEMessage [suci-0-999-70-0000-0-0-6791732848] Registration request (../src/amf/ngap-handler.c:401)
07/06 18:50:29.816: [amf] INFO: [imsi-999706791732848] Registration complete (../src/amf/gmm-sm.c:1050)
07/06 18:51:59.476: [amf] INFO: InitialUEMessage [suci-0-999-70-0000-0-0-3947551945] Registration request (../src/amf/ngap-handler.c:401)
07/06 18:51:59.519: [amf] INFO: [imsi-999703947551945] Registration complete (../src/amf/gmm-sm.c:1050)
07/06 18:53:59.214: [amf] INFO: InitialUEMessage [suci-0-999-70-0000-0-0-4705528182] Registration request (../src/amf/ngap-handler.c:401)
07/06 18:53:59.265: [amf] INFO: [imsi-999704705528182] Registration complete (../src/amf/gmm-sm.c:1050)
07/06 18:55:54.615: [amf] INFO: InitialUEMessage [suci-0-999-70-0000-0-0-8445801431] Registration request (../src/amf/ngap-handler.c:401)
07/06 18:55:54.667: [amf] INFO: [imsi-999708445801431] Registration complete (../src/amf/gmm-sm.c:1050)
07/06 18:57:07.088: [amf] INFO: InitialUEMessage [suci-0-999-70-0000-0-0-1795984901] Registration request (../src/amf/ngap-handler.c:401)
07/06 18:57:07.147: [amf] INFO: [imsi-999701795984901] Registration complete (../src/amf/gmm-sm.c:1050)
07/06 18:57:29.849: [amf] INFO: InitialUEMessage [suci-0-999-70-0000-0-0-0955996798] Registration request (../src/amf/ngap-handler.c:401)
07/06 18:57:29.901: [amf] INFO: [imsi-999700955996798] Registration complete (../src/amf/gmm-sm.c:1050)
07/06 18:59:01.667: [amf] INFO: InitialUEMessage [suci-0-999-70-0000-0-0-2213868381] Registration request (../src/amf/ngap-handler.c:401)
07/06 18:59:01.725: [amf] INFO: [imsi-999702213868381] Registration complete (../src/amf/gmm-sm.c:1050)
07/06 19:00:42.025: [amf] INFO: InitialUEMessage [suci-0-999-70-0000-0-0-5116473005] Registration request (../src/amf/ngap-handler.c:401)
07/06 19:00:42.089: [amf] INFO: [imsi-999705116473005] Registration complete (../src/amf/gmm-sm.c:1050)
07/06 19:01:11.332: [amf] INFO: InitialUEMessage [suci-0-999-70-0000-0-0-9856840443] Registration request (../src/amf/ngap-handler.c:401)
07/06 19:01:11.392: [amf] INFO: [imsi-999709856840443] Registration complete (../src/amf/gmm-sm.c:1050)
07/06 19:01:18.315: [amf] INFO: InitialUEMessage [suci-0-999-70-0000-0-0-2590958736] Registration request (../src/amf/ngap-handler.c:401)
07/06 19:01:18.351: [amf] INFO: [imsi-999702590958736] Registration complete (../src/amf/gmm-sm.c:1050)
07/06 19:01:30.941: [amf] INFO: InitialUEMessage [suci-0-999-70-0000-0-0-1258049157] Registration request (../src/amf/ngap-handler.c:401)
07/06 19:01:30.999: [amf] INFO: [imsi-999701258049157] Registration complete (../src/amf/gmm-sm.c:1050)
07/06 19:01:53.658: [amf] INFO: InitialUEMessage [suci-0-999-70-0000-0-0-0621760794] Registration request (../src/amf/ngap-handler.c:401)
07/06 19:01:53.714: [amf] INFO: [imsi-999700621760794] Registration complete (../src/amf/gmm-sm.c:1050)
07/06 19:02:03.683: [amf] INFO: InitialUEMessage [suci-0-999-70-0000-0-0-7757243482] Registration request (../src/amf/ngap-handler.c:401)
07/06 19:02:03.743: [amf] INFO: [imsi-999707757243482] Registration complete (../src/amf/gmm-sm.c:1050)
07/06 19:03:46.972: [amf] INFO: InitialUEMessage [suci-0-999-70-0000-0-0-3986596200] Registration request (../src/amf/ngap-handler.c:401)
07/06 19:03:47.026: [amf] INFO: [imsi-999703986596200] Registration complete (../src/amf/gmm-sm.c:1050)
07/06 19:04:24.687: [amf] INFO: InitialUEMessage [suci-0-999-70-0000-0-0-7242774791] Registration request (../src/amf/ngap-handler.c:401)
07/06 19:04:24.744: [amf] INFO: [imsi-999707242774791] Registration complete (../src/amf/gmm-sm.c:1050)
07/06 19:04:40.505: [amf] INFO: InitialUEMessage [suci-0-999-70-0000-0-0-3205179513] Registration request (../src/amf/ngap-handler.c:401)
07/06 19:04:40.556: [amf] INFO: [imsi-999703205179513] Registration complete (../src/amf/gmm-sm.c:1050)
07/06 19:05:06.265: [amf] INFO: InitialUEMessage [suci-0-999-70-0000-0-0-7798551762] Registration request (../src/amf/ngap-handler.c:401)
07/06 19:05:06.299: [amf] INFO: [imsi-999707798551762] Registration complete (../src/amf/gmm-sm.c:1050)
07/06 19:05:46.177: [amf] INFO: InitialUEMessage [suci-0-999-70-0000-0-0-7549457629] Registration request (../src/amf/ngap-handler.c:401)
07/06 19:05:46.244: [amf] INFO: [imsi-999707549457629] Registration complete (../src/amf/gmm-sm.c:1050)
07/06 19:07:53.641: [amf] INFO: InitialUEMessage [suci-0-999-70-0000-0-0-3901701746] Registration request (../src/amf/ngap-handler.c:401)
07/06 19:07:53.663: [amf] INFO: [imsi-999703901701746] Registration complete (../src/amf/gmm-sm.c:1050)
07/06 19:08:01.161: [amf] INFO: InitialUEMessage [suci-0-999-70-0000-0-0-8668005419] Registration request (../src/amf/ngap-handler.c:401)
07/06 19:08:01.194: [amf] INFO: [imsi-999708668005419] Registration complete (../src/amf/gmm-sm.c:1050)
07/06 19:10:23.077: [amf] INFO: InitialUEMessage [suci-0-999-70-0000-0-0-2363795271] Registration request (../src/amf/ngap-handler.c:401)
07/06 19:10:23.129: [amf] INFO: [imsi-999702363795271] Registration complete (../src/amf/gmm-sm.c:1050)
07/06 19:12:13.609: [amf] INFO: InitialUEMessage [suci-0-999-70-0000-0-0-8517523149] Registration request (../src/amf/ngap-handler.c:401)
07/06 19:12:13.648: [amf] INFO: [imsi-999708517523149] Registration complete (../src/amf/gmm-sm.c:1050)
07/06 19:12:20.502: [amf] INFO: InitialUEMessage [suci-0-999-70-0000-0-0-0586480243] Registration request (../src/amf/ngap-handler.c:401)
07/06 19:12:20.567: [amf] INFO: [imsi-999700586480243] Registration complete (../src/amf/gmm-sm.c:1050)
07/06 19:13:52.414: [amf] INFO: InitialUEMessage [suci-0-999-70-0000-0-0-1015313634] Registration request (../src/amf/ngap-handler.c:401)
07/06 19:13:52.445: [amf] INFO: [imsi-999701015313634] Registration complete (../src/amf/gmm-sm.c:1050)
07/06 19:14:02.250: [amf] INFO: InitialUEMessage [suci-0-999-70-0000-0-0-7850419933] Registration request (../src/amf/ngap-handler.c:401)
07/06 19:14:02.278: [amf] INFO: [imsi-999707850419933] Registration complete (../src/amf/gmm-sm.c:1050)
07/06 19:15:57.367: [amf] INFO: InitialUEMessage [suci-0-999-70-0000-0-0-5672396759] Registration request (../src/amf/ngap-handler.c:401)
07/06 19:15:57.421: [amf] INFO: [imsi-999705672396759] Registration complete (../src/amf/gmm-sm.c:1050)
07/06 19:16:01.443: [amf] INFO: InitialUEMessage [suci-0-999-70-0000-0-0-5718459254] Registration request (../src/amf/ngap-handler.c:401)
07/06 19:16:01.471: [amf] INFO: [imsi-999705718459254] Registration complete (../src/amf/gmm-sm.c:1050)
07/06 19:16:27.759: [amf] INFO: InitialUEMessage [suci-0-999-70-0000-0-0-6170835834] Registration request (../src/amf/ngap-handler.c:401)
07/06 19:16:27.804: [amf] INFO: [imsi-999706170835834] Registration complete (../src/amf/gmm-sm.c:1050)
07/06 19:16:51.097: [amf] INFO: InitialUEMessage [suci-0-999-70-0000-0-0-2590119595] Registration request (../src/amf/ngap-handler.c:401)
07/06 19:16:51.143: [amf] INFO: [imsi-999702590119595] Registration complete (../src/amf/gmm-sm.c:1050)
07/06 19:17:34.252: [amf] INFO: InitialUEMessage [suci-0-999-70-0000-0-0-0020092048] Registration request (../src/amf/ngap-handler.c:401)
07/06 19:17:34.283: [amf] INFO: [imsi-999700020092048] Registration complete (../src/amf/gmm-sm.c:1050)
07/06 19:17:41.534: [amf] INFO: InitialUEMessage [suci-0-999-70-0000-0-0-9897604530] Registration request (../src/amf/ngap-handler.c:401)
07/06 19:17:41.601: [amf] WARNING: [imsi-999709897604530] Registration reject (../src/amf/gmm-handler.c:230)
07/06 19:18:24.371: [amf] INFO: InitialUEMessage [suci-0-999-70-0000-0-0-6775720845] Registration request (../src/amf/ngap-handler.c:401)
07/06 19:18:24.423: [amf] INFO: [imsi-999706775720845] Registration complete (../src/amf/gmm-sm.c:1050)
07/06 19:19:05.922: [amf] INFO: InitialUEMessage [suci-0-999-70-0000-0-0-1134312111] Registration request (../src/amf/ngap-handler.c:401)
07/06 19:19:05.945: [amf] INFO: [imsi-999701134312111] Registration complete (../src/amf/gmm-sm.c:1050)
07/06 19:19:52.823: [amf] INFO: InitialUEMessage [suci-0-999-70-0000-0-0-5490200493] Registration request (../src/amf/ngap-handler.c:401)
07/06 19:19:52.858: [amf] INFO: [imsi-999705490200493] Registration complete (../src/amf/gmm-sm.c:1050)
07/06 19:20:08.866: [amf] INFO: InitialUEMessage [suci-0-999-70-0000-0-0-6116107533] Registration request (../src/amf/ngap-handler.c:401)
07/06 19:20:08.918: [amf] INFO: [imsi-999706116107533] Registration complete (../src/amf/gmm-sm.c:1050)
07/06 19:20:15.081: [amf] INFO: InitialUEMessage [suci-0-999-70-0000-0-0-7405556459] Registration request (../src/amf/ngap-handler.c:401)
07/06 19:20:15.119: [amf] INFO: [imsi-999707405556459] Registration complete (../src/amf/gmm-sm.c:1050)
07/06 19:20:18.456: [amf] INFO: InitialUEMessage [suci-0-999-70-0000-0-0-6308634081] Registration request (../src/amf/ngap-handler.c:401)
07/06 19:20:18.497: [amf] INFO: [imsi-999706308634081] Registration complete (../src/amf/gmm-sm.c:1050)
07/06 19:21:45.997: [amf] INFO: InitialUEMessage [suci-0-999-70-0000-0-0-6122877460] Registration request (../src/amf/ngap-handler.c:401)
07/06 19:21:46.058: [amf] INFO: [imsi-999706122877460] Registration complete (../src/amf/gmm-sm.c:1050)
07/06 19:22:02.629: [amf] INFO: InitialUEMessage [suci-0-999-70-0000-0-0-7308987785] Registration request (../src/amf/ngap-handler.c:401)
07/06 19:22:02.667: [amf] INFO: [imsi-999707308987785] Registration complete (../src/amf/gmm-sm.c:1050)
07/06 19:23:19.071: [amf] INFO: InitialUEMessage [suci-0-999-70-0000-0-0-1060421229] Registration request (../src/amf/ngap-handler.c:401)
07/06 19:23:19.108: [amf] INFO: [imsi-999701060421229] Registration complete (../src/amf/gmm-sm.c:1050)
07/06 19:23:50.177: [amf] INFO: InitialUEMessage [suci-0-999-70-0000-0-0-6040386340] Registration request (../src/amf/ngap-handler.c:401)
07/06 19:23:50.216: [amf] INFO: [imsi-999706040386340] Registration complete (../src/amf/gmm-sm.c:1050)
07/06 19:24:03.665: [amf] INFO: InitialUEMessage [suci-0-999-70-0000-0-0-0216765491] Registration request (../src/amf/ngap-handler.c:401)
07/06 19:24:03.712: [amf] INFO: [imsi-999700216765491] Registration complete (../src/amf/gmm-sm.c:1050)
07/06 19:24:40.969: [amf] INFO: InitialUEMessage [suci-0-999-70-0000-0-0-6102023461] Registration request (../src/amf/ngap-handler.c:401)
07/06 19:24:41.021: [amf] INFO: [imsi-999706102023461] Registration complete (../src/amf/gmm-sm.c:1050)
07/06 19:25:35.191: [amf] INFO: InitialUEMessage [suci-0-999-70-0000-0-0-1984468112] Registration request (../src/amf/ngap-handler.c:401)
07/06 19:25:35.214: [amf] INFO: [imsi-999701984468112] Registration complete (../src/amf/gmm-sm.c:1050)
07/06 19:26:13.021: [amf] INFO: InitialUEMessage [suci-0-999-70-0000-0-0-9972127220] Registration request (../src/amf/ngap-handler.c:401)
07/06 19:26:13.069: [amf] INFO: [imsi-999709972127220] Registration complete (../src/amf/gmm-sm.c:1050)
07/06 19:26:48.316: [amf] INFO: InitialUEMessage [suci-0-999-70-0000-0-0-2306156419] Registration request (../src/amf/ngap-handler.c:401)
07/06 19:26:48.365: [amf] INFO: [imsi-999702306156419] Registration complete (../src/amf/gmm-sm.c:1050)
07/06 19:26:56.630: [amf] INFO: InitialUEMessage [suci-0-999-70-0000-0-0-6297211002] Registration request (../src/amf/ngap-handler.c:401)
07/06 19:26:56.676: [amf] INFO: [imsi-999706297211002] Registration complete (../src/amf/gmm-sm.c:1050)
07/06 19:30:19.602: [amf] INFO: InitialUEMessage [suci-0-999-70-0000-0-0-4239281967] Registration request (../src/amf/ngap-handler.c:401)
07/06 19:30:19.652: [amf] INFO: [imsi-999704239281967] Registration complete (../src/amf/gmm-sm.c:1050)
07/06 19:31:48.555: [amf] INFO: InitialUEMessage [suci-0-999-70-0000-0-0-7188058811] Registration request (../src/amf/ngap-handler.c:401)
07/06 19:31:48.602: [amf] INFO: [imsi-999707188058811] Registration complete (../src/amf/gmm-sm.c:1050)
07/06 19:32:18.997: [amf] INFO: InitialUEMessage [suci-0-999-70-0000-0-0-6987806176] Registration request (../src/amf/ngap-handler.c:401)
07/06 19:32:19.025: [amf] INFO: [imsi-999706987806176] Registration complete (../src/amf/gmm-sm.c:1050)
07/06 19:32:20.836: [amf] INFO: InitialUEMessage [suci-0-999-70-0000-0-0-5843650124] Registration request (../src/amf/ngap-handler.c:401)
07/06 19:32:20.866: [amf] INFO: [imsi-999705843650124] Registration complete (../src/amf/gmm-sm.c:1050)
07/06 19:34:29.812: [amf] INFO: InitialUEMessage [suci-0-999-70-0000-0-0-0707033404] Registration request (../src/amf/ngap-handler.c:401)
07/06 19:34:29.875: [amf] INFO: [imsi-999700707033404] Registration complete (../src/amf/gmm-sm.c:1050)
07/06 19:34:40.560: [amf] INFO: InitialUEMessage [suci-0-999-70-0000-0-0-5824155398] Registration request (../src/amf/ngap-handler.c:401)
07/06 19:34:40.598: [amf] INFO: [imsi-999705824155398] Registration complete (../src/amf/gmm-sm.c:1050)
07/06 19:35:11.368: [amf] INFO: InitialUEMessage [suci-0-999-70-0000-0-0-2894098377] Registration request (../src/amf/ngap-handler.c:401)
07/06 19:35:11.428: [amf] INFO: [imsi-999702894098377] Registration complete (../src/amf/gmm-sm.c:1050)
07/06 19:35:14.752: [amf] INFO: InitialUEMessage [suci-0-999-70-0000-0-0-1453869881] Registration request (../src/amf/ngap-handler.c:401)
07/06 19:35:14.799: [amf] INFO: [imsi-999701453869881] Registration complete (../src/amf/gmm-sm.c:1050)
07/06 19:36:18.231: [amf] INFO: InitialUEMessage [suci-0-999-70-0000-0-0-5803267157] Registration request (../src/amf/ngap-handler.c:401)
07/06 19:36:18.283: [amf] INFO: [imsi-999705803267157] Registration complete (../src/amf/gmm-sm.c:1050)
07/06 19:37:06.937: [amf] INFO: InitialUEMessage [suci-0-999-70-0000-0-0-8790902845] Registration request (../src/amf/ngap-handler.c:401)
07/06 19:37:06.989: [amf] INFO: [imsi-999708790902845] Registration complete (../src/amf/gmm-sm.c:1050)
07/06 19:37:25.028: [amf] INFO: InitialUEMessage [suci-0-999-70-0000-0-0-6463956961] Registration request (../src/amf/ngap-handler.c:401)
07/06 19:37:25.066: [amf] INFO: [imsi-999706463956961] Registration complete (../src/amf/gmm-sm.c:1050)
07/06 19:37:35.638: [amf] INFO: InitialUEMessage [suci-0-999-70-0000-0-0-4688002540] Registration request (../src/amf/ngap-handler.c:401)
07/06 19:37:35.668: [amf] INFO: [imsi-999704688002540] Registration complete (../src/amf/gmm-sm.c:1050)
07/06 19:38:50.387: [amf] INFO: InitialUEMessage [suci-0-999-70-0000-0-0-2935864811] Registration request (../src/amf/ngap-handler.c:401)
07/06 19:38:50.418: [amf] INFO: [imsi-999702935864811] Registration complete (../src/amf/gmm-sm.c:1050)
07/06 19:40:23.207: [amf] INFO: InitialUEMessage [suci-0-999-70-0000-0-0-9717781686] Registration request (../src/amf/ngap-handler.c:401)
07/06 19:40:23.237: [amf] INFO: [imsi-999709717781686] Registration complete (../src/amf/gmm-sm.c:1050)
07/06 19:40:41.604: [amf] INFO: InitialUEMessage [suci-0-999-70-0000-0-0-5680627068] Registration request (../src/amf/ngap-handler.c:401)
07/06 19:40:41.637: [amf] INFO: [imsi-999705680627068] Registration complete (../src/amf/gmm-sm.c:1050)
07/06 19:40:49.364: [amf] INFO: InitialUEMessage [suci-0-999-70-0000-0-0-5425107705] Registration request (../src/amf/ngap-handler.c:401)
07/06 19:40:49.410: [amf] INFO: [imsi-999705425107705] Registration complete (../src/amf/gmm-sm.c:1050)
07/06 19:42:45.106: [amf] INFO: InitialUEMessage [suci-0-999-70-0000-0-0-8566313959] Registration request (../src/amf/ngap-handler.c:401)
07/06 19:42:45.148: [amf] INFO: [imsi-999708566313959] Registration complete (../src/amf/gmm-sm.c:1050)
07/06 19:43:40.222: [amf] INFO: InitialUEMessage [suci-0-999-70-0000-0-0-0731251912] Registration request (../src/amf/ngap-handler.c:401)
07/06 19:43:40.257: [amf] INFO: [imsi-999700731251912] Registration complete (../src/amf/gmm-sm.c:1050)
07/06 19:44:06.501: [amf] INFO: InitialUEMessage [suci-0-999-70-0000-0-0-8373691594] Registration request (../src/amf/ngap-handler.c:401)
07/06 19:44:06.550: [amf] INFO: [imsi-999708373691594] Registration complete (../src/amf/gmm-sm.c:1050)
07/06 19:45:08.568: [amf] INFO: InitialUEMessage [suci-0-999-70-0000-0-0-3718444979] Registration request (../src/amf/ngap-handler.c:401)
07/06 19:45:08.623: [amf] INFO: [imsi-999703718444979] Registration complete (../src/amf/gmm-sm.c:1050)
07/06 19:45:32.453: [amf] INFO: InitialUEMessage [suci-0-999-70-0000-0-0-9183877635] Registration request (../src/amf/ngap-handler.c:401)
07/06 19:45:32.489: [amf] INFO: [imsi-999709183877635] Registration complete (../src/amf/gmm-sm.c:1050)
07/06 19:45:38.020: [amf] INFO: InitialUEMessage [suci-0-999-70-0000-0-0-1577681750] Registration request (../src/amf/ngap-handler.c:401)
07/06 19:45:38.062: [amf] INFO: [imsi-999701577681750] Registration complete (../src/amf/gmm-sm.c:1050)
07/06 19:46:04.671: [amf] INFO: InitialUEMessage [suci-0-999-70-0000-0-0-6614299367] Registration request (../src/amf/ngap-handler.c:401)
07/06 19:46:04.718: [amf] INFO: [imsi-999706614299367] Registration complete (../src/amf/gmm-sm.c:1050)
07/06 19:46:55.763: [amf] INFO: InitialUEMessage [suci-0-999-70-0000-0-0-2998421041] Registration request (../src/amf/ngap-handler.c:401)
07/06 19:46:55.803: [amf] INFO: [imsi-999702998421041] Registration complete (../src/amf/gmm-sm.c:1050)
07/06 19:48:15.977: [amf] INFO: InitialUEMessage [suci-0-999-70-0000-0-0-7369668095] Registration request (../src/amf/ngap-handler.c:401)
07/06 19:48:16.007: [amf] INFO: [imsi-999707369668095] Registration complete (../src/amf/gmm-sm.c:1050)
07/06 19:49:38.946: [amf] INFO: InitialUEMessage [suci-0-999-70-0000-0-0-4572489270] Registration request (../src/amf/ngap-handler.c:401)
07/06 19:49:38.990: [amf] INFO: [imsi-999704572489270] Registration complete (../src/amf/gmm-sm.c:1050)
07/06 19:51:16.336: [amf] INFO: InitialUEMessage [suci-0-999-70-0000-0-0-5476736996] Registration request (../src/amf/ngap-handler.c:401)
07/06 19:51:16.369: [amf] INFO: [imsi-999705476736996] Registration complete (../src/amf/gmm-sm.c:1050)
07/06 19:51:57.641: [amf] INFO: InitialUEMessage [suci-0-999-70-0000-0-0-5005758537] Registration request (../src/amf/ngap-handler.c:401)
07/06 19:51:57.669: [amf] INFO: [imsi-999705005758537] Registration complete (../src/amf/gmm-sm.c:1050)
07/06 19:52:14.960: [amf] INFO: InitialUEMessage [suci-0-999-70-0000-0-0-4827454201] Registration request (../src/amf/ngap-handler.c:401)
07/06 19:52:15.023: [amf] INFO: [imsi-999704827454201] Registration complete (../src/amf/gmm-sm.c:1050)
07/06 19:52:50.061: [amf] INFO: InitialUEMessage [suci-0-999-70-0000-0-0-6625154352] Registration request (../src/amf/ngap-handler.c:401)
07/06 19:52:50.108: [amf] INFO: [imsi-999706625154352] Registration complete (../src/amf/gmm-sm.c:1050)
07/06 19:53:26.028: [amf] INFO: InitialUEMessage [suci-0-999-70-0000-0-0-4596775533] Registration request (../src/amf/ngap-handler.c:401)
07/06 19:53:26.073: [amf] INFO: [imsi-999704596775533] Registration complete (../src/amf/gmm-sm.c:1050)
07/06 19:54:01.548: [amf] INFO: InitialUEMessage [suci-0-999-70-0000-0-0-8515227950] Registration request (../src/amf/ngap-handler.c:401)
07/06 19:54:01.582: [amf] INFO: [imsi-999708515227950] Registration complete (../src/amf/gmm-sm.c:1050)
07/06 19:54:09.268: [amf] INFO: InitialUEMessage [suci-0-999-70-0000-0-0-6774916690] Registration request (../src/amf/ngap-handler.c:401)
07/06 19:54:09.315: [amf] INFO: [imsi-999706774916690] Registration complete (../src/amf/gmm-sm.c:1050)
07/06 19:55:28.067: [amf] INFO: InitialUEMessage [suci-0-999-70-0000-0-0-0196965168] Registration request (../src/amf/ngap-handler.c:401)
07/06 19:55:28.117: [amf] INFO: [imsi-999700196965168] Registration complete (../src/amf/gmm-sm.c:1050)
07/06 19:56:55.531: [amf] INFO: InitialUEMessage [suci-0-999-70-0000-0-0-9413453115] Registration request (../src/amf/ngap-handler.c:401)
07/06 19:56:55.562: [amf] INFO: [imsi-999709413453115] Registration complete (../src/amf/gmm-sm.c:1050)
07/06 19:57:35.283: [amf] INFO: InitialUEMessage [suci-0-999-70-0000-0-0-6432038181] Registration request (../src/amf/ngap-handler.c:401)
07/06 19:57:35.302: [amf] INFO: [imsi-999706432038181] Registration complete (../src/amf/gmm-sm.c:1050)
07/06 19:57:53.637: [amf] INFO: InitialUEMessage [suci-0-999-70-0000-0-0-6663969422] Registration request (../src/amf/ngap-handler.c:401)
07/06 19:57:53.684: [amf] INFO: [imsi-999706663969422] Registration complete (../src/amf/gmm-sm.c:1050)
07/06 19:58:50.455: [amf] INFO: InitialUEMessage [suci-0-999-70-0000-0-0-4667296597] Registration request (../src/amf/ngap-handler.c:401)
07/06 19:58:50.502: [amf] INFO: [imsi-999704667296597] Registration complete (../src/amf/gmm-sm.c:1050)
07/06 19:58:56.731: [amf] INFO: InitialUEMessage [suci-0-999-70-0000-0-0-7930799017] Registration request (../src/amf/ngap-handler.c:401)
07/06 19:58:56.773: [amf] INFO: [imsi-999707930799017] Registration complete (../src/amf/gmm-sm.c:1050)
07/06 20:00:48.612: [amf] INFO: InitialUEMessage [suci-0-999-70-0000-0-0-3057356459] Registration request (../src/amf/ngap-handler.c:401)
07/06 20:00:48.656: [amf] INFO: [imsi-999703057356459] Registration complete (../src/amf/gmm-sm.c:1050)
07/06 20:01:18.138: [amf] INFO: InitialUEMessage [suci-0-999-70-0000-0-0-3647923925] Registration request (../src/amf/ngap-handler.c:401)
07/06 20:01:18.171: [amf] INFO: [imsi-999703647923925] Registration complete (../src/amf/gmm-sm.c:1050)
07/06 20:02:10.333: [amf] INFO: InitialUEMessage [suci-0-999-70-0000-0-0-5766780159] Registration request (../src/amf/ngap-handler.c:401)
07/06 20:02:10.383: [amf] INFO: [imsi-999705766780159] Registration complete (../src/amf/gmm-sm.c:1050)
07/06 20:02:28.886: [amf] INFO: InitialUEMessage [suci-0-999-70-0000-0-0-8120014363] Registration request (../src/amf/ngap-handler.c:401)
07/06 20:02:28.938: [amf] INFO: [imsi-999708120014363] Registration complete (../src/amf/gmm-sm.c:1050)
07/06 20:02:42.600: [amf] INFO: InitialUEMessage [suci-0-999-70-0000-0-0-1859919456] Registration request (../src/amf/ngap-handler.c:401)
07/06 20:02:42.663: [amf] INFO: [imsi-999701859919456] Registration complete (../src/amf/gmm-sm.c:1050)
07/06 20:02:52.785: [amf] INFO: InitialUEMessage [suci-0-999-70-0000-0-0-4469453430] Registration request (../src/amf/ngap-handler.c:401)
07/06 20:02:52.829: [amf] INFO: [imsi-999704469453430] Registration complete (../src/amf/gmm-sm.c:1050)
07/06 20:04:45.244: [amf] INFO: InitialUEMessage [suci-0-999-70-0000-0-0-4117201807] Registration request (../src/amf/ngap-handler.c:401)
07/06 20:04:45.276: [amf] INFO: [imsi-999704117201807] Registration complete (../src/amf/gmm-sm.c:1050)
07/06 20:04:54.857: [amf] INFO: InitialUEMessage [suci-0-999-70-0000-0-0-1712400164] Registration request (../src/amf/ngap-handler.c:401)
07/06 20:04:54.911: [amf] INFO: [imsi-999701712400164] Registration complete (../src/amf/gmm-sm.c:1050)
07/06 20:05:04.075: [amf] INFO: InitialUEMessage [suci-0-999-70-0000-0-0-8279052985] Registration request (../src/amf/ngap-handler.c:401)
07/06 20:05:04.121: [amf] INFO: [imsi-999708279052985] Registration complete (../src/amf/gmm-sm.c:1050)
07/06 20:06:46.254: [amf] INFO: InitialUEMessage [suci-0-999-70-0000-0-0-7003133697] Registration request (../src/amf/ngap-handler.c:401)
07/06 20:06:46.292: [amf] INFO: [imsi-999707003133697] Registration complete (../src/amf/gmm-sm.c:1050)
07/06 20:06:51.281: [amf] INFO: InitialUEMessage [suci-0-999-70-0000-0-0-0679830214] Registration request (../src/amf/ngap-handler.c:401)
07/06 20:06:51.317: [amf] INFO: [imsi-999700679830214] Registration complete (../src/amf/gmm-sm.c:1050)
07/06 20:07:58.813: [amf] INFO: InitialUEMessage [suci-0-999-70-0000-0-0-7190534196] Registration request (../src/amf/ngap-handler.c:401)
07/06 20:07:58.850: [amf] INFO: [imsi-999707190534196] Registration complete (../src/amf/gmm-sm.c:1050)
07/06 20:08:05.797: [amf] INFO: InitialUEMessage [suci-0-999-70-0000-0-0-1022337614] Registration request (../src/amf/ngap-handler.c:401)
07/06 20:08:05.847: [amf] INFO: [imsi-999701022337614] Registration complete (../src/amf/gmm-sm.c:1050)
07/06 20:08:24.958: [amf] INFO: InitialUEMessage [suci-0-999-70-0000-0-0-0302860702] Registration request (../src/amf/ngap-handler.c:401)
07/06 20:08:25.013: [amf] INFO: [imsi-999700302860702] Registration complete (../src/amf/gmm-sm.c:1050)
07/06 20:08:25.456: [amf] INFO: InitialUEMessage [suci-0-999-70-0000-0-0-8632882296] Registration request (../src/amf/ngap-handler.c:401)
07/06 20:08:25.503: [amf] INFO: [imsi-999708632882296] Registration complete (../src/amf/gmm-sm.c:1050)
07/06 20:12:20.909: [amf] INFO: InitialUEMessage [suci-0-999-70-0000-0-0-5699964223] Registration request (../src/amf/ngap-handler.c:401)
07/06 20:12:20.943: [amf] INFO: [imsi-999705699964223] Registration complete (../src/amf/gmm-sm.c:1050)
07/06 20:12:29.556: [amf] INFO: InitialUEMessage [suci-0-999-70-0000-0-0-3540831551] Registration request (../src/amf/ngap-handler.c:401)
07/06 20:12:29.601: [amf] INFO: [imsi-999703540831551] Registration complete (../src/amf/gmm-sm.c:1050)
07/06 20:12:30.911: [amf] INFO: InitialUEMessage [suci-0-999-70-0000-0-0-8053556405] Registration request (../src/amf/ngap-handler.c:401)
07/06 20:12:30.951: [amf] INFO: [imsi-999708053556405] Registration complete (../src/amf/gmm-sm.c:1050)
07/06 20:15:47.826: [amf] INFO: InitialUEMessage [suci-0-999-70-0000-0-0-5105849802] Registration request (../src/amf/ngap-handler.c:401)
07/06 20:15:47.850: [amf] INFO: [imsi-999705105849802] Registration complete (../src/amf/gmm-sm.c:1050)
07/06 20:18:21.552: [amf] INFO: InitialUEMessage [suci-0-999-70-0000-0-0-6151839831] Registration request (../src/amf/ngap-handler.c:401)
07/06 20:18:21.593: [amf] INFO: [imsi-999706151839831] Registration complete (../src/amf/gmm-sm.c:1050)
07/06 20:19:04.508: [amf] INFO: InitialUEMessage [suci-0-999-70-0000-0-0-0531964824] Registration request (../src/amf/ngap-handler.c:401)
07/06 20:19:04.542: [amf] INFO: [imsi-999700531964824] Registration complete (../src/amf/gmm-sm.c:1050)
07/06 20:19:10.027: [amf] INFO: InitialUEMessage [suci-0-999-70-0000-0-0-6809630743] Registration request (../src/amf/ngap-handler.c:401)
07/06 20:19:10.053: [amf] INFO: [imsi-999706809630743] Registration complete (../src/amf/gmm-sm.c:1050)
07/06 20:19:34.120: [amf] INFO: InitialUEMessage [suci-0-999-70-0000-0-0-2051878930] Registration request (../src/amf/ngap-handler.c:401)
07/06 20:19:34.152: [amf] INFO: [imsi-999702051878930] Registration complete (../src/amf/gmm-sm.c:1050)
07/06 20:20:26.908: [amf] INFO: InitialUEMessage [suci-0-999-70-0000-0-0-9947375022] Registration request (../src/amf/ngap-handler.c:401)
07/06 20:20:26.955: [amf] INFO: [imsi-999709947375022] Registration complete (../src/amf/gmm-sm.c:1050)
07/06 20:22:54.821: [amf] INFO: InitialUEMessage [suci-0-999-70-0000-0-0-3230544241] Registration request (../src/amf/ngap-handler.c:401)
07/06 20:22:54.875: [amf] INFO: [imsi-999703230544241] Registration complete (../src/amf/gmm-sm.c:1050)
07/06 20:23:35.527: [amf] INFO: InitialUEMessage [suci-0-999-70-0000-0-0-0107483793] Registration request (../src/amf/ngap-handler.c:401)
07/06 20:23:35.573: [amf] INFO: [imsi-999700107483793] Registration complete (../src/amf/gmm-sm.c:1050)
07/06 20:23:57.248: [amf] INFO: InitialUEMessage [suci-0-999-70-0000-0-0-5210166650] Registration request (../src/amf/ngap-handler.c:401)
07/06 20:23:57.298: [amf] INFO: [imsi-999705210166650] Registration complete (../src/amf/gmm-sm.c:1050)
07/06 20:25:45.697: [amf] INFO: InitialUEMessage [suci-0-999-70-0000-0-0-0156265903] Registration request (../src/amf/ngap-handler.c:401)
07/06 20:25:45.738: [amf] INFO: [imsi-999700156265903] Registration complete (../src/amf/gmm-sm.c:1050)
07/06 20:28:35.888: [amf] INFO: InitialUEMessage [suci-0-999-70-0000-0-0-2973714938] Registration request (../src/amf/ngap-handler.c:401)
07/06 20:28:35.931: [amf] INFO: [imsi-999702973714938] Registration complete (../src/amf/gmm-sm.c:1050)
07/06 20:28:36.183: [amf] INFO: InitialUEMessage [suci-0-999-70-0000-0-0-2288915093] Registration request (../src/amf/ngap-handler.c:401)
07/06 20:28:36.237: [amf] INFO: [imsi-999702288915093] Registration complete (../src/amf/gmm-sm.c:1050)
07/06 20:28:44.232: [amf] INFO: InitialUEMessage [suci-0-999-70-0000-0-0-8879970280] Registration request (../src/amf/ngap-handler.c:401)
07/06 20:28:44.280: [amf] INFO: [imsi-999708879970280] Registration complete (../src/amf/gmm-sm.c:1050)
07/06 20:29:05.110: [amf] INFO: InitialUEMessage [suci-0-999-70-0000-0-0-7781503832] Registration request (../src/amf/ngap-handler.c:401)
07/06 20:29:05.159: [amf] INFO: [imsi-999707781503832] Registration complete (../src/amf/gmm-sm.c:1050)
07/06 20:29:44.325: [amf] INFO: InitialUEMessage [suci-0-999-70-0000-0-0-9375900845] Registration request (../src/amf/ngap-handler.c:401)
07/06 20:29:44.352: [amf] INFO: [imsi-999709375900845] Registration complete (../src/amf/gmm-sm.c:1050)
07/06 20:29:46.967: [amf] INFO: InitialUEMessage [suci-0-999-70-0000-0-0-5270185192] Registration request (../src/amf/ngap-handler.c:401)
07/06 20:29:47.005: [amf] INFO: [imsi-999705270185192] Registration complete (../src/amf/gmm-sm.c:1050)
07/06 20:30:28.389: [amf] INFO: InitialUEMessage [suci-0-999-70-0000-0-0-9000692795] Registration request (../src/amf/ngap-handler.c:401)
07/06 20:30:28.439: [amf] INFO: [imsi-999709000692795] Registration complete (../src/amf/gmm-sm.c:1050)
07/06 20:31:01.217: [amf] INFO: InitialUEMessage [suci-0-999-70-0000-0-0-0263139388] Registration request (../src/amf/ngap-handler.c:401)
07/06 20:31:01.251: [amf] INFO: [imsi-999700263139388] Registration complete (../src/amf/gmm-sm.c:1050)
07/06 20:31:43.353: [amf] INFO: InitialUEMessage [suci-0-999-70-0000-0-0-7243676567] Registration request (../src/amf/ngap-handler.c:401)
07/06 20:31:43.396: [amf] INFO: [imsi-999707243676567] Registration complete (../src/amf/gmm-sm.c:1050)
07/06 20:32:46.304: [amf] INFO: InitialUEMessage [suci-0-999-70-0000-0-0-8005149429] Registration request (../src/amf/ngap-handler.c:401)
07/06 20:32:46.358: [amf] INFO: [imsi-999708005149429] Registration complete (../src/amf/gmm-sm.c:1050)
07/06 20:33:25.055: [amf] INFO: InitialUEMessage [suci-0-999-70-0000-0-0-4038523952] Registration request (../src/amf/ngap-handler.c:401)
07/06 20:33:25.093: [amf] INFO: [imsi-999704038523952] Registration complete (../src/amf/gmm-sm.c:1050)
07/06 20:34:31.973: [amf] INFO: InitialUEMessage [suci-0-999-70-0000-0-0-1217403796] Registration request (../src/amf/ngap-handler.c:401)
07/06 20:34:31.996: [amf] INFO: [imsi-999701217403796] Registration complete (../src/amf/gmm-sm.c:1050)
07/06 20:35:13.274: [amf] INFO: InitialUEMessage [suci-0-999-70-0000-0-0-2621977364] Registration request (../src/amf/ngap-handler.c:401)
07/06 20:35:13.318: [amf] INFO: [imsi-999702621977364] Registration complete (../src/amf/gmm-sm.c:1050)
07/06 20:36:12.156: [amf] INFO: InitialUEMessage [suci-0-999-70-0000-0-0-7113773937] Registration request (../src/amf/ngap-handler.c:401)
07/06 20:36:12.181: [amf] INFO: [imsi-999707113773937] Registration complete (../src/amf/gmm-sm.c:1050)
07/06 20:36:34.066: [amf] INFO: InitialUEMessage [suci-0-999-70-0000-0-0-5655671741] Registration request (../src/amf/ngap-handler.c:401)
07/06 20:36:34.104: [amf] INFO: [imsi-999705655671741] Registration complete (../src/amf/gmm-sm.c:1050)
07/06 20:37:21.102: [amf] INFO: InitialUEMessage [suci-0-999-70-0000-0-0-7807094495] Registration request (../src/amf/ngap-handler.c:401)
07/06 20:37:21.142: [amf] INFO: [imsi-999707807094495] Registration complete (../src/amf/gmm-sm.c:1050)
07/06 20:39:50.588: [amf] INFO: InitialUEMessage [suci-0-999-70-0000-0-0-7262521467] Registration request (../src/amf/ngap-handler.c:401)
07/06 20:39:50.641: [amf] INFO: [imsi-999707262521467] Registration complete (../src/amf/gmm-sm.c:1050)
07/06 20:40:33.570: [amf] INFO: InitialUEMessage [suci-0-999-70-0000-0-0-6030496652] Registration request (../src/amf/ngap-handler.c:401)
07/06 20:40:33.602: [amf] INFO: [imsi-999706030496652] Registration complete (../src/amf/gmm-sm.c:1050)
07/06 20:41:33.147: [amf] INFO: InitialUEMessage [suci-0-999-70-0000-0-0-6387260835] Registration request (../src/amf/ngap-handler.c:401)
07/06 20:41:33.201: [amf] INFO: [imsi-999706387260835] Registration complete (../src/amf/gmm-sm.c:1050)
07/06 20:42:59.477: [amf] INFO: InitialUEMessage [suci-0-999-70-0000-0-0-3930833290] Registration request (../src/amf/ngap-handler.c:401)
07/06 20:42:59.544: [amf] INFO: [imsi-999703930833290] Registration complete (../src/amf/gmm-sm.c:1050)
07/06 20:44:14.370: [amf] INFO: InitialUEMessage [suci-0-999-70-0000-0-0-4175111627] Registration request (../src/amf/ngap-handler.c:401)
07/06 20:44:14.436: [amf] INFO: [imsi-999704175111627] Registration complete (../src/amf/gmm-sm.c:1050)
07/06 20:44:20.143: [amf] INFO: InitialUEMessage [suci-0-999-70-0000-0-0-9060620260] Registration request (../src/amf/ngap-handler.c:401)
07/06 20:44:20.173: [amf] INFO: [imsi-999709060620260] Registration complete (../src/amf/gmm-sm.c:1050)
07/06 20:46:27.177: [amf] INFO: InitialUEMessage [suci-0-999-70-0000-0-0-2211275565] Registration request (../src/amf/ngap-handler.c:401)
07/06 20:46:27.216: [amf] INFO: [imsi-999702211275565] Registration complete (../src/amf/gmm-sm.c:1050)
07/06 20:46:55.014: [amf] INFO: InitialUEMessage [suci-0-999-70-0000-0-0-2820606910] Registration request (../src/amf/ngap-handler.c:401)
07/06 20:46:55.045: [amf] INFO: [imsi-999702820606910] Registration complete (../src/amf/gmm-sm.c:1050)
07/06 20:47:33.444: [amf] INFO: InitialUEMessage [suci-0-999-70-0000-0-0-0883224941] Registration request (../src/amf/ngap-handler.c:401)
07/06 20:47:33.501: [amf] INFO: [imsi-999700883224941] Registration complete (../src/amf/gmm-sm.c:1050)
07/06 20:48:50.591: [amf] INFO: InitialUEMessage [suci-0-999-70-0000-0-0-0722901204] Registration request (../src/amf/ngap-handler.c:401)
07/06 20:48:50.629: [amf] INFO: [imsi-999700722901204] Registration complete (../src/amf/gmm-sm.c:1050)
07/06 20:50:39.192: [amf] INFO: InitialUEMessage [suci-0-999-70-0000-0-0-4066593744] Registration request (../src/amf/ngap-handler.c:401)
07/06 20:50:39.246: [amf] INFO: [imsi-999704066593744] Registration complete (../src/amf/gmm-sm.c:1050)
07/06 20:50:57.272: [amf] INFO: InitialUEMessage [suci-0-999-70-0000-0-0-6067614995] Registration request (../src/amf/ngap-handler.c:401)
07/06 20:50:57.319: [amf] INFO: [imsi-999706067614995] Registration complete (../src/amf/gmm-sm.c:1050)
07/06 20:51:00.653: [amf] INFO: InitialUEMessage [suci-0-999-70-0000-0-0-9335439434] Registration request (../src/amf/ngap-handler.c:401)
07/06 20:51:00.700: [amf] INFO: [imsi-999709335439434] Registration complete (../src/amf/gmm-sm.c:1050)
07/06 20:51:37.209: [amf] INFO: InitialUEMessage [suci-0-999-70-0000-0-0-1400531644] Registration request (../src/amf/ngap-handler.c:401)
07/06 20:51:37.273: [amf] INFO: [imsi-999701400531644] Registration complete (../src/amf/gmm-sm.c:1050)
07/06 20:52:16.420: [amf] INFO: InitialUEMessage [suci-0-999-70-0000-0-0-7055987636] Registration request (../src/amf/ngap-handler.c:401)
07/06 20:52:16.472: [amf] INFO: [imsi-999707055987636] Registration complete (../src/amf/gmm-sm.c:1050)
07/06 20:53:37.152: [amf] INFO: InitialUEMessage [suci-0-999-70-0000-0-0-6986385063] Registration request (../src/amf/ngap-handler.c:401)
07/06 20:53:37.199: [amf] INFO: [imsi-999706986385063] Registration complete (../src/amf/gmm-sm.c:1050)
07/06 20:55:08.820: [amf] INFO: InitialUEMessage [suci-0-999-70-0000-0-0-0476680412] Registration request (../src/amf/ngap-handler.c:401)
07/06 20:55:08.870: [amf] INFO: [imsi-999700476680412] Registration complete (../src/amf/gmm-sm.c:1050)
07/06 20:56:14.726: [amf] INFO: InitialUEMessage [suci-0-999-70-0000-0-0-9028953428] Registration request (../src/amf/ngap-handler.c:401)
07/06 20:56:14.764: [amf] INFO: [imsi-999709028953428] Registration complete (../src/amf/gmm-sm.c:1050)
07/06 20:56:23.645: [amf] INFO: InitialUEMessage [suci-0-999-70-0000-0-0-6204986152] Registration request (../src/amf/ngap-handler.c:401)
07/06 20:56:23.687: [amf] INFO: [imsi-999706204986152] Registration complete (../src/amf/gmm-sm.c:1050)
07/06 20:57:22.894: [amf] INFO: InitialUEMessage [suci-0-999-70-0000-0-0-5214030056] Registration request (../src/amf/ngap-handler.c:401)
07/06 20:57:22.941: [amf] INFO: [imsi-999705214030056] Registration complete (../src/amf/gmm-sm.c:1050)
07/06 20:57:57.718: [amf] INFO: InitialUEMessage [suci-0-999-70-0000-0-0-4015789771] Registration request (../src/amf/ngap-handler.c:401)
07/06 20:57:57.757: [amf] INFO: [imsi-999704015789771] Registration complete (../src/amf/gmm-sm.c:1050)
07/06 21:01:53.674: [amf] INFO: InitialUEMessage [suci-0-999-70-0000-0-0-6562116000] Registration request (../src/amf/ngap-handler.c:401)
07/06 21:01:53.727: [amf] INFO: [imsi-999706562116000] Registration complete (../src/amf/gmm-sm.c:1050)
07/06 21:03:09.335: [amf] INFO: InitialUEMessage [suci-0-999-70-0000-0-0-9356699619] Registration request (../src/amf/ngap-handler.c:401)
07/06 21:03:09.371: [amf] INFO: [imsi-999709356699619] Registration complete (../src/amf/gmm-sm.c:1050)
07/06 21:04:36.583: [amf] INFO: InitialUEMessage [suci-0-999-70-0000-0-0-2031813306] Registration request (../src/amf/ngap-handler.c:401)
07/06 21:04:36.635: [amf] INFO: [imsi-999702031813306] Registration complete (../src/amf/gmm-sm.c:1050)
07/06 21:04:41.138: [amf] INFO: InitialUEMessage [suci-0-999-70-0000-0-0-7792316710] Registration request (../src/amf/ngap-handler.c:401)
07/06 21:04:41.189: [amf] INFO: [imsi-999707792316710] Registration complete (../src/amf/gmm-sm.c:1050)
07/06 21:06:21.415: [amf] INFO: InitialUEMessage [suci-0-999-70-0000-0-0-7290372145] Registration request (../src/amf/ngap-handler.c:401)
07/06 21:06:21.466: [amf] INFO: [imsi-999707290372145] Registration complete (../src/amf/gmm-sm.c:1050)
07/06 21:06:58.050: [amf] INFO: InitialUEMessage [suci-0-999-70-0000-0-0-7007065357] Registration request (../src/amf/ngap-handler.c:401)
07/06 21:06:58.099: [amf] INFO: [imsi-999707007065357] Registration complete (../src/amf/gmm-sm.c:1050)
07/06 21:07:53.462: [amf] INFO: InitialUEMessage [suci-0-999-70-0000-0-0-7826280291] Registration request (../src/amf/ngap-handler.c:401)
07/06 21:07:53.492: [amf] INFO: [imsi-999707826280291] Registration complete (../src/amf/gmm-sm.c:1050)
07/06 21:08:02.846: [amf] INFO: InitialUEMessage [suci-0-999-70-0000-0-0-9476818673] Registration request (../src/amf/ngap-handler.c:401)
07/06 21:08:02.886: [amf] INFO: [imsi-999709476818673] Registration complete (../src/amf/gmm-sm.c:1050)
07/06 21:08:34.194: [amf] INFO: InitialUEMessage [suci-0-999-70-0000-0-0-3881338474] Registration request (../src/amf/ngap-handler.c:401)
07/06 21:08:34.236: [amf] INFO: [imsi-999703881338474] Registration complete (../src/amf/gmm-sm.c:1050)
07/06 21:09:01.183: [amf] INFO: InitialUEMessage [suci-0-999-70-0000-0-0-2931618329] Registration request (../src/amf/ngap-handler.c:401)
07/06 21:09:01.217: [amf] INFO: [imsi-999702931618329] Registration complete (../src/amf/gmm-sm.c:1050)
07/06 21:09:20.814: [amf] INFO: InitialUEMessage [suci-0-999-70-0000-0-0-2666854853] Registration request (../src/amf/ngap-handler.c:401)
07/06 21:09:20.872: [amf] INFO: [imsi-999702666854853] Registration complete (../src/amf/gmm-sm.c:1050)
07/06 21:09:45.259: [amf] INFO: InitialUEMessage [suci-0-999-70-0000-0-0-7617699624] Registration request (../src/amf/ngap-handler.c:401)
07/06 21:09:45.310: [amf] INFO: [imsi-999707617699624] Registration complete (../src/amf/gmm-sm.c:1050)
07/06 21:11:19.661: [amf] INFO: InitialUEMessage [suci-0-999-70-0000-0-0-0187274539] Registration request (../src/amf/ngap-handler.c:401)
07/06 21:11:19.696: [amf] INFO: [imsi-999700187274539] Registration complete (../src/amf/gmm-sm.c:1050)
07/06 21:12:04.245: [amf] INFO: InitialUEMessage [suci-0-999-70-0000-0-0-8380290435] Registration request (../src/amf/ngap-handler.c:401)
07/06 21:12:04.290: [amf] INFO: [imsi-999708380290435] Registration complete (../src/amf/gmm-sm.c:1050)
07/06 21:12:19.624: [amf] INFO: InitialUEMessage [suci-0-999-70-0000-0-0-9109937036] Registration request (../src/amf/ngap-handler.c:401)
07/06 21:12:19.663: [amf] INFO: [imsi-999709109937036] Registration complete (../src/amf/gmm-sm.c:1050)
07/06 21:15:04.549: [amf] INFO: InitialUEMessage [suci-0-999-70-0000-0-0-8590671811] Registration request (../src/amf/ngap-handler.c:401)
07/06 21:15:04.605: [amf] INFO: [imsi-999708590671811] Registration complete (../src/amf/gmm-sm.c:1050)
07/06 21:15:59.635: [amf] INFO: InitialUEMessage [suci-0-999-70-0000-0-0-9181260027] Registration request (../src/amf/ngap-handler.c:401)
07/06 21:15:59.663: [amf] INFO: [imsi-999709181260027] Registration complete (../src/amf/gmm-sm.c:1050)
07/06 21:16:52.916: [amf] INFO: InitialUEMessage [suci-0-999-70-0000-0-0-9837352924] Registration request (../src/amf/ngap-handler.c:401)
07/06 21:16:52.956: [amf] INFO: [imsi-999709837352924] Registration complete (../src/amf/gmm-sm.c:1050)
07/06 21:16:56.900: [amf] INFO: InitialUEMessage [suci-0-999-70-0000-0-0-3584975346] Registration request (../src/amf/ngap-handler.c:401)
07/06 21:16:56.929: [amf] INFO: [imsi-999703584975346] Registration complete (../src/amf/gmm-sm.c:1050)
07/06 21:16:58.732: [amf] INFO: InitialUEMessage [suci-0-999-70-0000-0-0-2434051248] Registration request (../src/amf/ngap-handler.c:401)
07/06 21:16:58.794: [amf] INFO: [imsi-999702434051248] Registration complete (../src/amf/gmm-sm.c:1050)
07/06 21:17:53.014: [amf] INFO: InitialUEMessage [suci-0-999-70-0000-0-0-3369801236] Registration request (../src/amf/ngap-handler.c:401)
07/06 21:17:53.042: [amf] INFO: [imsi-999703369801236] Registration complete (../src/amf/gmm-sm.c:1050)
07/06 21:19:25.841: [amf] INFO: InitialUEMessage [suci-0-999-70-0000-0-0-1360826157] Registration request (../src/amf/ngap-handler.c:401)
07/06 21:19:25.888: [amf] INFO: [imsi-999701360826157] Registration complete (../src/amf/gmm-sm.c:1050)
07/06 21:19:50.031: [amf] INFO: InitialUEMessage [suci-0-999-70-0000-0-0-6311735546] Registration request (../src/amf/ngap-handler.c:401)
07/06 21:19:50.063: [amf] INFO: [imsi-999706311735546] Registration complete (../src/amf/gmm-sm.c:1050)
07/06 21:21:27.380: [amf] INFO: InitialUEMessage [suci-0-999-70-0000-0-0-8485298319] Registration request (../src/amf/ngap-handler.c:401)
07/06 21:21:27.426: [amf] INFO: [imsi-999708485298319] Registration complete (../src/amf/gmm-sm.c:1050)
07/06 21:22:43.734: [amf] INFO: InitialUEMessage [suci-0-999-70-0000-0-0-2006292061] Registration request (../src/amf/ngap-handler.c:401)
07/06 21:22:43.769: [amf] INFO: [imsi-999702006292061] Registration complete (../src/amf/gmm-sm.c:1050)
07/06 21:23:31.091: [amf] INFO: InitialUEMessage [suci-0-999-70-0000-0-0-8705796382] Registration request (../src/amf/ngap-handler.c:401)
07/06 21:23:31.128: [amf] INFO: [imsi-999708705796382] Registration complete (../src/amf/gmm-sm.c:1050)
07/06 21:27:03.102: [amf] INFO: InitialUEMessage [suci-0-999-70-0000-0-0-3787323165] Registration request (../src/amf/ngap-handler.c:401)
07/06 21:27:03.156: [amf] INFO: [imsi-999703787323165] Registration complete (../src/amf/gmm-sm.c:1050)
07/06 21:28:12.182: [amf] INFO: InitialUEMessage [suci-0-999-70-0000-0-0-3751967190] Registration request (../src/amf/ngap-handler.c:401)
07/06 21:28:12.229: [amf] INFO: [imsi-999703751967190] Registration complete (../src/amf/gmm-sm.c:1050)
07/06 21:28:44.656: [amf] INFO: InitialUEMessage [suci-0-999-70-0000-0-0-2397597928] Registration request (../src/amf/ngap-handler.c:401)
07/06 21:28:44.691: [amf] INFO: [imsi-999702397597928] Registration complete (../src/amf/gmm-sm.c:1050)
07/06 21:31:09.126: [amf] INFO: InitialUEMessage [suci-0-999-70-0000-0-0-3110634498] Registration request (../src/amf/ngap-handler.c:401)
07/06 21:31:09.162: [amf] INFO: [imsi-999703110634498] Registration complete (../src/amf/gmm-sm.c:1050)
07/06 21:31:09.277: [amf] WARNING: [imsi-999703110634498] PDU Session Establishment reject [PSI:1 Cause: Network failure] (../src/amf/nsmf-handler.c:520)
07/06 21:31:33.552: [amf] INFO: InitialUEMessage [suci-0-999-70-0000-0-0-5921418263] Registration request (../src/amf/ngap-handler.c:401)
07/06 21:31:33.599: [amf] INFO: [imsi-999705921418263] Registration complete (../src/amf/gmm-sm.c:1050)
07/06 21:32:30.732: [amf] INFO: InitialUEMessage [suci-0-999-70-0000-0-0-8110366735] Registration request (../src/amf/ngap-handler.c:401)
07/06 21:32:30.789: [amf] INFO: [imsi-999708110366735] Registration complete (../src/amf/gmm-sm.c:1050)
07/06 21:32:56.945: [amf] INFO: InitialUEMessage [suci-0-999-70-0000-0-0-6828470309] Registration request (../src/amf/ngap-handler.c:401)
07/06 21:32:56.993: [amf] INFO: [imsi-999706828470309] Registration complete (../src/amf/gmm-sm.c:1050)
07/06 21:33:10.579: [amf] INFO: InitialUEMessage [suci-0-999-70-0000-0-0-4507060376] Registration request (../src/amf/ngap-handler.c:401)
07/06 21:33:10.612: [amf] INFO: [imsi-999704507060376] Registration complete (../src/amf/gmm-sm.c:1050)
07/06 21:35:57.749: [amf] INFO: InitialUEMessage [suci-0-999-70-0000-0-0-6008592171] Registration request (../src/amf/ngap-handler.c:401)
07/06 21:35:57.793: [amf] INFO: [imsi-999706008592171] Registration complete (../src/amf/gmm-sm.c:1050)
07/06 21:37:07.946: [amf] INFO: InitialUEMessage [suci-0-999-70-0000-0-0-5403341546] Registration request (../src/amf/ngap-handler.c:401)
07/06 21:37:07.998: [amf] INFO: [imsi-999705403341546] Registration complete (../src/amf/gmm-sm.c:1050)
07/06 21:37:51.253: [amf] INFO: InitialUEMessage [suci-0-999-70-0000-0-0-5429050763] Registration request (../src/amf/ngap-handler.c:401)
07/06 21:37:51.291: [amf] INFO: [imsi-999705429050763] Registration complete (../src/amf/gmm-sm.c:1050)
07/06 21:38:17.327: [amf] INFO: InitialUEMessage [suci-0-999-70-0000-0-0-1089264119] Registration request (../src/amf/ngap-handler.c:401)
07/06 21:38:17.359: [amf] INFO: [imsi-999701089264119] Registration complete (../src/amf/gmm-sm.c:1050)
07/06 21:39:18.798: [amf] INFO: InitialUEMessage [suci-0-999-70-0000-0-0-4190016820] Registration request (../src/amf/ngap-handler.c:401)
07/06 21:39:18.836: [amf] INFO: [imsi-999704190016820] Registration complete (../src/amf/gmm-sm.c:1050)
07/06 21:39:51.276: [amf] INFO: InitialUEMessage [suci-0-999-70-0000-0-0-2695988746] Registration request (../src/amf/ngap-handler.c:401)
07/06 21:39:51.308: [amf] INFO: [imsi-999702695988746] Registration complete (../src/amf/gmm-sm.c:1050)
07/06 21:40:32.861: [amf] INFO: InitialUEMessage [suci-0-999-70-0000-0-0-8870792642] Registration request (../src/amf/ngap-handler.c:401)
07/06 21:40:32.922: [amf] INFO: [imsi-999708870792642] Registration complete (../src/amf/gmm-sm.c:1050)
07/06 21:42:15.134: [amf] INFO: InitialUEMessage [suci-0-999-70-0000-0-0-0621890324] Registration request (../src/amf/ngap-handler.c:401)
07/06 21:42:15.177: [amf] INFO: [imsi-999700621890324] Registration complete (../src/amf/gmm-sm.c:1050)
07/06 21:43:54.840: [amf] INFO: InitialUEMessage [suci-0-999-70-0000-0-0-0286632897] Registration request (../src/amf/ngap-handler.c:401)
07/06 21:43:54.893: [amf] INFO: [imsi-999700286632897] Registration complete (../src/amf/gmm-sm.c:1050)
07/06 21:47:12.817: [amf] INFO: InitialUEMessage [suci-0-999-70-0000-0-0-1491217831] Registration request (../src/amf/ngap-handler.c:401)
07/06 21:47:12.882: [amf] INFO: [imsi-999701491217831] Registration complete (../src/amf/gmm-sm.c:1050)
07/06 21:49:48.116: [amf] INFO: InitialUEMessage [suci-0-999-70-0000-0-0-7956727182] Registration request (../src/amf/ngap-handler.c:401)
07/06 21:49:48.173: [amf] INFO: [imsi-999707956727182] Registration complete (../src/amf/gmm-sm.c:1050)
07/06 21:50:23.084: [amf] INFO: InitialUEMessage [suci-0-999-70-0000-0-0-4613339159] Registration request (../src/amf/ngap-handler.c:401)
07/06 21:50:23.117: [amf] INFO: [imsi-999704613339159] Registration complete (../src/amf/gmm-sm.c:1050)
07/06 21:51:54.850: [amf] INFO: InitialUEMessage [suci-0-999-70-0000-0-0-2454511755] Registration request (../src/amf/ngap-handler.c:401)
07/06 21:51:54.893: [amf] INFO: [imsi-999702454511755] Registration complete (../src/amf/gmm-sm.c:1050)
07/06 21:52:22.216: [amf] INFO: InitialUEMessage [suci-0-999-70-0000-0-0-5543886178] Registration request (../src/amf/ngap-handler.c:401)
07/06 21:52:22.262: [amf] INFO: [imsi-999705543886178] Registration complete (../src/amf/gmm-sm.c:1050)
07/06 21:53:42.076: [amf] INFO: InitialUEMessage [suci-0-999-70-0000-0-0-9650372533] Registration request (../src/amf/ngap-handler.c:401)
07/06 21:53:42.115: [amf] INFO: [imsi-999709650372533] Registration complete (../src/amf/gmm-sm.c:1050)
07/06 21:54:51.284: [amf] INFO: InitialUEMessage [suci-0-999-70-0000-0-0-9407748712] Registration request (../src/amf/ngap-handler.c:401)
07/06 21:54:51.343: [amf] INFO: [imsi-999709407748712] Registration complete (../src/amf/gmm-sm.c:1050)
07/06 21:55:56.731: [amf] INFO: InitialUEMessage [suci-0-999-70-0000-0-0-7080869835] Registration request (../src/amf/ngap-handler.c:401)
07/06 21:55:56.762: [amf] INFO: [imsi-999707080869835] Registration complete (../src/amf/gmm-sm.c:1050)
07/06 21:58:06.027: [amf] INFO: InitialUEMessage [suci-0-999-70-0000-0-0-1154356405] Registration request (../src/amf/ngap-handler.c:401)
07/06 21:58:06.057: [amf] INFO: [imsi-999701154356405] Registration complete (../src/amf/gmm-sm.c:1050)
07/06 21:58:10.254: [amf] INFO: InitialUEMessage [suci-0-999-70-0000-0-0-0349717178] Registration request (../src/amf/ngap-handler.c:401)
07/06 21:58:10.289: [amf] INFO: [imsi-999700349717178] Registration complete (../src/amf/gmm-sm.c:1050)
07/06 21:58:10.563: [amf] INFO: InitialUEMessage [suci-0-999-70-0000-0-0-2675680458] Registration request (../src/amf/ngap-handler.c:401)
07/06 21:58:10.622: [amf] INFO: [imsi-999702675680458] Registration complete (../src/amf/gmm-sm.c:1050)
07/06 21:58:23.360: [amf] INFO: InitialUEMessage [suci-0-999-70-0000-0-0-6632227060] Registration request (../src/amf/ngap-handler.c:401)
07/06 21:58:23.397: [amf] INFO: [imsi-999706632227060] Registration complete (../src/amf/gmm-sm.c:1050)
07/06 22:00:46.369: [amf] INFO: InitialUEMessage [suci-0-999-70-0000-0-0-0993887986] Registration request (../src/amf/ngap-handler.c:401)
07/06 22:00:46.421: [amf] INFO: [imsi-999700993887986] Registration complete (../src/amf/gmm-sm.c:1050)
07/06 22:01:14.922: [amf] INFO: InitialUEMessage [suci-0-999-70-0000-0-0-7915770714] Registration request (../src/amf/ngap-handler.c:401)
07/06 22:01:14.958: [amf] INFO: [imsi-999707915770714] Registration complete (../src/amf/gmm-sm.c:1050)
07/06 22:03:25.608: [amf] INFO: InitialUEMessage [suci-0-999-70-0000-0-0-6255036197] Registration request (../src/amf/ngap-handler.c:401)
07/06 22:03:25.665: [amf] INFO: [imsi-999706255036197] Registration complete (../src/amf/gmm-sm.c:1050)
07/06 22:04:08.791: [amf] INFO: InitialUEMessage [suci-0-999-70-0000-0-0-2164592551] Registration request (../src/amf/ngap-handler.c:401)
07/06 22:04:08.843: [amf] INFO: [imsi-999702164592551] Registration complete (../src/amf/gmm-sm.c:1050)
07/06 22:04:14.037: [amf] INFO: InitialUEMessage [suci-0-999-70-0000-0-0-8250485157] Registration request (../src/amf/ngap-handler.c:401)
07/06 22:04:14.098: [amf] INFO: [imsi-999708250485157] Registration complete (../src/amf/gmm-sm.c:1050)
07/06 22:04:14.225: [amf] WARNING: [imsi-999708250485157] PDU Session Establishment reject [PSI:1 Cause: Network failure] (../src/amf/nsmf-handler.c:520)
07/06 22:05:29.471: [amf] INFO: InitialUEMessage [suci-0-999-70-0000-0-0-5670272403] Registration request (../src/amf/ngap-handler.c:401)
07/06 22:05:29.501: [amf] INFO: [imsi-999705670272403] Registration complete (../src/amf/gmm-sm.c:1050)
07/06 22:08:41.626: [amf] INFO: InitialUEMessage [suci-0-999-70-0000-0-0-3495129349] Registration request (../src/amf/ngap-handler.c:401)
07/06 22:08:41.656: [amf] INFO: [imsi-999703495129349] Registration complete (../src/amf/gmm-sm.c:1050)
07/06 22:08:46.175: [amf] INFO: InitialUEMessage [suci-0-999-70-0000-0-0-1313515093] Registration request (../src/amf/ngap-handler.c:401)
07/06 22:08:46.204: [amf] INFO: [imsi-999701313515093] Registration complete (../src/amf/gmm-sm.c:1050)
07/06 22:08:58.620: [amf] INFO: InitialUEMessage [suci-0-999-70-0000-0-0-5764943049] Registration request (../src/amf/ngap-handler.c:401)
07/06 22:08:58.654: [amf] INFO: [imsi-999705764943049] Registration complete (../src/amf/gmm-sm.c:1050)
07/06 22:09:17.508: [amf] INFO: InitialUEMessage [suci-0-999-70-0000-0-0-8357998553] Registration request (../src/amf/ngap-handler.c:401)
07/06 22:09:17.531: [amf] INFO: [imsi-999708357998553] Registration complete (../src/amf/gmm-sm.c:1050)
07/06 22:09:44.202: [amf] INFO: InitialUEMessage [suci-0-999-70-0000-0-0-1054357133] Registration request (../src/amf/ngap-handler.c:401)
07/06 22:09:44.234: [amf] INFO: [imsi-999701054357133] Registration complete (../src/amf/gmm-sm.c:1050)
07/06 22:14:08.956: [amf] INFO: InitialUEMessage [suci-0-999-70-0000-0-0-5026483835] Registration request (../src/amf/ngap-handler.c:401)
07/06 22:14:09.014: [amf] INFO: [imsi-999705026483835] Registration complete (../src/amf/gmm-sm.c:1050)
07/06 22:16:06.017: [amf] INFO: InitialUEMessage [suci-0-999-70-0000-0-0-6797360731] Registration request (../src/amf/ngap-handler.c:401)
07/06 22:16:06.069: [amf] INFO: [imsi-999706797360731] Registration complete (../src/amf/gmm-sm.c:1050)
07/06 22:18:04.503: [amf] INFO: InitialUEMessage [suci-0-999-70-0000-0-0-2226288339] Registration request (../src/amf/ngap-handler.c:401)
07/06 22:18:04.553: [amf] INFO: [imsi-999702226288339] Registration complete (../src/amf/gmm-sm.c:1050)
07/06 22:18:50.364: [amf] INFO: InitialUEMessage [suci-0-999-70-0000-0-0-3912727134] Registration request (../src/amf/ngap-handler.c:401)
07/06 22:18:50.384: [amf] INFO: [imsi-999703912727134] Registration complete (../src/amf/gmm-sm.c:1050)
07/06 22:19:14.696: [amf] INFO: InitialUEMessage [suci-0-999-70-0000-0-0-3356662263] Registration request (../src/amf/ngap-handler.c:401)
07/06 22:19:14.757: [amf] INFO: [imsi-999703356662263] Registration complete (../src/amf/gmm-sm.c:1050)
07/06 22:19:29.698: [amf] INFO: InitialUEMessage [suci-0-999-70-0000-0-0-2066786186] Registration request (../src/amf/ngap-handler.c:401)
07/06 22:19:29.742: [amf] INFO: [imsi-999702066786186] Registration complete (../src/amf/gmm-sm.c:1050)
07/06 22:19:39.481: [amf] INFO: InitialUEMessage [suci-0-999-70-0000-0-0-1634780632] Registration request (../src/amf/ngap-handler.c:401)
07/06 22:19:39.530: [amf] INFO: [imsi-999701634780632] Registration complete (../src/amf/gmm-sm.c:1050)
07/06 22:24:00.539: [amf] INFO: InitialUEMessage [suci-0-999-70-0000-0-0-3563018150] Registration request (../src/amf/ngap-handler.c:401)
07/06 22:24:00.599: [amf] INFO: [imsi-999703563018150] Registration complete (../src/amf/gmm-sm.c:1050)
07/06 22:27:11.534: [amf] INFO: InitialUEMessage [suci-0-999-70-0000-0-0-3250769201] Registration request (../src/amf/ngap-handler.c:401)
07/06 22:27:11.576: [amf] INFO: [imsi-999703250769201] Registration complete (../src/amf/gmm-sm.c:1050)
07/06 22:27:33.712: [amf] INFO: InitialUEMessage [suci-0-999-70-0000-0-0-6087421399] Registration request (../src/amf/ngap-handler.c:401)
07/06 22:27:33.761: [amf] INFO: [imsi-999706087421399] Registration complete (../src/amf/gmm-sm.c:1050)
07/06 22:28:47.056: [amf] INFO: InitialUEMessage [suci-0-999-70-0000-0-0-0589091500] Registration request (../src/amf/ngap-handler.c:401)
07/06 22:28:47.093: [amf] INFO: [imsi-999700589091500] Registration complete (../src/amf/gmm-sm.c:1050)
07/06 22:35:22.176: [amf] INFO: InitialUEMessage [suci-0-999-70-0000-0-0-0174355346] Registration request (../src/amf/ngap-handler.c:401)
07/06 22:35:22.227: [amf] INFO: [imsi-999700174355346] Registration complete (../src/amf/gmm-sm.c:1050)
07/06 22:35:38.699: [amf] INFO: InitialUEMessage [suci-0-999-70-0000-0-0-4835380512] Registration request (../src/amf/ngap-handler.c:401)
07/06 22:35:38.741: [amf] INFO: [imsi-999704835380512] Registration complete (../src/amf/gmm-sm.c:1050)
07/06 22:35:55.323: [amf] INFO: InitialUEMessage [suci-0-999-70-0000-0-0-9875878741] Registration request (../src/amf/ngap-handler.c:401)
07/06 22:35:55.358: [amf] INFO: [imsi-999709875878741] Registration complete (../src/amf/gmm-sm.c:1050)
07/06 22:40:01.470: [amf] INFO: InitialUEMessage [suci-0-999-70-0000-0-0-9187826047] Registration request (../src/amf/ngap-handler.c:401)
07/06 22:40:01.512: [amf] INFO: [imsi-999709187826047] Registration complete (../src/amf/gmm-sm.c:1050)
07/06 22:40:08.073: [amf] INFO: InitialUEMessage [suci-0-999-70-0000-0-0-0352872893] Registration request (../src/amf/ngap-handler.c:401)
07/06 22:40:08.106: [amf] INFO: [imsi-999700352872893] Registration complete (../src/amf/gmm-sm.c:1050)
07/06 22:41:44.718: [amf] INFO: InitialUEMessage [suci-0-999-70-0000-0-0-2455711283] Registration request (../src/amf/ngap-handler.c:401)
07/06 22:41:44.778: [amf] INFO: [imsi-999702455711283] Registration complete (../src/amf/gmm-sm.c:1050)
07/06 22:42:45.914: [amf] INFO: InitialUEMessage [suci-0-999-70-0000-0-0-8400324285] Registration request (../src/amf/ngap-handler.c:401)
07/06 22:42:45.947: [amf] INFO: [imsi-999708400324285] Registration complete (../src/amf/gmm-sm.c:1050)
07/06 22:42:46.275: [amf] INFO: InitialUEMessage [suci-0-999-70-0000-0-0-8220249814] Registration request (../src/amf/ngap-handler.c:401)
07/06 22:42:46.323: [amf] INFO: [imsi-999708220249814] Registration complete (../src/amf/gmm-sm.c:1050)
07/06 22:44:22.702: [amf] INFO: InitialUEMessage [suci-0-999-70-0000-0-0-6808120990] Registration request (../src/amf/ngap-handler.c:401)
07/06 22:44:22.747: [amf] INFO: [imsi-999706808120990] Registration complete (../src/amf/gmm-sm.c:1050)
07/06 22:46:37.800: [amf] INFO: InitialUEMessage [suci-0-999-70-0000-0-0-4997096124] Registration request (../src/amf/ngap-handler.c:401)
07/06 22:46:37.850: [amf] INFO: [imsi-999704997096124] Registration complete (../src/amf/gmm-sm.c:1050)
07/06 22:47:14.618: [amf] INFO: InitialUEMessage [suci-0-999-70-0000-0-0-3350368850] Registration request (../src/amf/ngap-handler.c:401)
07/06 22:47:14.645: [amf] INFO: [imsi-999703350368850] Registration complete (../src/amf/gmm-sm.c:1050)
07/06 22:52:15.846: [amf] INFO: InitialUEMessage [suci-0-999-70-0000-0-0-7210161994] Registration request (../src/amf/ngap-handler.c:401)
07/06 22:52:15.884: [amf] INFO: [imsi-999707210161994] Registration complete (../src/amf/gmm-sm.c:1050)
07/06 22:53:11.916: [amf] INFO: InitialUEMessage [suci-0-999-70-0000-0-0-9325438518] Registration request (../src/amf/ngap-handler.c:401)
07/06 22:53:11.964: [amf] INFO: [imsi-999709325438518] Registration complete (../src/amf/gmm-sm.c:1050)
07/06 22:53:45.591: [amf] INFO: InitialUEMessage [suci-0-999-70-0000-0-0-2901188588] Registration request (../src/amf/ngap-handler.c:401)
07/06 22:53:45.644: [amf] INFO: [imsi-999702901188588] Registration complete (../src/amf/gmm-sm.c:1050)
07/06 22:55:59.648: [amf] INFO: InitialUEMessage [suci-0-999-70-0000-0-0-7021712360] Registration request (../src/amf/ngap-handler.c:401)
07/06 22:55:59.700: [amf] INFO: [imsi-999707021712360] Registration complete (../src/amf/gmm-sm.c:1050)
07/06 22:56:25.867: [amf] INFO: InitialUEMessage [suci-0-999-70-0000-0-0-5726173708] Registration request (../src/amf/ngap-handler.c:401)
07/06 22:56:25.902: [amf] INFO: [imsi-999705726173708] Registration complete (../src/amf/gmm-sm.c:1050)
07/06 22:57:25.440: [amf] INFO: InitialUEMessage [suci-0-999-70-0000-0-0-5210681902] Registration request (../src/amf/ngap-handler.c:401)
07/06 22:57:25.464: [amf] INFO: [imsi-999705210681902] Registration complete (../src/amf/gmm-sm.c:1050)
07/06 22:59:17.122: [amf] INFO: InitialUEMessage [suci-0-999-70-0000-0-0-1158945298] Registration request (../src/amf/ngap-handler.c:401)
07/06 22:59:17.185: [amf] INFO: [imsi-999701158945298] Registration complete (../src/amf/gmm-sm.c:1050)
07/06 23:00:44.623: [amf] INFO: InitialUEMessage [suci-0-999-70-0000-0-0-3189799482] Registration request (../src/amf/ngap-handler.c:401)
07/06 23:00:44.672: [amf] INFO: [imsi-999703189799482] Registration complete (../src/amf/gmm-sm.c:1050)
07/06 23:00:59.016: [amf] INFO: InitialUEMessage [suci-0-999-70-0000-0-0-0185831750] Registration request (../src/amf/ngap-handler.c:401)
07/06 23:00:59.062: [amf] INFO: [imsi-999700185831750] Registration complete (../src/amf/gmm-sm.c:1050)
07/06 23:01:10.088: [amf] INFO: InitialUEMessage [suci-0-999-70-0000-0-0-4783312413] Registration request (../src/amf/ngap-handler.c:401)
07/06 23:01:10.134: [amf] INFO: [imsi-999704783312413] Registration complete (../src/amf/gmm-sm.c:1050)
07/06 23:01:53.182: [amf] INFO: InitialUEMessage [suci-0-999-70-0000-0-0-3446887929] Registration request (../src/amf/ngap-handler.c:401)
07/06 23:01:53.236: [amf] INFO: [imsi-999703446887929] Registration complete (../src/amf/gmm-sm.c:1050)
07/06 23:03:43.439: [amf] INFO: InitialUEMessage [suci-0-999-70-0000-0-0-2690494926] Registration request (../src/amf/ngap-handler.c:401)
07/06 23:03:43.474: [amf] INFO: [imsi-999702690494926] Registration complete (../src/amf/gmm-sm.c:1050)
07/06 23:05:31.067: [amf] INFO: InitialUEMessage [suci-0-999-70-0000-0-0-6166267493] Registration request (../src/amf/ngap-handler.c:401)
07/06 23:05:31.109: [amf] INFO: [imsi-999706166267493] Registration complete (../src/amf/gmm-sm.c:1050)
07/06 23:10:54.417: [amf] INFO: InitialUEMessage [suci-0-999-70-0000-0-0-8665503249] Registration request (../src/amf/ngap-handler.c:401)
07/06 23:10:54.467: [amf] INFO: [imsi-999708665503249] Registration complete (../src/amf/gmm-sm.c:1050)
07/06 23:13:25.062: [amf] INFO: InitialUEMessage [suci-0-999-70-0000-0-0-7020125036] Registration request (../src/amf/ngap-handler.c:401)
07/06 23:13:25.126: [amf] INFO: [imsi-999707020125036] Registration complete (../src/amf/gmm-sm.c:1050)
07/06 23:16:13.367: [amf] INFO: InitialUEMessage [suci-0-999-70-0000-0-0-4230868064] Registration request (../src/amf/ngap-handler.c:401)
07/06 23:16:13.407: [amf] INFO: [imsi-999704230868064] Registration complete (../src/amf/gmm-sm.c:1050)
07/06 23:17:46.248: [amf] INFO: InitialUEMessage [suci-0-999-70-0000-0-0-8126878207] Registration request (../src/amf/ngap-handler.c:401)
07/06 23:17:46.287: [amf] INFO: [imsi-999708126878207] Registration complete (../src/amf/gmm-sm.c:1050)
07/06 23:19:02.502: [amf] INFO: InitialUEMessage [suci-0-999-70-0000-0-0-1266471714] Registration request (../src/amf/ngap-handler.c:401)
07/06 23:19:02.558: [amf] INFO: [imsi-999701266471714] Registration complete (../src/amf/gmm-sm.c:1050)
07/06 23:19:41.436: [amf] INFO: InitialUEMessage [suci-0-999-70-0000-0-0-1497356990] Registration request (../src/amf/ngap-handler.c:401)
07/06 23:19:41.486: [amf] INFO: [imsi-999701497356990] Registration complete (../src/amf/gmm-sm.c:1050)
07/06 23:21:03.362: [amf] INFO: InitialUEMessage [suci-0-999-70-0000-0-0-6510125710] Registration request (../src/amf/ngap-handler.c:401)
07/06 23:21:03.401: [amf] INFO: [imsi-999706510125710] Registration complete (../src/amf/gmm-sm.c:1050)
07/06 23:21:07.400: [amf] INFO: InitialUEMessage [suci-0-999-70-0000-0-0-9357472095] Registration request (../src/amf/ngap-handler.c:401)
07/06 23:21:07.428: [amf] INFO: [imsi-999709357472095] Registration complete (../src/amf/gmm-sm.c:1050)
07/06 23:22:47.343: [amf] INFO: InitialUEMessage [suci-0-999-70-0000-0-0-0331771196] Registration request (../src/amf/ngap-handler.c:401)
07/06 23:22:47.369: [amf] INFO: [imsi-999700331771196] Registration complete (../src/amf/gmm-sm.c:1050)
07/06 23:27:53.110: [amf] INFO: InitialUEMessage [suci-0-999-70-0000-0-0-1133484814] Registration request (../src/amf/ngap-handler.c:401)
07/06 23:27:53.148: [amf] INFO: [imsi-999701133484814] Registration complete (../src/amf/gmm-sm.c:1050)
07/06 23:27:53.504: [amf] INFO: InitialUEMessage [suci-0-999-70-0000-0-0-2462181418] Registration request (../src/amf/ngap-handler.c:401)
07/06 23:27:53.532: [amf] INFO: [imsi-999702462181418] Registration complete (../src/amf/gmm-sm.c:1050)
07/06 23:30:47.090: [amf] INFO: InitialUEMessage [suci-0-999-70-0000-0-0-6962807127] Registration request (../src/amf/ngap-handler.c:401)
07/06 23:30:47.123: [amf] INFO: [imsi-999706962807127] Registration complete (../src/amf/gmm-sm.c:1050)
07/06 23:32:59.265: [amf] INFO: InitialUEMessage [suci-0-999-70-0000-0-0-6677297225] Registration request (../src/amf/ngap-handler.c:401)
07/06 23:32:59.333: [amf] INFO: [imsi-999706677297225] Registration complete (../src/amf/gmm-sm.c:1050)
07/06 23:35:32.455: [amf] INFO: InitialUEMessage [suci-0-999-70-0000-0-0-0389916647] Registration request (../src/amf/ngap-handler.c:401)
07/06 23:35:32.492: [amf] INFO: [imsi-999700389916647] Registration complete (../src/amf/gmm-sm.c:1050)
07/06 23:38:35.585: [amf] INFO: InitialUEMessage [suci-0-999-70-0000-0-0-1664439766] Registration request (../src/amf/ngap-handler.c:401)
07/06 23:38:35.637: [amf] INFO: [imsi-999701664439766] Registration complete (../src/amf/gmm-sm.c:1050)
07/06 23:41:11.203: [amf] INFO: InitialUEMessage [suci-0-999-70-0000-0-0-8021143253] Registration request (../src/amf/ngap-handler.c:401)
07/06 23:41:11.225: [amf] INFO: [imsi-999708021143253] Registration complete (../src/amf/gmm-sm.c:1050)
07/06 23:41:49.835: [amf] INFO: InitialUEMessage [suci-0-999-70-0000-0-0-3761199526] Registration request (../src/amf/ngap-handler.c:401)
07/06 23:41:49.868: [amf] INFO: [imsi-999703761199526] Registration complete (../src/amf/gmm-sm.c:1050)
07/06 23:42:01.915: [amf] INFO: InitialUEMessage [suci-0-999-70-0000-0-0-5662271026] Registration request (../src/amf/ngap-handler.c:401)
07/06 23:42:01.976: [amf] INFO: [imsi-999705662271026] Registration complete (../src/amf/gmm-sm.c:1050)
07/06 23:44:33.845: [amf] INFO: InitialUEMessage [suci-0-999-70-0000-0-0-0267721222] Registration request (../src/amf/ngap-handler.c:401)
07/06 23:44:33.903: [amf] INFO: [imsi-999700267721222] Registration complete (../src/amf/gmm-sm.c:1050)
07/06 23:45:06.739: [amf] INFO: InitialUEMessage [suci-0-999-70-0000-0-0-2934570582] Registration request (../src/amf/ngap-handler.c:401)
07/06 23:45:06.782: [amf] INFO: [imsi-999702934570582] Registration complete (../src/amf/gmm-sm.c:1050)
07/06 23:47:36.097: [amf] INFO: InitialUEMessage [suci-0-999-70-0000-0-0-5536191003] Registration request (../src/amf/ngap-handler.c:401)
07/06 23:47:36.140: [amf] INFO: [imsi-999705536191003] Registration complete (../src/amf/gmm-sm.c:1050)
07/06 23:52:36.063: [amf] INFO: InitialUEMessage [suci-0-999-70-0000-0-0-7348258950] Registration request (../src/amf/ngap-handler.c:401)
07/06 23:52:36.090: [amf] INFO: [imsi-999707348258950] Registration complete (../src/amf/gmm-sm.c:1050)
07/06 23:53:10.423: [amf] INFO: InitialUEMessage [suci-0-999-70-0000-0-0-2390564079] Registration request (../src/amf/ngap-handler.c:401)
07/06 23:53:10.464: [amf] INFO: [imsi-999702390564079] Registration complete (../src/amf/gmm-sm.c:1050)
07/06 23:54:05.946: [amf] INFO: InitialUEMessage [suci-0-999-70-0000-0-0-1023817729] Registration request (../src/amf/ngap-handler.c:401)
07/06 23:54:05.980: [amf] INFO: [imsi-999701023817729] Registration complete (../src/amf/gmm-sm.c:1050)
07/06 23:57:40.095: [amf] INFO: InitialUEMessage [suci-0-999-70-0000-0-0-9051880862] Registration request (../src/amf/ngap-handler.c:401)
07/06 23:57:40.124: [amf] INFO: [imsi-999709051880862] Registration complete (../src/amf/gmm-sm.c:1050)
07/06 23:59:55.767: [amf] INFO: InitialUEMessage [suci-0-999-70-0000-0-0-8270155942] Registration request (../src/amf/ngap-handler.c:401)
07/06 23:59:55.797: [amf] INFO: [imsi-999708270155942] Registration complete (../src/amf/gmm-sm.c:1050)
07/07 00:01:52.574: [amf] INFO: InitialUEMessage [suci-0-999-70-0000-0-0-6353818698] Registration request (../src/amf/ngap-handler.c:401)
07/07 00:01:52.614: [amf] INFO: [imsi-999706353818698] Registration complete (../src/amf/gmm-sm.c:1050)
07/07 00:02:17.506: [amf] INFO: InitialUEMessage [suci-0-999-70-0000-0-0-4488456681] Registration request (../src/amf/ngap-handler.c:401)
07/07 00:02:17.539: [amf] INFO: [imsi-999704488456681] Registration complete (../src/amf/gmm-sm.c:1050)
07/07 00:03:44.158: [amf] INFO: InitialUEMessage [suci-0-999-70-0000-0-0-7128130785] Registration request (../src/amf/ngap-handler.c:401)
07/07 00:03:44.202: [amf] INFO: [imsi-999707128130785] Registration complete (../src/amf/gmm-sm.c:1050)
07/07 00:06:45.797: [amf] INFO: InitialUEMessage [suci-0-999-70-0000-0-0-4968021165] Registration request (../src/amf/ngap-handler.c:401)
07/07 00:06:45.847: [amf] INFO: [imsi-999704968021165] Registration complete (../src/amf/gmm-sm.c:1050)
07/07 00:09:27.222: [amf] INFO: InitialUEMessage [suci-0-999-70-0000-0-0-4667424299] Registration request (../src/amf/ngap-handler.c:401)
07/07 00:09:27.245: [amf] INFO: [imsi-999704667424299] Registration complete (../src/amf/gmm-sm.c:1050)
07/07 00:13:03.863: [amf] INFO: InitialUEMessage [suci-0-999-70-0000-0-0-5608248101] Registration request (../src/amf/ngap-handler.c:401)
07/07 00:13:03.908: [amf] INFO: [imsi-999705608248101] Registration complete (../src/amf/gmm-sm.c:1050)
07/07 00:13:43.957: [amf] INFO: InitialUEMessage [suci-0-999-70-0000-0-0-3417144155] Registration request (../src/amf/ngap-handler.c:401)
07/07 00:13:43.995: [amf] INFO: [imsi-999703417144155] Registration complete (../src/amf/gmm-sm.c:1050)
07/07 00:16:36.058: [amf] INFO: InitialUEMessage [suci-0-999-70-0000-0-0-7865576865] Registration request (../src/amf/ngap-handler.c:401)
07/07 00:16:36.099: [amf] INFO: [imsi-999707865576865] Registration complete (../src/amf/gmm-sm.c:1050)
07/07 00:17:04.198: [amf] INFO: InitialUEMessage [suci-0-999-70-0000-0-0-8227765733] Registration request (../src/amf/ngap-handler.c:401)
07/07 00:17:04.237: [amf] INFO: [imsi-999708227765733] Registration complete (../src/amf/gmm-sm.c:1050)
07/07 00:17:12.457: [amf] INFO: InitialUEMessage [suci-0-999-70-0000-0-0-6529258352] Registration request (../src/amf/ngap-handler.c:401)
07/07 00:17:12.506: [amf] INFO: [imsi-999706529258352] Registration complete (../src/amf/gmm-sm.c:1050)
07/07 00:23:17.811: [amf] INFO: InitialUEMessage [suci-0-999-70-0000-0-0-6166153832] Registration request (../src/amf/ngap-handler.c:401)
07/07 00:23:17.854: [amf] INFO: [imsi-999706166153832] Registration complete (../src/amf/gmm-sm.c:1050)
07/07 00:25:01.131: [amf] INFO: InitialUEMessage [suci-0-999-70-0000-0-0-6255856970] Registration request (../src/amf/ngap-handler.c:401)
07/07 00:25:01.182: [amf] INFO: [imsi-999706255856970] Registration complete (../src/amf/gmm-sm.c:1050)
07/07 00:25:52.060: [amf] INFO: InitialUEMessage [suci-0-999-70-0000-0-0-8776438456] Registration request (../src/amf/ngap-handler.c:401)
07/07 00:25:52.112: [amf] INFO: [imsi-999708776438456] Registration complete (../src/amf/gmm-sm.c:1050)
07/07 00:26:01.925: [amf] INFO: InitialUEMessage [suci-0-999-70-0000-0-0-8245357207] Registration request (../src/amf/ngap-handler.c:401)
07/07 00:26:01.969: [amf] INFO: [imsi-999708245357207] Registration complete (../src/amf/gmm-sm.c:1050)
07/07 00:30:37.061: [amf] INFO: InitialUEMessage [suci-0-999-70-0000-0-0-5720961483] Registration request (../src/amf/ngap-handler.c:401)
07/07 00:30:37.105: [amf] INFO: [imsi-999705720961483] Registration complete (../src/amf/gmm-sm.c:1050)
07/07 00:31:32.134: [amf] INFO: InitialUEMessage [suci-0-999-70-0000-0-0-6312550285] Registration request (../src/amf/ngap-handler.c:401)
07/07 00:31:32.171: [amf] INFO: [imsi-999706312550285] Registration complete (../src/amf/gmm-sm.c:1050)
07/07 00:34:57.679: [amf] INFO: InitialUEMessage [suci-0-999-70-0000-0-0-5247641476] Registration request (../src/amf/ngap-handler.c:401)
07/07 00:34:57.731: [amf] INFO: [imsi-999705247641476] Registration complete (../src/amf/gmm-sm.c:1050)
07/07 00:39:26.593: [amf] INFO: InitialUEMessage [suci-0-999-70-0000-0-0-1632519789] Registration request (../src/amf/ngap-handler.c:401)
07/07 00:39:26.621: [amf] INFO: [imsi-999701632519789] Registration complete (../src/amf/gmm-sm.c:1050)
07/07 00:40:24.610: [amf] INFO: InitialUEMessage [suci-0-999-70-0000-0-0-9559405817] Registration request (../src/amf/ngap-handler.c:401)
07/07 00:40:24.640: [amf] INFO: [imsi-999709559405817] Registration complete (../src/amf/gmm-sm.c:1050)
07/07 00:43:21.511: [amf] INFO: InitialUEMessage [suci-0-999-70-0000-0-0-3659872174] Registration request (../src/amf/ngap-handler.c:401)
07/07 00:43:21.556: [amf] INFO: [imsi-999703659872174] Registration complete (../src/amf/gmm-sm.c:1050)
07/07 00:47:18.310: [amf] INFO: InitialUEMessage [suci-0-999-70-0000-0-0-6388485202] Registration request (../src/amf/ngap-handler.c:401)
07/07 00:47:18.370: [amf] INFO: [imsi-999706388485202] Registration complete (../src/amf/gmm-sm.c:1050)
07/07 00:47:26.028: [amf] INFO: InitialUEMessage [suci-0-999-70-0000-0-0-8691102046] Registration request (../src/amf/ngap-handler.c:401)
07/07 00:47:26.076: [amf] INFO: [imsi-999708691102046] Registration complete (../src/amf/gmm-sm.c:1050)
07/07 00:47:49.449: [amf] INFO: InitialUEMessage [suci-0-999-70-0000-0-0-2934097784] Registration request (../src/amf/ngap-handler.c:401)
07/07 00:47:49.503: [amf] INFO: [imsi-999702934097784] Registration complete (../src/amf/gmm-sm.c:1050)
07/07 00:50:29.808: [amf] INFO: InitialUEMessage [suci-0-999-70-0000-0-0-4963202303] Registration request (../src/amf/ngap-handler.c:401)
07/07 00:50:29.851: [amf] INFO: [imsi-999704963202303] Registration complete (../src/amf/gmm-sm.c:1050)
07/07 00:53:48.065: [amf] INFO: InitialUEMessage [suci-0-999-70-0000-0-0-6925071495] Registration request (../src/amf/ngap-handler.c:401)
07/07 00:53:48.130: [amf] INFO: [imsi-999706925071495] Registration complete (../src/amf/gmm-sm.c:1050)
07/07 00:59:11.679: [amf] INFO: InitialUEMessage [suci-0-999-70-0000-0-0-7589247400] Registration request (../src/amf/ngap-handler.c:401)
07/07 00:59:11.727: [amf] INFO: [imsi-999707589247400] Registration complete (../src/amf/gmm-sm.c:1050)
07/07 01:03:12.514: [amf] INFO: InitialUEMessage [suci-0-999-70-0000-0-0-5395139728] Registration request (../src/amf/ngap-handler.c:401)
07/07 01:03:12.553: [amf] INFO: [imsi-999705395139728] Registration complete (../src/amf/gmm-sm.c:1050)
07/07 01:05:19.906: [amf] INFO: InitialUEMessage [suci-0-999-70-0000-0-0-9347353184] Registration request (../src/amf/ngap-handler.c:401)
07/07 01:05:19.947: [amf] INFO: [imsi-999709347353184] Registration complete (../src/amf/gmm-sm.c:1050)
07/07 01:05:51.899: [amf] INFO: InitialUEMessage [suci-0-999-70-0000-0-0-4032889112] Registration request (../src/amf/ngap-handler.c:401)
07/07 01:05:51.930: [amf] INFO: [imsi-999704032889112] Registration complete (../src/amf/gmm-sm.c:1050)
07/07 01:07:21.770: [amf] INFO: InitialUEMessage [suci-0-999-70-0000-0-0-9310694308] Registration request (../src/amf/ngap-handler.c:401)
07/07 01:07:21.811: [amf] INFO: [imsi-999709310694308] Registration complete (../src/amf/gmm-sm.c:1050)
07/07 01:08:38.639: [amf] INFO: InitialUEMessage [suci-0-999-70-0000-0-0-9597311759] Registration request (../src/amf/ngap-handler.c:401)
07/07 01:08:38.693: [amf] INFO: [imsi-999709597311759] Registration complete (../src/amf/gmm-sm.c:1050)
07/07 01:08:49.031: [amf] INFO: InitialUEMessage [suci-0-999-70-0000-0-0-0988680880] Registration request (../src/amf/ngap-handler.c:401)
07/07 01:08:49.081: [amf] INFO: [imsi-999700988680880] Registration complete (../src/amf/gmm-sm.c:1050)
07/07 01:16:32.195: [amf] INFO: InitialUEMessage [suci-0-999-70-0000-0-0-2722937198] Registration request (../src/amf/ngap-handler.c:401)
07/07 01:16:32.228: [amf] INFO: [imsi-999702722937198] Registration complete (../src/amf/gmm-sm.c:1050)
07/07 01:20:38.031: [amf] INFO: InitialUEMessage [suci-0-999-70-0000-0-0-0958045634] Registration request (../src/amf/ngap-handler.c:401)
07/07 01:20:38.084: [amf] INFO: [imsi-999700958045634] Registration complete (../src/amf/gmm-sm.c:1050)
07/07 01:26:03.284: [amf] INFO: InitialUEMessage [suci-0-999-70-0000-0-0-3631951054] Registration request (../src/amf/ngap-handler.c:401)
07/07 01:26:03.327: [amf] INFO: [imsi-999703631951054] Registration complete (../src/amf/gmm-sm.c:1050)
07/07 01:27:49.502: [amf] INFO: InitialUEMessage [suci-0-999-70-0000-0-0-3365903450] Registration request (../src/amf/ngap-handler.c:401)
07/07 01:27:49.546: [amf] INFO: [imsi-999703365903450] Registration complete (../src/amf/gmm-sm.c:1050)
07/07 01:31:44.257: [amf] INFO: InitialUEMessage [suci-0-999-70-0000-0-0-1552444732] Registration request (../src/amf/ngap-handler.c:401)
07/07 01:31:44.301: [amf] INFO: [imsi-999701552444732] Registration complete (../src/amf/gmm-sm.c:1050)
07/07 01:33:24.943: [amf] INFO: InitialUEMessage [suci-0-999-70-0000-0-0-8967478136] Registration request (../src/amf/ngap-handler.c:401)
07/07 01:33:24.981: [amf] INFO: [imsi-999708967478136] Registration complete (../src/amf/gmm-sm.c:1050)
07/07 01:36:50.498: [amf] INFO: InitialUEMessage [suci-0-999-70-0000-0-0-7094009855] Registration request (../src/amf/ngap-handler.c:401)
07/07 01:36:50.539: [amf] INFO: [imsi-999707094009855] Registration complete (../src/amf/gmm-sm.c:1050)
07/07 01:37:52.770: [amf] INFO: InitialUEMessage [suci-0-999-70-0000-0-0-2429761304] Registration request (../src/amf/ngap-handler.c:401)
07/07 01:37:52.807: [amf] INFO: [imsi-999702429761304] Registration complete (../src/amf/gmm-sm.c:1050)
07/07 01:40:25.190: [amf] INFO: InitialUEMessage [suci-0-999-70-0000-0-0-8008956711] Registration request (../src/amf/ngap-handler.c:401)
07/07 01:40:25.218: [amf] INFO: [imsi-999708008956711] Registration complete (../src/amf/gmm-sm.c:1050)
07/07 01:46:43.584: [amf] INFO: InitialUEMessage [suci-0-999-70-0000-0-0-4009869870] Registration request (../src/amf/ngap-handler.c:401)
07/07 01:46:43.623: [amf] INFO: [imsi-999704009869870] Registration complete (../src/amf/gmm-sm.c:1050)
07/07 01:50:05.095: [amf] INFO: InitialUEMessage [suci-0-999-70-0000-0-0-4449757518] Registration request (../src/amf/ngap-handler.c:401)
07/07 01:50:05.150: [amf] INFO: [imsi-999704449757518] Registration complete (../src/amf/gmm-sm.c:1050)
07/07 01:58:32.556: [amf] INFO: InitialUEMessage [suci-0-999-70-0000-0-0-4787646936] Registration request (../src/amf/ngap-handler.c:401)
07/07 01:58:32.583: [amf] INFO: [imsi-999704787646936] Registration complete (../src/amf/gmm-sm.c:1050)
07/07 01:59:53.411: [amf] INFO: InitialUEMessage [suci-0-999-70-0000-0-0-2847863789] Registration request (../src/amf/ngap-handler.c:401)
07/07 01:59:53.445: [amf] INFO: [imsi-999702847863789] Registration complete (../src/amf/gmm-sm.c:1050)
07/07 01:59:55.833: [amf] INFO: InitialUEMessage [suci-0-999-70-0000-0-0-5828606947] Registration request (../src/amf/ngap-handler.c:401)
07/07 01:59:55.895: [amf] INFO: [imsi-999705828606947] Registration complete (../src/amf/gmm-sm.c:1050)
07/07 02:02:08.071: [amf] INFO: InitialUEMessage [suci-0-999-70-0000-0-0-0829971878] Registration request (../src/amf/ngap-handler.c:401)
07/07 02:02:08.111: [amf] INFO: [imsi-999700829971878] Registration complete (../src/amf/gmm-sm.c:1050)
07/07 02:06:17.237: [amf] INFO: InitialUEMessage [suci-0-999-70-0000-0-0-8875672081] Registration request (../src/amf/ngap-handler.c:401)
07/07 02:06:17.277: [amf] INFO: [imsi-999708875672081] Registration complete (../src/amf/gmm-sm.c:1050)
07/07 02:08:29.162: [amf] INFO: InitialUEMessage [suci-0-999-70-0000-0-0-7812146728] Registration request (../src/amf/ngap-handler.c:401)
07/07 02:08:29.211: [amf] INFO: [imsi-999707812146728] Registration complete (../src/amf/gmm-sm.c:1050)
07/07 02:10:20.584: [amf] INFO: InitialUEMessage [suci-0-999-70-0000-0-0-9227954259] Registration request (../src/amf/ngap-handler.c:401)
07/07 02:10:20.624: [amf] INFO: [imsi-999709227954259] Registration complete (../src/amf/gmm-sm.c:1050)
07/07 02:18:23.696: [amf] INFO: InitialUEMessage [suci-0-999-70-0000-0-0-3222082517] Registration request (../src/amf/ngap-handler.c:401)
07/07 02:18:23.718: [amf] INFO: [imsi-999703222082517] Registration complete (../src/amf/gmm-sm.c:1050)
07/07 02:21:32.935: [amf] INFO: InitialUEMessage [suci-0-999-70-0000-0-0-7522169171] Registration request (../src/amf/ngap-handler.c:401)
07/07 02:21:32.983: [amf] INFO: [imsi-999707522169171] Registration complete (../src/amf/gmm-sm.c:1050)
07/07 02:22:22.189: [amf] INFO: InitialUEMessage [suci-0-999-70-0000-0-0-0998757008] Registration request (../src/amf/ngap-handler.c:401)
07/07 02:22:22.236: [amf] INFO: [imsi-999700998757008] Registration complete (../src/amf/gmm-sm.c:1050)
07/07 02:23:32.996: [amf] INFO: InitialUEMessage [suci-0-999-70-0000-0-0-2937134884] Registration request (../src/amf/ngap-handler.c:401)
07/07 02:23:33.032: [amf] INFO: [imsi-999702937134884] Registration complete (../src/amf/gmm-sm.c:1050)
07/07 02:23:45.405: [amf] INFO: InitialUEMessage [suci-0-999-70-0000-0-0-7629884533] Registration request (../src/amf/ngap-handler.c:401)
07/07 02:23:45.450: [amf] INFO: [imsi-999707629884533] Registration complete (../src/amf/gmm-sm.c:1050)
07/07 02:36:42.951: [amf] INFO: InitialUEMessage [suci-0-999-70-0000-0-0-5389578706] Registration request (../src/amf/ngap-handler.c:401)
07/07 02:36:42.986: [amf] INFO: [imsi-999705389578706] Registration complete (../src/amf/gmm-sm.c:1050)
07/07 02:38:35.523: [amf] INFO: InitialUEMessage [suci-0-999-70-0000-0-0-3798159115] Registration request (../src/amf/ngap-handler.c:401)
07/07 02:38:35.560: [amf] INFO: [imsi-999703798159115] Registration complete (../src/amf/gmm-sm.c:1050)
07/07 02:38:55.991: [amf] INFO: InitialUEMessage [suci-0-999-70-0000-0-0-2090860305] Registration request (../src/amf/ngap-handler.c:401)
07/07 02:38:56.034: [amf] INFO: [imsi-999702090860305] Registration complete (../src/amf/gmm-sm.c:1050)
07/07 02:44:42.726: [amf] INFO: InitialUEMessage [suci-0-999-70-0000-0-0-0893410075] Registration request (../src/amf/ngap-handler.c:401)
07/07 02:44:42.762: [amf] INFO: [imsi-999700893410075] Registration complete (../src/amf/gmm-sm.c:1050)
07/07 02:47:49.089: [amf] INFO: InitialUEMessage [suci-0-999-70-0000-0-0-3990814100] Registration request (../src/amf/ngap-handler.c:401)
07/07 02:47:49.129: [amf] INFO: [imsi-999703990814100] Registration complete (../src/amf/gmm-sm.c:1050)
07/07 02:55:32.948: [amf] INFO: InitialUEMessage [suci-0-999-70-0000-0-0-8380974440] Registration request (../src/amf/ngap-handler.c:401)
07/07 02:55:32.996: [amf] INFO: [imsi-999708380974440] Registration complete (../src/amf/gmm-sm.c:1050)
07/07 02:55:45.953: [amf] INFO: InitialUEMessage [suci-0-999-70-0000-0-0-0970529964] Registration request (../src/amf/ngap-handler.c:401)
07/07 02:55:46.003: [amf] INFO: [imsi-999700970529964] Registration complete (../src/amf/gmm-sm.c:1050)
07/07 02:57:48.096: [amf] INFO: InitialUEMessage [suci-0-999-70-0000-0-0-8699259979] Registration request (../src/amf/ngap-handler.c:401)
07/07 02:57:48.138: [amf] INFO: [imsi-999708699259979] Registration complete (../src/amf/gmm-sm.c:1050)
07/07 03:00:25.192: [amf] INFO: InitialUEMessage [suci-0-999-70-0000-0-0-5259326773] Registration request (../src/amf/ngap-handler.c:401)
07/07 03:00:25.235: [amf] INFO: [imsi-999705259326773] Registration complete (../src/amf/gmm-sm.c:1050)
07/07 03:03:35.730: [amf] INFO: InitialUEMessage [suci-0-999-70-0000-0-0-3848814108] Registration request (../src/amf/ngap-handler.c:401)
07/07 03:03:35.755: [amf] INFO: [imsi-999703848814108] Registration complete (../src/amf/gmm-sm.c:1050)
07/07 03:05:04.613: [amf] INFO: InitialUEMessage [suci-0-999-70-0000-0-0-9278864369] Registration request (../src/amf/ngap-handler.c:401)
07/07 03:05:04.643: [amf] INFO: [imsi-999709278864369] Registration complete (../src/amf/gmm-sm.c:1050)
07/07 03:06:45.091: [amf] INFO: InitialUEMessage [suci-0-999-70-0000-0-0-4563311985] Registration request (../src/amf/ngap-handler.c:401)
07/07 03:06:45.135: [amf] INFO: [imsi-999704563311985] Registration complete (../src/amf/gmm-sm.c:1050)
07/07 03:15:57.688: [amf] INFO: InitialUEMessage [suci-0-999-70-0000-0-0-4129175670] Registration request (../src/amf/ngap-handler.c:401)
07/07 03:15:57.748: [amf] INFO: [imsi-999704129175670] Registration complete (../src/amf/gmm-sm.c:1050)
07/07 03:18:47.755: [amf] INFO: InitialUEMessage [suci-0-999-70-0000-0-0-6133594979] Registration request (../src/amf/ngap-handler.c:401)
07/07 03:18:47.799: [amf] INFO: [imsi-999706133594979] Registration complete (../src/amf/gmm-sm.c:1050)
07/07 03:20:35.326: [amf] INFO: InitialUEMessage [suci-0-999-70-0000-0-0-3970732580] Registration request (../src/amf/ngap-handler.c:401)
07/07 03:20:35.387: [amf] INFO: [imsi-999703970732580] Registration complete (../src/amf/gmm-sm.c:1050)
07/07 03:27:21.548: [amf] INFO: InitialUEMessage [suci-0-999-70-0000-0-0-8266307629] Registration request (../src/amf/ngap-handler.c:401)
07/07 03:27:21.596: [amf] INFO: [imsi-999708266307629] Registration complete (../src/amf/gmm-sm.c:1050)
07/07 03:30:03.858: [amf] INFO: InitialUEMessage [suci-0-999-70-0000-0-0-4050468668] Registration request (../src/amf/ngap-handler.c:401)
07/07 03:30:03.907: [amf] INFO: [imsi-999704050468668] Registration complete (../src/amf/gmm-sm.c:1050)
07/07 03:36:50.745: [amf] INFO: InitialUEMessage [suci-0-999-70-0000-0-0-4084360349] Registration request (../src/amf/ngap-handler.c:401)
07/07 03:36:50.786: [amf] INFO: [imsi-999704084360349] Registration complete (../src/amf/gmm-sm.c:1050)
07/07 03:40:31.523: [amf] INFO: InitialUEMessage [suci-0-999-70-0000-0-0-1360907303] Registration request (../src/amf/ngap-handler.c:401)
07/07 03:40:31.558: [amf] INFO: [imsi-999701360907303] Registration complete (../src/amf/gmm-sm.c:1050)
07/07 03:42:43.564: [amf] INFO: InitialUEMessage [suci-0-999-70-0000-0-0-5730271981] Registration request (../src/amf/ngap-handler.c:401)
07/07 03:42:43.601: [amf] INFO: [imsi-999705730271981] Registration complete (../src/amf/gmm-sm.c:1050)
07/07 03:46:51.584: [amf] INFO: InitialUEMessage [suci-0-999-70-0000-0-0-8674980571] Registration request (../src/amf/ngap-handler.c:401)
07/07 03:46:51.641: [amf] INFO: [imsi-999708674980571] Registration complete (../src/amf/gmm-sm.c:1050)
07/07 03:50:56.301: [amf] INFO: InitialUEMessage [suci-0-999-70-0000-0-0-2066009855] Registration request (../src/amf/ngap-handler.c:401)
07/07 03:50:56.349: [amf] INFO: [imsi-999702066009855] Registration complete (../src/amf/gmm-sm.c:1050)
07/07 03:54:07.390: [amf] INFO: InitialUEMessage [suci-0-999-70-0000-0-0-8114002217] Registration request (../src/amf/ngap-handler.c:401)
07/07 03:54:07.418: [amf] INFO: [imsi-999708114002217] Registration complete (../src/amf/gmm-sm.c:1050)
07/07 03:56:58.086: [amf] INFO: InitialUEMessage [suci-0-999-70-0000-0-0-1382035373] Registration request (../src/amf/ngap-handler.c:401)
07/07 03:56:58.139: [amf] INFO: [imsi-999701382035373] Registration complete (../src/amf/gmm-sm.c:1050)
07/07 04:01:05.446: [amf] INFO: InitialUEMessage [suci-0-999-70-0000-0-0-5074680009] Registration request (../src/amf/ngap-handler.c:401)
07/07 04:01:05.513: [amf] INFO: [imsi-999705074680009] Registration complete (../src/amf/gmm-sm.c:1050)
07/07 04:03:20.808: [amf] INFO: InitialUEMessage [suci-0-999-70-0000-0-0-8027191899] Registration request (../src/amf/ngap-handler.c:401)
07/07 04:03:20.859: [amf] INFO: [imsi-999708027191899] Registration complete (../src/amf/gmm-sm.c:1050)
07/07 04:07:10.352: [amf] INFO: InitialUEMessage [suci-0-999-70-0000-0-0-1972252392] Registration request (../src/amf/ngap-handler.c:401)
07/07 04:07:10.409: [amf] INFO: [imsi-999701972252392] Registration complete (../src/amf/gmm-sm.c:1050)
07/07 04:10:52.663: [amf] INFO: InitialUEMessage [suci-0-999-70-0000-0-0-5815892777] Registration request (../src/amf/ngap-handler.c:401)
07/07 04:10:52.716: [amf] INFO: [imsi-999705815892777] Registration complete (../src/amf/gmm-sm.c:1050)
07/07 04:13:33.335: [amf] INFO: InitialUEMessage [suci-0-999-70-0000-0-0-0583161074] Registration request (../src/amf/ngap-handler.c:401)
07/07 04:13:33.374: [amf] INFO: [imsi-999700583161074] Registration complete (../src/amf/gmm-sm.c:1050)
07/07 04:18:50.821: [amf] INFO: InitialUEMessage [suci-0-999-70-0000-0-0-7731680590] Registration request (../src/amf/ngap-handler.c:401)
07/07 04:18:50.850: [amf] INFO: [imsi-999707731680590] Registration complete (../src/amf/gmm-sm.c:1050)
07/07 04:23:18.824: [amf] INFO: InitialUEMessage [suci-0-999-70-0000-0-0-8921780984] Registration request (../src/amf/ngap-handler.c:401)
07/07 04:23:18.849: [amf] INFO: [imsi-999708921780984] Registration complete (../src/amf/gmm-sm.c:1050)
07/07 04:26:09.739: [amf] INFO: InitialUEMessage [suci-0-999-70-0000-0-0-6043627280] Registration request (../src/amf/ngap-handler.c:401)
07/07 04:26:09.782: [amf] INFO: [imsi-999706043627280] Registration complete (../src/amf/gmm-sm.c:1050)
07/07 04:36:42.821: [amf] INFO: InitialUEMessage [suci-0-999-70-0000-0-0-2322602319] Registration request (../src/amf/ngap-handler.c:401)
07/07 04:36:42.856: [amf] INFO: [imsi-999702322602319] Registration complete (../src/amf/gmm-sm.c:1050)
07/07 04:36:56.256: [amf] INFO: InitialUEMessage [suci-0-999-70-0000-0-0-9966950632] Registration request (../src/amf/ngap-handler.c:401)
07/07 04:36:56.283: [amf] INFO: [imsi-999709966950632] Registration complete (../src/amf/gmm-sm.c:1050)
07/07 04:37:01.467: [amf] INFO: InitialUEMessage [suci-0-999-70-0000-0-0-1884639691] Registration request (../src/amf/ngap-handler.c:401)
07/07 04:37:01.513: [amf] INFO: [imsi-999701884639691] Registration complete (../src/amf/gmm-sm.c:1050)
07/07 04:41:08.892: [amf] INFO: InitialUEMessage [suci-0-999-70-0000-0-0-5716481847] Registration request (../src/amf/ngap-handler.c:401)
07/07 04:41:08.933: [amf] INFO: [imsi-999705716481847] Registration complete (../src/amf/gmm-sm.c:1050)
07/07 04:45:20.136: [amf] INFO: InitialUEMessage [suci-0-999-70-0000-0-0-4905497469] Registration request (../src/amf/ngap-handler.c:401)
07/07 04:45:20.185: [amf] INFO: [imsi-999704905497469] Registration complete (../src/amf/gmm-sm.c:1050)
07/07 04:48:19.030: [amf] INFO: InitialUEMessage [suci-0-999-70-0000-0-0-2721437938] Registration request (../src/amf/ngap-handler.c:401)
07/07 04:48:19.070: [amf] INFO: [imsi-999702721437938] Registration complete (../src/amf/gmm-sm.c:1050)
07/07 04:50:27.169: [amf] INFO: InitialUEMessage [suci-0-999-70-0000-0-0-6778645245] Registration request (../src/amf/ngap-handler.c:401)
07/07 04:50:27.210: [amf] INFO: [imsi-999706778645245] Registration complete (../src/amf/gmm-sm.c:1050)
07/07 04:50:46.672: [amf] INFO: InitialUEMessage [suci-0-999-70-0000-0-0-9298290816] Registration request (../src/amf/ngap-handler.c:401)
07/07 04:50:46.710: [amf] INFO: [imsi-999709298290816] Registration complete (../src/amf/gmm-sm.c:1050)
07/07 05:01:06.593: [amf] INFO: InitialUEMessage [suci-0-999-70-0000-0-0-7674615058] Registration request (../src/amf/ngap-handler.c:401)
07/07 05:01:06.633: [amf] INFO: [imsi-999707674615058] Registration complete (../src/amf/gmm-sm.c:1050)
07/07 05:02:20.703: [amf] INFO: InitialUEMessage [suci-0-999-70-0000-0-0-1022618130] Registration request (../src/amf/ngap-handler.c:401)
07/07 05:02:20.742: [amf] INFO: [imsi-999701022618130] Registration complete (../src/amf/gmm-sm.c:1050)
07/07 05:12:49.947: [amf] INFO: InitialUEMessage [suci-0-999-70-0000-0-0-8265842294] Registration request (../src/amf/ngap-handler.c:401)
07/07 05:12:49.978: [amf] INFO: [imsi-999708265842294] Registration complete (../src/amf/gmm-sm.c:1050)
07/07 05:13:22.283: [amf] INFO: InitialUEMessage [suci-0-999-70-0000-0-0-1147490279] Registration request (../src/amf/ngap-handler.c:401)
07/07 05:13:22.326: [amf] INFO: [imsi-999701147490279] Registration complete (../src/amf/gmm-sm.c:1050)
07/07 05:13:28.374: [amf] INFO: InitialUEMessage [suci-0-999-70-0000-0-0-1048191578] Registration request (../src/amf/ngap-handler.c:401)
07/07 05:13:28.424: [amf] INFO: [imsi-999701048191578] Registration complete (../src/amf/gmm-sm.c:1050)
07/07 05:15:21.642: [amf] INFO: InitialUEMessage [suci-0-999-70-0000-0-0-7212454114] Registration request (../src/amf/ngap-handler.c:401)
07/07 05:15:21.695: [amf] INFO: [imsi-999707212454114] Registration complete (../src/amf/gmm-sm.c:1050)
07/07 05:15:24.810: [amf] INFO: InitialUEMessage [suci-0-999-70-0000-0-0-4589433476] Registration request (../src/amf/ngap-handler.c:401)
07/07 05:15:24.859: [amf] INFO: [imsi-999704589433476] Registration complete (../src/amf/gmm-sm.c:1050)
07/07 05:18:35.716: [amf] INFO: InitialUEMessage [suci-0-999-70-0000-0-0-3921890259] Registration request (../src/amf/ngap-handler.c:401)
07/07 05:18:35.741: [amf] INFO: [imsi-999703921890259] Registration complete (../src/amf/gmm-sm.c:1050)
07/07 05:20:41.319: [amf] INFO: InitialUEMessage [suci-0-999-70-0000-0-0-6594311541] Registration request (../src/amf/ngap-handler.c:401)
07/07 05:20:41.368: [amf] INFO: [imsi-999706594311541] Registration complete (../src/amf/gmm-sm.c:1050)
07/07 05:30:47.765: [amf] INFO: InitialUEMessage [suci-0-999-70-0000-0-0-8192570340] Registration request (../src/amf/ngap-handler.c:401)
07/07 05:30:47.825: [amf] INFO: [imsi-999708192570340] Registration complete (../src/amf/gmm-sm.c:1050)
07/07 05:34:53.747: [amf] INFO: InitialUEMessage [suci-0-999-70-0000-0-0-4027885559] Registration request (../src/amf/ngap-handler.c:401)
07/07 05:34:53.797: [amf] INFO: [imsi-999704027885559] Registration complete (../src/amf/gmm-sm.c:1050)
07/07 05:42:59.125: [amf] INFO: InitialUEMessage [suci-0-999-70-0000-0-0-0237689976] Registration request (../src/amf/ngap-handler.c:401)
07/07 05:42:59.172: [amf] INFO: [imsi-999700237689976] Registration complete (../src/amf/gmm-sm.c:1050)
07/07 05:43:38.822: [amf] INFO: InitialUEMessage [suci-0-999-70-0000-0-0-4834881129] Registration request (../src/amf/ngap-handler.c:401)
07/07 05:43:38.875: [amf] INFO: [imsi-999704834881129] Registration complete (../src/amf/gmm-sm.c:1050)
07/07 05:46:32.330: [amf] INFO: InitialUEMessage [suci-0-999-70-0000-0-0-7140197274] Registration request (../src/amf/ngap-handler.c:401)
07/07 05:46:32.394: [amf] INFO: [imsi-999707140197274] Registration complete (../src/amf/gmm-sm.c:1050)
07/07 05:50:38.602: [amf] INFO: InitialUEMessage [suci-0-999-70-0000-0-0-3032112233] Registration request (../src/amf/ngap-handler.c:401)
07/07 05:50:38.657: [amf] INFO: [imsi-999703032112233] Registration complete (../src/amf/gmm-sm.c:1050)
07/07 05:54:57.304: [amf] INFO: InitialUEMessage [suci-0-999-70-0000-0-0-2479706506] Registration request (../src/amf/ngap-handler.c:401)
07/07 05:54:57.327: [amf] INFO: [imsi-999702479706506] Registration complete (../src/amf/gmm-sm.c:1050)
07/07 05:56:26.035: [amf] INFO: InitialUEMessage [suci-0-999-70-0000-0-0-8950149963] Registration request (../src/amf/ngap-handler.c:401)
07/07 05:56:26.086: [amf] INFO: [imsi-999708950149963] Registration complete (../src/amf/gmm-sm.c:1050)
07/07 05:58:48.700: [amf] INFO: InitialUEMessage [suci-0-999-70-0000-0-0-9990136583] Registration request (../src/amf/ngap-handler.c:401)
07/07 05:58:48.727: [amf] INFO: [imsi-999709990136583] Registration complete (../src/amf/gmm-sm.c:1050)
07/07 06:01:33.872: [amf] INFO: InitialUEMessage [suci-0-999-70-0000-0-0-8497668405] Registration request (../src/amf/ngap-handler.c:401)
07/07 06:01:33.908: [amf] INFO: [imsi-999708497668405] Registration complete (../src/amf/gmm-sm.c:1050)
07/07 06:05:41.153: [amf] INFO: InitialUEMessage [suci-0-999-70-0000-0-0-1829050286] Registration request (../src/amf/ngap-handler.c:401)
07/07 06:05:41.209: [amf] INFO: [imsi-999701829050286] Registration complete (../src/amf/gmm-sm.c:1050)
07/07 06:08:15.600: [amf] INFO: InitialUEMessage [suci-0-999-70-0000-0-0-1005816362] Registration request (../src/amf/ngap-handler.c:401)
07/07 06:08:15.662: [amf] INFO: [imsi-999701005816362] Registration complete (../src/amf/gmm-sm.c:1050)
07/07 06:13:03.344: [amf] INFO: InitialUEMessage [suci-0-999-70-0000-0-0-6639099148] Registration request (../src/amf/ngap-handler.c:401)
07/07 06:13:03.399: [amf] INFO: [imsi-999706639099148] Registration complete (../src/amf/gmm-sm.c:1050)
07/07 06:14:36.203: [amf] INFO: InitialUEMessage [suci-0-999-70-0000-0-0-6689444091] Registration request (../src/amf/ngap-handler.c:401)
07/07 06:14:36.256: [amf] INFO: [imsi-999706689444091] Registration complete (../src/amf/gmm-sm.c:1050)
07/07 06:24:09.622: [amf] WARNING: gNB-N2[127.0.0.100] connection refused, SCTP shutdown (../src/amf/ngap-sctp.c:113)
07/07 06:25:39.205: [amf] INFO: gNB-N2 removed, ran_ue context released (../src/amf/context.c:1120)
07/07 06:26:04.614: [amf] INFO: InitialUEMessage [suci-0-999-70-0000-0-0-1812825944] Registration request (../src/amf/ngap-handler.c:401)
07/07 06:26:04.655: [amf] INFO: [imsi-999701812825944] Registration complete (../src/amf/gmm-sm.c:1050)
07/07 06:30:06.591: [amf] INFO: InitialUEMessage [suci-0-999-70-0000-0-0-3650362341] Registration request (../src/amf/ngap-handler.c:401)
07/07 06:30:06.635: [amf] INFO: [imsi-999703650362341] Registration complete (../src/amf/gmm-sm.c:1050)
07/07 06:32:09.854: [amf] INFO: InitialUEMessage [suci-0-999-70-0000-0-0-9762095635] Registration request (../src/amf/ngap-handler.c:401)
07/07 06:32:09.892: [amf] INFO: [imsi-999709762095635] Registration complete (../src/amf/gmm-sm.c:1050)
07/07 06:32:42.215: [amf] INFO: InitialUEMessage [suci-0-999-70-0000-0-0-6944466569] Registration request (../src/amf/ngap-handler.c:401)
07/07 06:32:42.277: [amf] INFO: [imsi-999706944466569] Registration complete (../src/amf/gmm-sm.c:1050)
07/07 06:32:58.091: [amf] INFO: InitialUEMessage [suci-0-999-70-0000-0-0-8753585862] Registration request (../src/amf/ngap-handler.c:401)
07/07 06:32:58.136: [amf] INFO: [imsi-999708753585862] Registration complete (../src/amf/gmm-sm.c:1050)
07/07 06:39:48.566: [amf] INFO: InitialUEMessage [suci-0-999-70-0000-0-0-7353969131] Registration request (../src/amf/ngap-handler.c:401)
07/07 06:39:48.627: [amf] INFO: [imsi-999707353969131] Registration complete (../src/amf/gmm-sm.c:1050)
07/07 06:41:00.939: [amf] INFO: InitialUEMessage [suci-0-999-70-0000-0-0-9692323233] Registration request (../src/amf/ngap-handler.c:401)
07/07 06:41:00.982: [amf] INFO: [imsi-999709692323233] Registration complete (../src/amf/gmm-sm.c:1050)
07/07 06:46:23.810: [amf] INFO: InitialUEMessage [suci-0-999-70-0000-0-0-8447053631] Registration request (../src/amf/ngap-handler.c:401)
07/07 06:46:23.853: [amf] INFO: [imsi-999708447053631] Registration complete (../src/amf/gmm-sm.c:1050)
07/07 06:46:59.483: [amf] INFO: InitialUEMessage [suci-0-999-70-0000-0-0-9273560384] Registration request (../src/amf/ngap-handler.c:401)
07/07 06:46:59.530: [amf] INFO: [imsi-999709273560384] Registration complete (../src/amf/gmm-sm.c:1050)
07/07 06:48:03.338: [amf] INFO: InitialUEMessage [suci-0-999-70-0000-0-0-1007253103] Registration request (../src/amf/ngap-handler.c:401)
07/07 06:48:03.377: [amf] INFO: [imsi-999701007253103] Registration complete (../src/amf/gmm-sm.c:1050)
07/07 06:48:22.639: [amf] INFO: InitialUEMessage [suci-0-999-70-0000-0-0-0916128443] Registration request (../src/amf/ngap-handler.c:401)
07/07 06:48:22.697: [amf] INFO: [imsi-999700916128443] Registration complete (../src/amf/gmm-sm.c:1050)
07/07 06:56:34.896: [amf] INFO: InitialUEMessage [suci-0-999-70-0000-0-0-2974535196] Registration request (../src/amf/ngap-handler.c:401)
07/07 06:56:34.955: [amf] INFO: [imsi-999702974535196] Registration complete (../src/amf/gmm-sm.c:1050)
07/07 07:02:43.656: [amf] INFO: InitialUEMessage [suci-0-999-70-0000-0-0-7021089365] Registration request (../src/amf/ngap-handler.c:401)
07/07 07:02:43.702: [amf] INFO: [imsi-999707021089365] Registration complete (../src/amf/gmm-sm.c:1050)
07/07 07:04:02.307: [amf] INFO: InitialUEMessage [suci-0-999-70-0000-0-0-2457861840] Registration request (../src/amf/ngap-handler.c:401)
07/07 07:04:02.349: [amf] INFO: [imsi-999702457861840] Registration complete (../src/amf/gmm-sm.c:1050)
07/07 07:04:37.291: [amf] INFO: InitialUEMessage [suci-0-999-70-0000-0-0-7295397687] Registration request (../src/amf/ngap-handler.c:401)
07/07 07:04:37.353: [amf] INFO: [imsi-999707295397687] Registration complete (../src/amf/gmm-sm.c:1050)
07/07 07:09:58.759: [amf] INFO: InitialUEMessage [suci-0-999-70-0000-0-0-2969086766] Registration request (../src/amf/ngap-handler.c:401)
07/07 07:09:58.794: [amf] INFO: [imsi-999702969086766] Registration complete (../src/amf/gmm-sm.c:1050)
07/07 07:13:34.377: [amf] INFO: InitialUEMessage [suci-0-999-70-0000-0-0-6264332133] Registration request (../src/amf/ngap-handler.c:401)
07/07 07:13:34.424: [amf] INFO: [imsi-999706264332133] Registration complete (../src/amf/gmm-sm.c:1050)
07/07 07:15:49.986: [amf] INFO: InitialUEMessage [suci-0-999-70-0000-0-0-9159211041] Registration request (../src/amf/ngap-handler.c:401)
07/07 07:15:50.040: [amf] INFO: [imsi-999709159211041] Registration complete (../src/amf/gmm-sm.c:1050)
07/07 07:18:01.979: [amf] INFO: InitialUEMessage [suci-0-999-70-0000-0-0-8598665803] Registration request (../src/amf/ngap-handler.c:401)
07/07 07:18:02.017: [amf] INFO: [imsi-999708598665803] Registration complete (../src/amf/gmm-sm.c:1050)
07/07 07:19:18.366: [amf] INFO: InitialUEMessage [suci-0-999-70-0000-0-0-3135213963] Registration request (../src/amf/ngap-handler.c:401)
07/07 07:19:18.408: [amf] INFO: [imsi-999703135213963] Registration complete (../src/amf/gmm-sm.c:1050)
07/07 07:21:04.585: [amf] INFO: InitialUEMessage [suci-0-999-70-0000-0-0-8841807114] Registration request (../src/amf/ngap-handler.c:401)
07/07 07:21:04.645: [amf] INFO: [imsi-999708841807114] Registration complete (../src/amf/gmm-sm.c:1050)
07/07 07:24:42.743: [amf] INFO: InitialUEMessage [suci-0-999-70-0000-0-0-5116834867] Registration request (../src/amf/ngap-handler.c:401)
07/07 07:24:42.800: [amf] INFO: [imsi-999705116834867] Registration complete (../src/amf/gmm-sm.c:1050)
07/07 07:26:13.713: [amf] INFO: InitialUEMessage [suci-0-999-70-0000-0-0-1521375330] Registration request (../src/amf/ngap-handler.c:401)
07/07 07:26:13.761: [amf] INFO: [imsi-999701521375330] Registration complete (../src/amf/gmm-sm.c:1050)
07/07 07:33:41.187: [amf] INFO: InitialUEMessage [suci-0-999-70-0000-0-0-0032939868] Registration request (../src/amf/ngap-handler.c:401)
07/07 07:33:41.219: [amf] INFO: [imsi-999700032939868] Registration complete (../src/amf/gmm-sm.c:1050)
07/07 07:34:04.861: [amf] INFO: InitialUEMessage [suci-0-999-70-0000-0-0-3178440222] Registration request (../src/amf/ngap-handler.c:401)
07/07 07:34:04.913: [amf] INFO: [imsi-999703178440222] Registration complete (../src/amf/gmm-sm.c:1050)
07/07 07:34:05.125: [amf] INFO: InitialUEMessage [suci-0-999-70-0000-0-0-8914045293] Registration request (../src/amf/ngap-handler.c:401)
07/07 07:34:05.156: [amf] INFO: [imsi-999708914045293] Registration complete (../src/amf/gmm-sm.c:1050)
07/07 07:36:32.266: [amf] INFO: InitialUEMessage [suci-0-999-70-0000-0-0-0109403598] Registration request (../src/amf/ngap-handler.c:401)
07/07 07:36:32.316: [amf] WARNING: [imsi-999700109403598] Registration reject (../src/amf/gmm-handler.c:230)
07/07 07:42:11.473: [amf] INFO: InitialUEMessage [suci-0-999-70-0000-0-0-9661692802] Registration request (../src/amf/ngap-handler.c:401)
07/07 07:42:11.517: [amf] INFO: [imsi-999709661692802] Registration complete (../src/amf/gmm-sm.c:1050)
07/07 07:42:26.568: [amf] INFO: InitialUEMessage [suci-0-999-70-0000-0-0-3135042805] Registration request (../src/amf/ngap-handler.c:401)
07/07 07:42:26.619: [amf] INFO: [imsi-999703135042805] Registration complete (../src/amf/gmm-sm.c:1050)
07/07 07:45:42.871: [amf] INFO: InitialUEMessage [suci-0-999-70-0000-0-0-8524212474] Registration request (../src/amf/ngap-handler.c:401)
07/07 07:45:42.931: [amf] INFO: [imsi-999708524212474] Registration complete (../src/amf/gmm-sm.c:1050)
07/07 07:47:19.469: [amf] INFO: InitialUEMessage [suci-0-999-70-0000-0-0-2482328424] Registration request (../src/amf/ngap-handler.c:401)
07/07 07:47:19.509: [amf] INFO: [imsi-999702482328424] Registration complete (../src/amf/gmm-sm.c:1050)
07/07 07:50:12.987: [amf] INFO: InitialUEMessage [suci-0-999-70-0000-0-0-4472124054] Registration request (../src/amf/ngap-handler.c:401)
07/07 07:50:13.051: [amf] INFO: [imsi-999704472124054] Registration complete (../src/amf/gmm-sm.c:1050)
07/07 07:50:51.689: [amf] INFO: InitialUEMessage [suci-0-999-70-0000-0-0-8419474387] Registration request (../src/amf/ngap-handler.c:401)
07/07 07:50:51.721: [amf] INFO: [imsi-999708419474387] Registration complete (../src/amf/gmm-sm.c:1050)
07/07 07:56:14.201: [amf] INFO: InitialUEMessage [suci-0-999-70-0000-0-0-1488222251] Registration request (../src/amf/ngap-handler.c:401)
07/07 07:56:14.236: [amf] INFO: [imsi-999701488222251] Registration complete (../src/amf/gmm-sm.c:1050)
07/07 07:59:42.608: [amf] INFO: InitialUEMessage [suci-0-999-70-0000-0-0-5766232097] Registration request (../src/amf/ngap-handler.c:401)
07/07 07:59:42.643: [amf] INFO: [imsi-999705766232097] Registration complete (../src/amf/gmm-sm.c:1050)
07/07 08:02:45.707: [amf] INFO: InitialUEMessage [suci-0-999-70-0000-0-0-4732030079] Registration request (../src/amf/ngap-handler.c:401)
07/07 08:02:45.762: [amf] INFO: [imsi-999704732030079] Registration complete (../src/amf/gmm-sm.c:1050)
07/07 08:05:05.731: [amf] INFO: InitialUEMessage [suci-0-999-70-0000-0-0-3245530548] Registration request (../src/amf/ngap-handler.c:401)
07/07 08:05:05.767: [amf] INFO: [imsi-999703245530548] Registration complete (../src/amf/gmm-sm.c:1050)
07/07 08:09:36.665: [amf] INFO: InitialUEMessage [suci-0-999-70-0000-0-0-3338463513] Registration request (../src/amf/ngap-handler.c:401)
07/07 08:09:36.719: [amf] INFO: [imsi-999703338463513] Registration complete (../src/amf/gmm-sm.c:1050)
07/07 08:10:00.838: [amf] INFO: InitialUEMessage [suci-0-999-70-0000-0-0-8432346103] Registration request (../src/amf/ngap-handler.c:401)
07/07 08:10:00.905: [amf] INFO: [imsi-999708432346103] Registration complete (../src/amf/gmm-sm.c:1050)
07/07 08:12:03.744: [amf] INFO: InitialUEMessage [suci-0-999-70-0000-0-0-8065999864] Registration request (../src/amf/ngap-handler.c:401)
07/07 08:12:03.800: [amf] INFO: [imsi-999708065999864] Registration complete (../src/amf/gmm-sm.c:1050)
07/07 08:12:06.594: [amf] INFO: InitialUEMessage [suci-0-999-70-0000-0-0-7421287950] Registration request (../src/amf/ngap-handler.c:401)
07/07 08:12:06.631: [amf] INFO: [imsi-999707421287950] Registration complete (../src/amf/gmm-sm.c:1050)
07/07 08:12:54.962: [amf] INFO: InitialUEMessage [suci-0-999-70-0000-0-0-9619495869] Registration request (../src/amf/ngap-handler.c:401)
07/07 08:12:54.990: [amf] INFO: [imsi-999709619495869] Registration complete (../src/amf/gmm-sm.c:1050)
07/07 08:14:09.204: [amf] INFO: InitialUEMessage [suci-0-999-70-0000-0-0-1657748613] Registration request (../src/amf/ngap-handler.c:401)
07/07 08:14:09.236: [amf] INFO: [imsi-999701657748613] Registration complete (../src/amf/gmm-sm.c:1050)
07/07 08:17:26.466: [amf] INFO: InitialUEMessage [suci-0-999-70-0000-0-0-0669325275] Registration request (../src/amf/ngap-handler.c:401)
07/07 08:17:26.514: [amf] INFO: [imsi-999700669325275] Registration complete (../src/amf/gmm-sm.c:1050)
07/07 08:17:38.564: [amf] INFO: InitialUEMessage [suci-0-999-70-0000-0-0-8026189077] Registration request (../src/amf/ngap-handler.c:401)
07/07 08:17:38.624: [amf] INFO: [imsi-999708026189077] Registration complete (../src/amf/gmm-sm.c:1050)
07/07 08:17:48.058: [amf] INFO: InitialUEMessage [suci-0-999-70-0000-0-0-3237637454] Registration request (../src/amf/ngap-handler.c:401)
07/07 08:17:48.111: [amf] INFO: [imsi-999703237637454] Registration complete (../src/amf/gmm-sm.c:1050)
07/07 08:19:28.712: [amf] INFO: InitialUEMessage [suci-0-999-70-0000-0-0-1634462470] Registration request (../src/amf/ngap-handler.c:401)
07/07 08:19:28.744: [amf] INFO: [imsi-999701634462470] Registration complete (../src/amf/gmm-sm.c:1050)
07/07 08:19:54.607: [amf] INFO: InitialUEMessage [suci-0-999-70-0000-0-0-8845747272] Registration request (../src/amf/ngap-handler.c:401)
07/07 08:19:54.642: [amf] INFO: [imsi-999708845747272] Registration complete (../src/amf/gmm-sm.c:1050)
07/07 08:24:11.682: [amf] INFO: InitialUEMessage [suci-0-999-70-0000-0-0-0574160981] Registration request (../src/amf/ngap-handler.c:401)
07/07 08:24:11.746: [amf] INFO: [imsi-999700574160981] Registration complete (../src/amf/gmm-sm.c:1050)
07/07 08:32:02.186: [amf] INFO: InitialUEMessage [suci-0-999-70-0000-0-0-6596083257] Registration request (../src/amf/ngap-handler.c:401)
07/07 08:32:02.247: [amf] INFO: [imsi-999706596083257] Registration complete (../src/amf/gmm-sm.c:1050)
07/07 08:32:09.573: [amf] INFO: InitialUEMessage [suci-0-999-70-0000-0-0-5950252658] Registration request (../src/amf/ngap-handler.c:401)
07/07 08:32:09.619: [amf] INFO: [imsi-999705950252658] Registration complete (../src/amf/gmm-sm.c:1050)
07/07 08:33:03.139: [amf] INFO: InitialUEMessage [suci-0-999-70-0000-0-0-1129774849] Registration request (../src/amf/ngap-handler.c:401)
07/07 08:33:03.186: [amf] INFO: [imsi-999701129774849] Registration complete (../src/amf/gmm-sm.c:1050)
07/07 08:35:16.917: [amf] INFO: InitialUEMessage [suci-0-999-70-0000-0-0-8999865559] Registration request (../src/amf/ngap-handler.c:401)
07/07 08:35:16.955: [amf] INFO: [imsi-999708999865559] Registration complete (../src/amf/gmm-sm.c:1050)
07/07 08:35:59.492: [amf] INFO: InitialUEMessage [suci-0-999-70-0000-0-0-3146729018] Registration request (../src/amf/ngap-handler.c:401)
07/07 08:35:59.507: [amf] WARNING: [suci-0-999-70-0000-0-0-3146729018] Registration reject [5GMM Cause: Illegal UE] (../src/amf/gmm-handler.c:230)
07/07 08:36:16.565: [amf] INFO: InitialUEMessage [suci-0-999-70-0000-0-0-8682910017] Registration request (../src/amf/ngap-handler.c:401)
07/07 08:36:16.601: [amf] INFO: [imsi-999708682910017] Registration complete (../src/amf/gmm-sm.c:1050)
07/07 08:37:18.479: [amf] INFO: InitialUEMessage [suci-0-999-70-0000-0-0-8992035839] Registration request (../src/amf/ngap-handler.c:401)
07/07 08:37:18.521: [amf] INFO: [imsi-999708992035839] Registration complete (../src/amf/gmm-sm.c:1050)
07/07 08:43:32.661: [amf] INFO: InitialUEMessage [suci-0-999-70-0000-0-0-5343556256] Registration request (../src/amf/ngap-handler.c:401)
07/07 08:43:32.707: [amf] INFO: [imsi-999705343556256] Registration complete (../src/amf/gmm-sm.c:1050)
07/07 08:45:23.043: [amf] INFO: InitialUEMessage [suci-0-999-70-0000-0-0-2852271009] Registration request (../src/amf/ngap-handler.c:401)
07/07 08:45:23.097: [amf] INFO: [imsi-999702852271009] Registration complete (../src/amf/gmm-sm.c:1050)
07/07 08:47:43.752: [amf] INFO: InitialUEMessage [suci-0-999-70-0000-0-0-0684988786] Registration request (../src/amf/ngap-handler.c:401)
07/07 08:47:43.777: [amf] INFO: [imsi-999700684988786] Registration complete (../src/amf/gmm-sm.c:1050)
07/07 08:48:51.306: [amf] INFO: InitialUEMessage [suci-0-999-70-0000-0-0-2711943344] Registration request (../src/amf/ngap-handler.c:401)
07/07 08:48:51.351: [amf] INFO: [imsi-999702711943344] Registration complete (../src/amf/gmm-sm.c:1050)
07/07 08:51:01.074: [amf] INFO: InitialUEMessage [suci-0-999-70-0000-0-0-6126517021] Registration request (../src/amf/ngap-handler.c:401)
07/07 08:51:01.133: [amf] INFO: [imsi-999706126517021] Registration complete (../src/amf/gmm-sm.c:1050)
07/07 08:52:31.996: [amf] INFO: InitialUEMessage [suci-0-999-70-0000-0-0-4397874199] Registration request (../src/amf/ngap-handler.c:401)
07/07 08:52:32.050: [amf] INFO: [imsi-999704397874199] Registration complete (../src/amf/gmm-sm.c:1050)
07/07 08:55:59.416: [amf] INFO: InitialUEMessage [suci-0-999-70-0000-0-0-3772240975] Registration request (../src/amf/ngap-handler.c:401)
07/07 08:55:59.457: [amf] INFO: [imsi-999703772240975] Registration complete (../src/amf/gmm-sm.c:1050)
07/07 08:57:09.841: [amf] INFO: InitialUEMessage [suci-0-999-70-0000-0-0-1648518879] Registration request (../src/amf/ngap-handler.c:401)
07/07 08:57:09.876: [amf] INFO: [imsi-999701648518879] Registration complete (../src/amf/gmm-sm.c:1050)
07/07 08:57:54.929: [amf] INFO: InitialUEMessage [suci-0-999-70-0000-0-0-1504845837] Registration request (../src/amf/ngap-handler.c:401)
07/07 08:57:54.987: [amf] INFO: [imsi-999701504845837] Registration complete (../src/amf/gmm-sm.c:1050)
07/07 09:02:13.233: [amf] INFO: InitialUEMessage [suci-0-999-70-0000-0-0-1378222318] Registration request (../src/amf/ngap-handler.c:401)
07/07 09:02:13.279: [amf] INFO: [imsi-999701378222318] Registration complete (../src/amf/gmm-sm.c:1050)
07/07 09:02:42.569: [amf] INFO: InitialUEMessage [suci-0-999-70-0000-0-0-7068779524] Registration request (../src/amf/ngap-handler.c:401)
07/07 09:02:42.606: [amf] INFO: [imsi-999707068779524] Registration complete (../src/amf/gmm-sm.c:1050)
07/07 09:03:18.011: [amf] INFO: InitialUEMessage [suci-0-999-70-0000-0-0-5859478482] Registration request (../src/amf/ngap-handler.c:401)
07/07 09:03:18.057: [amf] INFO: [imsi-999705859478482] Registration complete (../src/amf/gmm-sm.c:1050)
07/07 09:05:03.245: [amf] INFO: InitialUEMessage [suci-0-999-70-0000-0-0-6119477669] Registration request (../src/amf/ngap-handler.c:401)
07/07 09:05:03.293: [amf] INFO: [imsi-999706119477669] Registration complete (../src/amf/gmm-sm.c:1050)
07/07 09:06:47.936: [amf] INFO: InitialUEMessage [suci-0-999-70-0000-0-0-6819927981] Registration request (../src/amf/ngap-handler.c:401)
07/07 09:06:47.992: [amf] INFO: [imsi-999706819927981] Registration complete (../src/amf/gmm-sm.c:1050)
07/07 09:06:48.030: [amf] INFO: InitialUEMessage [suci-0-999-70-0000-0-0-6658477141] Registration request (../src/amf/ngap-handler.c:401)
07/07 09:06:48.092: [amf] INFO: [imsi-999706658477141] Registration complete (../src/amf/gmm-sm.c:1050)
07/07 09:10:02.931: [amf] INFO: InitialUEMessage [suci-0-999-70-0000-0-0-0580091451] Registration request (../src/amf/ngap-handler.c:401)
07/07 09:10:02.954: [amf] INFO: [imsi-999700580091451] Registration complete (../src/amf/gmm-sm.c:1050)
07/07 09:11:52.582: [amf] INFO: InitialUEMessage [suci-0-999-70-0000-0-0-8161953980] Registration request (../src/amf/ngap-handler.c:401)
07/07 09:11:52.602: [amf] INFO: [imsi-999708161953980] Registration complete (../src/amf/gmm-sm.c:1050)
07/07 09:12:15.002: [amf] INFO: InitialUEMessage [suci-0-999-70-0000-0-0-2718477169] Registration request (../src/amf/ngap-handler.c:401)
07/07 09:12:15.051: [amf] INFO: [imsi-999702718477169] Registration complete (../src/amf/gmm-sm.c:1050)
07/07 09:14:32.621: [amf] INFO: InitialUEMessage [suci-0-999-70-0000-0-0-0917832326] Registration request (../src/amf/ngap-handler.c:401)
07/07 09:14:32.661: [amf] INFO: [imsi-999700917832326] Registration complete (../src/amf/gmm-sm.c:1050)
07/07 09:19:29.195: [amf] INFO: InitialUEMessage [suci-0-999-70-0000-0-0-1348792404] Registration request (../src/amf/ngap-handler.c:401)
07/07 09:19:29.250: [amf] INFO: [imsi-999701348792404] Registration complete (../src/amf/gmm-sm.c:1050)
07/07 09:21:23.741: [amf] INFO: InitialUEMessage [suci-0-999-70-0000-0-0-6564870610] Registration request (../src/amf/ngap-handler.c:401)
07/07 09:21:23.799: [amf] INFO: [imsi-999706564870610] Registration complete (../src/amf/gmm-sm.c:1050)
07/07 09:22:29.997: [amf] INFO: InitialUEMessage [suci-0-999-70-0000-0-0-6216025125] Registration request (../src/amf/ngap-handler.c:401)
07/07 09:22:30.025: [amf] INFO: [imsi-999706216025125] Registration complete (../src/amf/gmm-sm.c:1050)
07/07 09:26:22.031: [amf] INFO: InitialUEMessage [suci-0-999-70-0000-0-0-6381305093] Registration request (../src/amf/ngap-handler.c:401)
07/07 09:26:22.058: [amf] INFO: [imsi-999706381305093] Registration complete (../src/amf/gmm-sm.c:1050)
07/07 09:27:22.877: [amf] INFO: InitialUEMessage [suci-0-999-70-0000-0-0-1055787338] Registration request (../src/amf/ngap-handler.c:401)
07/07 09:27:22.932: [amf] INFO: [imsi-999701055787338] Registration complete (../src/amf/gmm-sm.c:1050)
07/07 09:27:48.602: [amf] INFO: InitialUEMessage [suci-0-999-70-0000-0-0-5866173529] Registration request (../src/amf/ngap-handler.c:401)
07/07 09:27:48.648: [amf] INFO: [imsi-999705866173529] Registration complete (../src/amf/gmm-sm.c:1050)
07/07 09:27:56.437: [amf] INFO: InitialUEMessage [suci-0-999-70-0000-0-0-5310240729] Registration request (../src/amf/ngap-handler.c:401)
07/07 09:27:56.489: [amf] INFO: [imsi-999705310240729] Registration complete (../src/amf/gmm-sm.c:1050)
07/07 09:29:05.442: [amf] INFO: InitialUEMessage [suci-0-999-70-0000-0-0-3399343894] Registration request (../src/amf/ngap-handler.c:401)
07/07 09:29:05.489: [amf] INFO: [imsi-999703399343894] Registration complete (../src/amf/gmm-sm.c:1050)
07/07 09:30:48.479: [amf] INFO: InitialUEMessage [suci-0-999-70-0000-0-0-4629804294] Registration request (../src/amf/ngap-handler.c:401)
07/07 09:30:48.533: [amf] INFO: [imsi-999704629804294] Registration complete (../src/amf/gmm-sm.c:1050)
07/07 09:30:56.263: [amf] INFO: InitialUEMessage [suci-0-999-70-0000-0-0-4543983087] Registration request (../src/amf/ngap-handler.c:401)
07/07 09:30:56.326: [amf] INFO: [imsi-999704543983087] Registration complete (../src/amf/gmm-sm.c:1050)
07/07 09:32:36.419: [amf] INFO: InitialUEMessage [suci-0-999-70-0000-0-0-5219219081] Registration request (../src/amf/ngap-handler.c:401)
07/07 09:32:36.470: [amf] INFO: [imsi-999705219219081] Registration complete (../src/amf/gmm-sm.c:1050)
07/07 09:33:01.363: [amf] INFO: InitialUEMessage [suci-0-999-70-0000-0-0-5934006259] Registration request (../src/amf/ngap-handler.c:401)
07/07 09:33:01.421: [amf] INFO: [imsi-999705934006259] Registration complete (../src/amf/gmm-sm.c:1050)
07/07 09:33:47.316: [amf] INFO: InitialUEMessage [suci-0-999-70-0000-0-0-2348332366] Registration request (../src/amf/ngap-handler.c:401)
07/07 09:33:47.374: [amf] INFO: [imsi-999702348332366] Registration complete (../src/amf/gmm-sm.c:1050)
07/07 09:36:57.508: [amf] INFO: InitialUEMessage [suci-0-999-70-0000-0-0-4106140809] Registration request (../src/amf/ngap-handler.c:401)
07/07 09:36:57.564: [amf] INFO: [imsi-999704106140809] Registration complete (../src/amf/gmm-sm.c:1050)
07/07 09:38:04.860: [amf] INFO: InitialUEMessage [suci-0-999-70-0000-0-0-4540801740] Registration request (../src/amf/ngap-handler.c:401)
07/07 09:38:04.884: [amf] INFO: [imsi-999704540801740] Registration complete (../src/amf/gmm-sm.c:1050)
07/07 09:38:15.642: [amf] INFO: InitialUEMessage [suci-0-999-70-0000-0-0-0554823062] Registration request (../src/amf/ngap-handler.c:401)
07/07 09:38:15.687: [amf] INFO: [imsi-999700554823062] Registration complete (../src/amf/gmm-sm.c:1050)
07/07 09:38:53.458: [amf] INFO: InitialUEMessage [suci-0-999-70-0000-0-0-0984948844] Registration request (../src/amf/ngap-handler.c:401)
07/07 09:38:53.512: [amf] INFO: [imsi-999700984948844] Registration complete (../src/amf/gmm-sm.c:1050)
07/07 09:39:40.518: [amf] INFO: InitialUEMessage [suci-0-999-70-0000-0-0-4180813773] Registration request (../src/amf/ngap-handler.c:401)
07/07 09:39:40.563: [amf] INFO: [imsi-999704180813773] Registration complete (../src/amf/gmm-sm.c:1050)
07/07 09:44:10.665: [amf] INFO: InitialUEMessage [suci-0-999-70-0000-0-0-8264004563] Registration request (../src/amf/ngap-handler.c:401)
07/07 09:44:10.719: [amf] INFO: [imsi-999708264004563] Registration complete (../src/amf/gmm-sm.c:1050)
07/07 09:46:41.092: [amf] INFO: InitialUEMessage [suci-0-999-70-0000-0-0-7010428565] Registration request (../src/amf/ngap-handler.c:401)
07/07 09:46:41.146: [amf] INFO: [imsi-999707010428565] Registration complete (../src/amf/gmm-sm.c:1050)
07/07 09:47:07.696: [amf] INFO: InitialUEMessage [suci-0-999-70-0000-0-0-1115094425] Registration request (../src/amf/ngap-handler.c:401)
07/07 09:47:07.718: [amf] INFO: [imsi-999701115094425] Registration complete (../src/amf/gmm-sm.c:1050)
07/07 09:49:48.309: [amf] INFO: InitialUEMessage [suci-0-999-70-0000-0-0-8415038641] Registration request (../src/amf/ngap-handler.c:401)
07/07 09:49:48.339: [amf] INFO: [imsi-999708415038641] Registration complete (../src/amf/gmm-sm.c:1050)
07/07 09:50:12.218: [amf] INFO: InitialUEMessage [suci-0-999-70-0000-0-0-6068598833] Registration request (../src/amf/ngap-handler.c:401)
07/07 09:50:12.266: [amf] INFO: [imsi-999706068598833] Registration complete (../src/amf/gmm-sm.c:1050)
07/07 09:51:01.356: [amf] INFO: InitialUEMessage [suci-0-999-70-0000-0-0-5148006410] Registration request (../src/amf/ngap-handler.c:401)
07/07 09:51:01.381: [amf] INFO: [imsi-999705148006410] Registration complete (../src/amf/gmm-sm.c:1050)
07/07 09:55:41.072: [amf] INFO: InitialUEMessage [suci-0-999-70-0000-0-0-1528073186] Registration request (../src/amf/ngap-handler.c:401)
07/07 09:55:41.133: [amf] INFO: [imsi-999701528073186] Registration complete (../src/amf/gmm-sm.c:1050)
07/07 09:56:04.913: [amf] INFO: InitialUEMessage [suci-0-999-70-0000-0-0-8365037491] Registration request (../src/amf/ngap-handler.c:401)
07/07 09:56:04.958: [amf] INFO: [imsi-999708365037491] Registration complete (../src/amf/gmm-sm.c:1050)
07/07 09:57:08.937: [amf] INFO: InitialUEMessage [suci-0-999-70-0000-0-0-0976846919] Registration request (../src/amf/ngap-handler.c:401)
07/07 09:57:08.978: [amf] WARNING: [imsi-999700976846919] Registration reject (../src/amf/gmm-handler.c:230)
07/07 09:57:38.370: [amf] INFO: InitialUEMessage [suci-0-999-70-0000-0-0-4663352994] Registration request (../src/amf/ngap-handler.c:401)
07/07 09:57:38.414: [amf] INFO: [imsi-999704663352994] Registration complete (../src/amf/gmm-sm.c:1050)
07/07 09:57:58.086: [amf] INFO: InitialUEMessage [suci-0-999-70-0000-0-0-7311440344] Registration request (../src/amf/ngap-handler.c:401)
07/07 09:57:58.132: [amf] INFO: [imsi-999707311440344] Registration complete (../src/amf/gmm-sm.c:1050)
07/07 09:58:05.346: [amf] INFO: InitialUEMessage [suci-0-999-70-0000-0-0-6423603284] Registration request (../src/amf/ngap-handler.c:401)
07/07 09:58:05.392: [amf] INFO: [imsi-999706423603284] Registration complete (../src/amf/gmm-sm.c:1050)
07/07 10:00:09.452: [amf] INFO: InitialUEMessage [suci-0-999-70-0000-0-0-9780280399] Registration request (../src/amf/ngap-handler.c:401)
07/07 10:00:09.502: [amf] INFO: [imsi-999709780280399] Registration complete (../src/amf/gmm-sm.c:1050)
07/07 10:00:09.623: [amf] WARNING: [imsi-999709780280399] PDU Session Establishment reject [PSI:1 Cause: Network failure] (../src/amf/nsmf-handler.c:520)
07/07 10:00:53.026: [amf] INFO: InitialUEMessage [suci-0-999-70-0000-0-0-8541504390] Registration request (../src/amf/ngap-handler.c:401)
07/07 10:00:53.064: [amf] INFO: [imsi-999708541504390] Registration complete (../src/amf/gmm-sm.c:1050)
07/07 10:03:29.381: [amf] INFO: InitialUEMessage [suci-0-999-70-0000-0-0-2954296561] Registration request (../src/amf/ngap-handler.c:401)
07/07 10:03:29.438: [amf] INFO: [imsi-999702954296561] Registration complete (../src/amf/gmm-sm.c:1050)
07/07 10:03:46.123: [amf] INFO: InitialUEMessage [suci-0-999-70-0000-0-0-7035936082] Registration request (../src/amf/ngap-handler.c:401)
07/07 10:03:46.166: [amf] INFO: [imsi-999707035936082] Registration complete (../src/amf/gmm-sm.c:1050)
07/07 10:03:48.910: [amf] INFO: InitialUEMessage [suci-0-999-70-0000-0-0-8614659919] Registration request (../src/amf/ngap-handler.c:401)
07/07 10:03:48.946: [amf] INFO: [imsi-999708614659919] Registration complete (../src/amf/gmm-sm.c:1050)
07/07 10:03:56.458: [amf] INFO: InitialUEMessage [suci-0-999-70-0000-0-0-2611370534] Registration request (../src/amf/ngap-handler.c:401)
07/07 10:03:56.481: [amf] INFO: [imsi-999702611370534] Registration complete (../src/amf/gmm-sm.c:1050)
07/07 10:04:38.022: [amf] INFO: InitialUEMessage [suci-0-999-70-0000-0-0-4358785141] Registration request (../src/amf/ngap-handler.c:401)
07/07 10:04:38.078: [amf] INFO: [imsi-999704358785141] Registration complete (../src/amf/gmm-sm.c:1050)
07/07 10:08:26.300: [amf] INFO: InitialUEMessage [suci-0-999-70-0000-0-0-6151940410] Registration request (../src/amf/ngap-handler.c:401)
07/07 10:08:26.345: [amf] INFO: [imsi-999706151940410] Registration complete (../src/amf/gmm-sm.c:1050)
07/07 10:10:02.176: [amf] INFO: InitialUEMessage [suci-0-999-70-0000-0-0-8031802784] Registration request (../src/amf/ngap-handler.c:401)
07/07 10:10:02.241: [amf] INFO: [imsi-999708031802784] Registration complete (../src/amf/gmm-sm.c:1050)
07/07 10:10:28.536: [amf] INFO: InitialUEMessage [suci-0-999-70-0000-0-0-8398885907] Registration request (../src/amf/ngap-handler.c:401)
07/07 10:10:28.565: [amf] INFO: [imsi-999708398885907] Registration complete (../src/amf/gmm-sm.c:1050)
07/07 10:10:29.750: [amf] INFO: InitialUEMessage [suci-0-999-70-0000-0-0-8955288618] Registration request (../src/amf/ngap-handler.c:401)
07/07 10:10:29.786: [amf] INFO: [imsi-999708955288618] Registration complete (../src/amf/gmm-sm.c:1050)
07/07 10:17:16.692: [amf] INFO: InitialUEMessage [suci-0-999-70-0000-0-0-6607750327] Registration request (../src/amf/ngap-handler.c:401)
07/07 10:17:16.731: [amf] INFO: [imsi-999706607750327] Registration complete (../src/amf/gmm-sm.c:1050)
07/07 10:17:34.134: [amf] INFO: InitialUEMessage [suci-0-999-70-0000-0-0-9143001093] Registration request (../src/amf/ngap-handler.c:401)
07/07 10:17:34.191: [amf] INFO: [imsi-999709143001093] Registration complete (../src/amf/gmm-sm.c:1050)
07/07 10:17:51.673: [amf] INFO: InitialUEMessage [suci-0-999-70-0000-0-0-4320362653] Registration request (../src/amf/ngap-handler.c:401)
07/07 10:17:51.714: [amf] INFO: [imsi-999704320362653] Registration complete (../src/amf/gmm-sm.c:1050)
07/07 10:21:56.166: [amf] INFO: InitialUEMessage [suci-0-999-70-0000-0-0-9040408714] Registration request (../src/amf/ngap-handler.c:401)
07/07 10:21:56.223: [amf] INFO: [imsi-999709040408714] Registration complete (../src/amf/gmm-sm.c:1050)
07/07 10:24:10.081: [amf] INFO: InitialUEMessage [suci-0-999-70-0000-0-0-0903311506] Registration request (../src/amf/ngap-handler.c:401)
07/07 10:24:10.139: [amf] INFO: [imsi-999700903311506] Registration complete (../src/amf/gmm-sm.c:1050)
07/07 10:24:45.617: [amf] INFO: InitialUEMessage [suci-0-999-70-0000-0-0-3404830335] Registration request (../src/amf/ngap-handler.c:401)
07/07 10:24:45.651: [amf] INFO: [imsi-999703404830335] Registration complete (../src/amf/gmm-sm.c:1050)
07/07 10:25:53.188: [amf] INFO: InitialUEMessage [suci-0-999-70-0000-0-0-6350368142] Registration request (../src/amf/ngap-handler.c:401)
07/07 10:25:53.248: [amf] INFO: [imsi-999706350368142] Registration complete (../src/amf/gmm-sm.c:1050)
07/07 10:26:26.286: [amf] INFO: InitialUEMessage [suci-0-999-70-0000-0-0-5821069388] Registration request (../src/amf/ngap-handler.c:401)
07/07 10:26:26.340: [amf] INFO: [imsi-999705821069388] Registration complete (../src/amf/gmm-sm.c:1050)
07/07 10:26:41.532: [amf] INFO: InitialUEMessage [suci-0-999-70-0000-0-0-7907778584] Registration request (../src/amf/ngap-handler.c:401)
07/07 10:26:41.576: [amf] INFO: [imsi-999707907778584] Registration complete (../src/amf/gmm-sm.c:1050)
07/07 10:28:05.760: [amf] INFO: InitialUEMessage [suci-0-999-70-0000-0-0-4485915204] Registration request (../src/amf/ngap-handler.c:401)
07/07 10:28:05.828: [amf] INFO: [imsi-999704485915204] Registration complete (../src/amf/gmm-sm.c:1050)
07/07 10:29:07.761: [amf] INFO: InitialUEMessage [suci-0-999-70-0000-0-0-8511513980] Registration request (../src/amf/ngap-handler.c:401)
07/07 10:29:07.800: [amf] INFO: [imsi-999708511513980] Registration complete (../src/amf/gmm-sm.c:1050)
07/07 10:30:12.842: [amf] INFO: InitialUEMessage [suci-0-999-70-0000-0-0-1526836888] Registration request (../src/amf/ngap-handler.c:401)
07/07 10:30:12.889: [amf] INFO: [imsi-999701526836888] Registration complete (../src/amf/gmm-sm.c:1050)
07/07 10:31:35.124: [amf] INFO: InitialUEMessage [suci-0-999-70-0000-0-0-8187680222] Registration request (../src/amf/ngap-handler.c:401)
07/07 10:31:35.155: [amf] INFO: [imsi-999708187680222] Registration complete (../src/amf/gmm-sm.c:1050)
07/07 10:31:38.763: [amf] INFO: InitialUEMessage [suci-0-999-70-0000-0-0-1352821144] Registration request (../src/amf/ngap-handler.c:401)
07/07 10:31:38.786: [amf] INFO: [imsi-999701352821144] Registration complete (../src/amf/gmm-sm.c:1050)
07/07 10:31:52.269: [amf] INFO: InitialUEMessage [suci-0-999-70-0000-0-0-6713071115] Registration request (../src/amf/ngap-handler.c:401)
07/07 10:31:52.319: [amf] INFO: [imsi-999706713071115] Registration complete (../src/amf/gmm-sm.c:1050)
07/07 10:32:02.691: [amf] INFO: InitialUEMessage [suci-0-999-70-0000-0-0-1879973306] Registration request (../src/amf/ngap-handler.c:401)
07/07 10:32:02.724: [amf] INFO: [imsi-999701879973306] Registration complete (../src/amf/gmm-sm.c:1050)
07/07 10:32:05.909: [amf] INFO: InitialUEMessage [suci-0-999-70-0000-0-0-7070070283] Registration request (../src/amf/ngap-handler.c:401)
07/07 10:32:05.974: [amf] INFO: [imsi-999707070070283] Registration complete (../src/amf/gmm-sm.c:1050)
07/07 10:33:05.534: [amf] INFO: InitialUEMessage [suci-0-999-70-0000-0-0-6669392147] Registration request (../src/amf/ngap-handler.c:401)
07/07 10:33:05.563: [amf] INFO: [imsi-999706669392147] Registration complete (../src/amf/gmm-sm.c:1050)
07/07 10:34:37.894: [amf] INFO: InitialUEMessage [suci-0-999-70-0000-0-0-5470992686] Registration request (../src/amf/ngap-handler.c:401)
07/07 10:34:37.929: [amf] INFO: [imsi-999705470992686] Registration complete (../src/amf/gmm-sm.c:1050)
07/07 10:34:40.461: [amf] INFO: InitialUEMessage [suci-0-999-70-0000-0-0-9587846011] Registration request (../src/amf/ngap-handler.c:401)
07/07 10:34:40.486: [amf] INFO: [imsi-999709587846011] Registration complete (../src/amf/gmm-sm.c:1050)
07/07 10:36:20.179: [amf] INFO: InitialUEMessage [suci-0-999-70-0000-0-0-0139006625] Registration request (../src/amf/ngap-handler.c:401)
07/07 10:36:20.233: [amf] INFO: [imsi-999700139006625] Registration complete (../src/amf/gmm-sm.c:1050)
07/07 10:43:13.033: [amf] INFO: InitialUEMessage [suci-0-999-70-0000-0-0-5156686250] Registration request (../src/amf/ngap-handler.c:401)
07/07 10:43:13.100: [amf] INFO: [imsi-999705156686250] Registration complete (../src/amf/gmm-sm.c:1050)
07/07 10:44:31.003: [amf] INFO: InitialUEMessage [suci-0-999-70-0000-0-0-1220881554] Registration request (../src/amf/ngap-handler.c:401)
07/07 10:44:31.067: [amf] INFO: [imsi-999701220881554] Registration complete (../src/amf/gmm-sm.c:1050)
07/07 10:44:35.335: [amf] INFO: InitialUEMessage [suci-0-999-70-0000-0-0-4676939447] Registration request (../src/amf/ngap-handler.c:401)
07/07 10:44:35.367: [amf] INFO: [imsi-999704676939447] Registration complete (../src/amf/gmm-sm.c:1050)
07/07 10:46:31.723: [amf] INFO: InitialUEMessage [suci-0-999-70-0000-0-0-9811970777] Registration request (../src/amf/ngap-handler.c:401)
07/07 10:46:31.759: [amf] INFO: [imsi-999709811970777] Registration complete (../src/amf/gmm-sm.c:1050)
07/07 10:46:41.553: [amf] INFO: InitialUEMessage [suci-0-999-70-0000-0-0-3346527694] Registration request (../src/amf/ngap-handler.c:401)
07/07 10:46:41.602: [amf] INFO: [imsi-999703346527694] Registration complete (../src/amf/gmm-sm.c:1050)
07/07 10:47:00.710: [amf] INFO: InitialUEMessage [suci-0-999-70-0000-0-0-7020521734] Registration request (../src/amf/ngap-handler.c:401)
07/07 10:47:00.747: [amf] INFO: [imsi-999707020521734] Registration complete (../src/amf/gmm-sm.c:1050)
07/07 10:47:28.024: [amf] INFO: InitialUEMessage [suci-0-999-70-0000-0-0-2845786811] Registration request (../src/amf/ngap-handler.c:401)
07/07 10:47:28.060: [amf] INFO: [imsi-999702845786811] Registration complete (../src/amf/gmm-sm.c:1050)
07/07 10:49:31.715: [amf] INFO: InitialUEMessage [suci-0-999-70-0000-0-0-3457053354] Registration request (../src/amf/ngap-handler.c:401)
07/07 10:49:31.770: [amf] INFO: [imsi-999703457053354] Registration complete (../src/amf/gmm-sm.c:1050)
07/07 10:49:31.852: [amf] INFO: InitialUEMessage [suci-0-999-70-0000-0-0-4115311687] Registration request (../src/amf/ngap-handler.c:401)
07/07 10:49:31.910: [amf] INFO: [imsi-999704115311687] Registration complete (../src/amf/gmm-sm.c:1050)
07/07 10:49:38.074: [amf] INFO: InitialUEMessage [suci-0-999-70-0000-0-0-2257058531] Registration request (../src/amf/ngap-handler.c:401)
07/07 10:49:38.120: [amf] INFO: [imsi-999702257058531] Registration complete (../src/amf/gmm-sm.c:1050)
07/07 10:49:49.152: [amf] INFO: InitialUEMessage [suci-0-999-70-0000-0-0-6114312347] Registration request (../src/amf/ngap-handler.c:401)
07/07 10:49:49.200: [amf] INFO: [imsi-999706114312347] Registration complete (../src/amf/gmm-sm.c:1050)
07/07 10:52:43.459: [amf] INFO: InitialUEMessage [suci-0-999-70-0000-0-0-9748298666] Registration request (../src/amf/ngap-handler.c:401)
07/07 10:52:43.488: [amf] INFO: [imsi-999709748298666] Registration complete (../src/amf/gmm-sm.c:1050)
07/07 10:54:57.482: [amf] INFO: InitialUEMessage [suci-0-999-70-0000-0-0-1780258955] Registration request (../src/amf/ngap-handler.c:401)
07/07 10:54:57.503: [amf] INFO: [imsi-999701780258955] Registration complete (../src/amf/gmm-sm.c:1050)
07/07 10:55:32.621: [amf] INFO: InitialUEMessage [suci-0-999-70-0000-0-0-7222904202] Registration request (../src/amf/ngap-handler.c:401)
07/07 10:55:32.681: [amf] INFO: [imsi-999707222904202] Registration complete (../src/amf/gmm-sm.c:1050)
07/07 10:55:51.215: [amf] INFO: InitialUEMessage [suci-0-999-70-0000-0-0-9772797185] Registration request (../src/amf/ngap-handler.c:401)
07/07 10:55:51.259: [amf] INFO: [imsi-999709772797185] Registration complete (../src/amf/gmm-sm.c:1050)
07/07 10:56:46.904: [amf] INFO: InitialUEMessage [suci-0-999-70-0000-0-0-6945384454] Registration request (../src/amf/ngap-handler.c:401)
07/07 10:56:46.932: [amf] INFO: [imsi-999706945384454] Registration complete (../src/amf/gmm-sm.c:1050)
07/07 10:58:00.470: [amf] INFO: InitialUEMessage [suci-0-999-70-0000-0-0-2761629886] Registration request (../src/amf/ngap-handler.c:401)
07/07 10:58:00.513: [amf] INFO: [imsi-999702761629886] Registration complete (../src/amf/gmm-sm.c:1050)
07/07 10:58:34.451: [amf] INFO: InitialUEMessage [suci-0-999-70-0000-0-0-6014760115] Registration request (../src/amf/ngap-handler.c:401)
07/07 10:58:34.490: [amf] INFO: [imsi-999706014760115] Registration complete (../src/amf/gmm-sm.c:1050)
07/07 11:00:45.374: [amf] INFO: InitialUEMessage [suci-0-999-70-0000-0-0-1163542524] Registration request (../src/amf/ngap-handler.c:401)
07/07 11:00:45.406: [amf] INFO: [imsi-999701163542524] Registration complete (../src/amf/gmm-sm.c:1050)
07/07 11:01:03.271: [amf] INFO: InitialUEMessage [suci-0-999-70-0000-0-0-2676788019] Registration request (../src/amf/ngap-handler.c:401)
07/07 11:01:03.289: [amf] INFO: [imsi-999702676788019] Registration complete (../src/amf/gmm-sm.c:1050)
07/07 11:01:47.632: [amf] INFO: InitialUEMessage [suci-0-999-70-0000-0-0-5481936588] Registration request (../src/amf/ngap-handler.c:401)
07/07 11:01:47.695: [amf] INFO: [imsi-999705481936588] Registration complete (../src/amf/gmm-sm.c:1050)
07/07 11:02:15.644: [amf] INFO: InitialUEMessage [suci-0-999-70-0000-0-0-2884170764] Registration request (../src/amf/ngap-handler.c:401)
07/07 11:02:15.690: [amf] INFO: [imsi-999702884170764] Registration complete (../src/amf/gmm-sm.c:1050)
07/07 11:03:21.672: [amf] INFO: InitialUEMessage [suci-0-999-70-0000-0-0-9177675008] Registration request (../src/amf/ngap-handler.c:401)
07/07 11:03:21.716: [amf] INFO: [imsi-999709177675008] Registration complete (../src/amf/gmm-sm.c:1050)
07/07 11:04:34.352: [amf] INFO: InitialUEMessage [suci-0-999-70-0000-0-0-8784815185] Registration request (../src/amf/ngap-handler.c:401)
07/07 11:04:34.406: [amf] INFO: [imsi-999708784815185] Registration complete (../src/amf/gmm-sm.c:1050)
07/07 11:06:19.247: [amf] INFO: InitialUEMessage [suci-0-999-70-0000-0-0-2304847791] Registration request (../src/amf/ngap-handler.c:401)
07/07 11:06:19.291: [amf] INFO: [imsi-999702304847791] Registration complete (../src/amf/gmm-sm.c:1050)
07/07 11:06:19.808: [amf] INFO: InitialUEMessage [suci-0-999-70-0000-0-0-1387931799] Registration request (../src/amf/ngap-handler.c:401)
07/07 11:06:19.860: [amf] INFO: [imsi-999701387931799] Registration complete (../src/amf/gmm-sm.c:1050)
07/07 11:06:37.473: [amf] INFO: InitialUEMessage [suci-0-999-70-0000-0-0-8497242134] Registration request (../src/amf/ngap-handler.c:401)
07/07 11:06:37.504: [amf] INFO: [imsi-999708497242134] Registration complete (../src/amf/gmm-sm.c:1050)
07/07 11:07:15.707: [amf] INFO: InitialUEMessage [suci-0-999-70-0000-0-0-2701318251] Registration request (../src/amf/ngap-handler.c:401)
07/07 11:07:15.767: [amf] INFO: [imsi-999702701318251] Registration complete (../src/amf/gmm-sm.c:1050)
07/07 11:08:57.357: [amf] INFO: InitialUEMessage [suci-0-999-70-0000-0-0-5576596900] Registration request (../src/amf/ngap-handler.c:401)
07/07 11:08:57.409: [amf] INFO: [imsi-999705576596900] Registration complete (../src/amf/gmm-sm.c:1050)
07/07 11:08:58.798: [amf] INFO: InitialUEMessage [suci-0-999-70-0000-0-0-7486363227] Registration request (../src/amf/ngap-handler.c:401)
07/07 11:08:58.839: [amf] INFO: [imsi-999707486363227] Registration complete (../src/amf/gmm-sm.c:1050)
07/07 11:09:34.030: [amf] INFO: InitialUEMessage [suci-0-999-70-0000-0-0-1788237425] Registration request (../src/amf/ngap-handler.c:401)
07/07 11:09:34.095: [amf] INFO: [imsi-999701788237425] Registration complete (../src/amf/gmm-sm.c:1050)
07/07 11:11:22.037: [amf] INFO: InitialUEMessage [suci-0-999-70-0000-0-0-9685423189] Registration request (../src/amf/ngap-handler.c:401)
07/07 11:11:22.079: [amf] INFO: [imsi-999709685423189] Registration complete (../src/amf/gmm-sm.c:1050)
07/07 11:13:10.426: [amf] INFO: InitialUEMessage [suci-0-999-70-0000-0-0-7697208222] Registration request (../src/amf/ngap-handler.c:401)
07/07 11:13:10.490: [amf] INFO: [imsi-999707697208222] Registration complete (../src/amf/gmm-sm.c:1050)
07/07 11:13:20.709: [amf] INFO: InitialUEMessage [suci-0-999-70-0000-0-0-3850104122] Registration request (../src/amf/ngap-handler.c:401)
07/07 11:13:20.752: [amf] INFO: [imsi-999703850104122] Registration complete (../src/amf/gmm-sm.c:1050)
07/07 11:15:51.235: [amf] INFO: InitialUEMessage [suci-0-999-70-0000-0-0-9325211352] Registration request (../src/amf/ngap-handler.c:401)
07/07 11:15:51.285: [amf] INFO: [imsi-999709325211352] Registration complete (../src/amf/gmm-sm.c:1050)
07/07 11:16:20.903: [amf] INFO: InitialUEMessage [suci-0-999-70-0000-0-0-0794240087] Registration request (../src/amf/ngap-handler.c:401)
07/07 11:16:20.952: [amf] INFO: [imsi-999700794240087] Registration complete (../src/amf/gmm-sm.c:1050)
07/07 11:16:20.958: [amf] INFO: InitialUEMessage [suci-0-999-70-0000-0-0-9426374621] Registration request (../src/amf/ngap-handler.c:401)
07/07 11:16:20.982: [amf] INFO: [imsi-999709426374621] Registration complete (../src/amf/gmm-sm.c:1050)
07/07 11:17:51.905: [amf] INFO: InitialUEMessage [suci-0-999-70-0000-0-0-3089637839] Registration request (../src/amf/ngap-handler.c:401)
07/07 11:17:51.954: [amf] INFO: [imsi-999703089637839] Registration complete (../src/amf/gmm-sm.c:1050)
07/07 11:18:41.030: [amf] INFO: InitialUEMessage [suci-0-999-70-0000-0-0-3741746720] Registration request (../src/amf/ngap-handler.c:401)
07/07 11:18:41.080: [amf] INFO: [imsi-999703741746720] Registration complete (../src/amf/gmm-sm.c:1050)
07/07 11:19:09.044: [amf] INFO: InitialUEMessage [suci-0-999-70-0000-0-0-3053026832] Registration request (../src/amf/ngap-handler.c:401)
07/07 11:19:09.074: [amf] INFO: [imsi-999703053026832] Registration complete (../src/amf/gmm-sm.c:1050)
07/07 11:19:57.676: [amf] INFO: InitialUEMessage [suci-0-999-70-0000-0-0-7489672389] Registration request (../src/amf/ngap-handler.c:401)
07/07 11:19:57.738: [amf] INFO: [imsi-999707489672389] Registration complete (../src/amf/gmm-sm.c:1050)
07/07 11:23:45.484: [amf] INFO: InitialUEMessage [suci-0-999-70-0000-0-0-7934721665] Registration request (../src/amf/ngap-handler.c:401)
07/07 11:23:45.512: [amf] INFO: [imsi-999707934721665] Registration complete (../src/amf/gmm-sm.c:1050)
07/07 11:23:49.984: [amf] INFO: InitialUEMessage [suci-0-999-70-0000-0-0-5639769812] Registration request (../src/amf/ngap-handler.c:401)
07/07 11:23:50.011: [amf] INFO: [imsi-999705639769812] Registration complete (../src/amf/gmm-sm.c:1050)
07/07 11:26:23.289: [amf] INFO: InitialUEMessage [suci-0-999-70-0000-0-0-9830230403] Registration request (../src/amf/ngap-handler.c:401)
07/07 11:26:23.318: [amf] INFO: [imsi-999709830230403] Registration complete (../src/amf/gmm-sm.c:1050)
07/07 11:27:26.155: [amf] INFO: InitialUEMessage [suci-0-999-70-0000-0-0-7700182690] Registration request (../src/amf/ngap-handler.c:401)
07/07 11:27:26.199: [amf] INFO: [imsi-999707700182690] Registration complete (../src/amf/gmm-sm.c:1050)
07/07 11:28:53.064: [amf] INFO: InitialUEMessage [suci-0-999-70-0000-0-0-9001793971] Registration request (../src/amf/ngap-handler.c:401)
07/07 11:28:53.095: [amf] INFO: [imsi-999709001793971] Registration complete (../src/amf/gmm-sm.c:1050)
07/07 11:29:04.959: [amf] INFO: InitialUEMessage [suci-0-999-70-0000-0-0-3806740907] Registration request (../src/amf/ngap-handler.c:401)
07/07 11:29:05.004: [amf] INFO: [imsi-999703806740907] Registration complete (../src/amf/gmm-sm.c:1050)
07/07 11:29:09.068: [amf] INFO: InitialUEMessage [suci-0-999-70-0000-0-0-9620337150] Registration request (../src/amf/ngap-handler.c:401)
07/07 11:29:09.124: [amf] INFO: [imsi-999709620337150] Registration complete (../src/amf/gmm-sm.c:1050)
07/07 11:31:09.160: [amf] INFO: InitialUEMessage [suci-0-999-70-0000-0-0-5128129690] Registration request (../src/amf/ngap-handler.c:401)
07/07 11:31:09.215: [amf] INFO: [imsi-999705128129690] Registration complete (../src/amf/gmm-sm.c:1050)
07/07 11:31:39.671: [amf] INFO: InitialUEMessage [suci-0-999-70-0000-0-0-7419874351] Registration request (../src/amf/ngap-handler.c:401)
07/07 11:31:39.718: [amf] INFO: [imsi-999707419874351] Registration complete (../src/amf/gmm-sm.c:1050)
07/07 11:31:43.608: [amf] INFO: InitialUEMessage [suci-0-999-70-0000-0-0-6894265774] Registration request (../src/amf/ngap-handler.c:401)
07/07 11:31:43.645: [amf] INFO: [imsi-999706894265774] Registration complete (../src/amf/gmm-sm.c:1050)
07/07 11:32:59.303: [amf] INFO: InitialUEMessage [suci-0-999-70-0000-0-0-0270292943] Registration request (../src/amf/ngap-handler.c:401)
07/07 11:32:59.347: [amf] INFO: [imsi-999700270292943] Registration complete (../src/amf/gmm-sm.c:1050)
07/07 11:33:36.261: [amf] INFO: InitialUEMessage [suci-0-999-70-0000-0-0-4101021247] Registration request (../src/amf/ngap-handler.c:401)
07/07 11:33:36.299: [amf] INFO: [imsi-999704101021247] Registration complete (../src/amf/gmm-sm.c:1050)
07/07 11:33:39.555: [amf] INFO: InitialUEMessage [suci-0-999-70-0000-0-0-2034203409] Registration request (../src/amf/ngap-handler.c:401)
07/07 11:33:39.599: [amf] INFO: [imsi-999702034203409] Registration complete (../src/amf/gmm-sm.c:1050)
07/07 11:34:43.167: [amf] INFO: InitialUEMessage [suci-0-999-70-0000-0-0-4675416683] Registration request (../src/amf/ngap-handler.c:401)
07/07 11:34:43.216: [amf] INFO: [imsi-999704675416683] Registration complete (../src/amf/gmm-sm.c:1050)
07/07 11:35:39.941: [amf] INFO: InitialUEMessage [suci-0-999-70-0000-0-0-6129526586] Registration request (../src/amf/ngap-handler.c:401)
07/07 11:35:40.009: [amf] INFO: [imsi-999706129526586] Registration complete (../src/amf/gmm-sm.c:1050)
07/07 11:36:04.569: [amf] INFO: InitialUEMessage [suci-0-999-70-0000-0-0-5183638543] Registration request (../src/amf/ngap-handler.c:401)
07/07 11:36:04.615: [amf] INFO: [imsi-999705183638543] Registration complete (../src/amf/gmm-sm.c:1050)
07/07 11:36:12.281: [amf] INFO: InitialUEMessage [suci-0-999-70-0000-0-0-9604566950] Registration request (../src/amf/ngap-handler.c:401)
07/07 11:36:12.323: [amf] INFO: [imsi-999709604566950] Registration complete (../src/amf/gmm-sm.c:1050)
07/07 11:36:13.007: [amf] INFO: InitialUEMessage [suci-0-999-70-0000-0-0-8138837895] Registration request (../src/amf/ngap-handler.c:401)
07/07 11:36:13.052: [amf] INFO: [imsi-999708138837895] Registration complete (../src/amf/gmm-sm.c:1050)
07/07 11:37:50.173: [amf] INFO: InitialUEMessage [suci-0-999-70-0000-0-0-1284286065] Registration request (../src/amf/ngap-handler.c:401)
07/07 11:37:50.220: [amf] INFO: [imsi-999701284286065] Registration complete (../src/amf/gmm-sm.c:1050)
07/07 11:39:42.275: [amf] INFO: InitialUEMessage [suci-0-999-70-0000-0-0-0826626404] Registration request (../src/amf/ngap-handler.c:401)
07/07 11:39:42.303: [amf] INFO: [imsi-999700826626404] Registration complete (../src/amf/gmm-sm.c:1050)
07/07 11:40:00.478: [amf] INFO: InitialUEMessage [suci-0-999-70-0000-0-0-0753284848] Registration request (../src/amf/ngap-handler.c:401)
07/07 11:40:00.511: [amf] INFO: [imsi-999700753284848] Registration complete (../src/amf/gmm-sm.c:1050)
07/07 11:41:25.085: [amf] INFO: InitialUEMessage [suci-0-999-70-0000-0-0-8677218213] Registration request (../src/amf/ngap-handler.c:401)
07/07 11:41:25.113: [amf] INFO: [imsi-999708677218213] Registration complete (../src/amf/gmm-sm.c:1050)
07/07 11:43:13.880: [amf] INFO: InitialUEMessage [suci-0-999-70-0000-0-0-9683317418] Registration request (../src/amf/ngap-handler.c:401)
07/07 11:43:13.944: [amf] INFO: [imsi-999709683317418] Registration complete (../src/amf/gmm-sm.c:1050)
07/07 11:43:18.102: [amf] INFO: InitialUEMessage [suci-0-999-70-0000-0-0-5688980331] Registration request (../src/amf/ngap-handler.c:401)
07/07 11:43:18.128: [amf] INFO: [imsi-999705688980331] Registration complete (../src/amf/gmm-sm.c:1050)
07/07 11:43:46.332: [amf] INFO: InitialUEMessage [suci-0-999-70-0000-0-0-8401752378] Registration request (../src/amf/ngap-handler.c:401)
07/07 11:43:46.380: [amf] INFO: [imsi-999708401752378] Registration complete (../src/amf/gmm-sm.c:1050)
07/07 11:45:15.625: [amf] INFO: InitialUEMessage [suci-0-999-70-0000-0-0-5524407453] Registration request (../src/amf/ngap-handler.c:401)
07/07 11:45:15.675: [amf] INFO: [imsi-999705524407453] Registration complete (../src/amf/gmm-sm.c:1050)
07/07 11:45:43.563: [amf] INFO: InitialUEMessage [suci-0-999-70-0000-0-0-0901127730] Registration request (../src/amf/ngap-handler.c:401)
07/07 11:45:43.610: [amf] INFO: [imsi-999700901127730] Registration complete (../src/amf/gmm-sm.c:1050)
07/07 11:47:50.974: [amf] INFO: InitialUEMessage [suci-0-999-70-0000-0-0-2161319728] Registration request (../src/amf/ngap-handler.c:401)
07/07 11:47:51.034: [amf] INFO: [imsi-999702161319728] Registration complete (../src/amf/gmm-sm.c:1050)
07/07 11:48:53.835: [amf] INFO: InitialUEMessage [suci-0-999-70-0000-0-0-4642996386] Registration request (../src/amf/ngap-handler.c:401)
07/07 11:48:53.872: [amf] INFO: [imsi-999704642996386] Registration complete (../src/amf/gmm-sm.c:1050)
07/07 11:48:56.479: [amf] INFO: InitialUEMessage [suci-0-999-70-0000-0-0-0059088704] Registration request (../src/amf/ngap-handler.c:401)
07/07 11:48:56.511: [amf] INFO: [imsi-999700059088704] Registration complete (../src/amf/gmm-sm.c:1050)
07/07 11:48:57.250: [amf] INFO: InitialUEMessage [suci-0-999-70-0000-0-0-8242359241] Registration request (../src/amf/ngap-handler.c:401)
07/07 11:48:57.290: [amf] INFO: [imsi-999708242359241] Registration complete (../src/amf/gmm-sm.c:1050)
07/07 11:50:59.809: [amf] INFO: InitialUEMessage [suci-0-999-70-0000-0-0-1563181482] Registration request (../src/amf/ngap-handler.c:401)
07/07 11:50:59.873: [amf] INFO: [imsi-999701563181482] Registration complete (../src/amf/gmm-sm.c:1050)
07/07 11:52:08.792: [amf] INFO: InitialUEMessage [suci-0-999-70-0000-0-0-7362087918] Registration request (../src/amf/ngap-handler.c:401)
07/07 11:52:08.833: [amf] INFO: [imsi-999707362087918] Registration complete (../src/amf/gmm-sm.c:1050)
07/07 11:52:14.824: [amf] INFO: InitialUEMessage [suci-0-999-70-0000-0-0-5138385070] Registration request (../src/amf/ngap-handler.c:401)
07/07 11:52:14.864: [amf] INFO: [imsi-999705138385070] Registration complete (../src/amf/gmm-sm.c:1050)
07/07 11:54:03.743: [amf] INFO: InitialUEMessage [suci-0-999-70-0000-0-0-3869322900] Registration request (../src/amf/ngap-handler.c:401)
07/07 11:54:03.788: [amf] INFO: [imsi-999703869322900] Registration complete (../src/amf/gmm-sm.c:1050)
07/07 11:54:06.515: [amf] INFO: InitialUEMessage [suci-0-999-70-0000-0-0-4543069902] Registration request (../src/amf/ngap-handler.c:401)
07/07 11:54:06.543: [amf] INFO: [imsi-999704543069902] Registration complete (../src/amf/gmm-sm.c:1050)
07/07 11:55:04.911: [amf] INFO: InitialUEMessage [suci-0-999-70-0000-0-0-5076475880] Registration request (../src/amf/ngap-handler.c:401)
07/07 11:55:04.941: [amf] INFO: [imsi-999705076475880] Registration complete (../src/amf/gmm-sm.c:1050)
07/07 11:55:33.316: [amf] INFO: InitialUEMessage [suci-0-999-70-0000-0-0-9573744922] Registration request (../src/amf/ngap-handler.c:401)
07/07 11:55:33.360: [amf] INFO: [imsi-999709573744922] Registration complete (../src/amf/gmm-sm.c:1050)
07/07 11:57:11.547: [amf] INFO: InitialUEMessage [suci-0-999-70-0000-0-0-5662644953] Registration request (../src/amf/ngap-handler.c:401)
07/07 11:57:11.595: [amf] INFO: [imsi-999705662644953] Registration complete (../src/amf/gmm-sm.c:1050)
07/07 11:58:44.183: [amf] INFO: InitialUEMessage [suci-0-999-70-0000-0-0-0896999682] Registration request (../src/amf/ngap-handler.c:401)
07/07 11:58:44.206: [amf] INFO: [imsi-999700896999682] Registration complete (../src/amf/gmm-sm.c:1050)
07/07 12:00:22.321: [amf] INFO: InitialUEMessage [suci-0-999-70-0000-0-0-2998816369] Registration request (../src/amf/ngap-handler.c:401)
07/07 12:00:22.352: [amf] INFO: [imsi-999702998816369] Registration complete (../src/amf/gmm-sm.c:1050)
07/07 12:00:32.624: [amf] INFO: InitialUEMessage [suci-0-999-70-0000-0-0-5636124564] Registration request (../src/amf/ngap-handler.c:401)
07/07 12:00:32.672: [amf] INFO: [imsi-999705636124564] Registration complete (../src/amf/gmm-sm.c:1050)
07/07 12:01:57.926: [amf] INFO: InitialUEMessage [suci-0-999-70-0000-0-0-3297243014] Registration request (../src/amf/ngap-handler.c:401)
07/07 12:01:57.964: [amf] INFO: [imsi-999703297243014] Registration complete (../src/amf/gmm-sm.c:1050)
07/07 12:02:35.109: [amf] INFO: InitialUEMessage [suci-0-999-70-0000-0-0-5627186180] Registration request (../src/amf/ngap-handler.c:401)
07/07 12:02:35.177: [amf] INFO: [imsi-999705627186180] Registration complete (../src/amf/gmm-sm.c:1050)
07/07 12:02:35.348: [amf] INFO: InitialUEMessage [suci-0-999-70-0000-0-0-6314897337] Registration request (../src/amf/ngap-handler.c:401)
07/07 12:02:35.412: [amf] INFO: [imsi-999706314897337] Registration complete (../src/amf/gmm-sm.c:1050)
07/07 12:03:15.030: [amf] INFO: InitialUEMessage [suci-0-999-70-0000-0-0-3655294842] Registration request (../src/amf/ngap-handler.c:401)
07/07 12:03:15.066: [amf] INFO: [imsi-999703655294842] Registration complete (../src/amf/gmm-sm.c:1050)
07/07 12:04:14.830: [amf] INFO: InitialUEMessage [suci-0-999-70-0000-0-0-2746466885] Registration request (../src/amf/ngap-handler.c:401)
07/07 12:04:14.859: [amf] INFO: [imsi-999702746466885] Registration complete (../src/amf/gmm-sm.c:1050)
07/07 12:04:19.479: [amf] INFO: InitialUEMessage [suci-0-999-70-0000-0-0-4057185258] Registration request (../src/amf/ngap-handler.c:401)
07/07 12:04:19.543: [amf] INFO: [imsi-999704057185258] Registration complete (../src/amf/gmm-sm.c:1050)
07/07 12:04:21.067: [amf] INFO: InitialUEMessage [suci-0-999-70-0000-0-0-3788068404] Registration request (../src/amf/ngap-handler.c:401)
07/07 12:04:21.111: [amf] INFO: [imsi-999703788068404] Registration complete (../src/amf/gmm-sm.c:1050)
07/07 12:07:32.224: [amf] INFO: InitialUEMessage [suci-0-999-70-0000-0-0-5842471800] Registration request (../src/amf/ngap-handler.c:401)
07/07 12:07:32.271: [amf] INFO: [imsi-999705842471800] Registration complete (../src/amf/gmm-sm.c:1050)
07/07 12:08:01.849: [amf] INFO: InitialUEMessage [suci-0-999-70-0000-0-0-3117015200] Registration request (../src/amf/ngap-handler.c:401)
07/07 12:08:01.877: [amf] INFO: [imsi-999703117015200] Registration complete (../src/amf/gmm-sm.c:1050)
07/07 12:08:19.580: [amf] INFO: InitialUEMessage [suci-0-999-70-0000-0-0-0074990825] Registration request (../src/amf/ngap-handler.c:401)
07/07 12:08:19.629: [amf] INFO: [imsi-999700074990825] Registration complete (../src/amf/gmm-sm.c:1050)
07/07 12:08:28.600: [amf] INFO: InitialUEMessage [suci-0-999-70-0000-0-0-9933735966] Registration request (../src/amf/ngap-handler.c:401)
07/07 12:08:28.628: [amf] INFO: [imsi-999709933735966] Registration complete (../src/amf/gmm-sm.c:1050)
07/07 12:09:03.288: [amf] INFO: InitialUEMessage [suci-0-999-70-0000-0-0-6809801296] Registration request (../src/amf/ngap-handler.c:401)
07/07 12:09:03.325: [amf] INFO: [imsi-999706809801296] Registration complete (../src/amf/gmm-sm.c:1050)
07/07 12:09:32.372: [amf] INFO: InitialUEMessage [suci-0-999-70-0000-0-0-9916289249] Registration request (../src/amf/ngap-handler.c:401)
07/07 12:09:32.419: [amf] INFO: [imsi-999709916289249] Registration complete (../src/amf/gmm-sm.c:1050)
07/07 12:09:52.062: [amf] INFO: InitialUEMessage [suci-0-999-70-0000-0-0-1680547977] Registration request (../src/amf/ngap-handler.c:401)
07/07 12:09:52.115: [amf] INFO: [imsi-999701680547977] Registration complete (../src/amf/gmm-sm.c:1050)
07/07 12:12:55.711: [amf] INFO: InitialUEMessage [suci-0-999-70-0000-0-0-9559685989] Registration request (../src/amf/ngap-handler.c:401)
07/07 12:12:55.747: [amf] INFO: [imsi-999709559685989] Registration complete (../src/amf/gmm-sm.c:1050)
07/07 12:14:33.937: [amf] INFO: InitialUEMessage [suci-0-999-70-0000-0-0-2446405791] Registration request (../src/amf/ngap-handler.c:401)
07/07 12:14:33.990: [amf] INFO: [imsi-999702446405791] Registration complete (../src/amf/gmm-sm.c:1050)
07/07 12:15:38.694: [amf] INFO: InitialUEMessage [suci-0-999-70-0000-0-0-1271348990] Registration request (../src/amf/ngap-handler.c:401)
07/07 12:15:38.716: [amf] INFO: [imsi-999701271348990] Registration complete (../src/amf/gmm-sm.c:1050)
07/07 12:16:07.251: [amf] INFO: InitialUEMessage [suci-0-999-70-0000-0-0-7355861034] Registration request (../src/amf/ngap-handler.c:401)
07/07 12:16:07.289: [amf] INFO: [imsi-999707355861034] Registration complete (../src/amf/gmm-sm.c:1050)
07/07 12:18:02.386: [amf] INFO: InitialUEMessage [suci-0-999-70-0000-0-0-5341902830] Registration request (../src/amf/ngap-handler.c:401)
07/07 12:18:02.437: [amf] INFO: [imsi-999705341902830] Registration complete (../src/amf/gmm-sm.c:1050)
07/07 12:19:12.437: [amf] INFO: InitialUEMessage [suci-0-999-70-0000-0-0-1129260829] Registration request (../src/amf/ngap-handler.c:401)
07/07 12:19:12.468: [amf] INFO: [imsi-999701129260829] Registration complete (../src/amf/gmm-sm.c:1050)
07/07 12:19:50.086: [amf] INFO: InitialUEMessage [suci-0-999-70-0000-0-0-3251012315] Registration request (../src/amf/ngap-handler.c:401)
07/07 12:19:50.116: [amf] INFO: [imsi-999703251012315] Registration complete (../src/amf/gmm-sm.c:1050)
07/07 12:20:10.673: [amf] INFO: InitialUEMessage [suci-0-999-70-0000-0-0-9863682018] Registration request (../src/amf/ngap-handler.c:401)
07/07 12:20:10.697: [amf] INFO: [imsi-999709863682018] Registration complete (../src/amf/gmm-sm.c:1050)
07/07 12:20:34.442: [amf] INFO: InitialUEMessage [suci-0-999-70-0000-0-0-8522433878] Registration request (../src/amf/ngap-handler.c:401)
07/07 12:20:34.496: [amf] INFO: [imsi-999708522433878] Registration complete (../src/amf/gmm-sm.c:1050)
07/07 12:21:35.084: [amf] INFO: InitialUEMessage [suci-0-999-70-0000-0-0-8146238508] Registration request (../src/amf/ngap-handler.c:401)
07/07 12:21:35.128: [amf] INFO: [imsi-999708146238508] Registration complete (../src/amf/gmm-sm.c:1050)
07/07 12:23:43.902: [amf] INFO: InitialUEMessage [suci-0-999-70-0000-0-0-5422934294] Registration request (../src/amf/ngap-handler.c:401)
07/07 12:23:43.942: [amf] INFO: [imsi-999705422934294] Registration complete (../src/amf/gmm-sm.c:1050)
07/07 12:24:00.005: [amf] INFO: InitialUEMessage [suci-0-999-70-0000-0-0-9053799633] Registration request (../src/amf/ngap-handler.c:401)
07/07 12:24:00.060: [amf] INFO: [imsi-999709053799633] Registration complete (../src/amf/gmm-sm.c:1050)
07/07 12:26:57.253: [amf] INFO: InitialUEMessage [suci-0-999-70-0000-0-0-9900130728] Registration request (../src/amf/ngap-handler.c:401)
07/07 12:26:57.310: [amf] INFO: [imsi-999709900130728] Registration complete (../src/amf/gmm-sm.c:1050)
07/07 12:27:05.023: [amf] INFO: InitialUEMessage [suci-0-999-70-0000-0-0-5805371554] Registration request (../src/amf/ngap-handler.c:401)
07/07 12:27:05.081: [amf] INFO: [imsi-999705805371554] Registration complete (../src/amf/gmm-sm.c:1050)
07/07 12:28:29.285: [amf] INFO: InitialUEMessage [suci-0-999-70-0000-0-0-4809596777] Registration request (../src/amf/ngap-handler.c:401)
07/07 12:28:29.337: [amf] INFO: [imsi-999704809596777] Registration complete (../src/amf/gmm-sm.c:1050)
07/07 12:28:39.981: [amf] INFO: InitialUEMessage [suci-0-999-70-0000-0-0-6872465336] Registration request (../src/amf/ngap-handler.c:401)
07/07 12:28:40.009: [amf] INFO: [imsi-999706872465336] Registration complete (../src/amf/gmm-sm.c:1050)
07/07 12:28:47.512: [amf] INFO: InitialUEMessage [suci-0-999-70-0000-0-0-4066989856] Registration request (../src/amf/ngap-handler.c:401)
07/07 12:28:47.570: [amf] INFO: [imsi-999704066989856] Registration complete (../src/amf/gmm-sm.c:1050)
07/07 12:28:58.769: [amf] INFO: InitialUEMessage [suci-0-999-70-0000-0-0-2970820718] Registration request (../src/amf/ngap-handler.c:401)
07/07 12:28:58.833: [amf] INFO: [imsi-999702970820718] Registration complete (../src/amf/gmm-sm.c:1050)
07/07 12:30:29.179: [amf] INFO: InitialUEMessage [suci-0-999-70-0000-0-0-5662243655] Registration request (../src/amf/ngap-handler.c:401)
07/07 12:30:29.231: [amf] INFO: [imsi-999705662243655] Registration complete (../src/amf/gmm-sm.c:1050)
07/07 12:30:46.966: [amf] INFO: InitialUEMessage [suci-0-999-70-0000-0-0-8991966689] Registration request (../src/amf/ngap-handler.c:401)
07/07 12:30:46.989: [amf] INFO: [imsi-999708991966689] Registration complete (../src/amf/gmm-sm.c:1050)
07/07 12:31:51.030: [amf] INFO: InitialUEMessage [suci-0-999-70-0000-0-0-9699503098] Registration request (../src/amf/ngap-handler.c:401)
07/07 12:31:51.061: [amf] INFO: [imsi-999709699503098] Registration complete (../src/amf/gmm-sm.c:1050)
07/07 12:33:13.553: [amf] INFO: InitialUEMessage [suci-0-999-70-0000-0-0-4577685846] Registration request (../src/amf/ngap-handler.c:401)
07/07 12:33:13.585: [amf] INFO: [imsi-999704577685846] Registration complete (../src/amf/gmm-sm.c:1050)
07/07 12:33:18.946: [amf] INFO: InitialUEMessage [suci-0-999-70-0000-0-0-9801048055] Registration request (../src/amf/ngap-handler.c:401)
07/07 12:33:18.992: [amf] INFO: [imsi-999709801048055] Registration complete (../src/amf/gmm-sm.c:1050)
07/07 12:34:02.095: [amf] INFO: InitialUEMessage [suci-0-999-70-0000-0-0-9481777877] Registration request (../src/amf/ngap-handler.c:401)
07/07 12:34:02.121: [amf] INFO: [imsi-999709481777877] Registration complete (../src/amf/gmm-sm.c:1050)
07/07 12:34:36.838: [amf] INFO: InitialUEMessage [suci-0-999-70-0000-0-0-7875277964] Registration request (../src/amf/ngap-handler.c:401)
07/07 12:34:36.889: [amf] INFO: [imsi-999707875277964] Registration complete (../src/amf/gmm-sm.c:1050)
07/07 12:36:04.954: [amf] INFO: InitialUEMessage [suci-0-999-70-0000-0-0-3121707726] Registration request (../src/amf/ngap-handler.c:401)
07/07 12:36:04.984: [amf] INFO: [imsi-999703121707726] Registration complete (../src/amf/gmm-sm.c:1050)
07/07 12:37:07.455: [amf] INFO: InitialUEMessage [suci-0-999-70-0000-0-0-5166486970] Registration request (../src/amf/ngap-handler.c:401)
07/07 12:37:07.485: [amf] INFO: [imsi-999705166486970] Registration complete (../src/amf/gmm-sm.c:1050)
07/07 12:37:16.772: [amf] INFO: InitialUEMessage [suci-0-999-70-0000-0-0-9817185706] Registration request (../src/amf/ngap-handler.c:401)
07/07 12:37:16.794: [amf] INFO: [imsi-999709817185706] Registration complete (../src/amf/gmm-sm.c:1050)
07/07 12:37:53.725: [amf] INFO: InitialUEMessage [suci-0-999-70-0000-0-0-0204969729] Registration request (../src/amf/ngap-handler.c:401)
07/07 12:37:53.769: [amf] INFO: [imsi-999700204969729] Registration complete (../src/amf/gmm-sm.c:1050)
07/07 12:38:26.477: [amf] INFO: InitialUEMessage [suci-0-999-70-0000-0-0-5040799239] Registration request (../src/amf/ngap-handler.c:401)
07/07 12:38:26.540: [amf] INFO: [imsi-999705040799239] Registration complete (../src/amf/gmm-sm.c:1050)
07/07 12:38:50.738: [amf] INFO: InitialUEMessage [suci-0-999-70-0000-0-0-8869178456] Registration request (../src/amf/ngap-handler.c:401)
07/07 12:38:50.775: [amf] INFO: [imsi-999708869178456] Registration complete (../src/amf/gmm-sm.c:1050)
07/07 12:40:00.918: [amf] INFO: InitialUEMessage [suci-0-999-70-0000-0-0-4889427985] Registration request (../src/amf/ngap-handler.c:401)
07/07 12:40:00.967: [amf] INFO: [imsi-999704889427985] Registration complete (../src/amf/gmm-sm.c:1050)
07/07 12:40:09.446: [amf] INFO: InitialUEMessage [suci-0-999-70-0000-0-0-8896662198] Registration request (../src/amf/ngap-handler.c:401)
07/07 12:40:09.509: [amf] INFO: [imsi-999708896662198] Registration complete (../src/amf/gmm-sm.c:1050)
07/07 12:40:13.793: [amf] INFO: InitialUEMessage [suci-0-999-70-0000-0-0-3793622048] Registration request (../src/amf/ngap-handler.c:401)
07/07 12:40:13.822: [amf] INFO: [imsi-999703793622048] Registration complete (../src/amf/gmm-sm.c:1050)
07/07 12:41:28.305: [amf] INFO: InitialUEMessage [suci-0-999-70-0000-0-0-3835985671] Registration request (../src/amf/ngap-handler.c:401)
07/07 12:41:28.348: [amf] INFO: [imsi-999703835985671] Registration complete (../src/amf/gmm-sm.c:1050)
07/07 12:41:54.096: [amf] INFO: InitialUEMessage [suci-0-999-70-0000-0-0-5073938102] Registration request (../src/amf/ngap-handler.c:401)
07/07 12:41:54.144: [amf] INFO: [imsi-999705073938102] Registration complete (../src/amf/gmm-sm.c:1050)
07/07 12:42:05.024: [amf] INFO: InitialUEMessage [suci-0-999-70-0000-0-0-0416770143] Registration request (../src/amf/ngap-handler.c:401)
07/07 12:42:05.056: [amf] WARNING: [suci-0-999-70-0000-0-0-0416770143] Registration reject [5GMM Cause: Illegal UE] (../src/amf/gmm-handler.c:230)
07/07 12:43:44.291: [amf] INFO: InitialUEMessage [suci-0-999-70-0000-0-0-8299126245] Registration request (../src/amf/ngap-handler.c:401)
07/07 12:43:44.320: [amf] INFO: [imsi-999708299126245] Registration complete (../src/amf/gmm-sm.c:1050)
07/07 12:45:03.598: [amf] INFO: InitialUEMessage [suci-0-999-70-0000-0-0-8857004852] Registration request (../src/amf/ngap-handler.c:401)
07/07 12:45:03.659: [amf] INFO: [imsi-999708857004852] Registration complete (../src/amf/gmm-sm.c:1050)
07/07 12:45:41.446: [amf] INFO: InitialUEMessage [suci-0-999-70-0000-0-0-7437448298] Registration request (../src/amf/ngap-handler.c:401)
07/07 12:45:41.484: [amf] INFO: [imsi-999707437448298] Registration complete (../src/amf/gmm-sm.c:1050)
07/07 12:48:18.413: [amf] INFO: InitialUEMessage [suci-0-999-70-0000-0-0-9250187895] Registration request (../src/amf/ngap-handler.c:401)
07/07 12:48:18.447: [amf] INFO: [imsi-999709250187895] Registration complete (../src/amf/gmm-sm.c:1050)
07/07 12:49:23.773: [amf] INFO: InitialUEMessage [suci-0-999-70-0000-0-0-8697898234] Registration request (../src/amf/ngap-handler.c:401)
07/07 12:49:23.822: [amf] INFO: [imsi-999708697898234] Registration complete (../src/amf/gmm-sm.c:1050)
07/07 12:50:02.813: [amf] INFO: InitialUEMessage [suci-0-999-70-0000-0-0-5660797671] Registration request (../src/amf/ngap-handler.c:401)
07/07 12:50:02.882: [amf] INFO: [imsi-999705660797671] Registration complete (../src/amf/gmm-sm.c:1050)
07/07 12:50:19.169: [amf] INFO: InitialUEMessage [suci-0-999-70-0000-0-0-4084889999] Registration request (../src/amf/ngap-handler.c:401)
07/07 12:50:19.206: [amf] INFO: [imsi-999704084889999] Registration complete (../src/amf/gmm-sm.c:1050)
07/07 12:51:30.731: [amf] INFO: InitialUEMessage [suci-0-999-70-0000-0-0-6624126022] Registration request (../src/amf/ngap-handler.c:401)
07/07 12:51:30.763: [amf] INFO: [imsi-999706624126022] Registration complete (../src/amf/gmm-sm.c:1050)
07/07 12:52:17.717: [amf] INFO: InitialUEMessage [suci-0-999-70-0000-0-0-4518233534] Registration request (../src/amf/ngap-handler.c:401)
07/07 12:52:17.763: [amf] INFO: [imsi-999704518233534] Registration complete (../src/amf/gmm-sm.c:1050)
07/07 12:52:37.776: [amf] INFO: InitialUEMessage [suci-0-999-70-0000-0-0-3474861626] Registration request (../src/amf/ngap-handler.c:401)
07/07 12:52:37.825: [amf] INFO: [imsi-999703474861626] Registration complete (../src/amf/gmm-sm.c:1050)
07/07 12:52:51.948: [amf] INFO: InitialUEMessage [suci-0-999-70-0000-0-0-7523928385] Registration request (../src/amf/ngap-handler.c:401)
07/07 12:52:51.976: [amf] INFO: [imsi-999707523928385] Registration complete (../src/amf/gmm-sm.c:1050)
07/07 12:52:54.431: [amf] INFO: InitialUEMessage [suci-0-999-70-0000-0-0-2230519804] Registration request (../src/amf/ngap-handler.c:401)
07/07 12:52:54.487: [amf] INFO: [imsi-999702230519804] Registration complete (../src/amf/gmm-sm.c:1050)
07/07 12:53:11.126: [amf] INFO: InitialUEMessage [suci-0-999-70-0000-0-0-0365745551] Registration request (../src/amf/ngap-handler.c:401)
07/07 12:53:11.177: [amf] INFO: [imsi-999700365745551] Registration complete (../src/amf/gmm-sm.c:1050)
07/07 12:53:59.740: [amf] INFO: InitialUEMessage [suci-0-999-70-0000-0-0-2593737479] Registration request (../src/amf/ngap-handler.c:401)
07/07 12:53:59.766: [amf] INFO: [imsi-999702593737479] Registration complete (../src/amf/gmm-sm.c:1050)
07/07 12:54:30.003: [amf] INFO: InitialUEMessage [suci-0-999-70-0000-0-0-1876422974] Registration request (../src/amf/ngap-handler.c:401)
07/07 12:54:30.052: [amf] INFO: [imsi-999701876422974] Registration complete (../src/amf/gmm-sm.c:1050)
07/07 12:54:51.056: [amf] INFO: InitialUEMessage [suci-0-999-70-0000-0-0-4989589931] Registration request (../src/amf/ngap-handler.c:401)
07/07 12:54:51.107: [amf] INFO: [imsi-999704989589931] Registration complete (../src/amf/gmm-sm.c:1050)
07/07 12:55:40.446: [amf] INFO: InitialUEMessage [suci-0-999-70-0000-0-0-9679491509] Registration request (../src/amf/ngap-handler.c:401)
07/07 12:55:40.506: [amf] INFO: [imsi-999709679491509] Registration complete (../src/amf/gmm-sm.c:1050)
07/07 12:55:42.151: [amf] INFO: InitialUEMessage [suci-0-999-70-0000-0-0-0774894140] Registration request (../src/amf/ngap-handler.c:401)
07/07 12:55:42.197: [amf] INFO: [imsi-999700774894140] Registration complete (../src/amf/gmm-sm.c:1050)
07/07 12:56:14.726: [amf] INFO: InitialUEMessage [suci-0-999-70-0000-0-0-3324609846] Registration request (../src/amf/ngap-handler.c:401)
07/07 12:56:14.776: [amf] INFO: [imsi-999703324609846] Registration complete (../src/amf/gmm-sm.c:1050)
07/07 12:58:26.732: [amf] INFO: InitialUEMessage [suci-0-999-70-0000-0-0-2167065593] Registration request (../src/amf/ngap-handler.c:401)
07/07 12:58:26.763: [amf] INFO: [imsi-999702167065593] Registration complete (../src/amf/gmm-sm.c:1050)
07/07 12:59:37.628: [amf] INFO: InitialUEMessage [suci-0-999-70-0000-0-0-5002347965] Registration request (../src/amf/ngap-handler.c:401)
07/07 12:59:37.692: [amf] INFO: [imsi-999705002347965] Registration complete (../src/amf/gmm-sm.c:1050)
07/07 13:00:06.292: [amf] INFO: InitialUEMessage [suci-0-999-70-0000-0-0-6708852204] Registration request (../src/amf/ngap-handler.c:401)
07/07 13:00:06.333: [amf] INFO: [imsi-999706708852204] Registration complete (../src/amf/gmm-sm.c:1050)
07/07 13:00:44.139: [amf] INFO: InitialUEMessage [suci-0-999-70-0000-0-0-2447702192] Registration request (../src/amf/ngap-handler.c:401)
07/07 13:00:44.202: [amf] INFO: [imsi-999702447702192] Registration complete (../src/amf/gmm-sm.c:1050)
07/07 13:00:44.335: [amf] WARNING: [imsi-999702447702192] PDU Session Establishment reject [PSI:1 Cause: Network failure] (../src/amf/nsmf-handler.c:520)
07/07 13:01:20.397: [amf] INFO: InitialUEMessage [suci-0-999-70-0000-0-0-1788975580] Registration request (../src/amf/ngap-handler.c:401)
07/07 13:01:20.437: [amf] INFO: [imsi-999701788975580] Registration complete (../src/amf/gmm-sm.c:1050)
07/07 13:03:48.159: [amf] INFO: InitialUEMessage [suci-0-999-70-0000-0-0-3964251611] Registration request (../src/amf/ngap-handler.c:401)
07/07 13:03:48.186: [amf] INFO: [imsi-999703964251611] Registration complete (../src/amf/gmm-sm.c:1050)
07/07 13:05:46.889: [amf] INFO: InitialUEMessage [suci-0-999-70-0000-0-0-7057054564] Registration request (../src/amf/ngap-handler.c:401)
07/07 13:05:46.945: [amf] INFO: [imsi-999707057054564] Registration complete (../src/amf/gmm-sm.c:1050)
07/07 13:06:09.150: [amf] WARNING: Retry NF discovery [NRF 127.0.0.10:7777] connection timeout (../lib/sbi/client.c:527)
07/07 13:07:14.951: [amf] INFO: InitialUEMessage [suci-0-999-70-0000-0-0-5142113506] Registration request (../src/amf/ngap-handler.c:401)
07/07 13:07:14.988: [amf] INFO: [imsi-999705142113506] Registration complete (../src/amf/gmm-sm.c:1050)
07/07 13:07:46.858: [amf] INFO: InitialUEMessage [suci-0-999-70-0000-0-0-9870399977] Registration request (../src/amf/ngap-handler.c:401)
07/07 13:07:46.918: [amf] INFO: [imsi-999709870399977] Registration complete (../src/amf/gmm-sm.c:1050)
07/07 13:08:04.534: [amf] INFO: InitialUEMessage [suci-0-999-70-0000-0-0-8172762090] Registration request (../src/amf/ngap-handler.c:401)
07/07 13:08:04.565: [amf] INFO: [imsi-999708172762090] Registration complete (../src/amf/gmm-sm.c:1050)
07/07 13:08:18.009: [amf] INFO: InitialUEMessage [suci-0-999-70-0000-0-0-9460745941] Registration request (../src/amf/ngap-handler.c:401)
07/07 13:08:18.062: [amf] INFO: [imsi-999709460745941] Registration complete (../src/amf/gmm-sm.c:1050)
07/07 13:09:55.573: [amf] INFO: InitialUEMessage [suci-0-999-70-0000-0-0-5308018720] Registration request (../src/amf/ngap-handler.c:401)
07/07 13:09:55.628: [amf] INFO: [imsi-999705308018720] Registration complete (../src/amf/gmm-sm.c:1050)
07/07 13:10:00.684: [amf] INFO: InitialUEMessage [suci-0-999-70-0000-0-0-3190675734] Registration request (../src/amf/ngap-handler.c:401)
07/07 13:10:00.728: [amf] INFO: [imsi-999703190675734] Registration complete (../src/amf/gmm-sm.c:1050)
07/07 13:10:13.849: [amf] INFO: InitialUEMessage [suci-0-999-70-0000-0-0-1983791523] Registration request (../src/amf/ngap-handler.c:401)
07/07 13:10:13.872: [amf] INFO: [imsi-999701983791523] Registration complete (../src/amf/gmm-sm.c:1050)
07/07 13:11:12.655: [amf] INFO: InitialUEMessage [suci-0-999-70-0000-0-0-0281645001] Registration request (../src/amf/ngap-handler.c:401)
07/07 13:11:12.697: [amf] INFO: [imsi-999700281645001] Registration complete (../src/amf/gmm-sm.c:1050)
07/07 13:12:06.291: [amf] INFO: InitialUEMessage [suci-0-999-70-0000-0-0-8296810162] Registration request (../src/amf/ngap-handler.c:401)
07/07 13:12:06.326: [amf] INFO: [imsi-999708296810162] Registration complete (../src/amf/gmm-sm.c:1050)
07/07 13:12:07.532: [amf] INFO: InitialUEMessage [suci-0-999-70-0000-0-0-3627319444] Registration request (../src/amf/ngap-handler.c:401)
07/07 13:12:07.583: [amf] INFO: [imsi-999703627319444] Registration complete (../src/amf/gmm-sm.c:1050)
07/07 13:13:01.247: [amf] INFO: InitialUEMessage [suci-0-999-70-0000-0-0-0997709967] Registration request (../src/amf/ngap-handler.c:401)
07/07 13:13:01.308: [amf] INFO: [imsi-999700997709967] Registration complete (../src/amf/gmm-sm.c:1050)
07/07 13:14:50.187: [amf] INFO: InitialUEMessage [suci-0-999-70-0000-0-0-3358153879] Registration request (../src/amf/ngap-handler.c:401)
07/07 13:14:50.217: [amf] INFO: [imsi-999703358153879] Registration complete (../src/amf/gmm-sm.c:1050)
07/07 13:17:06.520: [amf] INFO: InitialUEMessage [suci-0-999-70-0000-0-0-5821627076] Registration request (../src/amf/ngap-handler.c:401)
07/07 13:17:06.560: [amf] INFO: [imsi-999705821627076] Registration complete (../src/amf/gmm-sm.c:1050)
07/07 13:17:17.183: [amf] INFO: InitialUEMessage [suci-0-999-70-0000-0-0-3744725982] Registration request (../src/amf/ngap-handler.c:401)
07/07 13:17:17.231: [amf] INFO: [imsi-999703744725982] Registration complete (../src/amf/gmm-sm.c:1050)
07/07 13:18:21.439: [amf] INFO: InitialUEMessage [suci-0-999-70-0000-0-0-4500860038] Registration request (../src/amf/ngap-handler.c:401)
07/07 13:18:21.484: [amf] INFO: [imsi-999704500860038] Registration complete (../src/amf/gmm-sm.c:1050)
07/07 13:18:39.786: [amf] INFO: InitialUEMessage [suci-0-999-70-0000-0-0-1026788442] Registration request (../src/amf/ngap-handler.c:401)
07/07 13:18:39.818: [amf] INFO: [imsi-999701026788442] Registration complete (../src/amf/gmm-sm.c:1050)
07/07 13:19:57.524: [amf] INFO: InitialUEMessage [suci-0-999-70-0000-0-0-0184187195] Registration request (../src/amf/ngap-handler.c:401)
07/07 13:19:57.571: [amf] INFO: [imsi-999700184187195] Registration complete (../src/amf/gmm-sm.c:1050)
07/07 13:20:26.367: [amf] INFO: InitialUEMessage [suci-0-999-70-0000-0-0-1848928710] Registration request (../src/amf/ngap-handler.c:401)
07/07 13:20:26.409: [amf] INFO: [imsi-999701848928710] Registration complete (../src/amf/gmm-sm.c:1050)
07/07 13:21:01.195: [amf] INFO: InitialUEMessage [suci-0-999-70-0000-0-0-1903176161] Registration request (../src/amf/ngap-handler.c:401)
07/07 13:21:01.243: [amf] INFO: [imsi-999701903176161] Registration complete (../src/amf/gmm-sm.c:1050)
07/07 13:21:07.065: [amf] INFO: InitialUEMessage [suci-0-999-70-0000-0-0-2959168732] Registration request (../src/amf/ngap-handler.c:401)
07/07 13:21:07.099: [amf] INFO: [imsi-999702959168732] Registration complete (../src/amf/gmm-sm.c:1050)
07/07 13:22:04.575: [amf] INFO: InitialUEMessage [suci-0-999-70-0000-0-0-2652555482] Registration request (../src/amf/ngap-handler.c:401)
07/07 13:22:04.636: [amf] INFO: [imsi-999702652555482] Registration complete (../src/amf/gmm-sm.c:1050)
07/07 13:22:32.712: [amf] INFO: InitialUEMessage [suci-0-999-70-0000-0-0-9760679742] Registration request (../src/amf/ngap-handler.c:401)
07/07 13:22:32.772: [amf] INFO: [imsi-999709760679742] Registration complete (../src/amf/gmm-sm.c:1050)
07/07 13:22:59.557: [amf] INFO: InitialUEMessage [suci-0-999-70-0000-0-0-7111929436] Registration request (../src/amf/ngap-handler.c:401)
07/07 13:22:59.618: [amf] INFO: [imsi-999707111929436] Registration complete (../src/amf/gmm-sm.c:1050)
07/07 13:22:59.819: [amf] WARNING: [imsi-999707111929436] PDU Session Establishment reject [PSI:1 Cause: Network failure] (../src/amf/nsmf-handler.c:520)
07/07 13:23:10.978: [amf] INFO: InitialUEMessage [suci-0-999-70-0000-0-0-3266084753] Registration request (../src/amf/ngap-handler.c:401)
07/07 13:23:11.006: [amf] INFO: [imsi-999703266084753] Registration complete (../src/amf/gmm-sm.c:1050)
07/07 13:23:22.432: [amf] INFO: InitialUEMessage [suci-0-999-70-0000-0-0-0576208539] Registration request (../src/amf/ngap-handler.c:401)
07/07 13:23:22.481: [amf] INFO: [imsi-999700576208539] Registration complete (../src/amf/gmm-sm.c:1050)
07/07 13:24:14.373: [amf] INFO: InitialUEMessage [suci-0-999-70-0000-0-0-9508751531] Registration request (../src/amf/ngap-handler.c:401)
07/07 13:24:14.414: [amf] INFO: [imsi-999709508751531] Registration complete (../src/amf/gmm-sm.c:1050)
07/07 13:24:30.166: [amf] INFO: InitialUEMessage [suci-0-999-70-0000-0-0-1772741184] Registration request (../src/amf/ngap-handler.c:401)
07/07 13:24:30.216: [amf] INFO: [imsi-999701772741184] Registration complete (../src/amf/gmm-sm.c:1050)
07/07 13:25:10.856: [amf] INFO: InitialUEMessage [suci-0-999-70-0000-0-0-3771433384] Registration request (../src/amf/ngap-handler.c:401)
07/07 13:25:10.897: [amf] INFO: [imsi-999703771433384] Registration complete (../src/amf/gmm-sm.c:1050)
07/07 13:26:24.307: [amf] INFO: InitialUEMessage [suci-0-999-70-0000-0-0-1557015835] Registration request (../src/amf/ngap-handler.c:401)
07/07 13:26:24.356: [amf] INFO: [imsi-999701557015835] Registration complete (../src/amf/gmm-sm.c:1050)
07/07 13:26:38.476: [amf] INFO: InitialUEMessage [suci-0-999-70-0000-0-0-1947615016] Registration request (../src/amf/ngap-handler.c:401)
07/07 13:26:38.531: [amf] INFO: [imsi-999701947615016] Registration complete (../src/amf/gmm-sm.c:1050)
07/07 13:29:20.752: [amf] INFO: InitialUEMessage [suci-0-999-70-0000-0-0-5744714028] Registration request (../src/amf/ngap-handler.c:401)
07/07 13:29:20.809: [amf] INFO: [imsi-999705744714028] Registration complete (../src/amf/gmm-sm.c:1050)
07/07 13:29:28.226: [amf] INFO: InitialUEMessage [suci-0-999-70-0000-0-0-4002027737] Registration request (../src/amf/ngap-handler.c:401)
07/07 13:29:28.256: [amf] INFO: [imsi-999704002027737] Registration complete (../src/amf/gmm-sm.c:1050)
07/07 13:29:33.752: [amf] WARNING: Retry NF discovery [NRF 127.0.0.10:7777] connection timeout (../lib/sbi/client.c:527)
07/07 13:30:07.047: [amf] INFO: InitialUEMessage [suci-0-999-70-0000-0-0-9088319371] Registration request (../src/amf/ngap-handler.c:401)
07/07 13:30:07.094: [amf] INFO: [imsi-999709088319371] Registration complete (../src/amf/gmm-sm.c:1050)
07/07 13:30:21.818: [amf] INFO: InitialUEMessage [suci-0-999-70-0000-0-0-8070122416] Registration request (../src/amf/ngap-handler.c:401)
07/07 13:30:21.864: [amf] INFO: [imsi-999708070122416] Registration complete (../src/amf/gmm-sm.c:1050)
07/07 13:30:59.385: [amf] INFO: InitialUEMessage [suci-0-999-70-0000-0-0-9428367710] Registration request (../src/amf/ngap-handler.c:401)
07/07 13:30:59.418: [amf] INFO: [imsi-999709428367710] Registration complete (../src/amf/gmm-sm.c:1050)
07/07 13:31:55.116: [amf] INFO: InitialUEMessage [suci-0-999-70-0000-0-0-1489430588] Registration request (../src/amf/ngap-handler.c:401)
07/07 13:31:55.151: [amf] INFO: [imsi-999701489430588] Registration complete (../src/amf/gmm-sm.c:1050)
07/07 13:32:22.844: [amf] INFO: InitialUEMessage [suci-0-999-70-0000-0-0-5143702659] Registration request (../src/amf/ngap-handler.c:401)
07/07 13:32:22.870: [amf] INFO: [imsi-999705143702659] Registration complete (../src/amf/gmm-sm.c:1050)
07/07 13:32:54.165: [amf] INFO: InitialUEMessage [suci-0-999-70-0000-0-0-8598449500] Registration request (../src/amf/ngap-handler.c:401)
07/07 13:32:54.203: [amf] INFO: [imsi-999708598449500] Registration complete (../src/amf/gmm-sm.c:1050)
07/07 13:33:19.004: [amf] INFO: InitialUEMessage [suci-0-999-70-0000-0-0-9373667971] Registration request (../src/amf/ngap-handler.c:401)
07/07 13:33:19.055: [amf] INFO: [imsi-999709373667971] Registration complete (../src/amf/gmm-sm.c:1050)
07/07 13:33:30.400: [amf] INFO: InitialUEMessage [suci-0-999-70-0000-0-0-6445528307] Registration request (../src/amf/ngap-handler.c:401)
07/07 13:33:30.463: [amf] INFO: [imsi-999706445528307] Registration complete (../src/amf/gmm-sm.c:1050)
07/07 13:33:45.379: [amf] INFO: InitialUEMessage [suci-0-999-70-0000-0-0-2694084794] Registration request (../src/amf/ngap-handler.c:401)
07/07 13:33:45.441: [amf] INFO: [imsi-999702694084794] Registration complete (../src/amf/gmm-sm.c:1050)
07/07 13:34:24.494: [amf] INFO: InitialUEMessage [suci-0-999-70-0000-0-0-4160358313] Registration request (../src/amf/ngap-handler.c:401)
07/07 13:34:24.537: [amf] INFO: [imsi-999704160358313] Registration complete (../src/amf/gmm-sm.c:1050)
07/07 13:35:08.589: [amf] INFO: InitialUEMessage [suci-0-999-70-0000-0-0-5353225618] Registration request (../src/amf/ngap-handler.c:401)
07/07 13:35:08.640: [amf] INFO: [imsi-999705353225618] Registration complete (../src/amf/gmm-sm.c:1050)
07/07 13:35:18.520: [amf] INFO: InitialUEMessage [suci-0-999-70-0000-0-0-1398498816] Registration request (../src/amf/ngap-handler.c:401)
07/07 13:35:18.566: [amf] INFO: [imsi-999701398498816] Registration complete (../src/amf/gmm-sm.c:1050)
07/07 13:36:36.454: [amf] INFO: InitialUEMessage [suci-0-999-70-0000-0-0-8906613041] Registration request (../src/amf/ngap-handler.c:401)
07/07 13:36:36.500: [amf] INFO: [imsi-999708906613041] Registration complete (../src/amf/gmm-sm.c:1050)
07/07 13:38:38.275: [amf] INFO: InitialUEMessage [suci-0-999-70-0000-0-0-4623214085] Registration request (../src/amf/ngap-handler.c:401)
07/07 13:38:38.324: [amf] INFO: [imsi-999704623214085] Registration complete (../src/amf/gmm-sm.c:1050)
07/07 13:38:58.355: [amf] INFO: InitialUEMessage [suci-0-999-70-0000-0-0-0348902545] Registration request (../src/amf/ngap-handler.c:401)
07/07 13:38:58.387: [amf] INFO: [imsi-999700348902545] Registration complete (../src/amf/gmm-sm.c:1050)
07/07 13:39:18.274: [amf] INFO: InitialUEMessage [suci-0-999-70-0000-0-0-2155409204] Registration request (../src/amf/ngap-handler.c:401)
07/07 13:39:18.308: [amf] INFO: [imsi-999702155409204] Registration complete (../src/amf/gmm-sm.c:1050)
07/07 13:42:04.250: [amf] INFO: InitialUEMessage [suci-0-999-70-0000-0-0-8336416628] Registration request (../src/amf/ngap-handler.c:401)
07/07 13:42:04.275: [amf] INFO: [imsi-999708336416628] Registration complete (../src/amf/gmm-sm.c:1050)
07/07 13:43:31.262: [amf] INFO: InitialUEMessage [suci-0-999-70-0000-0-0-7299043409] Registration request (../src/amf/ngap-handler.c:401)
07/07 13:43:31.303: [amf] INFO: [imsi-999707299043409] Registration complete (../src/amf/gmm-sm.c:1050)
07/07 13:44:31.373: [amf] INFO: InitialUEMessage [suci-0-999-70-0000-0-0-3103667023] Registration request (../src/amf/ngap-handler.c:401)
07/07 13:44:31.422: [amf] INFO: [imsi-999703103667023] Registration complete (../src/amf/gmm-sm.c:1050)
07/07 13:44:58.002: [amf] INFO: InitialUEMessage [suci-0-999-70-0000-0-0-4292085365] Registration request (../src/amf/ngap-handler.c:401)
07/07 13:44:58.071: [amf] INFO: [imsi-999704292085365] Registration complete (../src/amf/gmm-sm.c:1050)
07/07 13:45:18.428: [amf] INFO: InitialUEMessage [suci-0-999-70-0000-0-0-2771486327] Registration request (../src/amf/ngap-handler.c:401)
07/07 13:45:18.471: [amf] INFO: [imsi-999702771486327] Registration complete (../src/amf/gmm-sm.c:1050)
07/07 13:45:56.260: [amf] INFO: InitialUEMessage [suci-0-999-70-0000-0-0-1573866625] Registration request (../src/amf/ngap-handler.c:401)
07/07 13:45:56.318: [amf] INFO: [imsi-999701573866625] Registration complete (../src/amf/gmm-sm.c:1050)
07/07 13:46:43.172: [amf] INFO: InitialUEMessage [suci-0-999-70-0000-0-0-7866266250] Registration request (../src/amf/ngap-handler.c:401)
07/07 13:46:43.200: [amf] INFO: [imsi-999707866266250] Registration complete (../src/amf/gmm-sm.c:1050)
07/07 13:46:52.581: [amf] INFO: InitialUEMessage [suci-0-999-70-0000-0-0-5461643458] Registration request (../src/amf/ngap-handler.c:401)
07/07 13:46:52.629: [amf] INFO: [imsi-999705461643458] Registration complete (../src/amf/gmm-sm.c:1050)
07/07 13:47:02.855: [amf] INFO: InitialUEMessage [suci-0-999-70-0000-0-0-0299516968] Registration request (../src/amf/ngap-handler.c:401)
07/07 13:47:02.906: [amf] INFO: [imsi-999700299516968] Registration complete (../src/amf/gmm-sm.c:1050)
07/07 13:47:19.497: [amf] INFO: InitialUEMessage [suci-0-999-70-0000-0-0-3036144791] Registration request (../src/amf/ngap-handler.c:401)
07/07 13:47:19.541: [amf] INFO: [imsi-999703036144791] Registration complete (../src/amf/gmm-sm.c:1050)
07/07 13:48:07.599: [amf] INFO: InitialUEMessage [suci-0-999-70-0000-0-0-0751321982] Registration request (../src/amf/ngap-handler.c:401)
07/07 13:48:07.639: [amf] INFO: [imsi-999700751321982] Registration complete (../src/amf/gmm-sm.c:1050)
07/07 13:49:58.071: [amf] INFO: InitialUEMessage [suci-0-999-70-0000-0-0-4003700899] Registration request (../src/amf/ngap-handler.c:401)
07/07 13:49:58.134: [amf] INFO: [imsi-999704003700899] Registration complete (../src/amf/gmm-sm.c:1050)
07/07 13:49:58.913: [amf] INFO: InitialUEMessage [suci-0-999-70-0000-0-0-3179369647] Registration request (../src/amf/ngap-handler.c:401)
07/07 13:49:58.941: [amf] INFO: [imsi-999703179369647] Registration complete (../src/amf/gmm-sm.c:1050)
07/07 13:50:26.631: [amf] INFO: InitialUEMessage [suci-0-999-70-0000-0-0-3227705160] Registration request (../src/amf/ngap-handler.c:401)
07/07 13:50:26.664: [amf] INFO: [imsi-999703227705160] Registration complete (../src/amf/gmm-sm.c:1050)
07/07 13:51:23.141: [amf] INFO: InitialUEMessage [suci-0-999-70-0000-0-0-6369513233] Registration request (../src/amf/ngap-handler.c:401)
07/07 13:51:23.204: [amf] INFO: [imsi-999706369513233] Registration complete (../src/amf/gmm-sm.c:1050)
07/07 13:52:22.345: [amf] INFO: InitialUEMessage [suci-0-999-70-0000-0-0-2633590608] Registration request (../src/amf/ngap-handler.c:401)
07/07 13:52:22.383: [amf] INFO: [imsi-999702633590608] Registration complete (../src/amf/gmm-sm.c:1050)
07/07 13:52:59.058: [amf] INFO: InitialUEMessage [suci-0-999-70-0000-0-0-7073295150] Registration request (../src/amf/ngap-handler.c:401)
07/07 13:52:59.085: [amf] INFO: [imsi-999707073295150] Registration complete (../src/amf/gmm-sm.c:1050)
07/07 13:53:34.927: [amf] INFO: InitialUEMessage [suci-0-999-70-0000-0-0-6086823525] Registration request (../src/amf/ngap-handler.c:401)
07/07 13:53:34.969: [amf] INFO: [imsi-999706086823525] Registration complete (../src/amf/gmm-sm.c:1050)
07/07 13:54:02.541: [amf] INFO: InitialUEMessage [suci-0-999-70-0000-0-0-6328411030] Registration request (../src/amf/ngap-handler.c:401)
07/07 13:54:02.587: [amf] INFO: [imsi-999706328411030] Registration complete (../src/amf/gmm-sm.c:1050)
07/07 13:54:18.790: [amf] INFO: InitialUEMessage [suci-0-999-70-0000-0-0-9309553327] Registration request (../src/amf/ngap-handler.c:401)
07/07 13:54:18.849: [amf] INFO: [imsi-999709309553327] Registration complete (../src/amf/gmm-sm.c:1050)
07/07 13:54:29.177: [amf] INFO: InitialUEMessage [suci-0-999-70-0000-0-0-9970444146] Registration request (../src/amf/ngap-handler.c:401)
07/07 13:54:29.200: [amf] INFO: [imsi-999709970444146] Registration complete (../src/amf/gmm-sm.c:1050)
07/07 13:55:44.060: [amf] INFO: InitialUEMessage [suci-0-999-70-0000-0-0-4722461234] Registration request (../src/amf/ngap-handler.c:401)
07/07 13:55:44.107: [amf] INFO: [imsi-999704722461234] Registration complete (../src/amf/gmm-sm.c:1050)
07/07 13:56:07.599: [amf] INFO: InitialUEMessage [suci-0-999-70-0000-0-0-0190961072] Registration request (../src/amf/ngap-handler.c:401)
07/07 13:56:07.635: [amf] INFO: [imsi-999700190961072] Registration complete (../src/amf/gmm-sm.c:1050)
07/07 13:56:26.928: [amf] INFO: InitialUEMessage [suci-0-999-70-0000-0-0-8168028044] Registration request (../src/amf/ngap-handler.c:401)
07/07 13:56:26.963: [amf] INFO: [imsi-999708168028044] Registration complete (../src/amf/gmm-sm.c:1050)
07/07 13:57:14.771: [amf] INFO: InitialUEMessage [suci-0-999-70-0000-0-0-4227670636] Registration request (../src/amf/ngap-handler.c:401)
07/07 13:57:14.818: [amf] INFO: [imsi-999704227670636] Registration complete (../src/amf/gmm-sm.c:1050)
07/07 13:57:15.092: [amf] INFO: InitialUEMessage [suci-0-999-70-0000-0-0-0643040105] Registration request (../src/amf/ngap-handler.c:401)
07/07 13:57:15.147: [amf] INFO: [imsi-999700643040105] Registration complete (../src/amf/gmm-sm.c:1050)
07/07 13:59:36.933: [amf] INFO: InitialUEMessage [suci-0-999-70-0000-0-0-6439737236] Registration request (../src/amf/ngap-handler.c:401)
07/07 13:59:36.971: [amf] INFO: [imsi-999706439737236] Registration complete (../src/amf/gmm-sm.c:1050)
07/07 14:00:25.493: [amf] INFO: InitialUEMessage [suci-0-999-70-0000-0-0-6296060186] Registration request (../src/amf/ngap-handler.c:401)
07/07 14:00:25.542: [amf] INFO: [imsi-999706296060186] Registration complete (../src/amf/gmm-sm.c:1050)
07/07 14:00:33.145: [amf] INFO: InitialUEMessage [suci-0-999-70-0000-0-0-4090194745] Registration request (../src/amf/ngap-handler.c:401)
07/07 14:00:33.174: [amf] INFO: [imsi-999704090194745] Registration complete (../src/amf/gmm-sm.c:1050)
07/07 14:00:33.996: [amf] INFO: InitialUEMessage [suci-0-999-70-0000-0-0-0831530326] Registration request (../src/amf/ngap-handler.c:401)
07/07 14:00:34.035: [amf] INFO: [imsi-999700831530326] Registration complete (../src/amf/gmm-sm.c:1050)
07/07 14:00:39.645: [amf] INFO: InitialUEMessage [suci-0-999-70-0000-0-0-0936153030] Registration request (../src/amf/ngap-handler.c:401)
07/07 14:00:39.697: [amf] INFO: [imsi-999700936153030] Registration complete (../src/amf/gmm-sm.c:1050)
07/07 14:00:54.787: [amf] INFO: InitialUEMessage [suci-0-999-70-0000-0-0-5082450328] Registration request (../src/amf/ngap-handler.c:401)
07/07 14:00:54.834: [amf] INFO: [imsi-999705082450328] Registration complete (../src/amf/gmm-sm.c:1050)
07/07 14:01:23.533: [amf] INFO: InitialUEMessage [suci-0-999-70-0000-0-0-4954066852] Registration request (../src/amf/ngap-handler.c:401)
07/07 14:01:23.575: [amf] INFO: [imsi-999704954066852] Registration complete (../src/amf/gmm-sm.c:1050)
07/07 14:01:36.697: [amf] INFO: InitialUEMessage [suci-0-999-70-0000-0-0-1005411841] Registration request (../src/amf/ngap-handler.c:401)
07/07 14:01:36.746: [amf] INFO: [imsi-999701005411841] Registration complete (../src/amf/gmm-sm.c:1050)
07/07 14:02:35.227: [amf] INFO: InitialUEMessage [suci-0-999-70-0000-0-0-6820102666] Registration request (../src/amf/ngap-handler.c:401)
07/07 14:02:35.285: [amf] INFO: [imsi-999706820102666] Registration complete (../src/amf/gmm-sm.c:1050)
07/07 14:02:37.591: [amf] INFO: InitialUEMessage [suci-0-999-70-0000-0-0-1755574654] Registration request (../src/amf/ngap-handler.c:401)
07/07 14:02:37.648: [amf] INFO: [imsi-999701755574654] Registration complete (../src/amf/gmm-sm.c:1050)
07/07 14:03:07.978: [amf] INFO: InitialUEMessage [suci-0-999-70-0000-0-0-7048432441] Registration request (../src/amf/ngap-handler.c:401)
07/07 14:03:08.022: [amf] INFO: [imsi-999707048432441] Registration complete (../src/amf/gmm-sm.c:1050)
07/07 14:03:37.205: [amf] INFO: InitialUEMessage [suci-0-999-70-0000-0-0-5962697729] Registration request (../src/amf/ngap-handler.c:401)
07/07 14:03:37.258: [amf] INFO: [imsi-999705962697729] Registration complete (../src/amf/gmm-sm.c:1050)
07/07 14:03:45.707: [amf] INFO: InitialUEMessage [suci-0-999-70-0000-0-0-9604140979] Registration request (../src/amf/ngap-handler.c:401)
07/07 14:03:45.766: [amf] INFO: [imsi-999709604140979] Registration complete (../src/amf/gmm-sm.c:1050)
07/07 14:04:23.524: [amf] INFO: InitialUEMessage [suci-0-999-70-0000-0-0-2438709228] Registration request (../src/amf/ngap-handler.c:401)
07/07 14:04:23.570: [amf] INFO: [imsi-999702438709228] Registration complete (../src/amf/gmm-sm.c:1050)
07/07 14:04:29.717: [amf] INFO: InitialUEMessage [suci-0-999-70-0000-0-0-1725478365] Registration request (../src/amf/ngap-handler.c:401)
07/07 14:04:29.753: [amf] INFO: [imsi-999701725478365] Registration complete (../src/amf/gmm-sm.c:1050)
07/07 14:05:44.912: [amf] INFO: InitialUEMessage [suci-0-999-70-0000-0-0-8227255939] Registration request (../src/amf/ngap-handler.c:401)
07/07 14:05:44.964: [amf] INFO: [imsi-999708227255939] Registration complete (../src/amf/gmm-sm.c:1050)
07/07 14:06:53.540: [amf] INFO: InitialUEMessage [suci-0-999-70-0000-0-0-7593451078] Registration request (../src/amf/ngap-handler.c:401)
07/07 14:06:53.560: [amf] INFO: [imsi-999707593451078] Registration complete (../src/amf/gmm-sm.c:1050)
07/07 14:06:57.765: [amf] INFO: InitialUEMessage [suci-0-999-70-0000-0-0-0364741094] Registration request (../src/amf/ngap-handler.c:401)
07/07 14:06:57.811: [amf] INFO: [imsi-999700364741094] Registration complete (../src/amf/gmm-sm.c:1050)
07/07 14:08:41.314: [amf] INFO: InitialUEMessage [suci-0-999-70-0000-0-0-7723051723] Registration request (../src/amf/ngap-handler.c:401)
07/07 14:08:41.365: [amf] INFO: [imsi-999707723051723] Registration complete (../src/amf/gmm-sm.c:1050)
07/07 14:09:10.607: [amf] INFO: InitialUEMessage [suci-0-999-70-0000-0-0-3550825335] Registration request (../src/amf/ngap-handler.c:401)
07/07 14:09:10.665: [amf] INFO: [imsi-999703550825335] Registration complete (../src/amf/gmm-sm.c:1050)
07/07 14:09:41.189: [amf] INFO: InitialUEMessage [suci-0-999-70-0000-0-0-7199276744] Registration request (../src/amf/ngap-handler.c:401)
07/07 14:09:41.245: [amf] INFO: [imsi-999707199276744] Registration complete (../src/amf/gmm-sm.c:1050)
07/07 14:12:30.835: [amf] INFO: InitialUEMessage [suci-0-999-70-0000-0-0-2563961378] Registration request (../src/amf/ngap-handler.c:401)
07/07 14:12:30.884: [amf] INFO: [imsi-999702563961378] Registration complete (../src/amf/gmm-sm.c:1050)
07/07 14:12:33.727: [amf] INFO: InitialUEMessage [suci-0-999-70-0000-0-0-8026574312] Registration request (../src/amf/ngap-handler.c:401)
07/07 14:12:33.771: [amf] INFO: [imsi-999708026574312] Registration complete (../src/amf/gmm-sm.c:1050)
07/07 14:12:46.902: [amf] INFO: InitialUEMessage [suci-0-999-70-0000-0-0-4353854316] Registration request (../src/amf/ngap-handler.c:401)
07/07 14:12:46.941: [amf] INFO: [imsi-999704353854316] Registration complete (../src/amf/gmm-sm.c:1050)
07/07 14:14:08.700: [amf] INFO: InitialUEMessage [suci-0-999-70-0000-0-0-1674202277] Registration request (../src/amf/ngap-handler.c:401)
07/07 14:14:08.746: [amf] INFO: [imsi-999701674202277] Registration complete (../src/amf/gmm-sm.c:1050)
07/07 14:15:19.783: [amf] INFO: InitialUEMessage [suci-0-999-70-0000-0-0-8118372022] Registration request (../src/amf/ngap-handler.c:401)
07/07 14:15:19.850: [amf] INFO: [imsi-999708118372022] Registration complete (../src/amf/gmm-sm.c:1050)
07/07 14:15:45.105: [amf] INFO: InitialUEMessage [suci-0-999-70-0000-0-0-9614348094] Registration request (../src/amf/ngap-handler.c:401)
07/07 14:15:45.166: [amf] INFO: [imsi-999709614348094] Registration complete (../src/amf/gmm-sm.c:1050)
07/07 14:15:54.184: [amf] INFO: InitialUEMessage [suci-0-999-70-0000-0-0-7106142559] Registration request (../src/amf/ngap-handler.c:401)
07/07 14:15:54.226: [amf] INFO: [imsi-999707106142559] Registration complete (../src/amf/gmm-sm.c:1050)
07/07 14:16:43.931: [amf] INFO: InitialUEMessage [suci-0-999-70-0000-0-0-6447961623] Registration request (../src/amf/ngap-handler.c:401)
07/07 14:16:43.989: [amf] INFO: [imsi-999706447961623] Registration complete (../src/amf/gmm-sm.c:1050)
07/07 14:16:51.528: [amf] INFO: InitialUEMessage [suci-0-999-70-0000-0-0-5126724372] Registration request (../src/amf/ngap-handler.c:401)
07/07 14:16:51.578: [amf] INFO: [imsi-999705126724372] Registration complete (../src/amf/gmm-sm.c:1050)
07/07 14:17:49.623: [amf] INFO: InitialUEMessage [suci-0-999-70-0000-0-0-5499734442] Registration request (../src/amf/ngap-handler.c:401)
07/07 14:17:49.671: [amf] INFO: [imsi-999705499734442] Registration complete (../src/amf/gmm-sm.c:1050)
07/07 14:18:34.997: [amf] INFO: InitialUEMessage [suci-0-999-70-0000-0-0-4587306112] Registration request (../src/amf/ngap-handler.c:401)
07/07 14:18:35.059: [amf] INFO: [imsi-999704587306112] Registration complete (../src/amf/gmm-sm.c:1050)
07/07 14:19:17.520: [amf] INFO: InitialUEMessage [suci-0-999-70-0000-0-0-3682474206] Registration request (../src/amf/ngap-handler.c:401)
07/07 14:19:17.554: [amf] INFO: [imsi-999703682474206] Registration complete (../src/amf/gmm-sm.c:1050)
07/07 14:19:27.031: [amf] INFO: InitialUEMessage [suci-0-999-70-0000-0-0-9799467118] Registration request (../src/amf/ngap-handler.c:401)
07/07 14:19:27.064: [amf] INFO: [imsi-999709799467118] Registration complete (../src/amf/gmm-sm.c:1050)
07/07 14:20:24.754: [amf] INFO: InitialUEMessage [suci-0-999-70-0000-0-0-3907037117] Registration request (../src/amf/ngap-handler.c:401)
07/07 14:20:24.786: [amf] INFO: [imsi-999703907037117] Registration complete (../src/amf/gmm-sm.c:1050)
07/07 14:21:45.020: [amf] INFO: InitialUEMessage [suci-0-999-70-0000-0-0-6620880072] Registration request (../src/amf/ngap-handler.c:401)
07/07 14:21:45.084: [amf] INFO: [imsi-999706620880072] Registration complete (../src/amf/gmm-sm.c:1050)
07/07 14:21:45.648: [amf] INFO: InitialUEMessage [suci-0-999-70-0000-0-0-9093496237] Registration request (../src/amf/ngap-handler.c:401)
07/07 14:21:45.693: [amf] INFO: [imsi-999709093496237] Registration complete (../src/amf/gmm-sm.c:1050)
07/07 14:22:27.341: [amf] INFO: InitialUEMessage [suci-0-999-70-0000-0-0-2102605232] Registration request (../src/amf/ngap-handler.c:401)
07/07 14:22:27.406: [amf] INFO: [imsi-999702102605232] Registration complete (../src/amf/gmm-sm.c:1050)
07/07 14:22:43.374: [amf] INFO: InitialUEMessage [suci-0-999-70-0000-0-0-6160204039] Registration request (../src/amf/ngap-handler.c:401)
07/07 14:22:43.404: [amf] INFO: [imsi-999706160204039] Registration complete (../src/amf/gmm-sm.c:1050)
07/07 14:24:41.680: [amf] INFO: InitialUEMessage [suci-0-999-70-0000-0-0-2537376809] Registration request (../src/amf/ngap-handler.c:401)
07/07 14:24:41.732: [amf] INFO: [imsi-999702537376809] Registration complete (../src/amf/gmm-sm.c:1050)
07/07 14:24:48.959: [amf] INFO: InitialUEMessage [suci-0-999-70-0000-0-0-0579950125] Registration request (../src/amf/ngap-handler.c:401)
07/07 14:24:49.027: [amf] INFO: [imsi-999700579950125] Registration complete (../src/amf/gmm-sm.c:1050)
07/07 14:24:59.290: [amf] INFO: InitialUEMessage [suci-0-999-70-0000-0-0-0862886780] Registration request (../src/amf/ngap-handler.c:401)
07/07 14:24:59.349: [amf] INFO: [imsi-999700862886780] Registration complete (../src/amf/gmm-sm.c:1050)
07/07 14:27:25.253: [amf] INFO: InitialUEMessage [suci-0-999-70-0000-0-0-3647346613] Registration request (../src/amf/ngap-handler.c:401)
07/07 14:27:25.295: [amf] INFO: [imsi-999703647346613] Registration complete (../src/amf/gmm-sm.c:1050)
07/07 14:27:48.567: [amf] INFO: InitialUEMessage [suci-0-999-70-0000-0-0-9442649854] Registration request (../src/amf/ngap-handler.c:401)
07/07 14:27:48.621: [amf] INFO: [imsi-999709442649854] Registration complete (../src/amf/gmm-sm.c:1050)
07/07 14:28:41.111: [amf] INFO: InitialUEMessage [suci-0-999-70-0000-0-0-5447461787] Registration request (../src/amf/ngap-handler.c:401)
07/07 14:28:41.160: [amf] INFO: [imsi-999705447461787] Registration complete (../src/amf/gmm-sm.c:1050)
07/07 14:30:45.880: [amf] INFO: InitialUEMessage [suci-0-999-70-0000-0-0-8779378832] Registration request (../src/amf/ngap-handler.c:401)
07/07 14:30:45.929: [amf] INFO: [imsi-999708779378832] Registration complete (../src/amf/gmm-sm.c:1050)
07/07 14:32:07.428: [amf] INFO: InitialUEMessage [suci-0-999-70-0000-0-0-1455776431] Registration request (../src/amf/ngap-handler.c:401)
07/07 14:32:07.453: [amf] INFO: [imsi-999701455776431] Registration complete (../src/amf/gmm-sm.c:1050)
07/07 14:32:49.595: [amf] INFO: InitialUEMessage [suci-0-999-70-0000-0-0-6324035661] Registration request (../src/amf/ngap-handler.c:401)
07/07 14:32:49.646: [amf] INFO: [imsi-999706324035661] Registration complete (../src/amf/gmm-sm.c:1050)
07/07 14:33:30.377: [amf] INFO: InitialUEMessage [suci-0-999-70-0000-0-0-0951848748] Registration request (../src/amf/ngap-handler.c:401)
07/07 14:33:30.430: [amf] INFO: [imsi-999700951848748] Registration complete (../src/amf/gmm-sm.c:1050)
07/07 14:34:55.159: [amf] INFO: InitialUEMessage [suci-0-999-70-0000-0-0-7300286628] Registration request (../src/amf/ngap-handler.c:401)
07/07 14:34:55.195: [amf] INFO: [imsi-999707300286628] Registration complete (../src/amf/gmm-sm.c:1050)
07/07 14:35:03.876: [amf] INFO: InitialUEMessage [suci-0-999-70-0000-0-0-2032898043] Registration request (../src/amf/ngap-handler.c:401)
07/07 14:35:03.938: [amf] INFO: [imsi-999702032898043] Registration complete (../src/amf/gmm-sm.c:1050)
07/07 14:36:05.081: [amf] INFO: InitialUEMessage [suci-0-999-70-0000-0-0-3923022865] Registration request (../src/amf/ngap-handler.c:401)
07/07 14:36:05.134: [amf] INFO: [imsi-999703923022865] Registration complete (../src/amf/gmm-sm.c:1050)
07/07 14:36:21.563: [amf] INFO: InitialUEMessage [suci-0-999-70-0000-0-0-8136049955] Registration request (../src/amf/ngap-handler.c:401)
07/07 14:36:21.605: [amf] INFO: [imsi-999708136049955] Registration complete (../src/amf/gmm-sm.c:1050)
07/07 14:37:49.727: [amf] INFO: InitialUEMessage [suci-0-999-70-0000-0-0-8880219027] Registration request (../src/amf/ngap-handler.c:401)
07/07 14:37:49.767: [amf] INFO: [imsi-999708880219027] Registration complete (../src/amf/gmm-sm.c:1050)
07/07 14:38:39.372: [amf] INFO: InitialUEMessage [suci-0-999-70-0000-0-0-0925590151] Registration request (../src/amf/ngap-handler.c:401)
07/07 14:38:39.433: [amf] INFO: [imsi-999700925590151] Registration complete (../src/amf/gmm-sm.c:1050)
07/07 14:38:44.246: [amf] INFO: InitialUEMessage [suci-0-999-70-0000-0-0-3606496080] Registration request (../src/amf/ngap-handler.c:401)
07/07 14:38:44.292: [amf] INFO: [imsi-999703606496080] Registration complete (../src/amf/gmm-sm.c:1050)
07/07 14:39:10.750: [amf] INFO: InitialUEMessage [suci-0-999-70-0000-0-0-8603355182] Registration request (../src/amf/ngap-handler.c:401)
07/07 14:39:10.789: [amf] INFO: [imsi-999708603355182] Registration complete (../src/amf/gmm-sm.c:1050)
07/07 14:39:36.977: [amf] INFO: InitialUEMessage [suci-0-999-70-0000-0-0-3771520797] Registration request (../src/amf/ngap-handler.c:401)
07/07 14:39:37.029: [amf] INFO: [imsi-999703771520797] Registration complete (../src/amf/gmm-sm.c:1050)
07/07 14:40:30.021: [amf] INFO: InitialUEMessage [suci-0-999-70-0000-0-0-6989821291] Registration request (../src/amf/ngap-handler.c:401)
07/07 14:40:30.051: [amf] INFO: [imsi-999706989821291] Registration complete (../src/amf/gmm-sm.c:1050)
07/07 14:41:00.309: [amf] INFO: InitialUEMessage [suci-0-999-70-0000-0-0-6248501100] Registration request (../src/amf/ngap-handler.c:401)
07/07 14:41:00.356: [amf] INFO: [imsi-999706248501100] Registration complete (../src/amf/gmm-sm.c:1050)
07/07 14:41:00.936: [amf] INFO: InitialUEMessage [suci-0-999-70-0000-0-0-7096452444] Registration request (../src/amf/ngap-handler.c:401)
07/07 14:41:00.960: [amf] INFO: [imsi-999707096452444] Registration complete (../src/amf/gmm-sm.c:1050)
07/07 14:43:14.524: [amf] INFO: InitialUEMessage [suci-0-999-70-0000-0-0-1041561005] Registration request (../src/amf/ngap-handler.c:401)
07/07 14:43:14.557: [amf] INFO: [imsi-999701041561005] Registration complete (../src/amf/gmm-sm.c:1050)
07/07 14:43:16.453: [amf] INFO: InitialUEMessage [suci-0-999-70-0000-0-0-6306048426] Registration request (../src/amf/ngap-handler.c:401)
07/07 14:43:16.510: [amf] INFO: [imsi-999706306048426] Registration complete (../src/amf/gmm-sm.c:1050)
07/07 14:43:44.035: [amf] INFO: InitialUEMessage [suci-0-999-70-0000-0-0-0174610107] Registration request (../src/amf/ngap-handler.c:401)
07/07 14:43:44.090: [amf] INFO: [imsi-999700174610107] Registration complete (../src/amf/gmm-sm.c:1050)
07/07 14:43:55.821: [amf] INFO: InitialUEMessage [suci-0-999-70-0000-0-0-8601503621] Registration request (../src/amf/ngap-handler.c:401)
07/07 14:43:55.871: [amf] INFO: [imsi-999708601503621] Registration complete (../src/amf/gmm-sm.c:1050)
07/07 14:44:25.645: [amf] INFO: InitialUEMessage [suci-0-999-70-0000-0-0-7840292427] Registration request (../src/amf/ngap-handler.c:401)
07/07 14:44:25.687: [amf] INFO: [imsi-999707840292427] Registration complete (../src/amf/gmm-sm.c:1050)
07/07 14:46:23.908: [amf] INFO: InitialUEMessage [suci-0-999-70-0000-0-0-1485216220] Registration request (../src/amf/ngap-handler.c:401)
07/07 14:46:23.967: [amf] INFO: [imsi-999701485216220] Registration complete (../src/amf/gmm-sm.c:1050)
07/07 14:46:50.168: [amf] INFO: InitialUEMessage [suci-0-999-70-0000-0-0-7221441524] Registration request (../src/amf/ngap-handler.c:401)
07/07 14:46:50.229: [amf] INFO: [imsi-999707221441524] Registration complete (../src/amf/gmm-sm.c:1050)
07/07 14:47:35.014: [amf] INFO: InitialUEMessage [suci-0-999-70-0000-0-0-8068724864] Registration request (../src/amf/ngap-handler.c:401)
07/07 14:47:35.048: [amf] INFO: [imsi-999708068724864] Registration complete (../src/amf/gmm-sm.c:1050)
07/07 14:48:14.191: [amf] INFO: InitialUEMessage [suci-0-999-70-0000-0-0-0958540970] Registration request (../src/amf/ngap-handler.c:401)
07/07 14:48:14.246: [amf] INFO: [imsi-999700958540970] Registration complete (../src/amf/gmm-sm.c:1050)
07/07 14:49:48.329: [amf] INFO: InitialUEMessage [suci-0-999-70-0000-0-0-7529915827] Registration request (../src/amf/ngap-handler.c:401)
07/07 14:49:48.376: [amf] INFO: [imsi-999707529915827] Registration complete (../src/amf/gmm-sm.c:1050)
07/07 14:50:08.417: [amf] INFO: InitialUEMessage [suci-0-999-70-0000-0-0-6433844654] Registration request (../src/amf/ngap-handler.c:401)
07/07 14:50:08.475: [amf] INFO: [imsi-999706433844654] Registration complete (../src/amf/gmm-sm.c:1050)
07/07 14:50:28.247: [amf] INFO: InitialUEMessage [suci-0-999-70-0000-0-0-6797852483] Registration request (../src/amf/ngap-handler.c:401)
07/07 14:50:28.295: [amf] INFO: [imsi-999706797852483] Registration complete (../src/amf/gmm-sm.c:1050)
07/07 14:50:30.760: [amf] INFO: InitialUEMessage [suci-0-999-70-0000-0-0-5890763956] Registration request (../src/amf/ngap-handler.c:401)
07/07 14:50:30.779: [amf] INFO: [imsi-999705890763956] Registration complete (../src/amf/gmm-sm.c:1050)
07/07 14:51:00.717: [amf] INFO: InitialUEMessage [suci-0-999-70-0000-0-0-0302746972] Registration request (../src/amf/ngap-handler.c:401)
07/07 14:51:00.763: [amf] INFO: [imsi-999700302746972] Registration complete (../src/amf/gmm-sm.c:1050)
07/07 14:51:22.998: [amf] INFO: InitialUEMessage [suci-0-999-70-0000-0-0-9658192089] Registration request (../src/amf/ngap-handler.c:401)
07/07 14:51:23.053: [amf] INFO: [imsi-999709658192089] Registration complete (../src/amf/gmm-sm.c:1050)
07/07 14:53:18.278: [amf] INFO: InitialUEMessage [suci-0-999-70-0000-0-0-7240806644] Registration request (../src/amf/ngap-handler.c:401)
07/07 14:53:18.334: [amf] INFO: [imsi-999707240806644] Registration complete (../src/amf/gmm-sm.c:1050)
07/07 14:53:34.226: [amf] INFO: InitialUEMessage [suci-0-999-70-0000-0-0-3757664894] Registration request (../src/amf/ngap-handler.c:401)
07/07 14:53:34.278: [amf] INFO: [imsi-999703757664894] Registration complete (../src/amf/gmm-sm.c:1050)
07/07 14:53:38.142: [amf] INFO: InitialUEMessage [suci-0-999-70-0000-0-0-1056259872] Registration request (../src/amf/ngap-handler.c:401)
07/07 14:53:38.180: [amf] INFO: [imsi-999701056259872] Registration complete (../src/amf/gmm-sm.c:1050)
07/07 14:54:20.830: [amf] INFO: InitialUEMessage [suci-0-999-70-0000-0-0-4168332476] Registration request (../src/amf/ngap-handler.c:401)
07/07 14:54:20.878: [amf] INFO: [imsi-999704168332476] Registration complete (../src/amf/gmm-sm.c:1050)
07/07 14:54:33.476: [amf] INFO: InitialUEMessage [suci-0-999-70-0000-0-0-1516383868] Registration request (../src/amf/ngap-handler.c:401)
07/07 14:54:33.504: [amf] INFO: [imsi-999701516383868] Registration complete (../src/amf/gmm-sm.c:1050)
07/07 14:55:31.793: [amf] INFO: InitialUEMessage [suci-0-999-70-0000-0-0-2638751622] Registration request (../src/amf/ngap-handler.c:401)
07/07 14:55:31.837: [amf] INFO: [imsi-999702638751622] Registration complete (../src/amf/gmm-sm.c:1050)
07/07 14:55:51.201: [amf] INFO: InitialUEMessage [suci-0-999-70-0000-0-0-0270414499] Registration request (../src/amf/ngap-handler.c:401)
07/07 14:55:51.233: [amf] INFO: [imsi-999700270414499] Registration complete (../src/amf/gmm-sm.c:1050)
07/07 14:56:22.825: [amf] INFO: InitialUEMessage [suci-0-999-70-0000-0-0-8111900058] Registration request (../src/amf/ngap-handler.c:401)
07/07 14:56:22.860: [amf] INFO: [imsi-999708111900058] Registration complete (../src/amf/gmm-sm.c:1050)
07/07 14:56:28.868: [amf] INFO: InitialUEMessage [suci-0-999-70-0000-0-0-4036811644] Registration request (../src/amf/ngap-handler.c:401)
07/07 14:56:28.896: [amf] INFO: [imsi-999704036811644] Registration complete (../src/amf/gmm-sm.c:1050)
07/07 14:56:55.277: [amf] INFO: InitialUEMessage [suci-0-999-70-0000-0-0-8113303671] Registration request (../src/amf/ngap-handler.c:401)
07/07 14:56:55.338: [amf] INFO: [imsi-999708113303671] Registration complete (../src/amf/gmm-sm.c:1050)
07/07 14:57:33.760: [amf] INFO: InitialUEMessage [suci-0-999-70-0000-0-0-1568569511] Registration request (../src/amf/ngap-handler.c:401)
07/07 14:57:33.818: [amf] INFO: [imsi-999701568569511] Registration complete (../src/amf/gmm-sm.c:1050)
07/07 14:57:43.747: [amf] INFO: InitialUEMessage [suci-0-999-70-0000-0-0-5594878065] Registration request (../src/amf/ngap-handler.c:401)
07/07 14:57:43.790: [amf] INFO: [imsi-999705594878065] Registration complete (../src/amf/gmm-sm.c:1050)
07/07 14:58:29.369: [amf] INFO: InitialUEMessage [suci-0-999-70-0000-0-0-2850742469] Registration request (../src/amf/ngap-handler.c:401)
07/07 14:58:29.407: [amf] INFO: [imsi-999702850742469] Registration complete (../src/amf/gmm-sm.c:1050)
07/07 14:58:32.551: [amf] INFO: InitialUEMessage [suci-0-999-70-0000-0-0-5742252310] Registration request (../src/amf/ngap-handler.c:401)
07/07 14:58:32.585: [amf] INFO: [imsi-999705742252310] Registration complete (../src/amf/gmm-sm.c:1050)
07/07 14:59:49.484: [amf] INFO: InitialUEMessage [suci-0-999-70-0000-0-0-9464023122] Registration request (../src/amf/ngap-handler.c:401)
07/07 14:59:49.527: [amf] INFO: [imsi-999709464023122] Registration complete (../src/amf/gmm-sm.c:1050)
07/07 15:00:13.627: [amf] INFO: InitialUEMessage [suci-0-999-70-0000-0-0-2011217506] Registration request (../src/amf/ngap-handler.c:401)
07/07 15:00:13.689: [amf] INFO: [imsi-999702011217506] Registration complete (../src/amf/gmm-sm.c:1050)
07/07 15:00:28.624: [amf] INFO: InitialUEMessage [suci-0-999-70-0000-0-0-3223693684] Registration request (../src/amf/ngap-handler.c:401)
07/07 15:00:28.646: [amf] INFO: [imsi-999703223693684] Registration complete (../src/amf/gmm-sm.c:1050)
07/07 15:00:57.880: [amf] INFO: InitialUEMessage [suci-0-999-70-0000-0-0-9540694977] Registration request (../src/amf/ngap-handler.c:401)
07/07 15:00:57.905: [amf] INFO: [imsi-999709540694977] Registration complete (../src/amf/gmm-sm.c:1050)
07/07 15:01:15.720: [amf] INFO: InitialUEMessage [suci-0-999-70-0000-0-0-2034548553] Registration request (../src/amf/ngap-handler.c:401)
07/07 15:01:15.753: [amf] INFO: [imsi-999702034548553] Registration complete (../src/amf/gmm-sm.c:1050)
07/07 15:02:14.489: [amf] INFO: InitialUEMessage [suci-0-999-70-0000-0-0-7055772906] Registration request (../src/amf/ngap-handler.c:401)
07/07 15:02:14.530: [amf] INFO: [imsi-999707055772906] Registration complete (../src/amf/gmm-sm.c:1050)
07/07 15:02:32.984: [amf] INFO: InitialUEMessage [suci-0-999-70-0000-0-0-1375724777] Registration request (../src/amf/ngap-handler.c:401)
07/07 15:02:33.013: [amf] INFO: [imsi-999701375724777] Registration complete (../src/amf/gmm-sm.c:1050)
07/07 15:02:40.653: [amf] INFO: InitialUEMessage [suci-0-999-70-0000-0-0-9813790859] Registration request (../src/amf/ngap-handler.c:401)
07/07 15:02:40.693: [amf] INFO: [imsi-999709813790859] Registration complete (../src/amf/gmm-sm.c:1050)
07/07 15:03:04.753: [amf] INFO: InitialUEMessage [suci-0-999-70-0000-0-0-9157146059] Registration request (../src/amf/ngap-handler.c:401)
07/07 15:03:04.821: [amf] INFO: [imsi-999709157146059] Registration complete (../src/amf/gmm-sm.c:1050)
07/07 15:03:09.605: [amf] INFO: InitialUEMessage [suci-0-999-70-0000-0-0-0257824152] Registration request (../src/amf/ngap-handler.c:401)
07/07 15:03:09.654: [amf] INFO: [imsi-999700257824152] Registration complete (../src/amf/gmm-sm.c:1050)
07/07 15:03:17.566: [amf] INFO: InitialUEMessage [suci-0-999-70-0000-0-0-6477334550] Registration request (../src/amf/ngap-handler.c:401)
07/07 15:03:17.615: [amf] INFO: [imsi-999706477334550] Registration complete (../src/amf/gmm-sm.c:1050)
07/07 15:03:38.815: [amf] INFO: InitialUEMessage [suci-0-999-70-0000-0-0-6901102792] Registration request (../src/amf/ngap-handler.c:401)
07/07 15:03:38.875: [amf] INFO: [imsi-999706901102792] Registration complete (../src/amf/gmm-sm.c:1050)
07/07 15:04:30.600: [amf] INFO: InitialUEMessage [suci-0-999-70-0000-0-0-8183792186] Registration request (../src/amf/ngap-handler.c:401)
07/07 15:04:30.655: [amf] INFO: [imsi-999708183792186] Registration complete (../src/amf/gmm-sm.c:1050)
07/07 15:04:36.677: [amf] INFO: InitialUEMessage [suci-0-999-70-0000-0-0-2903590531] Registration request (../src/amf/ngap-handler.c:401)
07/07 15:04:36.704: [amf] INFO: [imsi-999702903590531] Registration complete (../src/amf/gmm-sm.c:1050)
07/07 15:05:40.695: [amf] INFO: InitialUEMessage [suci-0-999-70-0000-0-0-5011140021] Registration request (../src/amf/ngap-handler.c:401)
07/07 15:05:40.740: [amf] INFO: [imsi-999705011140021] Registration complete (../src/amf/gmm-sm.c:1050)
07/07 15:05:46.637: [amf] INFO: InitialUEMessage [suci-0-999-70-0000-0-0-4981002267] Registration request (../src/amf/ngap-handler.c:401)
07/07 15:05:46.681: [amf] INFO: [imsi-999704981002267] Registration complete (../src/amf/gmm-sm.c:1050)
07/07 15:06:04.967: [amf] INFO: InitialUEMessage [suci-0-999-70-0000-0-0-2527776746] Registration request (../src/amf/ngap-handler.c:401)
07/07 15:06:05.004: [amf] INFO: [imsi-999702527776746] Registration complete (../src/amf/gmm-sm.c:1050)
07/07 15:06:30.482: [amf] INFO: InitialUEMessage [suci-0-999-70-0000-0-0-2900303719] Registration request (../src/amf/ngap-handler.c:401)
07/07 15:06:30.538: [amf] INFO: [imsi-999702900303719] Registration complete (../src/amf/gmm-sm.c:1050)
07/07 15:06:56.824: [amf] INFO: InitialUEMessage [suci-0-999-70-0000-0-0-0287738575] Registration request (../src/amf/ngap-handler.c:401)
07/07 15:06:56.865: [amf] INFO: [imsi-999700287738575] Registration complete (../src/amf/gmm-sm.c:1050)
07/07 15:07:06.162: [amf] INFO: InitialUEMessage [suci-0-999-70-0000-0-0-3289721841] Registration request (../src/amf/ngap-handler.c:401)
07/07 15:07:06.193: [amf] INFO: [imsi-999703289721841] Registration complete (../src/amf/gmm-sm.c:1050)
07/07 15:07:57.684: [amf] INFO: InitialUEMessage [suci-0-999-70-0000-0-0-2890292982] Registration request (../src/amf/ngap-handler.c:401)
07/07 15:07:57.734: [amf] INFO: [imsi-999702890292982] Registration complete (../src/amf/gmm-sm.c:1050)
07/07 15:08:25.516: [amf] INFO: InitialUEMessage [suci-0-999-70-0000-0-0-9538164310] Registration request (../src/amf/ngap-handler.c:401)
07/07 15:08:25.556: [amf] INFO: [imsi-999709538164310] Registration complete (../src/amf/gmm-sm.c:1050)
07/07 15:08:35.999: [amf] INFO: InitialUEMessage [suci-0-999-70-0000-0-0-3827581543] Registration request (../src/amf/ngap-handler.c:401)
07/07 15:08:36.060: [amf] INFO: [imsi-999703827581543] Registration complete (../src/amf/gmm-sm.c:1050)
07/07 15:12:53.345: [amf] INFO: InitialUEMessage [suci-0-999-70-0000-0-0-5736457357] Registration request (../src/amf/ngap-handler.c:401)
07/07 15:12:53.380: [amf] INFO: [imsi-999705736457357] Registration complete (../src/amf/gmm-sm.c:1050)
07/07 15:13:31.304: [amf] INFO: InitialUEMessage [suci-0-999-70-0000-0-0-1778729254] Registration request (../src/amf/ngap-handler.c:401)
07/07 15:13:31.350: [amf] INFO: [imsi-999701778729254] Registration complete (../src/amf/gmm-sm.c:1050)
07/07 15:14:17.590: [amf] INFO: InitialUEMessage [suci-0-999-70-0000-0-0-1118887876] Registration request (../src/amf/ngap-handler.c:401)
07/07 15:14:17.625: [amf] INFO: [imsi-999701118887876] Registration complete (../src/amf/gmm-sm.c:1050)
07/07 15:14:42.812: [amf] INFO: InitialUEMessage [suci-0-999-70-0000-0-0-0197052254] Registration request (../src/amf/ngap-handler.c:401)
07/07 15:14:42.855: [amf] INFO: [imsi-999700197052254] Registration complete (../src/amf/gmm-sm.c:1050)
07/07 15:15:35.042: [amf] INFO: InitialUEMessage [suci-0-999-70-0000-0-0-2323882415] Registration request (../src/amf/ngap-handler.c:401)
07/07 15:15:35.104: [amf] INFO: [imsi-999702323882415] Registration complete (../src/amf/gmm-sm.c:1050)
07/07 15:15:41.154: [amf] INFO: InitialUEMessage [suci-0-999-70-0000-0-0-1831188171] Registration request (../src/amf/ngap-handler.c:401)
07/07 15:15:41.198: [amf] INFO: [imsi-999701831188171] Registration complete (../src/amf/gmm-sm.c:1050)
07/07 15:18:14.740: [amf] INFO: InitialUEMessage [suci-0-999-70-0000-0-0-4819118525] Registration request (../src/amf/ngap-handler.c:401)
07/07 15:18:14.786: [amf] INFO: [imsi-999704819118525] Registration complete (../src/amf/gmm-sm.c:1050)
07/07 15:18:14.911: [amf] INFO: InitialUEMessage [suci-0-999-70-0000-0-0-8809238148] Registration request (../src/amf/ngap-handler.c:401)
07/07 15:18:14.976: [amf] INFO: [imsi-999708809238148] Registration complete (../src/amf/gmm-sm.c:1050)
07/07 15:18:25.307: [amf] INFO: InitialUEMessage [suci-0-999-70-0000-0-0-6189579907] Registration request (../src/amf/ngap-handler.c:401)
07/07 15:18:25.369: [amf] INFO: [imsi-999706189579907] Registration complete (../src/amf/gmm-sm.c:1050)
07/07 15:18:46.323: [amf] INFO: InitialUEMessage [suci-0-999-70-0000-0-0-6552716250] Registration request (../src/amf/ngap-handler.c:401)
07/07 15:18:46.379: [amf] INFO: [imsi-999706552716250] Registration complete (../src/amf/gmm-sm.c:1050)
07/07 15:19:08.887: [amf] INFO: InitialUEMessage [suci-0-999-70-0000-0-0-1926480852] Registration request (../src/amf/ngap-handler.c:401)
07/07 15:19:08.931: [amf] INFO: [imsi-999701926480852] Registration complete (../src/amf/gmm-sm.c:1050)
07/07 15:20:42.026: [amf] INFO: InitialUEMessage [suci-0-999-70-0000-0-0-3105329379] Registration request (../src/amf/ngap-handler.c:401)
07/07 15:20:42.078: [amf] INFO: [imsi-999703105329379] Registration complete (../src/amf/gmm-sm.c:1050)
07/07 15:20:55.714: [amf] INFO: InitialUEMessage [suci-0-999-70-0000-0-0-4174372611] Registration request (../src/amf/ngap-handler.c:401)
07/07 15:20:55.759: [amf] INFO: [imsi-999704174372611] Registration complete (../src/amf/gmm-sm.c:1050)
07/07 15:21:14.436: [amf] INFO: InitialUEMessage [suci-0-999-70-0000-0-0-3905671523] Registration request (../src/amf/ngap-handler.c:401)
07/07 15:21:14.503: [amf] INFO: [imsi-999703905671523] Registration complete (../src/amf/gmm-sm.c:1050)
07/07 15:22:40.876: [amf] INFO: InitialUEMessage [suci-0-999-70-0000-0-0-4212811586] Registration request (../src/amf/ngap-handler.c:401)
07/07 15:22:40.917: [amf] INFO: [imsi-999704212811586] Registration complete (../src/amf/gmm-sm.c:1050)
07/07 15:22:49.674: [amf] INFO: InitialUEMessage [suci-0-999-70-0000-0-0-6094979428] Registration request (../src/amf/ngap-handler.c:401)
07/07 15:22:49.719: [amf] INFO: [imsi-999706094979428] Registration complete (../src/amf/gmm-sm.c:1050)
07/07 15:24:14.669: [amf] INFO: InitialUEMessage [suci-0-999-70-0000-0-0-5065947632] Registration request (../src/amf/ngap-handler.c:401)
07/07 15:24:14.730: [amf] INFO: [imsi-999705065947632] Registration complete (../src/amf/gmm-sm.c:1050)
07/07 15:24:54.257: [amf] INFO: InitialUEMessage [suci-0-999-70-0000-0-0-8452350308] Registration request (../src/amf/ngap-handler.c:401)
07/07 15:24:54.305: [amf] INFO: [imsi-999708452350308] Registration complete (../src/amf/gmm-sm.c:1050)
07/07 15:24:54.786: [amf] INFO: InitialUEMessage [suci-0-999-70-0000-0-0-7860854428] Registration request (../src/amf/ngap-handler.c:401)
07/07 15:24:54.847: [amf] INFO: [imsi-999707860854428] Registration complete (../src/amf/gmm-sm.c:1050)
07/07 15:26:02.659: [amf] INFO: InitialUEMessage [suci-0-999-70-0000-0-0-5788630714] Registration request (../src/amf/ngap-handler.c:401)
07/07 15:26:02.716: [amf] INFO: [imsi-999705788630714] Registration complete (../src/amf/gmm-sm.c:1050)
07/07 15:26:36.330: [amf] INFO: InitialUEMessage [suci-0-999-70-0000-0-0-2770829738] Registration request (../src/amf/ngap-handler.c:401)
07/07 15:26:36.372: [amf] INFO: [imsi-999702770829738] Registration complete (../src/amf/gmm-sm.c:1050)
07/07 15:26:45.671: [amf] INFO: InitialUEMessage [suci-0-999-70-0000-0-0-8852441365] Registration request (../src/amf/ngap-handler.c:401)
07/07 15:26:45.704: [amf] INFO: [imsi-999708852441365] Registration complete (../src/amf/gmm-sm.c:1050)
07/07 15:27:54.380: [amf] INFO: InitialUEMessage [suci-0-999-70-0000-0-0-0077309746] Registration request (../src/amf/ngap-handler.c:401)
07/07 15:27:54.431: [amf] INFO: [imsi-999700077309746] Registration complete (../src/amf/gmm-sm.c:1050)
07/07 15:28:02.703: [amf] INFO: InitialUEMessage [suci-0-999-70-0000-0-0-7075909901] Registration request (../src/amf/ngap-handler.c:401)
07/07 15:28:02.756: [amf] INFO: [imsi-999707075909901] Registration complete (../src/amf/gmm-sm.c:1050)
07/07 15:28:27.525: [amf] INFO: InitialUEMessage [suci-0-999-70-0000-0-0-5436740715] Registration request (../src/amf/ngap-handler.c:401)
07/07 15:28:27.570: [amf] INFO: [imsi-999705436740715] Registration complete (../src/amf/gmm-sm.c:1050)
07/07 15:29:13.996: [amf] INFO: InitialUEMessage [suci-0-999-70-0000-0-0-2131999128] Registration request (../src/amf/ngap-handler.c:401)
07/07 15:29:14.060: [amf] INFO: [imsi-999702131999128] Registration complete (../src/amf/gmm-sm.c:1050)
07/07 15:29:24.828: [amf] INFO: InitialUEMessage [suci-0-999-70-0000-0-0-1936489693] Registration request (../src/amf/ngap-handler.c:401)
07/07 15:29:24.893: [amf] INFO: [imsi-999701936489693] Registration complete (../src/amf/gmm-sm.c:1050)
07/07 15:30:29.544: [amf] INFO: InitialUEMessage [suci-0-999-70-0000-0-0-0464017615] Registration request (../src/amf/ngap-handler.c:401)
07/07 15:30:29.582: [amf] INFO: [imsi-999700464017615] Registration complete (../src/amf/gmm-sm.c:1050)
07/07 15:30:52.121: [amf] INFO: InitialUEMessage [suci-0-999-70-0000-0-0-1381481297] Registration request (../src/amf/ngap-handler.c:401)
07/07 15:30:52.163: [amf] INFO: [imsi-999701381481297] Registration complete (../src/amf/gmm-sm.c:1050)
07/07 15:32:21.649: [amf] INFO: InitialUEMessage [suci-0-999-70-0000-0-0-3847012442] Registration request (../src/amf/ngap-handler.c:401)
07/07 15:32:21.692: [amf] INFO: [imsi-999703847012442] Registration complete (../src/amf/gmm-sm.c:1050)
07/07 15:32:42.052: [amf] INFO: InitialUEMessage [suci-0-999-70-0000-0-0-2637839384] Registration request (../src/amf/ngap-handler.c:401)
07/07 15:32:42.085: [amf] INFO: [imsi-999702637839384] Registration complete (../src/amf/gmm-sm.c:1050)
07/07 15:32:52.220: [amf] INFO: InitialUEMessage [suci-0-999-70-0000-0-0-5473859324] Registration request (../src/amf/ngap-handler.c:401)
07/07 15:32:52.261: [amf] INFO: [imsi-999705473859324] Registration complete (../src/amf/gmm-sm.c:1050)
07/07 15:33:02.617: [amf] INFO: InitialUEMessage [suci-0-999-70-0000-0-0-0649125825] Registration request (../src/amf/ngap-handler.c:401)
07/07 15:33:02.676: [amf] INFO: [imsi-999700649125825] Registration complete (../src/amf/gmm-sm.c:1050)
07/07 15:33:43.067: [amf] INFO: InitialUEMessage [suci-0-999-70-0000-0-0-7691078314] Registration request (../src/amf/ngap-handler.c:401)
07/07 15:33:43.109: [amf] INFO: [imsi-999707691078314] Registration complete (../src/amf/gmm-sm.c:1050)
07/07 15:33:56.458: [amf] INFO: InitialUEMessage [suci-0-999-70-0000-0-0-4860170487] Registration request (../src/amf/ngap-handler.c:401)
07/07 15:33:56.504: [amf] INFO: [imsi-999704860170487] Registration complete (../src/amf/gmm-sm.c:1050)
07/07 15:34:52.382: [amf] INFO: InitialUEMessage [suci-0-999-70-0000-0-0-5803804070] Registration request (../src/amf/ngap-handler.c:401)
07/07 15:34:52.436: [amf] INFO: [imsi-999705803804070] Registration complete (../src/amf/gmm-sm.c:1050)
07/07 15:36:14.311: [amf] INFO: InitialUEMessage [suci-0-999-70-0000-0-0-1255397964] Registration request (../src/amf/ngap-handler.c:401)
07/07 15:36:14.349: [amf] INFO: [imsi-999701255397964] Registration complete (../src/amf/gmm-sm.c:1050)
07/07 15:37:39.859: [amf] INFO: InitialUEMessage [suci-0-999-70-0000-0-0-1195397492] Registration request (../src/amf/ngap-handler.c:401)
07/07 15:37:39.903: [amf] INFO: [imsi-999701195397492] Registration complete (../src/amf/gmm-sm.c:1050)
07/07 15:38:57.419: [amf] INFO: InitialUEMessage [suci-0-999-70-0000-0-0-8118434107] Registration request (../src/amf/ngap-handler.c:401)
07/07 15:38:57.476: [amf] INFO: [imsi-999708118434107] Registration complete (../src/amf/gmm-sm.c:1050)
07/07 15:39:32.206: [amf] INFO: InitialUEMessage [suci-0-999-70-0000-0-0-7388750731] Registration request (../src/amf/ngap-handler.c:401)
07/07 15:39:32.257: [amf] INFO: [imsi-999707388750731] Registration complete (../src/amf/gmm-sm.c:1050)
07/07 15:39:32.890: [amf] INFO: InitialUEMessage [suci-0-999-70-0000-0-0-5005140801] Registration request (../src/amf/ngap-handler.c:401)
07/07 15:39:32.924: [amf] INFO: [imsi-999705005140801] Registration complete (../src/amf/gmm-sm.c:1050)
07/07 15:39:48.162: [amf] INFO: InitialUEMessage [suci-0-999-70-0000-0-0-0638004963] Registration request (../src/amf/ngap-handler.c:401)
07/07 15:39:48.217: [amf] INFO: [imsi-999700638004963] Registration complete (../src/amf/gmm-sm.c:1050)
07/07 15:39:54.592: [amf] INFO: InitialUEMessage [suci-0-999-70-0000-0-0-2318497646] Registration request (../src/amf/ngap-handler.c:401)
07/07 15:39:54.636: [amf] INFO: [imsi-999702318497646] Registration complete (../src/amf/gmm-sm.c:1050)
07/07 15:40:18.665: [amf] INFO: InitialUEMessage [suci-0-999-70-0000-0-0-0775924956] Registration request (../src/amf/ngap-handler.c:401)
07/07 15:40:18.719: [amf] INFO: [imsi-999700775924956] Registration complete (../src/amf/gmm-sm.c:1050)
07/07 15:41:05.279: [amf] INFO: InitialUEMessage [suci-0-999-70-0000-0-0-0671734300] Registration request (../src/amf/ngap-handler.c:401)
07/07 15:41:05.314: [amf] INFO: [imsi-999700671734300] Registration complete (../src/amf/gmm-sm.c:1050)
07/07 15:41:12.480: [amf] INFO: InitialUEMessage [suci-0-999-70-0000-0-0-5502572318] Registration request (../src/amf/ngap-handler.c:401)
07/07 15:41:12.523: [amf] INFO: [imsi-999705502572318] Registration complete (../src/amf/gmm-sm.c:1050)
07/07 15:41:27.131: [amf] INFO: InitialUEMessage [suci-0-999-70-0000-0-0-7006325201] Registration request (../src/amf/ngap-handler.c:401)
07/07 15:41:27.189: [amf] INFO: [imsi-999707006325201] Registration complete (../src/amf/gmm-sm.c:1050)
07/07 15:41:31.694: [amf] INFO: InitialUEMessage [suci-0-999-70-0000-0-0-2127125723] Registration request (../src/amf/ngap-handler.c:401)
07/07 15:41:31.744: [amf] INFO: [imsi-999702127125723] Registration complete (../src/amf/gmm-sm.c:1050)
07/07 15:41:38.078: [amf] INFO: InitialUEMessage [suci-0-999-70-0000-0-0-5804834931] Registration request (../src/amf/ngap-handler.c:401)
07/07 15:41:38.125: [amf] INFO: [imsi-999705804834931] Registration complete (../src/amf/gmm-sm.c:1050)
07/07 15:42:26.497: [amf] INFO: InitialUEMessage [suci-0-999-70-0000-0-0-7255347130] Registration request (../src/amf/ngap-handler.c:401)
07/07 15:42:26.554: [amf] INFO: [imsi-999707255347130] Registration complete (../src/amf/gmm-sm.c:1050)
07/07 15:43:20.155: [amf] INFO: InitialUEMessage [suci-0-999-70-0000-0-0-1033310735] Registration request (../src/amf/ngap-handler.c:401)
07/07 15:43:20.198: [amf] INFO: [imsi-999701033310735] Registration complete (../src/amf/gmm-sm.c:1050)
07/07 15:46:06.581: [amf] INFO: InitialUEMessage [suci-0-999-70-0000-0-0-1194519882] Registration request (../src/amf/ngap-handler.c:401)
07/07 15:46:06.613: [amf] INFO: [imsi-999701194519882] Registration complete (../src/amf/gmm-sm.c:1050)
07/07 15:47:49.258: [amf] INFO: InitialUEMessage [suci-0-999-70-0000-0-0-4805248013] Registration request (../src/amf/ngap-handler.c:401)
07/07 15:47:49.303: [amf] INFO: [imsi-999704805248013] Registration complete (../src/amf/gmm-sm.c:1050)
07/07 15:48:21.632: [amf] INFO: InitialUEMessage [suci-0-999-70-0000-0-0-6604313471] Registration request (../src/amf/ngap-handler.c:401)
07/07 15:48:21.657: [amf] INFO: [imsi-999706604313471] Registration complete (../src/amf/gmm-sm.c:1050)
07/07 15:48:25.516: [amf] INFO: InitialUEMessage [suci-0-999-70-0000-0-0-7663536844] Registration request (../src/amf/ngap-handler.c:401)
07/07 15:48:25.555: [amf] INFO: [imsi-999707663536844] Registration complete (../src/amf/gmm-sm.c:1050)
07/07 15:49:26.454: [amf] INFO: InitialUEMessage [suci-0-999-70-0000-0-0-5298154963] Registration request (../src/amf/ngap-handler.c:401)
07/07 15:49:26.494: [amf] INFO: [imsi-999705298154963] Registration complete (../src/amf/gmm-sm.c:1050)
07/07 15:49:39.966: [amf] INFO: InitialUEMessage [suci-0-999-70-0000-0-0-5907307786] Registration request (../src/amf/ngap-handler.c:401)
07/07 15:49:39.987: [amf] INFO: [imsi-999705907307786] Registration complete (../src/amf/gmm-sm.c:1050)
07/07 15:50:18.253: [amf] INFO: InitialUEMessage [suci-0-999-70-0000-0-0-3440458986] Registration request (../src/amf/ngap-handler.c:401)
07/07 15:50:18.302: [amf] INFO: [imsi-999703440458986] Registration complete (../src/amf/gmm-sm.c:1050)
07/07 15:50:38.161: [amf] INFO: InitialUEMessage [suci-0-999-70-0000-0-0-2285123789] Registration request (../src/amf/ngap-handler.c:401)
07/07 15:50:38.193: [amf] INFO: [imsi-999702285123789] Registration complete (../src/amf/gmm-sm.c:1050)
07/07 15:51:00.526: [amf] INFO: InitialUEMessage [suci-0-999-70-0000-0-0-5574481622] Registration request (../src/amf/ngap-handler.c:401)
07/07 15:51:00.564: [amf] INFO: [imsi-999705574481622] Registration complete (../src/amf/gmm-sm.c:1050)
07/07 15:51:18.497: [amf] INFO: InitialUEMessage [suci-0-999-70-0000-0-0-2188599707] Registration request (../src/amf/ngap-handler.c:401)
07/07 15:51:18.541: [amf] INFO: [imsi-999702188599707] Registration complete (../src/amf/gmm-sm.c:1050)
07/07 15:51:59.349: [amf] INFO: InitialUEMessage [suci-0-999-70-0000-0-0-3129974022] Registration request (../src/amf/ngap-handler.c:401)
07/07 15:51:59.403: [amf] INFO: [imsi-999703129974022] Registration complete (../src/amf/gmm-sm.c:1050)
07/07 15:52:00.936: [amf] INFO: InitialUEMessage [suci-0-999-70-0000-0-0-7406964420] Registration request (../src/amf/ngap-handler.c:401)
07/07 15:52:00.981: [amf] INFO: [imsi-999707406964420] Registration complete (../src/amf/gmm-sm.c:1050)
07/07 15:52:39.498: [amf] INFO: InitialUEMessage [suci-0-999-70-0000-0-0-2052265890] Registration request (../src/amf/ngap-handler.c:401)
07/07 15:52:39.536: [amf] INFO: [imsi-999702052265890] Registration complete (../src/amf/gmm-sm.c:1050)
07/07 15:53:43.106: [amf] INFO: InitialUEMessage [suci-0-999-70-0000-0-0-9859113974] Registration request (../src/amf/ngap-handler.c:401)
07/07 15:53:43.153: [amf] INFO: [imsi-999709859113974] Registration complete (../src/amf/gmm-sm.c:1050)
07/07 15:54:26.695: [amf] INFO: InitialUEMessage [suci-0-999-70-0000-0-0-8717632624] Registration request (../src/amf/ngap-handler.c:401)
07/07 15:54:26.739: [amf] INFO: [imsi-999708717632624] Registration complete (../src/amf/gmm-sm.c:1050)
07/07 15:54:50.121: [amf] INFO: InitialUEMessage [suci-0-999-70-0000-0-0-9072718073] Registration request (../src/amf/ngap-handler.c:401)
07/07 15:54:50.155: [amf] INFO: [imsi-999709072718073] Registration complete (../src/amf/gmm-sm.c:1050)
07/07 15:55:38.404: [amf] INFO: InitialUEMessage [suci-0-999-70-0000-0-0-6795405513] Registration request (../src/amf/ngap-handler.c:401)
07/07 15:55:38.464: [amf] INFO: [imsi-999706795405513] Registration complete (../src/amf/gmm-sm.c:1050)
07/07 15:55:46.153: [amf] INFO: InitialUEMessage [suci-0-999-70-0000-0-0-1360085733] Registration request (../src/amf/ngap-handler.c:401)
07/07 15:55:46.183: [amf] INFO: [imsi-999701360085733] Registration complete (../src/amf/gmm-sm.c:1050)
07/07 15:55:49.034: [amf] INFO: InitialUEMessage [suci-0-999-70-0000-0-0-7656858552] Registration request (../src/amf/ngap-handler.c:401)
07/07 15:55:49.079: [amf] INFO: [imsi-999707656858552] Registration complete (../src/amf/gmm-sm.c:1050)
07/07 15:56:03.459: [amf] INFO: InitialUEMessage [suci-0-999-70-0000-0-0-8089075025] Registration request (../src/amf/ngap-handler.c:401)
07/07 15:56:03.517: [amf] INFO: [imsi-999708089075025] Registration complete (../src/amf/gmm-sm.c:1050)
07/07 15:56:12.822: [amf] INFO: InitialUEMessage [suci-0-999-70-0000-0-0-2261100426] Registration request (../src/amf/ngap-handler.c:401)
07/07 15:56:12.867: [amf] INFO: [imsi-999702261100426] Registration complete (../src/amf/gmm-sm.c:1050)
07/07 15:56:22.923: [amf] INFO: InitialUEMessage [suci-0-999-70-0000-0-0-6216822551] Registration request (../src/amf/ngap-handler.c:401)
07/07 15:56:22.959: [amf] INFO: [imsi-999706216822551] Registration complete (../src/amf/gmm-sm.c:1050)
07/07 15:56:52.845: [amf] INFO: InitialUEMessage [suci-0-999-70-0000-0-0-4052822943] Registration request (../src/amf/ngap-handler.c:401)
07/07 15:56:52.901: [amf] INFO: [imsi-999704052822943] Registration complete (../src/amf/gmm-sm.c:1050)
07/07 15:56:54.522: [amf] INFO: InitialUEMessage [suci-0-999-70-0000-0-0-4922587573] Registration request (../src/amf/ngap-handler.c:401)
07/07 15:56:54.552: [amf] INFO: [imsi-999704922587573] Registration complete (../src/amf/gmm-sm.c:1050)
07/07 15:56:54.562: [amf] INFO: InitialUEMessage [suci-0-999-70-0000-0-0-9548455017] Registration request (../src/amf/ngap-handler.c:401)
07/07 15:56:54.624: [amf] INFO: [imsi-999709548455017] Registration complete (../src/amf/gmm-sm.c:1050)
07/07 15:56:55.972: [amf] INFO: InitialUEMessage [suci-0-999-70-0000-0-0-3426485053] Registration request (../src/amf/ngap-handler.c:401)
07/07 15:56:56.000: [amf] INFO: [imsi-999703426485053] Registration complete (../src/amf/gmm-sm.c:1050)
07/07 15:56:59.397: [amf] INFO: InitialUEMessage [suci-0-999-70-0000-0-0-5120015478] Registration request (../src/amf/ngap-handler.c:401)
07/07 15:56:59.448: [amf] INFO: [imsi-999705120015478] Registration complete (../src/amf/gmm-sm.c:1050)
07/07 15:59:55.761: [amf] INFO: InitialUEMessage [suci-0-999-70-0000-0-0-4275625020] Registration request (../src/amf/ngap-handler.c:401)
07/07 15:59:55.810: [amf] INFO: [imsi-999704275625020] Registration complete (../src/amf/gmm-sm.c:1050)
07/07 16:00:00.332: [amf] INFO: InitialUEMessage [suci-0-999-70-0000-0-0-0814098273] Registration request (../src/amf/ngap-handler.c:401)
07/07 16:00:00.371: [amf] INFO: [imsi-999700814098273] Registration complete (../src/amf/gmm-sm.c:1050)
07/07 16:00:08.146: [amf] INFO: InitialUEMessage [suci-0-999-70-0000-0-0-9998389150] Registration request (../src/amf/ngap-handler.c:401)
07/07 16:00:08.205: [amf] INFO: [imsi-999709998389150] Registration complete (../src/amf/gmm-sm.c:1050)
07/07 16:02:44.946: [amf] INFO: InitialUEMessage [suci-0-999-70-0000-0-0-5800028279] Registration request (../src/amf/ngap-handler.c:401)
07/07 16:02:44.989: [amf] INFO: [imsi-999705800028279] Registration complete (../src/amf/gmm-sm.c:1050)
07/07 16:02:45.771: [amf] INFO: InitialUEMessage [suci-0-999-70-0000-0-0-3219119196] Registration request (../src/amf/ngap-handler.c:401)
07/07 16:02:45.807: [amf] INFO: [imsi-999703219119196] Registration complete (../src/amf/gmm-sm.c:1050)
07/07 16:04:03.419: [amf] INFO: InitialUEMessage [suci-0-999-70-0000-0-0-9907302603] Registration request (../src/amf/ngap-handler.c:401)
07/07 16:04:03.447: [amf] INFO: [imsi-999709907302603] Registration complete (../src/amf/gmm-sm.c:1050)
07/07 16:04:13.570: [amf] INFO: InitialUEMessage [suci-0-999-70-0000-0-0-5839191876] Registration request (../src/amf/ngap-handler.c:401)
07/07 16:04:13.632: [amf] INFO: [imsi-999705839191876] Registration complete (../src/amf/gmm-sm.c:1050)
07/07 16:04:14.838: [amf] INFO: InitialUEMessage [suci-0-999-70-0000-0-0-1547814005] Registration request (../src/amf/ngap-handler.c:401)
07/07 16:04:14.866: [amf] INFO: [imsi-999701547814005] Registration complete (../src/amf/gmm-sm.c:1050)
07/07 16:05:38.375: [amf] INFO: InitialUEMessage [suci-0-999-70-0000-0-0-4363883061] Registration request (../src/amf/ngap-handler.c:401)
07/07 16:05:38.420: [amf] INFO: [imsi-999704363883061] Registration complete (../src/amf/gmm-sm.c:1050)
07/07 16:05:38.586: [amf] INFO: InitialUEMessage [suci-0-999-70-0000-0-0-5199356291] Registration request (../src/amf/ngap-handler.c:401)
07/07 16:05:38.629: [amf] INFO: [imsi-999705199356291] Registration complete (../src/amf/gmm-sm.c:1050)
07/07 16:08:14.745: [amf] INFO: InitialUEMessage [suci-0-999-70-0000-0-0-3310206725] Registration request (../src/amf/ngap-handler.c:401)
07/07 16:08:14.787: [amf] INFO: [imsi-999703310206725] Registration complete (../src/amf/gmm-sm.c:1050)
07/07 16:10:10.756: [amf] INFO: InitialUEMessage [suci-0-999-70-0000-0-0-9495437212] Registration request (../src/amf/ngap-handler.c:401)
07/07 16:10:10.808: [amf] INFO: [imsi-999709495437212] Registration complete (../src/amf/gmm-sm.c:1050)
07/07 16:10:16.597: [amf] INFO: InitialUEMessage [suci-0-999-70-0000-0-0-3897500591] Registration request (../src/amf/ngap-handler.c:401)
07/07 16:10:16.659: [amf] INFO: [imsi-999703897500591] Registration complete (../src/amf/gmm-sm.c:1050)
07/07 16:10:22.014: [amf] INFO: InitialUEMessage [suci-0-999-70-0000-0-0-2630963913] Registration request (../src/amf/ngap-handler.c:401)
07/07 16:10:22.055: [amf] INFO: [imsi-999702630963913] Registration complete (../src/amf/gmm-sm.c:1050)
07/07 16:11:29.804: [amf] INFO: InitialUEMessage [suci-0-999-70-0000-0-0-0109125599] Registration request (../src/amf/ngap-handler.c:401)
07/07 16:11:29.853: [amf] INFO: [imsi-999700109125599] Registration complete (../src/amf/gmm-sm.c:1050)
07/07 16:11:29.926: [amf] INFO: InitialUEMessage [suci-0-999-70-0000-0-0-6902079177] Registration request (../src/amf/ngap-handler.c:401)
07/07 16:11:29.975: [amf] INFO: [imsi-999706902079177] Registration complete (../src/amf/gmm-sm.c:1050)
07/07 16:11:53.693: [amf] INFO: InitialUEMessage [suci-0-999-70-0000-0-0-9089502546] Registration request (../src/amf/ngap-handler.c:401)
07/07 16:11:53.730: [amf] INFO: [imsi-999709089502546] Registration complete (../src/amf/gmm-sm.c:1050)
07/07 16:11:57.395: [amf] INFO: InitialUEMessage [suci-0-999-70-0000-0-0-8217638956] Registration request (../src/amf/ngap-handler.c:401)
07/07 16:11:57.451: [amf] INFO: [imsi-999708217638956] Registration complete (../src/amf/gmm-sm.c:1050)
07/07 16:12:29.070: [amf] INFO: InitialUEMessage [suci-0-999-70-0000-0-0-3671857457] Registration request (../src/amf/ngap-handler.c:401)
07/07 16:12:29.112: [amf] INFO: [imsi-999703671857457] Registration complete (../src/amf/gmm-sm.c:1050)
07/07 16:12:54.443: [amf] INFO: InitialUEMessage [suci-0-999-70-0000-0-0-7008888864] Registration request (../src/amf/ngap-handler.c:401)
07/07 16:12:54.493: [amf] INFO: [imsi-999707008888864] Registration complete (../src/amf/gmm-sm.c:1050)
07/07 16:13:12.345: [amf] INFO: InitialUEMessage [suci-0-999-70-0000-0-0-5741685964] Registration request (../src/amf/ngap-handler.c:401)
07/07 16:13:12.387: [amf] INFO: [imsi-999705741685964] Registration complete (../src/amf/gmm-sm.c:1050)
07/07 16:13:24.927: [amf] INFO: InitialUEMessage [suci-0-999-70-0000-0-0-8912886507] Registration request (../src/amf/ngap-handler.c:401)
07/07 16:13:24.984: [amf] INFO: [imsi-999708912886507] Registration complete (../src/amf/gmm-sm.c:1050)
07/07 16:13:54.507: [amf] INFO: InitialUEMessage [suci-0-999-70-0000-0-0-0960966482] Registration request (../src/amf/ngap-handler.c:401)
07/07 16:13:54.553: [amf] INFO: [imsi-999700960966482] Registration complete (../src/amf/gmm-sm.c:1050)
07/07 16:13:59.667: [amf] INFO: InitialUEMessage [suci-0-999-70-0000-0-0-9035043265] Registration request (../src/amf/ngap-handler.c:401)
07/07 16:13:59.702: [amf] INFO: [imsi-999709035043265] Registration complete (../src/amf/gmm-sm.c:1050)
07/07 16:14:34.616: [amf] INFO: InitialUEMessage [suci-0-999-70-0000-0-0-8651630453] Registration request (../src/amf/ngap-handler.c:401)
07/07 16:14:34.661: [amf] INFO: [imsi-999708651630453] Registration complete (../src/amf/gmm-sm.c:1050)
07/07 16:14:36.285: [amf] INFO: InitialUEMessage [suci-0-999-70-0000-0-0-2442365438] Registration request (../src/amf/ngap-handler.c:401)
07/07 16:14:36.345: [amf] INFO: [imsi-999702442365438] Registration complete (../src/amf/gmm-sm.c:1050)
07/07 16:16:49.751: [amf] INFO: InitialUEMessage [suci-0-999-70-0000-0-0-7883066662] Registration request (../src/amf/ngap-handler.c:401)
07/07 16:16:49.796: [amf] INFO: [imsi-999707883066662] Registration complete (../src/amf/gmm-sm.c:1050)
07/07 16:16:56.409: [amf] INFO: InitialUEMessage [suci-0-999-70-0000-0-0-4569218687] Registration request (../src/amf/ngap-handler.c:401)
07/07 16:16:56.445: [amf] INFO: [imsi-999704569218687] Registration complete (../src/amf/gmm-sm.c:1050)
07/07 16:17:15.312: [amf] INFO: InitialUEMessage [suci-0-999-70-0000-0-0-2606073635] Registration request (../src/amf/ngap-handler.c:401)
07/07 16:17:15.359: [amf] INFO: [imsi-999702606073635] Registration complete (../src/amf/gmm-sm.c:1050)
07/07 16:17:24.450: [amf] INFO: InitialUEMessage [suci-0-999-70-0000-0-0-0490154999] Registration request (../src/amf/ngap-handler.c:401)
07/07 16:17:24.489: [amf] INFO: [imsi-999700490154999] Registration complete (../src/amf/gmm-sm.c:1050)
07/07 16:17:55.935: [amf] INFO: InitialUEMessage [suci-0-999-70-0000-0-0-4076224571] Registration request (../src/amf/ngap-handler.c:401)
07/07 16:17:55.972: [amf] INFO: [imsi-999704076224571] Registration complete (../src/amf/gmm-sm.c:1050)
07/07 16:19:00.062: [amf] INFO: InitialUEMessage [suci-0-999-70-0000-0-0-3129516192] Registration request (../src/amf/ngap-handler.c:401)
07/07 16:19:00.113: [amf] INFO: [imsi-999703129516192] Registration complete (../src/amf/gmm-sm.c:1050)
07/07 16:19:52.238: [amf] INFO: InitialUEMessage [suci-0-999-70-0000-0-0-3588419547] Registration request (../src/amf/ngap-handler.c:401)
07/07 16:19:52.283: [amf] INFO: [imsi-999703588419547] Registration complete (../src/amf/gmm-sm.c:1050)
07/07 16:19:53.185: [amf] INFO: InitialUEMessage [suci-0-999-70-0000-0-0-1420777692] Registration request (../src/amf/ngap-handler.c:401)
07/07 16:19:53.229: [amf] INFO: [imsi-999701420777692] Registration complete (../src/amf/gmm-sm.c:1050)
07/07 16:20:51.854: [amf] INFO: InitialUEMessage [suci-0-999-70-0000-0-0-0179861155] Registration request (../src/amf/ngap-handler.c:401)
07/07 16:20:51.912: [amf] INFO: [imsi-999700179861155] Registration complete (../src/amf/gmm-sm.c:1050)
07/07 16:21:05.253: [amf] INFO: InitialUEMessage [suci-0-999-70-0000-0-0-7625825056] Registration request (../src/amf/ngap-handler.c:401)
07/07 16:21:05.288: [amf] INFO: [imsi-999707625825056] Registration complete (../src/amf/gmm-sm.c:1050)
07/07 16:21:33.924: [amf] INFO: InitialUEMessage [suci-0-999-70-0000-0-0-9595001533] Registration request (../src/amf/ngap-handler.c:401)
07/07 16:21:33.960: [amf] INFO: [imsi-999709595001533] Registration complete (../src/amf/gmm-sm.c:1050)
07/07 16:21:51.568: [amf] INFO: InitialUEMessage [suci-0-999-70-0000-0-0-9419685950] Registration request (../src/amf/ngap-handler.c:401)
07/07 16:21:51.633: [amf] INFO: [imsi-999709419685950] Registration complete (../src/amf/gmm-sm.c:1050)
07/07 16:22:36.119: [amf] INFO: InitialUEMessage [suci-0-999-70-0000-0-0-5244012573] Registration request (../src/amf/ngap-handler.c:401)
07/07 16:22:36.145: [amf] INFO: [imsi-999705244012573] Registration complete (../src/amf/gmm-sm.c:1050)
07/07 16:23:44.180: [amf] INFO: InitialUEMessage [suci-0-999-70-0000-0-0-6988859814] Registration request (../src/amf/ngap-handler.c:401)
07/07 16:23:44.234: [amf] INFO: [imsi-999706988859814] Registration complete (../src/amf/gmm-sm.c:1050)
07/07 16:26:32.597: [amf] INFO: InitialUEMessage [suci-0-999-70-0000-0-0-0001492240] Registration request (../src/amf/ngap-handler.c:401)
07/07 16:26:32.649: [amf] INFO: [imsi-999700001492240] Registration complete (../src/amf/gmm-sm.c:1050)
07/07 16:26:59.842: [amf] INFO: InitialUEMessage [suci-0-999-70-0000-0-0-0092443499] Registration request (../src/amf/ngap-handler.c:401)
07/07 16:26:59.877: [amf] INFO: [imsi-999700092443499] Registration complete (../src/amf/gmm-sm.c:1050)
07/07 16:27:07.439: [amf] INFO: InitialUEMessage [suci-0-999-70-0000-0-0-9479659193] Registration request (../src/amf/ngap-handler.c:401)
07/07 16:27:07.482: [amf] INFO: [imsi-999709479659193] Registration complete (../src/amf/gmm-sm.c:1050)
07/07 16:27:21.157: [amf] INFO: InitialUEMessage [suci-0-999-70-0000-0-0-1793723255] Registration request (../src/amf/ngap-handler.c:401)
07/07 16:27:21.186: [amf] INFO: [imsi-999701793723255] Registration complete (../src/amf/gmm-sm.c:1050)
07/07 16:28:00.618: [amf] INFO: InitialUEMessage [suci-0-999-70-0000-0-0-5050161963] Registration request (../src/amf/ngap-handler.c:401)
07/07 16:28:00.656: [amf] INFO: [imsi-999705050161963] Registration complete (../src/amf/gmm-sm.c:1050)
07/07 16:28:16.030: [amf] INFO: InitialUEMessage [suci-0-999-70-0000-0-0-1934288536] Registration request (../src/amf/ngap-handler.c:401)
07/07 16:28:16.064: [amf] INFO: [imsi-999701934288536] Registration complete (../src/amf/gmm-sm.c:1050)
07/07 16:28:17.795: [amf] INFO: InitialUEMessage [suci-0-999-70-0000-0-0-0919858533] Registration request (../src/amf/ngap-handler.c:401)
07/07 16:28:17.861: [amf] INFO: [imsi-999700919858533] Registration complete (../src/amf/gmm-sm.c:1050)
07/07 16:28:56.084: [amf] INFO: InitialUEMessage [suci-0-999-70-0000-0-0-5916531353] Registration request (../src/amf/ngap-handler.c:401)
07/07 16:28:56.123: [amf] INFO: [imsi-999705916531353] Registration complete (../src/amf/gmm-sm.c:1050)
07/07 16:29:44.879: [amf] INFO: InitialUEMessage [suci-0-999-70-0000-0-0-8094078218] Registration request (../src/amf/ngap-handler.c:401)
07/07 16:29:44.913: [amf] INFO: [imsi-999708094078218] Registration complete (../src/amf/gmm-sm.c:1050)
07/07 16:30:00.373: [amf] INFO: InitialUEMessage [suci-0-999-70-0000-0-0-7926232061] Registration request (../src/amf/ngap-handler.c:401)
07/07 16:30:00.416: [amf] INFO: [imsi-999707926232061] Registration complete (../src/amf/gmm-sm.c:1050)
07/07 16:30:09.289: [amf] INFO: InitialUEMessage [suci-0-999-70-0000-0-0-3187012754] Registration request (../src/amf/ngap-handler.c:401)
07/07 16:30:09.340: [amf] INFO: [imsi-999703187012754] Registration complete (../src/amf/gmm-sm.c:1050)
07/07 16:30:17.440: [amf] INFO: InitialUEMessage [suci-0-999-70-0000-0-0-2653633054] Registration request (../src/amf/ngap-handler.c:401)
07/07 16:30:17.463: [amf] INFO: [imsi-999702653633054] Registration complete (../src/amf/gmm-sm.c:1050)
07/07 16:31:02.433: [amf] INFO: InitialUEMessage [suci-0-999-70-0000-0-0-6128734448] Registration request (../src/amf/ngap-handler.c:401)
07/07 16:31:02.487: [amf] INFO: [imsi-999706128734448] Registration complete (../src/amf/gmm-sm.c:1050)
07/07 16:31:22.371: [amf] INFO: InitialUEMessage [suci-0-999-70-0000-0-0-0253379512] Registration request (../src/amf/ngap-handler.c:401)
07/07 16:31:22.404: [amf] INFO: [imsi-999700253379512] Registration complete (../src/amf/gmm-sm.c:1050)
07/07 16:32:42.525: [amf] INFO: InitialUEMessage [suci-0-999-70-0000-0-0-3605979660] Registration request (../src/amf/ngap-handler.c:401)
07/07 16:32:42.563: [amf] INFO: [imsi-999703605979660] Registration complete (../src/amf/gmm-sm.c:1050)
07/07 16:32:43.926: [amf] INFO: InitialUEMessage [suci-0-999-70-0000-0-0-4304357746] Registration request (../src/amf/ngap-handler.c:401)
07/07 16:32:43.964: [amf] INFO: [imsi-999704304357746] Registration complete (../src/amf/gmm-sm.c:1050)
07/07 16:33:28.398: [amf] INFO: InitialUEMessage [suci-0-999-70-0000-0-0-7784908785] Registration request (../src/amf/ngap-handler.c:401)
07/07 16:33:28.427: [amf] INFO: [imsi-999707784908785] Registration complete (../src/amf/gmm-sm.c:1050)
07/07 16:33:43.529: [amf] INFO: InitialUEMessage [suci-0-999-70-0000-0-0-8360668331] Registration request (../src/amf/ngap-handler.c:401)
07/07 16:33:43.582: [amf] INFO: [imsi-999708360668331] Registration complete (../src/amf/gmm-sm.c:1050)
07/07 16:33:47.155: [amf] INFO: InitialUEMessage [suci-0-999-70-0000-0-0-6229123191] Registration request (../src/amf/ngap-handler.c:401)
07/07 16:33:47.199: [amf] INFO: [imsi-999706229123191] Registration complete (../src/amf/gmm-sm.c:1050)
07/07 16:34:19.455: [amf] INFO: InitialUEMessage [suci-0-999-70-0000-0-0-7594693192] Registration request (../src/amf/ngap-handler.c:401)
07/07 16:34:19.486: [amf] INFO: [imsi-999707594693192] Registration complete (../src/amf/gmm-sm.c:1050)
07/07 16:34:50.411: [amf] INFO: InitialUEMessage [suci-0-999-70-0000-0-0-6290926868] Registration request (../src/amf/ngap-handler.c:401)
07/07 16:34:50.456: [amf] INFO: [imsi-999706290926868] Registration complete (../src/amf/gmm-sm.c:1050)
07/07 16:35:29.173: [amf] INFO: InitialUEMessage [suci-0-999-70-0000-0-0-8945781509] Registration request (../src/amf/ngap-handler.c:401)
07/07 16:35:29.196: [amf] INFO: [imsi-999708945781509] Registration complete (../src/amf/gmm-sm.c:1050)
07/07 16:35:59.548: [amf] INFO: InitialUEMessage [suci-0-999-70-0000-0-0-3456326577] Registration request (../src/amf/ngap-handler.c:401)
07/07 16:35:59.580: [amf] INFO: [imsi-999703456326577] Registration complete (../src/amf/gmm-sm.c:1050)
07/07 16:36:23.765: [amf] INFO: InitialUEMessage [suci-0-999-70-0000-0-0-3224143276] Registration request (../src/amf/ngap-handler.c:401)
07/07 16:36:23.797: [amf] INFO: [imsi-999703224143276] Registration complete (../src/amf/gmm-sm.c:1050)
07/07 16:37:51.908: [amf] INFO: InitialUEMessage [suci-0-999-70-0000-0-0-8258446575] Registration request (../src/amf/ngap-handler.c:401)
07/07 16:37:51.958: [amf] INFO: [imsi-999708258446575] Registration complete (../src/amf/gmm-sm.c:1050)
07/07 16:38:35.591: [amf] INFO: InitialUEMessage [suci-0-999-70-0000-0-0-7156834227] Registration request (../src/amf/ngap-handler.c:401)
07/07 16:38:35.628: [amf] INFO: [imsi-999707156834227] Registration complete (../src/amf/gmm-sm.c:1050)
07/07 16:38:55.815: [amf] INFO: InitialUEMessage [suci-0-999-70-0000-0-0-6227668688] Registration request (../src/amf/ngap-handler.c:401)
07/07 16:38:55.850: [amf] INFO: [imsi-999706227668688] Registration complete (../src/amf/gmm-sm.c:1050)
07/07 16:39:33.988: [amf] INFO: InitialUEMessage [suci-0-999-70-0000-0-0-9121425711] Registration request (../src/amf/ngap-handler.c:401)
07/07 16:39:34.023: [amf] INFO: [imsi-999709121425711] Registration complete (../src/amf/gmm-sm.c:1050)
07/07 16:40:35.788: [amf] INFO: InitialUEMessage [suci-0-999-70-0000-0-0-8932631979] Registration request (../src/amf/ngap-handler.c:401)
07/07 16:40:35.837: [amf] INFO: [imsi-999708932631979] Registration complete (../src/amf/gmm-sm.c:1050)
07/07 16:41:10.165: [amf] INFO: InitialUEMessage [suci-0-999-70-0000-0-0-3653283092] Registration request (../src/amf/ngap-handler.c:401)
07/07 16:41:10.205: [amf] INFO: [imsi-999703653283092] Registration complete (../src/amf/gmm-sm.c:1050)
07/07 16:41:13.601: [amf] INFO: InitialUEMessage [suci-0-999-70-0000-0-0-1331422351] Registration request (../src/amf/ngap-handler.c:401)
07/07 16:41:13.629: [amf] INFO: [imsi-999701331422351] Registration complete (../src/amf/gmm-sm.c:1050)
07/07 16:41:15.139: [amf] INFO: InitialUEMessage [suci-0-999-70-0000-0-0-3242001306] Registration request (../src/amf/ngap-handler.c:401)
07/07 16:41:15.181: [amf] INFO: [imsi-999703242001306] Registration complete (../src/amf/gmm-sm.c:1050)
07/07 16:41:30.731: [amf] INFO: InitialUEMessage [suci-0-999-70-0000-0-0-5376836268] Registration request (../src/amf/ngap-handler.c:401)
07/07 16:41:30.759: [amf] INFO: [imsi-999705376836268] Registration complete (../src/amf/gmm-sm.c:1050)
07/07 16:43:08.331: [amf] INFO: InitialUEMessage [suci-0-999-70-0000-0-0-1309748541] Registration request (../src/amf/ngap-handler.c:401)
07/07 16:43:08.380: [amf] INFO: [imsi-999701309748541] Registration complete (../src/amf/gmm-sm.c:1050)
07/07 16:43:21.425: [amf] INFO: InitialUEMessage [suci-0-999-70-0000-0-0-0794147190] Registration request (../src/amf/ngap-handler.c:401)
07/07 16:43:21.459: [amf] INFO: [imsi-999700794147190] Registration complete (../src/amf/gmm-sm.c:1050)
07/07 16:44:15.086: [amf] INFO: InitialUEMessage [suci-0-999-70-0000-0-0-2301766492] Registration request (../src/amf/ngap-handler.c:401)
07/07 16:44:15.131: [amf] INFO: [imsi-999702301766492] Registration complete (../src/amf/gmm-sm.c:1050)
07/07 16:44:45.860: [amf] INFO: InitialUEMessage [suci-0-999-70-0000-0-0-5666975777] Registration request (../src/amf/ngap-handler.c:401)
07/07 16:44:45.890: [amf] INFO: [imsi-999705666975777] Registration complete (../src/amf/gmm-sm.c:1050)
07/07 16:46:43.848: [amf] INFO: InitialUEMessage [suci-0-999-70-0000-0-0-8925427492] Registration request (../src/amf/ngap-handler.c:401)
07/07 16:46:43.903: [amf] INFO: [imsi-999708925427492] Registration complete (../src/amf/gmm-sm.c:1050)
07/07 16:47:14.947: [amf] INFO: InitialUEMessage [suci-0-999-70-0000-0-0-6907267132] Registration request (../src/amf/ngap-handler.c:401)
07/07 16:47:14.988: [amf] INFO: [imsi-999706907267132] Registration complete (../src/amf/gmm-sm.c:1050)
07/07 16:47:45.333: [amf] INFO: InitialUEMessage [suci-0-999-70-0000-0-0-9775674972] Registration request (../src/amf/ngap-handler.c:401)
07/07 16:47:45.370: [amf] INFO: [imsi-999709775674972] Registration complete (../src/amf/gmm-sm.c:1050)
07/07 16:48:23.171: [amf] INFO: InitialUEMessage [suci-0-999-70-0000-0-0-2055854405] Registration request (../src/amf/ngap-handler.c:401)
07/07 16:48:23.234: [amf] INFO: [imsi-999702055854405] Registration complete (../src/amf/gmm-sm.c:1050)
07/07 16:48:55.675: [amf] INFO: InitialUEMessage [suci-0-999-70-0000-0-0-4586915545] Registration request (../src/amf/ngap-handler.c:401)
07/07 16:48:55.736: [amf] INFO: [imsi-999704586915545] Registration complete (../src/amf/gmm-sm.c:1050)
07/07 16:49:31.147: [amf] INFO: InitialUEMessage [suci-0-999-70-0000-0-0-8032549912] Registration request (../src/amf/ngap-handler.c:401)
07/07 16:49:31.207: [amf] INFO: [imsi-999708032549912] Registration complete (../src/amf/gmm-sm.c:1050)
07/07 16:49:34.523: [amf] INFO: InitialUEMessage [suci-0-999-70-0000-0-0-0398660291] Registration request (../src/amf/ngap-handler.c:401)
07/07 16:49:34.569: [amf] INFO: [imsi-999700398660291] Registration complete (../src/amf/gmm-sm.c:1050)
07/07 16:49:51.894: [amf] INFO: InitialUEMessage [suci-0-999-70-0000-0-0-8036522842] Registration request (../src/amf/ngap-handler.c:401)
07/07 16:49:51.933: [amf] INFO: [imsi-999708036522842] Registration complete (../src/amf/gmm-sm.c:1050)
07/07 16:50:34.453: [amf] INFO: InitialUEMessage [suci-0-999-70-0000-0-0-4768073292] Registration request (../src/amf/ngap-handler.c:401)
07/07 16:50:34.476: [amf] INFO: [imsi-999704768073292] Registration complete (../src/amf/gmm-sm.c:1050)
07/07 16:51:33.322: [amf] INFO: InitialUEMessage [suci-0-999-70-0000-0-0-2929592476] Registration request (../src/amf/ngap-handler.c:401)
07/07 16:51:33.367: [amf] INFO: [imsi-999702929592476] Registration complete (../src/amf/gmm-sm.c:1050)
07/07 16:51:43.047: [amf] INFO: InitialUEMessage [suci-0-999-70-0000-0-0-2367500537] Registration request (../src/amf/ngap-handler.c:401)
07/07 16:51:43.081: [amf] INFO: [imsi-999702367500537] Registration complete (../src/amf/gmm-sm.c:1050)
07/07 16:52:14.972: [amf] INFO: InitialUEMessage [suci-0-999-70-0000-0-0-5383276187] Registration request (../src/amf/ngap-handler.c:401)
07/07 16:52:15.020: [amf] INFO: [imsi-999705383276187] Registration complete (../src/amf/gmm-sm.c:1050)
07/07 16:52:24.259: [amf] INFO: InitialUEMessage [suci-0-999-70-0000-0-0-8684884587] Registration request (../src/amf/ngap-handler.c:401)
07/07 16:52:24.321: [amf] INFO: [imsi-999708684884587] Registration complete (../src/amf/gmm-sm.c:1050)
07/07 16:53:02.725: [amf] INFO: InitialUEMessage [suci-0-999-70-0000-0-0-7394135341] Registration request (../src/amf/ngap-handler.c:401)
07/07 16:53:02.795: [amf] INFO: [imsi-999707394135341] Registration complete (../src/amf/gmm-sm.c:1050)
07/07 16:54:33.642: [amf] INFO: InitialUEMessage [suci-0-999-70-0000-0-0-8235785350] Registration request (../src/amf/ngap-handler.c:401)
07/07 16:54:33.702: [amf] INFO: [imsi-999708235785350] Registration complete (../src/amf/gmm-sm.c:1050)
07/07 16:54:38.547: [amf] INFO: InitialUEMessage [suci-0-999-70-0000-0-0-9225577477] Registration request (../src/amf/ngap-handler.c:401)
07/07 16:54:38.586: [amf] INFO: [imsi-999709225577477] Registration complete (../src/amf/gmm-sm.c:1050)
07/07 16:55:23.085: [amf] INFO: InitialUEMessage [suci-0-999-70-0000-0-0-7368985128] Registration request (../src/amf/ngap-handler.c:401)
07/07 16:55:23.136: [amf] INFO: [imsi-999707368985128] Registration complete (../src/amf/gmm-sm.c:1050)
07/07 16:56:37.677: [amf] INFO: InitialUEMessage [suci-0-999-70-0000-0-0-1347055809] Registration request (../src/amf/ngap-handler.c:401)
07/07 16:56:37.714: [amf] INFO: [imsi-999701347055809] Registration complete (../src/amf/gmm-sm.c:1050)
07/07 16:57:05.723: [amf] INFO: InitialUEMessage [suci-0-999-70-0000-0-0-5510280392] Registration request (../src/amf/ngap-handler.c:401)
07/07 16:57:05.761: [amf] INFO: [imsi-999705510280392] Registration complete (../src/amf/gmm-sm.c:1050)
07/07 16:57:22.254: [amf] INFO: InitialUEMessage [suci-0-999-70-0000-0-0-8996526239] Registration request (../src/amf/ngap-handler.c:401)
07/07 16:57:22.281: [amf] INFO: [imsi-999708996526239] Registration complete (../src/amf/gmm-sm.c:1050)
07/07 16:57:41.977: [amf] INFO: InitialUEMessage [suci-0-999-70-0000-0-0-5810177437] Registration request (../src/amf/ngap-handler.c:401)
07/07 16:57:42.016: [amf] INFO: [imsi-999705810177437] Registration complete (../src/amf/gmm-sm.c:1050)
07/07 16:57:50.556: [amf] INFO: InitialUEMessage [suci-0-999-70-0000-0-0-2140643830] Registration request (../src/amf/ngap-handler.c:401)
07/07 16:57:50.607: [amf] INFO: [imsi-999702140643830] Registration complete (../src/amf/gmm-sm.c:1050)
07/07 16:58:06.977: [amf] INFO: InitialUEMessage [suci-0-999-70-0000-0-0-4044854181] Registration request (../src/amf/ngap-handler.c:401)
07/07 16:58:07.034: [amf] INFO: [imsi-999704044854181] Registration complete (../src/amf/gmm-sm.c:1050)
07/07 16:59:12.946: [amf] INFO: InitialUEMessage [suci-0-999-70-0000-0-0-2977595021] Registration request (../src/amf/ngap-handler.c:401)
07/07 16:59:12.982: [amf] INFO: [imsi-999702977595021] Registration complete (../src/amf/gmm-sm.c:1050)
07/07 16:59:23.227: [amf] INFO: InitialUEMessage [suci-0-999-70-0000-0-0-2466840146] Registration request (../src/amf/ngap-handler.c:401)
07/07 16:59:23.270: [amf] INFO: [imsi-999702466840146] Registration complete (../src/amf/gmm-sm.c:1050)
07/07 16:59:40.823: [amf] INFO: InitialUEMessage [suci-0-999-70-0000-0-0-9048481786] Registration request (../src/amf/ngap-handler.c:401)
07/07 16:59:40.870: [amf] INFO: [imsi-999709048481786] Registration complete (../src/amf/gmm-sm.c:1050)
07/07 17:01:12.241: [amf] INFO: InitialUEMessage [suci-0-999-70-0000-0-0-4401362537] Registration request (../src/amf/ngap-handler.c:401)
07/07 17:01:12.288: [amf] INFO: [imsi-999704401362537] Registration complete (../src/amf/gmm-sm.c:1050)
07/07 17:02:17.191: [amf] INFO: InitialUEMessage [suci-0-999-70-0000-0-0-1558576772] Registration request (../src/amf/ngap-handler.c:401)
07/07 17:02:17.257: [amf] INFO: [imsi-999701558576772] Registration complete (../src/amf/gmm-sm.c:1050)
07/07 17:02:24.139: [amf] INFO: InitialUEMessage [suci-0-999-70-0000-0-0-4574151104] Registration request (../src/amf/ngap-handler.c:401)
07/07 17:02:24.196: [amf] INFO: [imsi-999704574151104] Registration complete (../src/amf/gmm-sm.c:1050)
07/07 17:03:50.466: [amf] INFO: InitialUEMessage [suci-0-999-70-0000-0-0-9352822222] Registration request (../src/amf/ngap-handler.c:401)
07/07 17:03:50.517: [amf] INFO: [imsi-999709352822222] Registration complete (../src/amf/gmm-sm.c:1050)
07/07 17:04:18.379: [amf] INFO: InitialUEMessage [suci-0-999-70-0000-0-0-6304572546] Registration request (../src/amf/ngap-handler.c:401)
07/07 17:04:18.423: [amf] INFO: [imsi-999706304572546] Registration complete (../src/amf/gmm-sm.c:1050)
07/07 17:04:20.525: [amf] INFO: InitialUEMessage [suci-0-999-70-0000-0-0-4223085275] Registration request (../src/amf/ngap-handler.c:401)
07/07 17:04:20.548: [amf] INFO: [imsi-999704223085275] Registration complete (../src/amf/gmm-sm.c:1050)
07/07 17:05:19.613: [amf] INFO: InitialUEMessage [suci-0-999-70-0000-0-0-2276250896] Registration request (../src/amf/ngap-handler.c:401)
07/07 17:05:19.671: [amf] INFO: [imsi-999702276250896] Registration complete (../src/amf/gmm-sm.c:1050)
07/07 17:05:34.613: [amf] INFO: InitialUEMessage [suci-0-999-70-0000-0-0-6446866325] Registration request (../src/amf/ngap-handler.c:401)
07/07 17:05:34.654: [amf] INFO: [imsi-999706446866325] Registration complete (../src/amf/gmm-sm.c:1050)
07/07 17:06:33.595: [amf] INFO: InitialUEMessage [suci-0-999-70-0000-0-0-9571010247] Registration request (../src/amf/ngap-handler.c:401)
07/07 17:06:33.623: [amf] INFO: [imsi-999709571010247] Registration complete (../src/amf/gmm-sm.c:1050)
07/07 17:07:13.936: [amf] INFO: InitialUEMessage [suci-0-999-70-0000-0-0-4110004733] Registration request (../src/amf/ngap-handler.c:401)
07/07 17:07:13.969: [amf] INFO: [imsi-999704110004733] Registration complete (../src/amf/gmm-sm.c:1050)
07/07 17:07:20.433: [amf] INFO: InitialUEMessage [suci-0-999-70-0000-0-0-3609021077] Registration request (../src/amf/ngap-handler.c:401)
07/07 17:07:20.485: [amf] INFO: [imsi-999703609021077] Registration complete (../src/amf/gmm-sm.c:1050)
07/07 17:07:40.147: [amf] INFO: InitialUEMessage [suci-0-999-70-0000-0-0-3418616094] Registration request (../src/amf/ngap-handler.c:401)
07/07 17:07:40.193: [amf] INFO: [imsi-999703418616094] Registration complete (../src/amf/gmm-sm.c:1050)
07/07 17:07:56.255: [amf] INFO: InitialUEMessage [suci-0-999-70-0000-0-0-9371336362] Registration request (../src/amf/ngap-handler.c:401)
07/07 17:07:56.308: [amf] INFO: [imsi-999709371336362] Registration complete (../src/amf/gmm-sm.c:1050)
07/07 17:08:02.243: [amf] INFO: InitialUEMessage [suci-0-999-70-0000-0-0-6362771235] Registration request (../src/amf/ngap-handler.c:401)
07/07 17:08:02.304: [amf] INFO: [imsi-999706362771235] Registration complete (../src/amf/gmm-sm.c:1050)
07/07 17:08:19.655: [amf] INFO: InitialUEMessage [suci-0-999-70-0000-0-0-5309871902] Registration request (../src/amf/ngap-handler.c:401)
07/07 17:08:19.689: [amf] INFO: [imsi-999705309871902] Registration complete (../src/amf/gmm-sm.c:1050)
07/07 17:08:26.469: [amf] INFO: InitialUEMessage [suci-0-999-70-0000-0-0-6520175433] Registration request (../src/amf/ngap-handler.c:401)
07/07 17:08:26.528: [amf] INFO: [imsi-999706520175433] Registration complete (../src/amf/gmm-sm.c:1050)
07/07 17:08:49.733: [amf] INFO: InitialUEMessage [suci-0-999-70-0000-0-0-0522627200] Registration request (../src/amf/ngap-handler.c:401)
07/07 17:08:49.765: [amf] INFO: [imsi-999700522627200] Registration complete (../src/amf/gmm-sm.c:1050)
07/07 17:09:46.453: [amf] INFO: InitialUEMessage [suci-0-999-70-0000-0-0-7561709965] Registration request (../src/amf/ngap-handler.c:401)
07/07 17:09:46.508: [amf] INFO: [imsi-999707561709965] Registration complete (../src/amf/gmm-sm.c:1050)
07/07 17:11:41.723: [amf] INFO: InitialUEMessage [suci-0-999-70-0000-0-0-3129148469] Registration request (../src/amf/ngap-handler.c:401)
07/07 17:11:41.758: [amf] INFO: [imsi-999703129148469] Registration complete (../src/amf/gmm-sm.c:1050)
07/07 17:11:57.526: [amf] INFO: InitialUEMessage [suci-0-999-70-0000-0-0-9770675184] Registration request (../src/amf/ngap-handler.c:401)
07/07 17:11:57.589: [amf] INFO: [imsi-999709770675184] Registration complete (../src/amf/gmm-sm.c:1050)
07/07 17:13:16.605: [amf] INFO: InitialUEMessage [suci-0-999-70-0000-0-0-3147494647] Registration request (../src/amf/ngap-handler.c:401)
07/07 17:13:16.640: [amf] INFO: [imsi-999703147494647] Registration complete (../src/amf/gmm-sm.c:1050)
07/07 17:14:37.631: [amf] INFO: InitialUEMessage [suci-0-999-70-0000-0-0-2246337984] Registration request (../src/amf/ngap-handler.c:401)
07/07 17:14:37.690: [amf] INFO: [imsi-999702246337984] Registration complete (../src/amf/gmm-sm.c:1050)
07/07 17:14:41.887: [amf] INFO: InitialUEMessage [suci-0-999-70-0000-0-0-6555740926] Registration request (../src/amf/ngap-handler.c:401)
07/07 17:14:41.917: [amf] INFO: [imsi-999706555740926] Registration complete (../src/amf/gmm-sm.c:1050)
07/07 17:14:57.789: [amf] INFO: InitialUEMessage [suci-0-999-70-0000-0-0-8897615736] Registration request (../src/amf/ngap-handler.c:401)
07/07 17:14:57.832: [amf] INFO: [imsi-999708897615736] Registration complete (../src/amf/gmm-sm.c:1050)
07/07 17:15:46.176: [amf] INFO: InitialUEMessage [suci-0-999-70-0000-0-0-9492932770] Registration request (../src/amf/ngap-handler.c:401)
07/07 17:15:46.226: [amf] INFO: [imsi-999709492932770] Registration complete (../src/amf/gmm-sm.c:1050)
07/07 17:16:31.519: [amf] INFO: InitialUEMessage [suci-0-999-70-0000-0-0-8679639106] Registration request (../src/amf/ngap-handler.c:401)
07/07 17:16:31.562: [amf] INFO: [imsi-999708679639106] Registration complete (../src/amf/gmm-sm.c:1050)
07/07 17:17:34.776: [amf] INFO: InitialUEMessage [suci-0-999-70-0000-0-0-1231826698] Registration request (../src/amf/ngap-handler.c:401)
07/07 17:17:34.822: [amf] INFO: [imsi-999701231826698] Registration complete (../src/amf/gmm-sm.c:1050)
07/07 17:18:00.546: [amf] INFO: InitialUEMessage [suci-0-999-70-0000-0-0-3356400988] Registration request (../src/amf/ngap-handler.c:401)
07/07 17:18:00.591: [amf] INFO: [imsi-999703356400988] Registration complete (../src/amf/gmm-sm.c:1050)
07/07 17:18:26.528: [amf] INFO: InitialUEMessage [suci-0-999-70-0000-0-0-7156761290] Registration request (../src/amf/ngap-handler.c:401)
07/07 17:18:26.561: [amf] INFO: [imsi-999707156761290] Registration complete (../src/amf/gmm-sm.c:1050)
07/07 17:18:36.552: [amf] INFO: InitialUEMessage [suci-0-999-70-0000-0-0-2165803161] Registration request (../src/amf/ngap-handler.c:401)
07/07 17:18:36.580: [amf] INFO: [imsi-999702165803161] Registration complete (../src/amf/gmm-sm.c:1050)
07/07 17:19:57.684: [amf] INFO: InitialUEMessage [suci-0-999-70-0000-0-0-6659596351] Registration request (../src/amf/ngap-handler.c:401)
07/07 17:19:57.719: [amf] INFO: [imsi-999706659596351] Registration complete (../src/amf/gmm-sm.c:1050)
07/07 17:20:19.172: [amf] INFO: InitialUEMessage [suci-0-999-70-0000-0-0-5254759189] Registration request (../src/amf/ngap-handler.c:401)
07/07 17:20:19.219: [amf] INFO: [imsi-999705254759189] Registration complete (../src/amf/gmm-sm.c:1050)
07/07 17:20:36.921: [amf] INFO: InitialUEMessage [suci-0-999-70-0000-0-0-9688276917] Registration request (../src/amf/ngap-handler.c:401)
07/07 17:20:36.966: [amf] INFO: [imsi-999709688276917] Registration complete (../src/amf/gmm-sm.c:1050)
07/07 17:20:46.785: [amf] INFO: InitialUEMessage [suci-0-999-70-0000-0-0-3491945606] Registration request (../src/amf/ngap-handler.c:401)
07/07 17:20:46.838: [amf] INFO: [imsi-999703491945606] Registration complete (../src/amf/gmm-sm.c:1050)
07/07 17:21:03.825: [amf] INFO: InitialUEMessage [suci-0-999-70-0000-0-0-2338035306] Registration request (../src/amf/ngap-handler.c:401)
07/07 17:21:03.878: [amf] INFO: [imsi-999702338035306] Registration complete (../src/amf/gmm-sm.c:1050)
07/07 17:22:12.100: [amf] INFO: InitialUEMessage [suci-0-999-70-0000-0-0-0133831428] Registration request (../src/amf/ngap-handler.c:401)
07/07 17:22:12.145: [amf] WARNING: [imsi-999700133831428] Registration reject (../src/amf/gmm-handler.c:230)
07/07 17:22:57.194: [amf] INFO: InitialUEMessage [suci-0-999-70-0000-0-0-1881350913] Registration request (../src/amf/ngap-handler.c:401)
07/07 17:22:57.237: [amf] INFO: [imsi-999701881350913] Registration complete (../src/amf/gmm-sm.c:1050)
07/07 17:23:57.228: [amf] INFO: InitialUEMessage [suci-0-999-70-0000-0-0-5340400989] Registration request (../src/amf/ngap-handler.c:401)
07/07 17:23:57.292: [amf] INFO: [imsi-999705340400989] Registration complete (../src/amf/gmm-sm.c:1050)
07/07 17:23:57.531: [amf] INFO: InitialUEMessage [suci-0-999-70-0000-0-0-1228255378] Registration request (../src/amf/ngap-handler.c:401)
07/07 17:23:57.598: [amf] INFO: [imsi-999701228255378] Registration complete (../src/amf/gmm-sm.c:1050)
07/07 17:24:09.098: [amf] INFO: InitialUEMessage [suci-0-999-70-0000-0-0-7224513597] Registration request (../src/amf/ngap-handler.c:401)
07/07 17:24:09.146: [amf] INFO: [imsi-999707224513597] Registration complete (../src/amf/gmm-sm.c:1050)
07/07 17:26:38.736: [amf] INFO: InitialUEMessage [suci-0-999-70-0000-0-0-3304176019] Registration request (../src/amf/ngap-handler.c:401)
07/07 17:26:38.785: [amf] INFO: [imsi-999703304176019] Registration complete (../src/amf/gmm-sm.c:1050)
07/07 17:26:39.871: [amf] INFO: InitialUEMessage [suci-0-999-70-0000-0-0-1568008317] Registration request (../src/amf/ngap-handler.c:401)
07/07 17:26:39.910: [amf] INFO: [imsi-999701568008317] Registration complete (../src/amf/gmm-sm.c:1050)
07/07 17:27:05.272: [amf] INFO: InitialUEMessage [suci-0-999-70-0000-0-0-1829143918] Registration request (../src/amf/ngap-handler.c:401)
07/07 17:27:05.319: [amf] INFO: [imsi-999701829143918] Registration complete (../src/amf/gmm-sm.c:1050)
07/07 17:27:15.925: [amf] INFO: InitialUEMessage [suci-0-999-70-0000-0-0-6851090171] Registration request (../src/amf/ngap-handler.c:401)
07/07 17:27:15.975: [amf] INFO: [imsi-999706851090171] Registration complete (../src/amf/gmm-sm.c:1050)
07/07 17:27:29.593: [amf] INFO: InitialUEMessage [suci-0-999-70-0000-0-0-7154167723] Registration request (../src/amf/ngap-handler.c:401)
07/07 17:27:29.640: [amf] INFO: [imsi-999707154167723] Registration complete (../src/amf/gmm-sm.c:1050)
07/07 17:27:36.269: [amf] INFO: InitialUEMessage [suci-0-999-70-0000-0-0-0188704674] Registration request (../src/amf/ngap-handler.c:401)
07/07 17:27:36.309: [amf] INFO: [imsi-999700188704674] Registration complete (../src/amf/gmm-sm.c:1050)
07/07 17:27:45.900: [amf] INFO: InitialUEMessage [suci-0-999-70-0000-0-0-9709471162] Registration request (../src/amf/ngap-handler.c:401)
07/07 17:27:45.966: [amf] INFO: [imsi-999709709471162] Registration complete (../src/amf/gmm-sm.c:1050)
07/07 17:27:59.127: [amf] INFO: InitialUEMessage [suci-0-999-70-0000-0-0-1189444597] Registration request (../src/amf/ngap-handler.c:401)
07/07 17:27:59.169: [amf] INFO: [imsi-999701189444597] Registration complete (../src/amf/gmm-sm.c:1050)
07/07 17:28:11.193: [amf] INFO: InitialUEMessage [suci-0-999-70-0000-0-0-2621652527] Registration request (../src/amf/ngap-handler.c:401)
07/07 17:28:11.241: [amf] INFO: [imsi-999702621652527] Registration complete (../src/amf/gmm-sm.c:1050)
07/07 17:28:18.303: [amf] INFO: InitialUEMessage [suci-0-999-70-0000-0-0-2646445478] Registration request (../src/amf/ngap-handler.c:401)
07/07 17:28:18.339: [amf] INFO: [imsi-999702646445478] Registration complete (../src/amf/gmm-sm.c:1050)
07/07 17:28:55.491: [amf] INFO: InitialUEMessage [suci-0-999-70-0000-0-0-0233143380] Registration request (../src/amf/ngap-handler.c:401)
07/07 17:28:55.531: [amf] INFO: [imsi-999700233143380] Registration complete (../src/amf/gmm-sm.c:1050)
07/07 17:30:02.766: [amf] INFO: InitialUEMessage [suci-0-999-70-0000-0-0-3968344472] Registration request (../src/amf/ngap-handler.c:401)
07/07 17:30:02.807: [amf] INFO: [imsi-999703968344472] Registration complete (../src/amf/gmm-sm.c:1050)
07/07 17:30:48.335: [amf] INFO: InitialUEMessage [suci-0-999-70-0000-0-0-9911758099] Registration request (../src/amf/ngap-handler.c:401)
07/07 17:30:48.371: [amf] INFO: [imsi-999709911758099] Registration complete (../src/amf/gmm-sm.c:1050)
07/07 17:32:54.190: [amf] INFO: InitialUEMessage [suci-0-999-70-0000-0-0-9406074404] Registration request (../src/amf/ngap-handler.c:401)
07/07 17:32:54.238: [amf] INFO: [imsi-999709406074404] Registration complete (../src/amf/gmm-sm.c:1050)
07/07 17:33:20.165: [amf] INFO: InitialUEMessage [suci-0-999-70-0000-0-0-3597133665] Registration request (../src/amf/ngap-handler.c:401)
07/07 17:33:20.215: [amf] INFO: [imsi-999703597133665] Registration complete (../src/amf/gmm-sm.c:1050)
07/07 17:33:30.394: [amf] INFO: InitialUEMessage [suci-0-999-70-0000-0-0-0589189735] Registration request (../src/amf/ngap-handler.c:401)
07/07 17:33:30.455: [amf] INFO: [imsi-999700589189735] Registration complete (../src/amf/gmm-sm.c:1050)
07/07 17:34:28.139: [amf] INFO: InitialUEMessage [suci-0-999-70-0000-0-0-9237114625] Registration request (../src/amf/ngap-handler.c:401)
07/07 17:34:28.180: [amf] INFO: [imsi-999709237114625] Registration complete (../src/amf/gmm-sm.c:1050)
07/07 17:34:54.326: [amf] INFO: InitialUEMessage [suci-0-999-70-0000-0-0-6331925453] Registration request (../src/amf/ngap-handler.c:401)
07/07 17:34:54.384: [amf] INFO: [imsi-999706331925453] Registration complete (../src/amf/gmm-sm.c:1050)
07/07 17:35:18.296: [amf] INFO: InitialUEMessage [suci-0-999-70-0000-0-0-1831987680] Registration request (../src/amf/ngap-handler.c:401)
07/07 17:35:18.339: [amf] INFO: [imsi-999701831987680] Registration complete (../src/amf/gmm-sm.c:1050)
07/07 17:35:42.817: [amf] INFO: InitialUEMessage [suci-0-999-70-0000-0-0-4955546267] Registration request (../src/amf/ngap-handler.c:401)
07/07 17:35:42.882: [amf] INFO: [imsi-999704955546267] Registration complete (../src/amf/gmm-sm.c:1050)
07/07 17:37:15.017: [amf] INFO: InitialUEMessage [suci-0-999-70-0000-0-0-1374757360] Registration request (../src/amf/ngap-handler.c:401)
07/07 17:37:15.058: [amf] INFO: [imsi-999701374757360] Registration complete (../src/amf/gmm-sm.c:1050)
07/07 17:37:18.129: [amf] INFO: InitialUEMessage [suci-0-999-70-0000-0-0-1306680651] Registration request (../src/amf/ngap-handler.c:401)
07/07 17:37:18.178: [amf] INFO: [imsi-999701306680651] Registration complete (../src/amf/gmm-sm.c:1050)
07/07 17:37:18.327: [amf] WARNING: [imsi-999701306680651] PDU Session Establishment reject [PSI:1 Cause: Network failure] (../src/amf/nsmf-handler.c:520)
07/07 17:37:21.157: [amf] INFO: InitialUEMessage [suci-0-999-70-0000-0-0-6259105562] Registration request (../src/amf/ngap-handler.c:401)
07/07 17:37:21.198: [amf] INFO: [imsi-999706259105562] Registration complete (../src/amf/gmm-sm.c:1050)
07/07 17:37:35.574: [amf] INFO: InitialUEMessage [suci-0-999-70-0000-0-0-0493759996] Registration request (../src/amf/ngap-handler.c:401)
07/07 17:37:35.628: [amf] INFO: [imsi-999700493759996] Registration complete (../src/amf/gmm-sm.c:1050)
07/07 17:40:47.084: [amf] INFO: InitialUEMessage [suci-0-999-70-0000-0-0-1413445088] Registration request (../src/amf/ngap-handler.c:401)
07/07 17:40:47.138: [amf] INFO: [imsi-999701413445088] Registration complete (../src/amf/gmm-sm.c:1050)
07/07 17:41:37.892: [amf] INFO: InitialUEMessage [suci-0-999-70-0000-0-0-1133739846] Registration request (../src/amf/ngap-handler.c:401)
07/07 17:41:37.928: [amf] INFO: [imsi-999701133739846] Registration complete (../src/amf/gmm-sm.c:1050)
07/07 17:41:52.044: [amf] INFO: InitialUEMessage [suci-0-999-70-0000-0-0-5931643092] Registration request (../src/amf/ngap-handler.c:401)
07/07 17:41:52.092: [amf] INFO: [imsi-999705931643092] Registration complete (../src/amf/gmm-sm.c:1050)
07/07 17:42:20.366: [amf] INFO: InitialUEMessage [suci-0-999-70-0000-0-0-5406331936] Registration request (../src/amf/ngap-handler.c:401)
07/07 17:42:20.420: [amf] INFO: [imsi-999705406331936] Registration complete (../src/amf/gmm-sm.c:1050)
07/07 17:43:21.432: [amf] INFO: InitialUEMessage [suci-0-999-70-0000-0-0-1723759257] Registration request (../src/amf/ngap-handler.c:401)
07/07 17:43:21.475: [amf] INFO: [imsi-999701723759257] Registration complete (../src/amf/gmm-sm.c:1050)
07/07 17:43:22.863: [amf] INFO: InitialUEMessage [suci-0-999-70-0000-0-0-1994797807] Registration request (../src/amf/ngap-handler.c:401)
07/07 17:43:22.907: [amf] INFO: [imsi-999701994797807] Registration complete (../src/amf/gmm-sm.c:1050)
07/07 17:44:36.438: [amf] INFO: InitialUEMessage [suci-0-999-70-0000-0-0-6760164997] Registration request (../src/amf/ngap-handler.c:401)
07/07 17:44:36.503: [amf] INFO: [imsi-999706760164997] Registration complete (../src/amf/gmm-sm.c:1050)
07/07 17:45:43.390: [amf] INFO: InitialUEMessage [suci-0-999-70-0000-0-0-5629648699] Registration request (../src/amf/ngap-handler.c:401)
07/07 17:45:43.429: [amf] INFO: [imsi-999705629648699] Registration complete (../src/amf/gmm-sm.c:1050)
07/07 17:46:41.765: [amf] INFO: InitialUEMessage [suci-0-999-70-0000-0-0-7143260893] Registration request (../src/amf/ngap-handler.c:401)
07/07 17:46:41.820: [amf] INFO: [imsi-999707143260893] Registration complete (../src/amf/gmm-sm.c:1050)
07/07 17:46:47.291: [amf] INFO: InitialUEMessage [suci-0-999-70-0000-0-0-3548235065] Registration request (../src/amf/ngap-handler.c:401)
07/07 17:46:47.336: [amf] INFO: [imsi-999703548235065] Registration complete (../src/amf/gmm-sm.c:1050)
07/07 17:46:55.476: [amf] INFO: InitialUEMessage [suci-0-999-70-0000-0-0-9219441783] Registration request (../src/amf/ngap-handler.c:401)
07/07 17:46:55.539: [amf] INFO: [imsi-999709219441783] Registration complete (../src/amf/gmm-sm.c:1050)
07/07 17:47:44.139: [amf] INFO: InitialUEMessage [suci-0-999-70-0000-0-0-0626099095] Registration request (../src/amf/ngap-handler.c:401)
07/07 17:47:44.179: [amf] INFO: [imsi-999700626099095] Registration complete (../src/amf/gmm-sm.c:1050)
07/07 17:49:00.156: [amf] INFO: InitialUEMessage [suci-0-999-70-0000-0-0-0556028619] Registration request (../src/amf/ngap-handler.c:401)
07/07 17:49:00.190: [amf] INFO: [imsi-999700556028619] Registration complete (../src/amf/gmm-sm.c:1050)
07/07 17:49:00.713: [amf] INFO: InitialUEMessage [suci-0-999-70-0000-0-0-6527569905] Registration request (../src/amf/ngap-handler.c:401)
07/07 17:49:00.770: [amf] INFO: [imsi-999706527569905] Registration complete (../src/amf/gmm-sm.c:1050)
07/07 17:49:49.751: [amf] INFO: InitialUEMessage [suci-0-999-70-0000-0-0-0602816650] Registration request (../src/amf/ngap-handler.c:401)
07/07 17:49:49.802: [amf] INFO: [imsi-999700602816650] Registration complete (../src/amf/gmm-sm.c:1050)
07/07 17:50:20.508: [amf] INFO: InitialUEMessage [suci-0-999-70-0000-0-0-7696090479] Registration request (../src/amf/ngap-handler.c:401)
07/07 17:50:20.552: [amf] INFO: [imsi-999707696090479] Registration complete (../src/amf/gmm-sm.c:1050)
07/07 17:50:28.777: [amf] INFO: InitialUEMessage [suci-0-999-70-0000-0-0-9062702854] Registration request (../src/amf/ngap-handler.c:401)
07/07 17:50:28.817: [amf] INFO: [imsi-999709062702854] Registration complete (../src/amf/gmm-sm.c:1050)
07/07 17:50:42.325: [amf] INFO: InitialUEMessage [suci-0-999-70-0000-0-0-8377110109] Registration request (../src/amf/ngap-handler.c:401)
07/07 17:50:42.368: [amf] INFO: [imsi-999708377110109] Registration complete (../src/amf/gmm-sm.c:1050)
07/07 17:50:44.581: [amf] INFO: InitialUEMessage [suci-0-999-70-0000-0-0-0484207935] Registration request (../src/amf/ngap-handler.c:401)
07/07 17:50:44.604: [amf] INFO: [imsi-999700484207935] Registration complete (../src/amf/gmm-sm.c:1050)
07/07 17:51:46.100: [amf] INFO: InitialUEMessage [suci-0-999-70-0000-0-0-5561256560] Registration request (../src/amf/ngap-handler.c:401)
07/07 17:51:46.134: [amf] INFO: [imsi-999705561256560] Registration complete (../src/amf/gmm-sm.c:1050)
07/07 17:52:53.319: [amf] INFO: InitialUEMessage [suci-0-999-70-0000-0-0-2389903897] Registration request (../src/amf/ngap-handler.c:401)
07/07 17:52:53.383: [amf] INFO: [imsi-999702389903897] Registration complete (../src/amf/gmm-sm.c:1050)
07/07 17:53:57.329: [amf] INFO: InitialUEMessage [suci-0-999-70-0000-0-0-1991919712] Registration request (../src/amf/ngap-handler.c:401)
07/07 17:53:57.362: [amf] INFO: [imsi-999701991919712] Registration complete (../src/amf/gmm-sm.c:1050)
07/07 17:54:28.538: [amf] INFO: InitialUEMessage [suci-0-999-70-0000-0-0-7555284615] Registration request (../src/amf/ngap-handler.c:401)
07/07 17:54:28.591: [amf] INFO: [imsi-999707555284615] Registration complete (../src/amf/gmm-sm.c:1050)
07/07 17:55:51.538: [amf] INFO: InitialUEMessage [suci-0-999-70-0000-0-0-6857018027] Registration request (../src/amf/ngap-handler.c:401)
07/07 17:55:51.572: [amf] INFO: [imsi-999706857018027] Registration complete (../src/amf/gmm-sm.c:1050)
07/07 17:56:05.251: [amf] INFO: InitialUEMessage [suci-0-999-70-0000-0-0-4731210712] Registration request (../src/amf/ngap-handler.c:401)
07/07 17:56:05.317: [amf] INFO: [imsi-999704731210712] Registration complete (../src/amf/gmm-sm.c:1050)
07/07 17:56:11.855: [amf] INFO: InitialUEMessage [suci-0-999-70-0000-0-0-4822463298] Registration request (../src/amf/ngap-handler.c:401)
07/07 17:56:11.893: [amf] INFO: [imsi-999704822463298] Registration complete (../src/amf/gmm-sm.c:1050)
07/07 17:56:30.987: [amf] INFO: InitialUEMessage [suci-0-999-70-0000-0-0-5941911288] Registration request (../src/amf/ngap-handler.c:401)
07/07 17:56:31.019: [amf] INFO: [imsi-999705941911288] Registration complete (../src/amf/gmm-sm.c:1050)
07/07 17:56:47.063: [amf] INFO: InitialUEMessage [suci-0-999-70-0000-0-0-1195700309] Registration request (../src/amf/ngap-handler.c:401)
07/07 17:56:47.100: [amf] INFO: [imsi-999701195700309] Registration complete (../src/amf/gmm-sm.c:1050)
07/07 17:57:44.315: [amf] INFO: InitialUEMessage [suci-0-999-70-0000-0-0-9179961899] Registration request (../src/amf/ngap-handler.c:401)
07/07 17:57:44.366: [amf] INFO: [imsi-999709179961899] Registration complete (../src/amf/gmm-sm.c:1050)
07/07 17:57:49.154: [amf] INFO: InitialUEMessage [suci-0-999-70-0000-0-0-2990463750] Registration request (../src/amf/ngap-handler.c:401)
07/07 17:57:49.196: [amf] INFO: [imsi-999702990463750] Registration complete (../src/amf/gmm-sm.c:1050)
07/07 17:58:13.260: [amf] INFO: InitialUEMessage [suci-0-999-70-0000-0-0-9480437324] Registration request (../src/amf/ngap-handler.c:401)
07/07 17:58:13.299: [amf] INFO: [imsi-999709480437324] Registration complete (../src/amf/gmm-sm.c:1050)
07/07 17:58:23.122: [amf] INFO: InitialUEMessage [suci-0-999-70-0000-0-0-7516152322] Registration request (../src/amf/ngap-handler.c:401)
07/07 17:58:23.168: [amf] INFO: [imsi-999707516152322] Registration complete (../src/amf/gmm-sm.c:1050)
07/07 17:58:30.564: [amf] INFO: InitialUEMessage [suci-0-999-70-0000-0-0-6632235839] Registration request (../src/amf/ngap-handler.c:401)
07/07 17:58:30.630: [amf] INFO: [imsi-999706632235839] Registration complete (../src/amf/gmm-sm.c:1050)
07/07 17:59:55.458: [amf] INFO: InitialUEMessage [suci-0-999-70-0000-0-0-0603373925] Registration request (../src/amf/ngap-handler.c:401)
07/07 17:59:55.501: [amf] INFO: [imsi-999700603373925] Registration complete (../src/amf/gmm-sm.c:1050)
07/07 18:00:01.511: [amf] INFO: InitialUEMessage [suci-0-999-70-0000-0-0-6137447322] Registration request (../src/amf/ngap-handler.c:401)
07/07 18:00:01.554: [amf] INFO: [imsi-999706137447322] Registration complete (../src/amf/gmm-sm.c:1050)
07/07 18:00:28.027: [amf] INFO: InitialUEMessage [suci-0-999-70-0000-0-0-0804035891] Registration request (../src/amf/ngap-handler.c:401)
07/07 18:00:28.056: [amf] INFO: [imsi-999700804035891] Registration complete (../src/amf/gmm-sm.c:1050)
07/07 18:00:42.428: [amf] INFO: InitialUEMessage [suci-0-999-70-0000-0-0-1350823194] Registration request (../src/amf/ngap-handler.c:401)
07/07 18:00:42.477: [amf] INFO: [imsi-999701350823194] Registration complete (../src/amf/gmm-sm.c:1050)
07/07 18:00:58.302: [amf] INFO: InitialUEMessage [suci-0-999-70-0000-0-0-0337824669] Registration request (../src/amf/ngap-handler.c:401)
07/07 18:00:58.350: [amf] INFO: [imsi-999700337824669] Registration complete (../src/amf/gmm-sm.c:1050)
07/07 18:01:59.074: [amf] INFO: InitialUEMessage [suci-0-999-70-0000-0-0-6913403495] Registration request (../src/amf/ngap-handler.c:401)
07/07 18:01:59.121: [amf] INFO: [imsi-999706913403495] Registration complete (../src/amf/gmm-sm.c:1050)
07/07 18:02:51.124: [amf] INFO: InitialUEMessage [suci-0-999-70-0000-0-0-8824098692] Registration request (../src/amf/ngap-handler.c:401)
07/07 18:02:51.152: [amf] WARNING: [suci-0-999-70-0000-0-0-8824098692] Registration reject [5GMM Cause: Illegal UE] (../src/amf/gmm-handler.c:230)
07/07 18:03:06.320: [amf] INFO: InitialUEMessage [suci-0-999-70-0000-0-0-8186449750] Registration request (../src/amf/ngap-handler.c:401)
07/07 18:03:06.363: [amf] INFO: [imsi-999708186449750] Registration complete (../src/amf/gmm-sm.c:1050)
07/07 18:03:47.788: [amf] INFO: InitialUEMessage [suci-0-999-70-0000-0-0-8082467750] Registration request (../src/amf/ngap-handler.c:401)
07/07 18:03:47.849: [amf] INFO: [imsi-999708082467750] Registration complete (../src/amf/gmm-sm.c:1050)
07/07 18:05:32.934: [amf] INFO: InitialUEMessage [suci-0-999-70-0000-0-0-1977857439] Registration request (../src/amf/ngap-handler.c:401)
07/07 18:05:32.963: [amf] INFO: [imsi-999701977857439] Registration complete (../src/amf/gmm-sm.c:1050)
07/07 18:06:35.512: [amf] INFO: InitialUEMessage [suci-0-999-70-0000-0-0-3909620064] Registration request (../src/amf/ngap-handler.c:401)
07/07 18:06:35.542: [amf] INFO: [imsi-999703909620064] Registration complete (../src/amf/gmm-sm.c:1050)
07/07 18:07:22.860: [amf] INFO: InitialUEMessage [suci-0-999-70-0000-0-0-9702641337] Registration request (../src/amf/ngap-handler.c:401)
07/07 18:07:22.902: [amf] INFO: [imsi-999709702641337] Registration complete (../src/amf/gmm-sm.c:1050)
07/07 18:07:39.111: [amf] INFO: InitialUEMessage [suci-0-999-70-0000-0-0-9636340937] Registration request (../src/amf/ngap-handler.c:401)
07/07 18:07:39.152: [amf] INFO: [imsi-999709636340937] Registration complete (../src/amf/gmm-sm.c:1050)
07/07 18:09:48.786: [amf] INFO: InitialUEMessage [suci-0-999-70-0000-0-0-1275602876] Registration request (../src/amf/ngap-handler.c:401)
07/07 18:09:48.824: [amf] INFO: [imsi-999701275602876] Registration complete (../src/amf/gmm-sm.c:1050)
07/07 18:09:58.747: [amf] INFO: InitialUEMessage [suci-0-999-70-0000-0-0-1065105943] Registration request (../src/amf/ngap-handler.c:401)
07/07 18:09:58.801: [amf] INFO: [imsi-999701065105943] Registration complete (../src/amf/gmm-sm.c:1050)
07/07 18:10:12.311: [amf] INFO: InitialUEMessage [suci-0-999-70-0000-0-0-1522544276] Registration request (../src/amf/ngap-handler.c:401)
07/07 18:10:12.342: [amf] INFO: [imsi-999701522544276] Registration complete (../src/amf/gmm-sm.c:1050)
07/07 18:11:01.501: [amf] INFO: InitialUEMessage [suci-0-999-70-0000-0-0-8110966795] Registration request (../src/amf/ngap-handler.c:401)
07/07 18:11:01.551: [amf] INFO: [imsi-999708110966795] Registration complete (../src/amf/gmm-sm.c:1050)
07/07 18:11:12.717: [amf] INFO: InitialUEMessage [suci-0-999-70-0000-0-0-4734511931] Registration request (../src/amf/ngap-handler.c:401)
07/07 18:11:12.744: [amf] INFO: [imsi-999704734511931] Registration complete (../src/amf/gmm-sm.c:1050)
07/07 18:11:50.771: [amf] INFO: InitialUEMessage [suci-0-999-70-0000-0-0-0844512911] Registration request (../src/amf/ngap-handler.c:401)
07/07 18:11:50.820: [amf] INFO: [imsi-999700844512911] Registration complete (../src/amf/gmm-sm.c:1050)
07/07 18:11:52.777: [amf] INFO: InitialUEMessage [suci-0-999-70-0000-0-0-7904777545] Registration request (../src/amf/ngap-handler.c:401)
07/07 18:11:52.825: [amf] INFO: [imsi-999707904777545] Registration complete (../src/amf/gmm-sm.c:1050)
07/07 18:12:44.064: [amf] INFO: InitialUEMessage [suci-0-999-70-0000-0-0-7774063274] Registration request (../src/amf/ngap-handler.c:401)
07/07 18:12:44.113: [amf] INFO: [imsi-999707774063274] Registration complete (../src/amf/gmm-sm.c:1050)
07/07 18:14:21.773: [amf] INFO: InitialUEMessage [suci-0-999-70-0000-0-0-8616832919] Registration request (../src/amf/ngap-handler.c:401)
07/07 18:14:21.814: [amf] INFO: [imsi-999708616832919] Registration complete (../src/amf/gmm-sm.c:1050)
07/07 18:14:57.289: [amf] INFO: InitialUEMessage [suci-0-999-70-0000-0-0-5072885222] Registration request (../src/amf/ngap-handler.c:401)
07/07 18:14:57.329: [amf] INFO: [imsi-999705072885222] Registration complete (../src/amf/gmm-sm.c:1050)
07/07 18:15:06.448: [amf] INFO: InitialUEMessage [suci-0-999-70-0000-0-0-4741979692] Registration request (../src/amf/ngap-handler.c:401)
07/07 18:15:06.469: [amf] INFO: InitialUEMessage [suci-0-999-70-0000-0-0-3212444862] Registration request (../src/amf/ngap-handler.c:401)
07/07 18:15:06.512: [amf] INFO: [imsi-999704741979692] Registration complete (../src/amf/gmm-sm.c:1050)
07/07 18:15:06.515: [amf] INFO: [imsi-999703212444862] Registration complete (../src/amf/gmm-sm.c:1050)
07/07 18:15:26.836: [amf] INFO: InitialUEMessage [suci-0-999-70-0000-0-0-3649277999] Registration request (../src/amf/ngap-handler.c:401)
07/07 18:15:26.870: [amf] INFO: [imsi-999703649277999] Registration complete (../src/amf/gmm-sm.c:1050)
07/07 18:16:20.180: [amf] INFO: InitialUEMessage [suci-0-999-70-0000-0-0-9617151144] Registration request (../src/amf/ngap-handler.c:401)
07/07 18:16:20.249: [amf] INFO: [imsi-999709617151144] Registration complete (../src/amf/gmm-sm.c:1050)
07/07 18:16:48.575: [amf] INFO: InitialUEMessage [suci-0-999-70-0000-0-0-0099134932] Registration request (../src/amf/ngap-handler.c:401)
07/07 18:16:48.605: [amf] INFO: [imsi-999700099134932] Registration complete (../src/amf/gmm-sm.c:1050)
07/07 18:17:03.106: [amf] INFO: InitialUEMessage [suci-0-999-70-0000-0-0-2463863423] Registration request (../src/amf/ngap-handler.c:401)
07/07 18:17:03.159: [amf] INFO: [imsi-999702463863423] Registration complete (../src/amf/gmm-sm.c:1050)
07/07 18:17:47.794: [amf] INFO: InitialUEMessage [suci-0-999-70-0000-0-0-8210991747] Registration request (../src/amf/ngap-handler.c:401)
07/07 18:17:47.856: [amf] INFO: [imsi-999708210991747] Registration complete (../src/amf/gmm-sm.c:1050)
07/07 18:17:58.595: [amf] INFO: InitialUEMessage [suci-0-999-70-0000-0-0-6830158211] Registration request (../src/amf/ngap-handler.c:401)
07/07 18:17:58.653: [amf] INFO: [imsi-999706830158211] Registration complete (../src/amf/gmm-sm.c:1050)
07/07 18:18:44.248: [amf] INFO: InitialUEMessage [suci-0-999-70-0000-0-0-2487157218] Registration request (../src/amf/ngap-handler.c:401)
07/07 18:18:44.274: [amf] INFO: [imsi-999702487157218] Registration complete (../src/amf/gmm-sm.c:1050)
07/07 18:19:36.082: [amf] INFO: InitialUEMessage [suci-0-999-70-0000-0-0-3112180519] Registration request (../src/amf/ngap-handler.c:401)
07/07 18:19:36.137: [amf] INFO: [imsi-999703112180519] Registration complete (../src/amf/gmm-sm.c:1050)
07/07 18:19:59.076: [amf] INFO: InitialUEMessage [suci-0-999-70-0000-0-0-7838442178] Registration request (../src/amf/ngap-handler.c:401)
07/07 18:19:59.132: [amf] INFO: [imsi-999707838442178] Registration complete (../src/amf/gmm-sm.c:1050)
07/07 18:20:38.636: [amf] INFO: InitialUEMessage [suci-0-999-70-0000-0-0-5781125829] Registration request (../src/amf/ngap-handler.c:401)
07/07 18:20:38.679: [amf] INFO: [imsi-999705781125829] Registration complete (../src/amf/gmm-sm.c:1050)
07/07 18:21:14.686: [amf] INFO: InitialUEMessage [suci-0-999-70-0000-0-0-6002993842] Registration request (../src/amf/ngap-handler.c:401)
07/07 18:21:14.706: [amf] INFO: [imsi-999706002993842] Registration complete (../src/amf/gmm-sm.c:1050)
07/07 18:21:51.412: [amf] INFO: InitialUEMessage [suci-0-999-70-0000-0-0-8278064282] Registration request (../src/amf/ngap-handler.c:401)
07/07 18:21:51.443: [amf] INFO: [imsi-999708278064282] Registration complete (../src/amf/gmm-sm.c:1050)
07/07 18:23:00.203: [amf] INFO: InitialUEMessage [suci-0-999-70-0000-0-0-1883547728] Registration request (../src/amf/ngap-handler.c:401)
07/07 18:23:00.240: [amf] INFO: [imsi-999701883547728] Registration complete (../src/amf/gmm-sm.c:1050)
07/07 18:23:20.086: [amf] INFO: InitialUEMessage [suci-0-999-70-0000-0-0-8919398004] Registration request (../src/amf/ngap-handler.c:401)
07/07 18:23:20.116: [amf] INFO: [imsi-999708919398004] Registration complete (../src/amf/gmm-sm.c:1050)
07/07 18:23:55.432: [amf] INFO: InitialUEMessage [suci-0-999-70-0000-0-0-6395091901] Registration request (../src/amf/ngap-handler.c:401)
07/07 18:23:55.459: [amf] INFO: [imsi-999706395091901] Registration complete (../src/amf/gmm-sm.c:1050)
07/07 18:24:06.164: [amf] INFO: InitialUEMessage [suci-0-999-70-0000-0-0-3821140360] Registration request (../src/amf/ngap-handler.c:401)
07/07 18:24:06.203: [amf] INFO: [imsi-999703821140360] Registration complete (../src/amf/gmm-sm.c:1050)
07/07 18:24:11.273: [amf] INFO: InitialUEMessage [suci-0-999-70-0000-0-0-9677461090] Registration request (../src/amf/ngap-handler.c:401)
07/07 18:24:11.318: [amf] INFO: [imsi-999709677461090] Registration complete (../src/amf/gmm-sm.c:1050)
07/07 18:24:12.717: [amf] INFO: InitialUEMessage [suci-0-999-70-0000-0-0-9305387231] Registration request (../src/amf/ngap-handler.c:401)
07/07 18:24:12.750: [amf] INFO: [imsi-999709305387231] Registration complete (../src/amf/gmm-sm.c:1050)
07/07 18:26:36.309: [amf] INFO: InitialUEMessage [suci-0-999-70-0000-0-0-5833285333] Registration request (../src/amf/ngap-handler.c:401)
07/07 18:26:36.359: [amf] INFO: [imsi-999705833285333] Registration complete (../src/amf/gmm-sm.c:1050)
07/07 18:28:13.116: [amf] INFO: InitialUEMessage [suci-0-999-70-0000-0-0-6028283110] Registration request (../src/amf/ngap-handler.c:401)
07/07 18:28:13.173: [amf] INFO: [imsi-999706028283110] Registration complete (../src/amf/gmm-sm.c:1050)
07/07 18:28:49.586: [amf] INFO: InitialUEMessage [suci-0-999-70-0000-0-0-2310766847] Registration request (../src/amf/ngap-handler.c:401)
07/07 18:28:49.606: [amf] INFO: [imsi-999702310766847] Registration complete (../src/amf/gmm-sm.c:1050)
07/07 18:29:01.951: [amf] INFO: InitialUEMessage [suci-0-999-70-0000-0-0-1035813203] Registration request (../src/amf/ngap-handler.c:401)
07/07 18:29:01.990: [amf] INFO: [imsi-999701035813203] Registration complete (../src/amf/gmm-sm.c:1050)
07/07 18:29:24.089: [amf] INFO: InitialUEMessage [suci-0-999-70-0000-0-0-8882549345] Registration request (../src/amf/ngap-handler.c:401)
07/07 18:29:24.125: [amf] INFO: [imsi-999708882549345] Registration complete (../src/amf/gmm-sm.c:1050)
07/07 18:30:31.536: [amf] INFO: InitialUEMessage [suci-0-999-70-0000-0-0-2774559901] Registration request (../src/amf/ngap-handler.c:401)
07/07 18:30:31.568: [amf] INFO: [imsi-999702774559901] Registration complete (../src/amf/gmm-sm.c:1050)
07/07 18:31:17.082: [amf] INFO: InitialUEMessage [suci-0-999-70-0000-0-0-9070506329] Registration request (../src/amf/ngap-handler.c:401)
07/07 18:31:17.116: [amf] WARNING: [imsi-999709070506329] Registration reject (../src/amf/gmm-handler.c:230)
07/07 18:31:36.327: [amf] INFO: InitialUEMessage [suci-0-999-70-0000-0-0-9399647589] Registration request (../src/amf/ngap-handler.c:401)
07/07 18:31:36.356: [amf] INFO: [imsi-999709399647589] Registration complete (../src/amf/gmm-sm.c:1050)
07/07 18:32:25.024: [amf] INFO: InitialUEMessage [suci-0-999-70-0000-0-0-9157200203] Registration request (../src/amf/ngap-handler.c:401)
07/07 18:32:25.063: [amf] INFO: [imsi-999709157200203] Registration complete (../src/amf/gmm-sm.c:1050)
07/07 18:32:39.773: [amf] INFO: InitialUEMessage [suci-0-999-70-0000-0-0-6421861404] Registration request (../src/amf/ngap-handler.c:401)
07/07 18:32:39.816: [amf] INFO: [imsi-999706421861404] Registration complete (../src/amf/gmm-sm.c:1050)
07/07 18:33:13.440: [amf] INFO: InitialUEMessage [suci-0-999-70-0000-0-0-5829739042] Registration request (../src/amf/ngap-handler.c:401)
07/07 18:33:13.457: [amf] WARNING: [suci-0-999-70-0000-0-0-5829739042] Registration reject [5GMM Cause: Illegal UE] (../src/amf/gmm-handler.c:230)
07/07 18:34:28.615: [amf] INFO: InitialUEMessage [suci-0-999-70-0000-0-0-7958966875] Registration request (../src/amf/ngap-handler.c:401)
07/07 18:34:28.669: [amf] INFO: [imsi-999707958966875] Registration complete (../src/amf/gmm-sm.c:1050)
07/07 18:35:08.857: [amf] INFO: InitialUEMessage [suci-0-999-70-0000-0-0-0637317182] Registration request (../src/amf/ngap-handler.c:401)
07/07 18:35:08.900: [amf] INFO: [imsi-999700637317182] Registration complete (../src/amf/gmm-sm.c:1050)
07/07 18:35:18.156: [amf] INFO: InitialUEMessage [suci-0-999-70-0000-0-0-0282072146] Registration request (../src/amf/ngap-handler.c:401)
07/07 18:35:18.190: [amf] INFO: [imsi-999700282072146] Registration complete (../src/amf/gmm-sm.c:1050)
07/07 18:37:15.015: [amf] INFO: InitialUEMessage [suci-0-999-70-0000-0-0-1254298794] Registration request (../src/amf/ngap-handler.c:401)
07/07 18:37:15.069: [amf] INFO: [imsi-999701254298794] Registration complete (../src/amf/gmm-sm.c:1050)
07/07 18:37:23.308: [amf] INFO: InitialUEMessage [suci-0-999-70-0000-0-0-5758666390] Registration request (../src/amf/ngap-handler.c:401)
07/07 18:37:23.360: [amf] INFO: [imsi-999705758666390] Registration complete (../src/amf/gmm-sm.c:1050)
07/07 18:37:37.986: [amf] INFO: InitialUEMessage [suci-0-999-70-0000-0-0-3196732307] Registration request (../src/amf/ngap-handler.c:401)
07/07 18:37:38.044: [amf] INFO: [imsi-999703196732307] Registration complete (../src/amf/gmm-sm.c:1050)
07/07 18:37:59.177: [amf] INFO: InitialUEMessage [suci-0-999-70-0000-0-0-5433365060] Registration request (../src/amf/ngap-handler.c:401)
07/07 18:37:59.212: [amf] INFO: [imsi-999705433365060] Registration complete (../src/amf/gmm-sm.c:1050)
07/07 18:39:49.740: [amf] INFO: InitialUEMessage [suci-0-999-70-0000-0-0-7812799387] Registration request (../src/amf/ngap-handler.c:401)
07/07 18:39:49.773: [amf] INFO: [imsi-999707812799387] Registration complete (../src/amf/gmm-sm.c:1050)
07/07 18:39:51.959: [amf] INFO: InitialUEMessage [suci-0-999-70-0000-0-0-5419962105] Registration request (../src/amf/ngap-handler.c:401)
07/07 18:39:52.008: [amf] INFO: [imsi-999705419962105] Registration complete (../src/amf/gmm-sm.c:1050)
07/07 18:40:57.594: [amf] INFO: InitialUEMessage [suci-0-999-70-0000-0-0-5587753201] Registration request (../src/amf/ngap-handler.c:401)
07/07 18:40:57.645: [amf] INFO: [imsi-999705587753201] Registration complete (../src/amf/gmm-sm.c:1050)
07/07 18:41:43.724: [amf] INFO: InitialUEMessage [suci-0-999-70-0000-0-0-4469901808] Registration request (../src/amf/ngap-handler.c:401)
07/07 18:41:43.772: [amf] INFO: [imsi-999704469901808] Registration complete (../src/amf/gmm-sm.c:1050)
07/07 18:43:03.240: [amf] INFO: InitialUEMessage [suci-0-999-70-0000-0-0-0880320890] Registration request (../src/amf/ngap-handler.c:401)
07/07 18:43:03.281: [amf] INFO: [imsi-999700880320890] Registration complete (../src/amf/gmm-sm.c:1050)
07/07 18:43:13.144: [amf] INFO: InitialUEMessage [suci-0-999-70-0000-0-0-4912121967] Registration request (../src/amf/ngap-handler.c:401)
07/07 18:43:13.189: [amf] INFO: [imsi-999704912121967] Registration complete (../src/amf/gmm-sm.c:1050)
07/07 18:43:19.757: [amf] INFO: InitialUEMessage [suci-0-999-70-0000-0-0-8698323583] Registration request (../src/amf/ngap-handler.c:401)
07/07 18:43:19.791: [amf] INFO: [imsi-999708698323583] Registration complete (../src/amf/gmm-sm.c:1050)
07/07 18:44:33.129: [amf] INFO: InitialUEMessage [suci-0-999-70-0000-0-0-2659130647] Registration request (../src/amf/ngap-handler.c:401)
07/07 18:44:33.152: [amf] INFO: [imsi-999702659130647] Registration complete (../src/amf/gmm-sm.c:1050)
07/07 18:45:10.909: [amf] INFO: InitialUEMessage [suci-0-999-70-0000-0-0-3402854045] Registration request (../src/amf/ngap-handler.c:401)
07/07 18:45:10.970: [amf] INFO: [imsi-999703402854045] Registration complete (../src/amf/gmm-sm.c:1050)
07/07 18:45:25.740: [amf] INFO: InitialUEMessage [suci-0-999-70-0000-0-0-5854956688] Registration request (../src/amf/ngap-handler.c:401)
07/07 18:45:25.784: [amf] INFO: [imsi-999705854956688] Registration complete (../src/amf/gmm-sm.c:1050)
07/07 18:45:29.243: [amf] INFO: InitialUEMessage [suci-0-999-70-0000-0-0-3620467720] Registration request (../src/amf/ngap-handler.c:401)
07/07 18:45:29.283: [amf] INFO: [imsi-999703620467720] Registration complete (../src/amf/gmm-sm.c:1050)
07/07 18:46:32.950: [amf] INFO: InitialUEMessage [suci-0-999-70-0000-0-0-3520298785] Registration request (../src/amf/ngap-handler.c:401)
07/07 18:46:32.983: [amf] INFO: [imsi-999703520298785] Registration complete (../src/amf/gmm-sm.c:1050)
07/07 18:49:53.949: [amf] INFO: InitialUEMessage [suci-0-999-70-0000-0-0-6976445291] Registration request (../src/amf/ngap-handler.c:401)
07/07 18:49:54.016: [amf] INFO: [imsi-999706976445291] Registration complete (../src/amf/gmm-sm.c:1050)
07/07 18:49:59.471: [amf] INFO: InitialUEMessage [suci-0-999-70-0000-0-0-9914827794] Registration request (../src/amf/ngap-handler.c:401)
07/07 18:49:59.516: [amf] INFO: [imsi-999709914827794] Registration complete (../src/amf/gmm-sm.c:1050)
07/07 18:50:42.628: [amf] INFO: InitialUEMessage [suci-0-999-70-0000-0-0-9732185638] Registration request (../src/amf/ngap-handler.c:401)
07/07 18:50:42.686: [amf] INFO: [imsi-999709732185638] Registration complete (../src/amf/gmm-sm.c:1050)
07/07 18:51:13.996: [amf] INFO: InitialUEMessage [suci-0-999-70-0000-0-0-4567354450] Registration request (../src/amf/ngap-handler.c:401)
07/07 18:51:14.036: [amf] INFO: [imsi-999704567354450] Registration complete (../src/amf/gmm-sm.c:1050)
07/07 18:52:45.091: [amf] INFO: InitialUEMessage [suci-0-999-70-0000-0-0-4000676128] Registration request (../src/amf/ngap-handler.c:401)
07/07 18:52:45.113: [amf] INFO: [imsi-999704000676128] Registration complete (../src/amf/gmm-sm.c:1050)
07/07 18:52:49.467: [amf] INFO: InitialUEMessage [suci-0-999-70-0000-0-0-9780355986] Registration request (../src/amf/ngap-handler.c:401)
07/07 18:52:49.513: [amf] INFO: [imsi-999709780355986] Registration complete (../src/amf/gmm-sm.c:1050)
07/07 18:53:38.953: [amf] INFO: InitialUEMessage [suci-0-999-70-0000-0-0-2786183327] Registration request (../src/amf/ngap-handler.c:401)
07/07 18:53:39.004: [amf] INFO: [imsi-999702786183327] Registration complete (../src/amf/gmm-sm.c:1050)
07/07 18:53:47.132: [amf] INFO: InitialUEMessage [suci-0-999-70-0000-0-0-7447795687] Registration request (../src/amf/ngap-handler.c:401)
07/07 18:53:47.182: [amf] INFO: [imsi-999707447795687] Registration complete (../src/amf/gmm-sm.c:1050)
07/07 18:55:04.848: [amf] INFO: InitialUEMessage [suci-0-999-70-0000-0-0-2944558069] Registration request (../src/amf/ngap-handler.c:401)
07/07 18:55:04.905: [amf] INFO: [imsi-999702944558069] Registration complete (../src/amf/gmm-sm.c:1050)
07/07 18:55:34.058: [amf] INFO: InitialUEMessage [suci-0-999-70-0000-0-0-6080617279] Registration request (../src/amf/ngap-handler.c:401)
07/07 18:55:34.082: [amf] INFO: [imsi-999706080617279] Registration complete (../src/amf/gmm-sm.c:1050)
07/07 18:56:05.299: [amf] INFO: InitialUEMessage [suci-0-999-70-0000-0-0-5785518080] Registration request (../src/amf/ngap-handler.c:401)
07/07 18:56:05.350: [amf] INFO: [imsi-999705785518080] Registration complete (../src/amf/gmm-sm.c:1050)
07/07 18:56:13.713: [amf] INFO: InitialUEMessage [suci-0-999-70-0000-0-0-3423622839] Registration request (../src/amf/ngap-handler.c:401)
07/07 18:56:13.780: [amf] INFO: [imsi-999703423622839] Registration complete (../src/amf/gmm-sm.c:1050)
07/07 18:57:07.493: [amf] INFO: InitialUEMessage [suci-0-999-70-0000-0-0-4548615316] Registration request (../src/amf/ngap-handler.c:401)
07/07 18:57:07.537: [amf] INFO: [imsi-999704548615316] Registration complete (../src/amf/gmm-sm.c:1050)
07/07 18:58:03.924: [amf] INFO: InitialUEMessage [suci-0-999-70-0000-0-0-5709651747] Registration request (../src/amf/ngap-handler.c:401)
07/07 18:58:03.954: [amf] INFO: [imsi-999705709651747] Registration complete (../src/amf/gmm-sm.c:1050)
07/07 19:00:23.435: [amf] INFO: InitialUEMessage [suci-0-999-70-0000-0-0-7802615948] Registration request (../src/amf/ngap-handler.c:401)
07/07 19:00:23.475: [amf] INFO: [imsi-999707802615948] Registration complete (../src/amf/gmm-sm.c:1050)
07/07 19:01:07.685: [amf] INFO: InitialUEMessage [suci-0-999-70-0000-0-0-0610130431] Registration request (../src/amf/ngap-handler.c:401)
07/07 19:01:07.745: [amf] INFO: [imsi-999700610130431] Registration complete (../src/amf/gmm-sm.c:1050)
07/07 19:01:17.097: [amf] INFO: InitialUEMessage [suci-0-999-70-0000-0-0-3665691527] Registration request (../src/amf/ngap-handler.c:401)
07/07 19:01:17.146: [amf] INFO: [imsi-999703665691527] Registration complete (../src/amf/gmm-sm.c:1050)
07/07 19:01:50.721: [amf] INFO: InitialUEMessage [suci-0-999-70-0000-0-0-1052193942] Registration request (../src/amf/ngap-handler.c:401)
07/07 19:01:50.757: [amf] INFO: [imsi-999701052193942] Registration complete (../src/amf/gmm-sm.c:1050)
07/07 19:02:39.878: [amf] INFO: InitialUEMessage [suci-0-999-70-0000-0-0-0298489709] Registration request (../src/amf/ngap-handler.c:401)
07/07 19:02:39.920: [amf] INFO: [imsi-999700298489709] Registration complete (../src/amf/gmm-sm.c:1050)
07/07 19:02:48.800: [amf] INFO: InitialUEMessage [suci-0-999-70-0000-0-0-8870433821] Registration request (../src/amf/ngap-handler.c:401)
07/07 19:02:48.852: [amf] INFO: [imsi-999708870433821] Registration complete (../src/amf/gmm-sm.c:1050)
07/07 19:03:21.430: [amf] INFO: InitialUEMessage [suci-0-999-70-0000-0-0-9591675360] Registration request (../src/amf/ngap-handler.c:401)
07/07 19:03:21.491: [amf] INFO: [imsi-999709591675360] Registration complete (../src/amf/gmm-sm.c:1050)
07/07 19:04:58.437: [amf] INFO: InitialUEMessage [suci-0-999-70-0000-0-0-2322275780] Registration request (../src/amf/ngap-handler.c:401)
07/07 19:04:58.495: [amf] INFO: [imsi-999702322275780] Registration complete (../src/amf/gmm-sm.c:1050)
07/07 19:05:21.420: [amf] INFO: InitialUEMessage [suci-0-999-70-0000-0-0-5477317826] Registration request (../src/amf/ngap-handler.c:401)
07/07 19:05:21.468: [amf] INFO: [imsi-999705477317826] Registration complete (../src/amf/gmm-sm.c:1050)
07/07 19:05:30.020: [amf] INFO: InitialUEMessage [suci-0-999-70-0000-0-0-3685074236] Registration request (../src/amf/ngap-handler.c:401)
07/07 19:05:30.078: [amf] INFO: [imsi-999703685074236] Registration complete (../src/amf/gmm-sm.c:1050)
07/07 19:05:46.016: [amf] INFO: InitialUEMessage [suci-0-999-70-0000-0-0-4890831718] Registration request (../src/amf/ngap-handler.c:401)
07/07 19:05:46.056: [amf] INFO: [imsi-999704890831718] Registration complete (../src/amf/gmm-sm.c:1050)
07/07 19:08:02.497: [amf] INFO: InitialUEMessage [suci-0-999-70-0000-0-0-8248792956] Registration request (../src/amf/ngap-handler.c:401)
07/07 19:08:02.546: [amf] INFO: [imsi-999708248792956] Registration complete (../src/amf/gmm-sm.c:1050)
07/07 19:08:36.467: [amf] INFO: InitialUEMessage [suci-0-999-70-0000-0-0-4298094518] Registration request (../src/amf/ngap-handler.c:401)
07/07 19:08:36.500: [amf] INFO: [imsi-999704298094518] Registration complete (../src/amf/gmm-sm.c:1050)
07/07 19:08:43.222: [amf] INFO: InitialUEMessage [suci-0-999-70-0000-0-0-1448145068] Registration request (../src/amf/ngap-handler.c:401)
07/07 19:08:43.258: [amf] INFO: [imsi-999701448145068] Registration complete (../src/amf/gmm-sm.c:1050)
07/07 19:08:50.607: [amf] INFO: InitialUEMessage [suci-0-999-70-0000-0-0-4008490487] Registration request (../src/amf/ngap-handler.c:401)
07/07 19:08:50.648: [amf] INFO: [imsi-999704008490487] Registration complete (../src/amf/gmm-sm.c:1050)
07/07 19:09:42.079: [amf] INFO: InitialUEMessage [suci-0-999-70-0000-0-0-0887300530] Registration request (../src/amf/ngap-handler.c:401)
07/07 19:09:42.136: [amf] INFO: [imsi-999700887300530] Registration complete (../src/amf/gmm-sm.c:1050)
07/07 19:09:50.339: [amf] INFO: InitialUEMessage [suci-0-999-70-0000-0-0-7947802561] Registration request (../src/amf/ngap-handler.c:401)
07/07 19:09:50.393: [amf] INFO: [imsi-999707947802561] Registration complete (../src/amf/gmm-sm.c:1050)
07/07 19:10:17.617: [amf] INFO: InitialUEMessage [suci-0-999-70-0000-0-0-1560794673] Registration request (../src/amf/ngap-handler.c:401)
07/07 19:10:17.638: [amf] INFO: [imsi-999701560794673] Registration complete (../src/amf/gmm-sm.c:1050)
07/07 19:11:53.905: [amf] INFO: InitialUEMessage [suci-0-999-70-0000-0-0-5999184267] Registration request (../src/amf/ngap-handler.c:401)
07/07 19:11:53.934: [amf] INFO: [imsi-999705999184267] Registration complete (../src/amf/gmm-sm.c:1050)
07/07 19:12:07.567: [amf] INFO: InitialUEMessage [suci-0-999-70-0000-0-0-6320490802] Registration request (../src/amf/ngap-handler.c:401)
07/07 19:12:07.605: [amf] INFO: [imsi-999706320490802] Registration complete (../src/amf/gmm-sm.c:1050)
07/07 19:12:49.329: [amf] INFO: InitialUEMessage [suci-0-999-70-0000-0-0-3900880202] Registration request (../src/amf/ngap-handler.c:401)
07/07 19:12:49.389: [amf] INFO: [imsi-999703900880202] Registration complete (../src/amf/gmm-sm.c:1050)
07/07 19:12:58.412: [amf] INFO: InitialUEMessage [suci-0-999-70-0000-0-0-0517849229] Registration request (../src/amf/ngap-handler.c:401)
07/07 19:12:58.462: [amf] INFO: [imsi-999700517849229] Registration complete (../src/amf/gmm-sm.c:1050)
07/07 19:13:23.592: [amf] INFO: InitialUEMessage [suci-0-999-70-0000-0-0-8351866973] Registration request (../src/amf/ngap-handler.c:401)
07/07 19:13:23.628: [amf] INFO: [imsi-999708351866973] Registration complete (../src/amf/gmm-sm.c:1050)
07/07 19:14:46.098: [amf] INFO: InitialUEMessage [suci-0-999-70-0000-0-0-2548043252] Registration request (../src/amf/ngap-handler.c:401)
07/07 19:14:46.127: [amf] INFO: [imsi-999702548043252] Registration complete (../src/amf/gmm-sm.c:1050)
07/07 19:15:04.857: [amf] INFO: InitialUEMessage [suci-0-999-70-0000-0-0-9919129827] Registration request (../src/amf/ngap-handler.c:401)
07/07 19:15:04.917: [amf] INFO: [imsi-999709919129827] Registration complete (../src/amf/gmm-sm.c:1050)
07/07 19:16:19.310: [amf] INFO: InitialUEMessage [suci-0-999-70-0000-0-0-2336752039] Registration request (../src/amf/ngap-handler.c:401)
07/07 19:16:19.349: [amf] INFO: [imsi-999702336752039] Registration complete (../src/amf/gmm-sm.c:1050)
07/07 19:16:44.595: [amf] INFO: InitialUEMessage [suci-0-999-70-0000-0-0-1129182261] Registration request (../src/amf/ngap-handler.c:401)
07/07 19:16:44.644: [amf] INFO: [imsi-999701129182261] Registration complete (../src/amf/gmm-sm.c:1050)
07/07 19:18:08.643: [amf] INFO: InitialUEMessage [suci-0-999-70-0000-0-0-2971328403] Registration request (../src/amf/ngap-handler.c:401)
07/07 19:18:08.682: [amf] INFO: [imsi-999702971328403] Registration complete (../src/amf/gmm-sm.c:1050)
07/07 19:19:09.001: [amf] INFO: InitialUEMessage [suci-0-999-70-0000-0-0-8040905764] Registration request (../src/amf/ngap-handler.c:401)
07/07 19:19:09.037: [amf] INFO: [imsi-999708040905764] Registration complete (../src/amf/gmm-sm.c:1050)
07/07 19:21:14.976: [amf] INFO: InitialUEMessage [suci-0-999-70-0000-0-0-6266604116] Registration request (../src/amf/ngap-handler.c:401)
07/07 19:21:15.025: [amf] INFO: [imsi-999706266604116] Registration complete (../src/amf/gmm-sm.c:1050)
07/07 19:21:35.635: [amf] INFO: InitialUEMessage [suci-0-999-70-0000-0-0-3015127966] Registration request (../src/amf/ngap-handler.c:401)
07/07 19:21:35.660: [amf] INFO: [imsi-999703015127966] Registration complete (../src/amf/gmm-sm.c:1050)
07/07 19:21:43.029: [amf] INFO: InitialUEMessage [suci-0-999-70-0000-0-0-1656473838] Registration request (../src/amf/ngap-handler.c:401)
07/07 19:21:43.070: [amf] INFO: [imsi-999701656473838] Registration complete (../src/amf/gmm-sm.c:1050)
07/07 19:22:06.373: [amf] INFO: InitialUEMessage [suci-0-999-70-0000-0-0-5137849849] Registration request (../src/amf/ngap-handler.c:401)
07/07 19:22:06.425: [amf] INFO: [imsi-999705137849849] Registration complete (../src/amf/gmm-sm.c:1050)
07/07 19:23:23.028: [amf] INFO: InitialUEMessage [suci-0-999-70-0000-0-0-3469556393] Registration request (../src/amf/ngap-handler.c:401)
07/07 19:23:23.084: [amf] INFO: [imsi-999703469556393] Registration complete (../src/amf/gmm-sm.c:1050)
07/07 19:23:39.801: [amf] INFO: InitialUEMessage [suci-0-999-70-0000-0-0-0509822826] Registration request (../src/amf/ngap-handler.c:401)
07/07 19:23:39.837: [amf] INFO: [imsi-999700509822826] Registration complete (../src/amf/gmm-sm.c:1050)
07/07 19:23:45.907: [amf] INFO: InitialUEMessage [suci-0-999-70-0000-0-0-8436539935] Registration request (../src/amf/ngap-handler.c:401)
07/07 19:23:45.952: [amf] INFO: [imsi-999708436539935] Registration complete (../src/amf/gmm-sm.c:1050)
07/07 19:25:57.245: [amf] INFO: InitialUEMessage [suci-0-999-70-0000-0-0-0305399776] Registration request (../src/amf/ngap-handler.c:401)
07/07 19:25:57.272: [amf] INFO: [imsi-999700305399776] Registration complete (../src/amf/gmm-sm.c:1050)
07/07 19:26:51.546: [amf] INFO: InitialUEMessage [suci-0-999-70-0000-0-0-4807552150] Registration request (../src/amf/ngap-handler.c:401)
07/07 19:26:51.593: [amf] INFO: [imsi-999704807552150] Registration complete (../src/amf/gmm-sm.c:1050)
07/07 19:26:55.238: [amf] INFO: InitialUEMessage [suci-0-999-70-0000-0-0-9756153725] Registration request (../src/amf/ngap-handler.c:401)
07/07 19:26:55.272: [amf] INFO: [imsi-999709756153725] Registration complete (../src/amf/gmm-sm.c:1050)
07/07 19:27:49.330: [amf] INFO: InitialUEMessage [suci-0-999-70-0000-0-0-2281145544] Registration request (../src/amf/ngap-handler.c:401)
07/07 19:27:49.381: [amf] INFO: [imsi-999702281145544] Registration complete (../src/amf/gmm-sm.c:1050)
07/07 19:28:14.392: [amf] INFO: InitialUEMessage [suci-0-999-70-0000-0-0-1308704066] Registration request (../src/amf/ngap-handler.c:401)
07/07 19:28:14.413: [amf] INFO: [imsi-999701308704066] Registration complete (../src/amf/gmm-sm.c:1050)
07/07 19:32:31.285: [amf] INFO: InitialUEMessage [suci-0-999-70-0000-0-0-0207851632] Registration request (../src/amf/ngap-handler.c:401)
07/07 19:32:31.310: [amf] INFO: [imsi-999700207851632] Registration complete (../src/amf/gmm-sm.c:1050)
07/07 19:33:31.492: [amf] INFO: InitialUEMessage [suci-0-999-70-0000-0-0-4842762161] Registration request (../src/amf/ngap-handler.c:401)
07/07 19:33:31.535: [amf] INFO: [imsi-999704842762161] Registration complete (../src/amf/gmm-sm.c:1050)
07/07 19:34:35.315: [amf] INFO: InitialUEMessage [suci-0-999-70-0000-0-0-1035000665] Registration request (../src/amf/ngap-handler.c:401)
07/07 19:34:35.367: [amf] INFO: [imsi-999701035000665] Registration complete (../src/amf/gmm-sm.c:1050)
07/07 19:34:44.266: [amf] INFO: InitialUEMessage [suci-0-999-70-0000-0-0-9182890715] Registration request (../src/amf/ngap-handler.c:401)
07/07 19:34:44.332: [amf] INFO: [imsi-999709182890715] Registration complete (../src/amf/gmm-sm.c:1050)
07/07 19:36:24.396: [amf] INFO: InitialUEMessage [suci-0-999-70-0000-0-0-8318311087] Registration request (../src/amf/ngap-handler.c:401)
07/07 19:36:24.450: [amf] INFO: [imsi-999708318311087] Registration complete (../src/amf/gmm-sm.c:1050)
07/07 19:36:31.906: [amf] INFO: InitialUEMessage [suci-0-999-70-0000-0-0-1140580230] Registration request (../src/amf/ngap-handler.c:401)
07/07 19:36:31.954: [amf] INFO: [imsi-999701140580230] Registration complete (../src/amf/gmm-sm.c:1050)
07/07 19:37:45.670: [amf] INFO: InitialUEMessage [suci-0-999-70-0000-0-0-1441803217] Registration request (../src/amf/ngap-handler.c:401)
07/07 19:37:45.709: [amf] INFO: [imsi-999701441803217] Registration complete (../src/amf/gmm-sm.c:1050)
07/07 19:38:35.861: [amf] INFO: InitialUEMessage [suci-0-999-70-0000-0-0-8003198452] Registration request (../src/amf/ngap-handler.c:401)
07/07 19:38:35.882: [amf] INFO: [imsi-999708003198452] Registration complete (../src/amf/gmm-sm.c:1050)
07/07 19:38:40.831: [amf] INFO: InitialUEMessage [suci-0-999-70-0000-0-0-4631439560] Registration request (../src/amf/ngap-handler.c:401)
07/07 19:38:40.873: [amf] INFO: [imsi-999704631439560] Registration complete (../src/amf/gmm-sm.c:1050)
07/07 19:38:43.182: [amf] INFO: InitialUEMessage [suci-0-999-70-0000-0-0-5331833400] Registration request (../src/amf/ngap-handler.c:401)
07/07 19:38:43.222: [amf] INFO: [imsi-999705331833400] Registration complete (../src/amf/gmm-sm.c:1050)
07/07 19:41:06.607: [amf] INFO: InitialUEMessage [suci-0-999-70-0000-0-0-3778134658] Registration request (../src/amf/ngap-handler.c:401)
07/07 19:41:06.676: [amf] INFO: [imsi-999703778134658] Registration complete (../src/amf/gmm-sm.c:1050)
07/07 19:42:23.248: [amf] INFO: InitialUEMessage [suci-0-999-70-0000-0-0-2391019913] Registration request (../src/amf/ngap-handler.c:401)
07/07 19:42:23.290: [amf] INFO: [imsi-999702391019913] Registration complete (../src/amf/gmm-sm.c:1050)
07/07 19:42:28.495: [amf] INFO: InitialUEMessage [suci-0-999-70-0000-0-0-8962191245] Registration request (../src/amf/ngap-handler.c:401)
07/07 19:42:28.562: [amf] INFO: [imsi-999708962191245] Registration complete (../src/amf/gmm-sm.c:1050)
07/07 19:42:39.350: [amf] INFO: InitialUEMessage [suci-0-999-70-0000-0-0-5842072771] Registration request (../src/amf/ngap-handler.c:401)
07/07 19:42:39.404: [amf] INFO: [imsi-999705842072771] Registration complete (../src/amf/gmm-sm.c:1050)
07/07 19:43:15.177: [amf] INFO: InitialUEMessage [suci-0-999-70-0000-0-0-6952345078] Registration request (../src/amf/ngap-handler.c:401)
07/07 19:43:15.212: [amf] INFO: [imsi-999706952345078] Registration complete (../src/amf/gmm-sm.c:1050)
07/07 19:43:26.279: [amf] INFO: InitialUEMessage [suci-0-999-70-0000-0-0-7412484287] Registration request (../src/amf/ngap-handler.c:401)
07/07 19:43:26.302: [amf] INFO: [imsi-999707412484287] Registration complete (../src/amf/gmm-sm.c:1050)
07/07 19:44:01.993: [amf] INFO: InitialUEMessage [suci-0-999-70-0000-0-0-4316751828] Registration request (../src/amf/ngap-handler.c:401)
07/07 19:44:02.055: [amf] INFO: [imsi-999704316751828] Registration complete (../src/amf/gmm-sm.c:1050)
07/07 19:45:14.259: [amf] INFO: InitialUEMessage [suci-0-999-70-0000-0-0-9377593689] Registration request (../src/amf/ngap-handler.c:401)
07/07 19:45:14.318: [amf] INFO: [imsi-999709377593689] Registration complete (../src/amf/gmm-sm.c:1050)
07/07 19:45:44.066: [amf] INFO: InitialUEMessage [suci-0-999-70-0000-0-0-0184975624] Registration request (../src/amf/ngap-handler.c:401)
07/07 19:45:44.114: [amf] INFO: [imsi-999700184975624] Registration complete (../src/amf/gmm-sm.c:1050)
07/07 19:45:48.216: [amf] INFO: InitialUEMessage [suci-0-999-70-0000-0-0-6142536389] Registration request (../src/amf/ngap-handler.c:401)
07/07 19:45:48.272: [amf] INFO: [imsi-999706142536389] Registration complete (../src/amf/gmm-sm.c:1050)
07/07 19:46:46.741: [amf] INFO: InitialUEMessage [suci-0-999-70-0000-0-0-7306147302] Registration request (../src/amf/ngap-handler.c:401)
07/07 19:46:46.787: [amf] INFO: [imsi-999707306147302] Registration complete (../src/amf/gmm-sm.c:1050)
07/07 19:47:22.755: [amf] INFO: InitialUEMessage [suci-0-999-70-0000-0-0-4855036592] Registration request (../src/amf/ngap-handler.c:401)
07/07 19:47:22.810: [amf] INFO: [imsi-999704855036592] Registration complete (../src/amf/gmm-sm.c:1050)
07/07 19:48:13.139: [amf] INFO: InitialUEMessage [suci-0-999-70-0000-0-0-7649428270] Registration request (../src/amf/ngap-handler.c:401)
07/07 19:48:13.196: [amf] INFO: [imsi-999707649428270] Registration complete (../src/amf/gmm-sm.c:1050)
07/07 19:49:06.844: [amf] INFO: InitialUEMessage [suci-0-999-70-0000-0-0-6348411344] Registration request (../src/amf/ngap-handler.c:401)
07/07 19:49:06.901: [amf] INFO: [imsi-999706348411344] Registration complete (../src/amf/gmm-sm.c:1050)
07/07 19:49:29.947: [amf] INFO: InitialUEMessage [suci-0-999-70-0000-0-0-7375944403] Registration request (../src/amf/ngap-handler.c:401)
07/07 19:49:29.969: [amf] INFO: [imsi-999707375944403] Registration complete (../src/amf/gmm-sm.c:1050)
07/07 19:51:08.624: [amf] INFO: InitialUEMessage [suci-0-999-70-0000-0-0-7189202900] Registration request (../src/amf/ngap-handler.c:401)
07/07 19:51:08.675: [amf] INFO: [imsi-999707189202900] Registration complete (../src/amf/gmm-sm.c:1050)
07/07 19:52:29.091: [amf] INFO: InitialUEMessage [suci-0-999-70-0000-0-0-4295691845] Registration request (../src/amf/ngap-handler.c:401)
07/07 19:52:29.153: [amf] INFO: [imsi-999704295691845] Registration complete (../src/amf/gmm-sm.c:1050)
07/07 19:53:04.467: [amf] INFO: InitialUEMessage [suci-0-999-70-0000-0-0-0568960028] Registration request (../src/amf/ngap-handler.c:401)
07/07 19:53:04.496: [amf] INFO: [imsi-999700568960028] Registration complete (../src/amf/gmm-sm.c:1050)
07/07 19:56:35.915: [amf] INFO: InitialUEMessage [suci-0-999-70-0000-0-0-2205348512] Registration request (../src/amf/ngap-handler.c:401)
07/07 19:56:35.975: [amf] INFO: [imsi-999702205348512] Registration complete (../src/amf/gmm-sm.c:1050)
07/07 19:57:50.001: [amf] INFO: InitialUEMessage [suci-0-999-70-0000-0-0-9788330385] Registration request (../src/amf/ngap-handler.c:401)
07/07 19:57:50.039: [amf] INFO: [imsi-999709788330385] Registration complete (../src/amf/gmm-sm.c:1050)
07/07 19:57:57.667: [amf] INFO: InitialUEMessage [suci-0-999-70-0000-0-0-2699915921] Registration request (../src/amf/ngap-handler.c:401)
07/07 19:57:57.723: [amf] INFO: [imsi-999702699915921] Registration complete (../src/amf/gmm-sm.c:1050)
07/07 19:58:43.761: [amf] INFO: InitialUEMessage [suci-0-999-70-0000-0-0-8240056444] Registration request (../src/amf/ngap-handler.c:401)
07/07 19:58:43.792: [amf] INFO: [imsi-999708240056444] Registration complete (../src/amf/gmm-sm.c:1050)
07/07 19:59:09.253: [amf] INFO: InitialUEMessage [suci-0-999-70-0000-0-0-3942170327] Registration request (../src/amf/ngap-handler.c:401)
07/07 19:59:09.304: [amf] INFO: [imsi-999703942170327] Registration complete (../src/amf/gmm-sm.c:1050)
07/07 20:00:37.666: [amf] INFO: InitialUEMessage [suci-0-999-70-0000-0-0-7415691960] Registration request (../src/amf/ngap-handler.c:401)
07/07 20:00:37.726: [amf] INFO: [imsi-999707415691960] Registration complete (../src/amf/gmm-sm.c:1050)
07/07 20:01:12.210: [amf] INFO: InitialUEMessage [suci-0-999-70-0000-0-0-8359150127] Registration request (../src/amf/ngap-handler.c:401)
07/07 20:01:12.243: [amf] INFO: [imsi-999708359150127] Registration complete (../src/amf/gmm-sm.c:1050)
07/07 20:01:40.761: [amf] INFO: InitialUEMessage [suci-0-999-70-0000-0-0-7756979696] Registration request (../src/amf/ngap-handler.c:401)
07/07 20:01:40.799: [amf] INFO: [imsi-999707756979696] Registration complete (../src/amf/gmm-sm.c:1050)
07/07 20:04:20.625: [amf] INFO: InitialUEMessage [suci-0-999-70-0000-0-0-0448706059] Registration request (../src/amf/ngap-handler.c:401)
07/07 20:04:20.668: [amf] INFO: [imsi-999700448706059] Registration complete (../src/amf/gmm-sm.c:1050)
07/07 20:06:10.022: [amf] INFO: InitialUEMessage [suci-0-999-70-0000-0-0-9425514356] Registration request (../src/amf/ngap-handler.c:401)
07/07 20:06:10.039: [amf] WARNING: [suci-0-999-70-0000-0-0-9425514356] Registration reject [5GMM Cause: Illegal UE] (../src/amf/gmm-handler.c:230)
07/07 20:07:44.852: [amf] INFO: InitialUEMessage [suci-0-999-70-0000-0-0-5807349446] Registration request (../src/amf/ngap-handler.c:401)
07/07 20:07:44.899: [amf] INFO: [imsi-999705807349446] Registration complete (../src/amf/gmm-sm.c:1050)
07/07 20:08:00.324: [amf] INFO: InitialUEMessage [suci-0-999-70-0000-0-0-1344785469] Registration request (../src/amf/ngap-handler.c:401)
07/07 20:08:00.361: [amf] INFO: [imsi-999701344785469] Registration complete (../src/amf/gmm-sm.c:1050)
07/07 20:08:08.609: [amf] INFO: InitialUEMessage [suci-0-999-70-0000-0-0-1764617990] Registration request (../src/amf/ngap-handler.c:401)
07/07 20:08:08.651: [amf] INFO: [imsi-999701764617990] Registration complete (../src/amf/gmm-sm.c:1050)
07/07 20:08:36.720: [amf] INFO: InitialUEMessage [suci-0-999-70-0000-0-0-1084258463] Registration request (../src/amf/ngap-handler.c:401)
07/07 20:08:36.753: [amf] INFO: [imsi-999701084258463] Registration complete (../src/amf/gmm-sm.c:1050)
07/07 20:09:56.010: [amf] INFO: InitialUEMessage [suci-0-999-70-0000-0-0-3313914384] Registration request (../src/amf/ngap-handler.c:401)
07/07 20:09:56.050: [amf] INFO: [imsi-999703313914384] Registration complete (../src/amf/gmm-sm.c:1050)
07/07 20:12:20.555: [amf] INFO: InitialUEMessage [suci-0-999-70-0000-0-0-8061229494] Registration request (../src/amf/ngap-handler.c:401)
07/07 20:12:20.607: [amf] INFO: [imsi-999708061229494] Registration complete (../src/amf/gmm-sm.c:1050)
07/07 20:12:24.820: [amf] INFO: InitialUEMessage [suci-0-999-70-0000-0-0-2871608245] Registration request (../src/amf/ngap-handler.c:401)
07/07 20:12:24.851: [amf] INFO: [imsi-999702871608245] Registration complete (../src/amf/gmm-sm.c:1050)
07/07 20:13:09.266: [amf] INFO: InitialUEMessage [suci-0-999-70-0000-0-0-5698171692] Registration request (../src/amf/ngap-handler.c:401)
07/07 20:13:09.319: [amf] INFO: [imsi-999705698171692] Registration complete (../src/amf/gmm-sm.c:1050)
07/07 20:13:25.701: [amf] INFO: InitialUEMessage [suci-0-999-70-0000-0-0-8627124209] Registration request (../src/amf/ngap-handler.c:401)
07/07 20:13:25.737: [amf] INFO: [imsi-999708627124209] Registration complete (../src/amf/gmm-sm.c:1050)
07/07 20:13:41.391: [amf] INFO: InitialUEMessage [suci-0-999-70-0000-0-0-2138169610] Registration request (../src/amf/ngap-handler.c:401)
07/07 20:13:41.429: [amf] INFO: [imsi-999702138169610] Registration complete (../src/amf/gmm-sm.c:1050)
07/07 20:14:12.909: [amf] INFO: InitialUEMessage [suci-0-999-70-0000-0-0-8760307774] Registration request (../src/amf/ngap-handler.c:401)
07/07 20:14:12.955: [amf] INFO: [imsi-999708760307774] Registration complete (../src/amf/gmm-sm.c:1050)
07/07 20:15:24.759: [amf] INFO: InitialUEMessage [suci-0-999-70-0000-0-0-7341938438] Registration request (../src/amf/ngap-handler.c:401)
07/07 20:15:24.794: [amf] INFO: [imsi-999707341938438] Registration complete (../src/amf/gmm-sm.c:1050)
07/07 20:15:30.556: [amf] INFO: InitialUEMessage [suci-0-999-70-0000-0-0-2177818076] Registration request (../src/amf/ngap-handler.c:401)
07/07 20:15:30.595: [amf] INFO: [imsi-999702177818076] Registration complete (../src/amf/gmm-sm.c:1050)
07/07 20:16:50.110: [amf] INFO: InitialUEMessage [suci-0-999-70-0000-0-0-7406109205] Registration request (../src/amf/ngap-handler.c:401)
07/07 20:16:50.135: [amf] INFO: [imsi-999707406109205] Registration complete (../src/amf/gmm-sm.c:1050)
07/07 20:21:04.803: [amf] INFO: InitialUEMessage [suci-0-999-70-0000-0-0-4260929530] Registration request (../src/amf/ngap-handler.c:401)
07/07 20:21:04.858: [amf] INFO: [imsi-999704260929530] Registration complete (../src/amf/gmm-sm.c:1050)
07/07 20:21:21.611: [amf] INFO: InitialUEMessage [suci-0-999-70-0000-0-0-8273746925] Registration request (../src/amf/ngap-handler.c:401)
07/07 20:21:21.656: [amf] INFO: [imsi-999708273746925] Registration complete (../src/amf/gmm-sm.c:1050)
07/07 20:21:45.127: [amf] INFO: InitialUEMessage [suci-0-999-70-0000-0-0-9950853949] Registration request (../src/amf/ngap-handler.c:401)
07/07 20:21:45.173: [amf] INFO: [imsi-999709950853949] Registration complete (../src/amf/gmm-sm.c:1050)
07/07 20:23:01.259: [amf] INFO: InitialUEMessage [suci-0-999-70-0000-0-0-4854668774] Registration request (../src/amf/ngap-handler.c:401)
07/07 20:23:01.314: [amf] INFO: [imsi-999704854668774] Registration complete (../src/amf/gmm-sm.c:1050)
07/07 20:24:55.991: [amf] INFO: InitialUEMessage [suci-0-999-70-0000-0-0-5774698121] Registration request (../src/amf/ngap-handler.c:401)
07/07 20:24:56.023: [amf] INFO: [imsi-999705774698121] Registration complete (../src/amf/gmm-sm.c:1050)
07/07 20:25:17.126: [amf] INFO: InitialUEMessage [suci-0-999-70-0000-0-0-1339216632] Registration request (../src/amf/ngap-handler.c:401)
07/07 20:25:17.179: [amf] INFO: [imsi-999701339216632] Registration complete (../src/amf/gmm-sm.c:1050)
07/07 20:25:57.195: [amf] INFO: InitialUEMessage [suci-0-999-70-0000-0-0-6830364672] Registration request (../src/amf/ngap-handler.c:401)
07/07 20:25:57.259: [amf] INFO: [imsi-999706830364672] Registration complete (../src/amf/gmm-sm.c:1050)
07/07 20:26:06.381: [amf] INFO: InitialUEMessage [suci-0-999-70-0000-0-0-2028050168] Registration request (../src/amf/ngap-handler.c:401)
07/07 20:26:06.435: [amf] INFO: [imsi-999702028050168] Registration complete (../src/amf/gmm-sm.c:1050)
07/07 20:28:05.291: [amf] INFO: InitialUEMessage [suci-0-999-70-0000-0-0-5215933411] Registration request (../src/amf/ngap-handler.c:401)
07/07 20:28:05.342: [amf] INFO: [imsi-999705215933411] Registration complete (../src/amf/gmm-sm.c:1050)
07/07 20:28:11.084: [amf] INFO: InitialUEMessage [suci-0-999-70-0000-0-0-5159133395] Registration request (../src/amf/ngap-handler.c:401)
07/07 20:28:11.131: [amf] INFO: [imsi-999705159133395] Registration complete (../src/amf/gmm-sm.c:1050)
07/07 20:28:50.752: [amf] INFO: InitialUEMessage [suci-0-999-70-0000-0-0-1282493866] Registration request (../src/amf/ngap-handler.c:401)
07/07 20:28:50.793: [amf] INFO: [imsi-999701282493866] Registration complete (../src/amf/gmm-sm.c:1050)
07/07 20:29:18.834: [amf] INFO: InitialUEMessage [suci-0-999-70-0000-0-0-9490765531] Registration request (../src/amf/ngap-handler.c:401)
07/07 20:29:18.878: [amf] INFO: [imsi-999709490765531] Registration complete (../src/amf/gmm-sm.c:1050)
07/07 20:29:55.215: [amf] INFO: InitialUEMessage [suci-0-999-70-0000-0-0-9035152861] Registration request (../src/amf/ngap-handler.c:401)
07/07 20:29:55.256: [amf] INFO: [imsi-999709035152861] Registration complete (../src/amf/gmm-sm.c:1050)
07/07 20:30:17.285: [amf] INFO: InitialUEMessage [suci-0-999-70-0000-0-0-6695679336] Registration request (../src/amf/ngap-handler.c:401)
07/07 20:30:17.314: [amf] INFO: [imsi-999706695679336] Registration complete (../src/amf/gmm-sm.c:1050)
07/07 20:30:55.142: [amf] INFO: InitialUEMessage [suci-0-999-70-0000-0-0-6711300966] Registration request (../src/amf/ngap-handler.c:401)
07/07 20:30:55.171: [amf] INFO: [imsi-999706711300966] Registration complete (../src/amf/gmm-sm.c:1050)
07/07 20:32:17.600: [amf] INFO: InitialUEMessage [suci-0-999-70-0000-0-0-0175738982] Registration request (../src/amf/ngap-handler.c:401)
07/07 20:32:17.625: [amf] INFO: [imsi-999700175738982] Registration complete (../src/amf/gmm-sm.c:1050)
07/07 20:33:09.930: [amf] INFO: InitialUEMessage [suci-0-999-70-0000-0-0-7228606855] Registration request (../src/amf/ngap-handler.c:401)
07/07 20:33:09.985: [amf] INFO: [imsi-999707228606855] Registration complete (../src/amf/gmm-sm.c:1050)
07/07 20:34:20.390: [amf] INFO: InitialUEMessage [suci-0-999-70-0000-0-0-9185960185] Registration request (../src/amf/ngap-handler.c:401)
07/07 20:34:20.418: [amf] INFO: [imsi-999709185960185] Registration complete (../src/amf/gmm-sm.c:1050)
07/07 20:35:48.015: [amf] INFO: InitialUEMessage [suci-0-999-70-0000-0-0-3421686840] Registration request (../src/amf/ngap-handler.c:401)
07/07 20:35:48.072: [amf] INFO: [imsi-999703421686840] Registration complete (../src/amf/gmm-sm.c:1050)
07/07 20:36:10.787: [amf] INFO: InitialUEMessage [suci-0-999-70-0000-0-0-3813836494] Registration request (../src/amf/ngap-handler.c:401)
07/07 20:36:10.856: [amf] INFO: [imsi-999703813836494] Registration complete (../src/amf/gmm-sm.c:1050)
07/07 20:40:18.177: [amf] INFO: InitialUEMessage [suci-0-999-70-0000-0-0-4707916689] Registration request (../src/amf/ngap-handler.c:401)
07/07 20:40:18.238: [amf] INFO: [imsi-999704707916689] Registration complete (../src/amf/gmm-sm.c:1050)
07/07 20:40:36.932: [amf] INFO: InitialUEMessage [suci-0-999-70-0000-0-0-8490917233] Registration request (../src/amf/ngap-handler.c:401)
07/07 20:40:36.968: [amf] INFO: [imsi-999708490917233] Registration complete (../src/amf/gmm-sm.c:1050)
07/07 20:41:03.064: [amf] INFO: InitialUEMessage [suci-0-999-70-0000-0-0-0112054612] Registration request (../src/amf/ngap-handler.c:401)
07/07 20:41:03.092: [amf] INFO: [imsi-999700112054612] Registration complete (../src/amf/gmm-sm.c:1050)
07/07 20:41:27.417: [amf] INFO: InitialUEMessage [suci-0-999-70-0000-0-0-9320638613] Registration request (../src/amf/ngap-handler.c:401)
07/07 20:41:27.464: [amf] INFO: [imsi-999709320638613] Registration complete (../src/amf/gmm-sm.c:1050)
07/07 20:41:47.614: [amf] INFO: InitialUEMessage [suci-0-999-70-0000-0-0-1848470445] Registration request (../src/amf/ngap-handler.c:401)
07/07 20:41:47.653: [amf] INFO: [imsi-999701848470445] Registration complete (../src/amf/gmm-sm.c:1050)
07/07 20:42:39.788: [amf] INFO: InitialUEMessage [suci-0-999-70-0000-0-0-4731271502] Registration request (../src/amf/ngap-handler.c:401)
07/07 20:42:39.837: [amf] INFO: [imsi-999704731271502] Registration complete (../src/amf/gmm-sm.c:1050)
07/07 20:44:31.019: [amf] INFO: InitialUEMessage [suci-0-999-70-0000-0-0-9474386384] Registration request (../src/amf/ngap-handler.c:401)
07/07 20:44:31.061: [amf] INFO: [imsi-999709474386384] Registration complete (../src/amf/gmm-sm.c:1050)
07/07 20:44:36.110: [amf] INFO: InitialUEMessage [suci-0-999-70-0000-0-0-1213615578] Registration request (../src/amf/ngap-handler.c:401)
07/07 20:44:36.149: [amf] INFO: [imsi-999701213615578] Registration complete (../src/amf/gmm-sm.c:1050)
07/07 20:45:56.399: [amf] INFO: InitialUEMessage [suci-0-999-70-0000-0-0-2110110452] Registration request (../src/amf/ngap-handler.c:401)
07/07 20:45:56.444: [amf] INFO: [imsi-999702110110452] Registration complete (../src/amf/gmm-sm.c:1050)
07/07 20:48:22.602: [amf] INFO: InitialUEMessage [suci-0-999-70-0000-0-0-3214570862] Registration request (../src/amf/ngap-handler.c:401)
07/07 20:48:22.649: [amf] INFO: [imsi-999703214570862] Registration complete (../src/amf/gmm-sm.c:1050)
07/07 20:49:14.158: [amf] INFO: InitialUEMessage [suci-0-999-70-0000-0-0-1347057647] Registration request (../src/amf/ngap-handler.c:401)
07/07 20:49:14.202: [amf] INFO: [imsi-999701347057647] Registration complete (../src/amf/gmm-sm.c:1050)
07/07 20:49:35.866: [amf] INFO: InitialUEMessage [suci-0-999-70-0000-0-0-4226807090] Registration request (../src/amf/ngap-handler.c:401)
07/07 20:49:35.915: [amf] INFO: [imsi-999704226807090] Registration complete (../src/amf/gmm-sm.c:1050)
07/07 20:50:14.959: [amf] INFO: InitialUEMessage [suci-0-999-70-0000-0-0-3358979180] Registration request (../src/amf/ngap-handler.c:401)
07/07 20:50:14.991: [amf] INFO: [imsi-999703358979180] Registration complete (../src/amf/gmm-sm.c:1050)
07/07 20:51:56.721: [amf] INFO: InitialUEMessage [suci-0-999-70-0000-0-0-6246771843] Registration request (../src/amf/ngap-handler.c:401)
07/07 20:51:56.765: [amf] INFO: [imsi-999706246771843] Registration complete (../src/amf/gmm-sm.c:1050)
07/07 20:52:02.244: [amf] INFO: InitialUEMessage [suci-0-999-70-0000-0-0-8569842882] Registration request (../src/amf/ngap-handler.c:401)
07/07 20:52:02.282: [amf] INFO: [imsi-999708569842882] Registration complete (../src/amf/gmm-sm.c:1050)
07/07 20:53:03.776: [amf] INFO: InitialUEMessage [suci-0-999-70-0000-0-0-7774920723] Registration request (../src/amf/ngap-handler.c:401)
07/07 20:53:03.843: [amf] INFO: [imsi-999707774920723] Registration complete (../src/amf/gmm-sm.c:1050)
07/07 20:53:21.907: [amf] INFO: InitialUEMessage [suci-0-999-70-0000-0-0-7252118486] Registration request (../src/amf/ngap-handler.c:401)
07/07 20:53:21.944: [amf] INFO: [imsi-999707252118486] Registration complete (../src/amf/gmm-sm.c:1050)
07/07 20:54:17.996: [amf] INFO: InitialUEMessage [suci-0-999-70-0000-0-0-1676433201] Registration request (../src/amf/ngap-handler.c:401)
07/07 20:54:18.063: [amf] INFO: [imsi-999701676433201] Registration complete (../src/amf/gmm-sm.c:1050)
07/07 20:54:33.421: [amf] INFO: InitialUEMessage [suci-0-999-70-0000-0-0-8974057894] Registration request (../src/amf/ngap-handler.c:401)
07/07 20:54:33.443: [amf] INFO: [imsi-999708974057894] Registration complete (../src/amf/gmm-sm.c:1050)
07/07 20:54:34.512: [amf] INFO: InitialUEMessage [suci-0-999-70-0000-0-0-6113267703] Registration request (../src/amf/ngap-handler.c:401)
07/07 20:54:34.561: [amf] INFO: [imsi-999706113267703] Registration complete (../src/amf/gmm-sm.c:1050)
07/07 20:54:52.653: [amf] INFO: InitialUEMessage [suci-0-999-70-0000-0-0-5115461681] Registration request (../src/amf/ngap-handler.c:401)
07/07 20:54:52.698: [amf] INFO: [imsi-999705115461681] Registration complete (../src/amf/gmm-sm.c:1050)
07/07 20:55:08.923: [amf] INFO: InitialUEMessage [suci-0-999-70-0000-0-0-6159449118] Registration request (../src/amf/ngap-handler.c:401)
07/07 20:55:08.991: [amf] INFO: [imsi-999706159449118] Registration complete (../src/amf/gmm-sm.c:1050)
07/07 20:55:50.279: [amf] INFO: InitialUEMessage [suci-0-999-70-0000-0-0-0333964759] Registration request (../src/amf/ngap-handler.c:401)
07/07 20:55:50.335: [amf] INFO: [imsi-999700333964759] Registration complete (../src/amf/gmm-sm.c:1050)
07/07 20:56:02.295: [amf] INFO: InitialUEMessage [suci-0-999-70-0000-0-0-9974840346] Registration request (../src/amf/ngap-handler.c:401)
07/07 20:56:02.326: [amf] INFO: [imsi-999709974840346] Registration complete (../src/amf/gmm-sm.c:1050)
07/07 20:56:23.755: [amf] INFO: InitialUEMessage [suci-0-999-70-0000-0-0-7795115654] Registration request (../src/amf/ngap-handler.c:401)
07/07 20:56:23.801: [amf] INFO: [imsi-999707795115654] Registration complete (../src/amf/gmm-sm.c:1050)
07/07 20:58:12.744: [amf] INFO: InitialUEMessage [suci-0-999-70-0000-0-0-7819980951] Registration request (../src/amf/ngap-handler.c:401)
07/07 20:58:12.794: [amf] INFO: [imsi-999707819980951] Registration complete (../src/amf/gmm-sm.c:1050)
07/07 20:58:20.048: [amf] INFO: InitialUEMessage [suci-0-999-70-0000-0-0-0743329473] Registration request (../src/amf/ngap-handler.c:401)
07/07 20:58:20.084: [amf] INFO: [imsi-999700743329473] Registration complete (../src/amf/gmm-sm.c:1050)
07/07 21:00:51.102: [amf] INFO: InitialUEMessage [suci-0-999-70-0000-0-0-8405550698] Registration request (../src/amf/ngap-handler.c:401)
07/07 21:00:51.161: [amf] INFO: [imsi-999708405550698] Registration complete (../src/amf/gmm-sm.c:1050)
07/07 21:00:54.044: [amf] INFO: InitialUEMessage [suci-0-999-70-0000-0-0-7670015457] Registration request (../src/amf/ngap-handler.c:401)
07/07 21:00:54.096: [amf] INFO: [imsi-999707670015457] Registration complete (../src/amf/gmm-sm.c:1050)
07/07 21:01:21.993: [amf] INFO: InitialUEMessage [suci-0-999-70-0000-0-0-0803728067] Registration request (../src/amf/ngap-handler.c:401)
07/07 21:01:22.055: [amf] INFO: [imsi-999700803728067] Registration complete (../src/amf/gmm-sm.c:1050)
07/07 21:02:01.733: [amf] INFO: InitialUEMessage [suci-0-999-70-0000-0-0-8087585618] Registration request (../src/amf/ngap-handler.c:401)
07/07 21:02:01.801: [amf] INFO: [imsi-999708087585618] Registration complete (../src/amf/gmm-sm.c:1050)
07/07 21:03:07.470: [amf] INFO: InitialUEMessage [suci-0-999-70-0000-0-0-0586509005] Registration request (../src/amf/ngap-handler.c:401)
07/07 21:03:07.508: [amf] INFO: [imsi-999700586509005] Registration complete (../src/amf/gmm-sm.c:1050)
07/07 21:05:52.997: [amf] INFO: InitialUEMessage [suci-0-999-70-0000-0-0-1213225591] Registration request (../src/amf/ngap-handler.c:401)
07/07 21:05:53.045: [amf] INFO: [imsi-999701213225591] Registration complete (../src/amf/gmm-sm.c:1050)
07/07 21:06:40.544: [amf] INFO: InitialUEMessage [suci-0-999-70-0000-0-0-7240005589] Registration request (../src/amf/ngap-handler.c:401)
07/07 21:06:40.579: [amf] INFO: [imsi-999707240005589] Registration complete (../src/amf/gmm-sm.c:1050)
07/07 21:07:56.530: [amf] INFO: InitialUEMessage [suci-0-999-70-0000-0-0-1016518581] Registration request (../src/amf/ngap-handler.c:401)
07/07 21:07:56.575: [amf] INFO: [imsi-999701016518581] Registration complete (../src/amf/gmm-sm.c:1050)
07/07 21:08:57.602: [amf] INFO: InitialUEMessage [suci-0-999-70-0000-0-0-3097731356] Registration request (../src/amf/ngap-handler.c:401)
07/07 21:08:57.657: [amf] INFO: [imsi-999703097731356] Registration complete (../src/amf/gmm-sm.c:1050)
07/07 21:10:06.706: [amf] INFO: InitialUEMessage [suci-0-999-70-0000-0-0-0205116196] Registration request (../src/amf/ngap-handler.c:401)
07/07 21:10:06.756: [amf] INFO: [imsi-999700205116196] Registration complete (../src/amf/gmm-sm.c:1050)
07/07 21:10:28.685: [amf] INFO: InitialUEMessage [suci-0-999-70-0000-0-0-1581786352] Registration request (../src/amf/ngap-handler.c:401)
07/07 21:10:28.746: [amf] INFO: [imsi-999701581786352] Registration complete (../src/amf/gmm-sm.c:1050)
07/07 21:11:07.585: [amf] INFO: InitialUEMessage [suci-0-999-70-0000-0-0-6205905932] Registration request (../src/amf/ngap-handler.c:401)
07/07 21:11:07.617: [amf] INFO: [imsi-999706205905932] Registration complete (../src/amf/gmm-sm.c:1050)
07/07 21:11:47.516: [amf] INFO: InitialUEMessage [suci-0-999-70-0000-0-0-0504935260] Registration request (../src/amf/ngap-handler.c:401)
07/07 21:11:47.559: [amf] INFO: [imsi-999700504935260] Registration complete (../src/amf/gmm-sm.c:1050)
07/07 21:13:33.787: [amf] INFO: InitialUEMessage [suci-0-999-70-0000-0-0-1696774939] Registration request (../src/amf/ngap-handler.c:401)
07/07 21:13:33.844: [amf] INFO: [imsi-999701696774939] Registration complete (../src/amf/gmm-sm.c:1050)
07/07 21:13:46.320: [amf] INFO: InitialUEMessage [suci-0-999-70-0000-0-0-7250871368] Registration request (../src/amf/ngap-handler.c:401)
07/07 21:13:46.363: [amf] INFO: [imsi-999707250871368] Registration complete (../src/amf/gmm-sm.c:1050)
07/07 21:15:15.407: [amf] INFO: InitialUEMessage [suci-0-999-70-0000-0-0-0010810883] Registration request (../src/amf/ngap-handler.c:401)
07/07 21:15:15.464: [amf] INFO: [imsi-999700010810883] Registration complete (../src/amf/gmm-sm.c:1050)
07/07 21:15:46.040: [amf] INFO: InitialUEMessage [suci-0-999-70-0000-0-0-3542515014] Registration request (../src/amf/ngap-handler.c:401)
07/07 21:15:46.087: [amf] INFO: [imsi-999703542515014] Registration complete (../src/amf/gmm-sm.c:1050)
07/07 21:16:01.567: [amf] INFO: InitialUEMessage [suci-0-999-70-0000-0-0-3757807832] Registration request (../src/amf/ngap-handler.c:401)
07/07 21:16:01.627: [amf] INFO: [imsi-999703757807832] Registration complete (../src/amf/gmm-sm.c:1050)
07/07 21:19:05.889: [amf] INFO: InitialUEMessage [suci-0-999-70-0000-0-0-5412512190] Registration request (../src/amf/ngap-handler.c:401)
07/07 21:19:05.936: [amf] INFO: [imsi-999705412512190] Registration complete (../src/amf/gmm-sm.c:1050)
07/07 21:20:11.182: [amf] INFO: InitialUEMessage [suci-0-999-70-0000-0-0-6973844649] Registration request (../src/amf/ngap-handler.c:401)
07/07 21:20:11.211: [amf] INFO: [imsi-999706973844649] Registration complete (../src/amf/gmm-sm.c:1050)
07/07 21:20:33.889: [amf] INFO: InitialUEMessage [suci-0-999-70-0000-0-0-7766597714] Registration request (../src/amf/ngap-handler.c:401)
07/07 21:20:33.921: [amf] INFO: [imsi-999707766597714] Registration complete (../src/amf/gmm-sm.c:1050)
07/07 21:21:36.103: [amf] INFO: InitialUEMessage [suci-0-999-70-0000-0-0-8652222974] Registration request (../src/amf/ngap-handler.c:401)
07/07 21:21:36.141: [amf] INFO: [imsi-999708652222974] Registration complete (../src/amf/gmm-sm.c:1050)
07/07 21:23:13.560: [amf] INFO: InitialUEMessage [suci-0-999-70-0000-0-0-6419492969] Registration request (../src/amf/ngap-handler.c:401)
07/07 21:23:13.600: [amf] INFO: [imsi-999706419492969] Registration complete (../src/amf/gmm-sm.c:1050)
07/07 21:23:18.906: [amf] INFO: InitialUEMessage [suci-0-999-70-0000-0-0-5376865873] Registration request (../src/amf/ngap-handler.c:401)
07/07 21:23:18.936: [amf] INFO: [imsi-999705376865873] Registration complete (../src/amf/gmm-sm.c:1050)
07/07 21:23:40.461: [amf] INFO: InitialUEMessage [suci-0-999-70-0000-0-0-7610005356] Registration request (../src/amf/ngap-handler.c:401)
07/07 21:23:40.521: [amf] INFO: [imsi-999707610005356] Registration complete (../src/amf/gmm-sm.c:1050)
07/07 21:24:39.932: [amf] INFO: InitialUEMessage [suci-0-999-70-0000-0-0-8977266085] Registration request (../src/amf/ngap-handler.c:401)
07/07 21:24:39.962: [amf] INFO: [imsi-999708977266085] Registration complete (../src/amf/gmm-sm.c:1050)
07/07 21:25:30.079: [amf] INFO: InitialUEMessage [suci-0-999-70-0000-0-0-3747491098] Registration request (../src/amf/ngap-handler.c:401)
07/07 21:25:30.124: [amf] INFO: [imsi-999703747491098] Registration complete (../src/amf/gmm-sm.c:1050)
07/07 21:25:36.206: [amf] INFO: InitialUEMessage [suci-0-999-70-0000-0-0-1250712068] Registration request (../src/amf/ngap-handler.c:401)
07/07 21:25:36.248: [amf] INFO: [imsi-999701250712068] Registration complete (../src/amf/gmm-sm.c:1050)
07/07 21:28:49.132: [amf] INFO: InitialUEMessage [suci-0-999-70-0000-0-0-4694202591] Registration request (../src/amf/ngap-handler.c:401)
07/07 21:28:49.170: [amf] INFO: [imsi-999704694202591] Registration complete (../src/amf/gmm-sm.c:1050)
07/07 21:29:32.577: [amf] INFO: InitialUEMessage [suci-0-999-70-0000-0-0-2527097738] Registration request (../src/amf/ngap-handler.c:401)
07/07 21:29:32.624: [amf] INFO: [imsi-999702527097738] Registration complete (../src/amf/gmm-sm.c:1050)
07/07 21:30:39.207: [amf] INFO: InitialUEMessage [suci-0-999-70-0000-0-0-8659504854] Registration request (../src/amf/ngap-handler.c:401)
07/07 21:30:39.229: [amf] INFO: [imsi-999708659504854] Registration complete (../src/amf/gmm-sm.c:1050)
07/07 21:33:47.108: [amf] INFO: InitialUEMessage [suci-0-999-70-0000-0-0-0081189234] Registration request (../src/amf/ngap-handler.c:401)
07/07 21:33:47.169: [amf] INFO: [imsi-999700081189234] Registration complete (../src/amf/gmm-sm.c:1050)
07/07 21:37:10.889: [amf] INFO: InitialUEMessage [suci-0-999-70-0000-0-0-4420476719] Registration request (../src/amf/ngap-handler.c:401)
07/07 21:37:10.934: [amf] INFO: [imsi-999704420476719] Registration complete (../src/amf/gmm-sm.c:1050)
07/07 21:37:26.073: [amf] INFO: InitialUEMessage [suci-0-999-70-0000-0-0-9964647361] Registration request (../src/amf/ngap-handler.c:401)
07/07 21:37:26.108: [amf] INFO: [imsi-999709964647361] Registration complete (../src/amf/gmm-sm.c:1050)
07/07 21:37:47.272: [amf] INFO: InitialUEMessage [suci-0-999-70-0000-0-0-6946357104] Registration request (../src/amf/ngap-handler.c:401)
07/07 21:37:47.299: [amf] INFO: [imsi-999706946357104] Registration complete (../src/amf/gmm-sm.c:1050)
07/07 21:37:52.751: [amf] INFO: InitialUEMessage [suci-0-999-70-0000-0-0-7436963990] Registration request (../src/amf/ngap-handler.c:401)
07/07 21:37:52.808: [amf] INFO: [imsi-999707436963990] Registration complete (../src/amf/gmm-sm.c:1050)
07/07 21:38:20.931: [amf] INFO: InitialUEMessage [suci-0-999-70-0000-0-0-8514857009] Registration request (../src/amf/ngap-handler.c:401)
07/07 21:38:20.993: [amf] INFO: [imsi-999708514857009] Registration complete (../src/amf/gmm-sm.c:1050)
07/07 21:39:33.327: [amf] INFO: InitialUEMessage [suci-0-999-70-0000-0-0-3121079835] Registration request (../src/amf/ngap-handler.c:401)
07/07 21:39:33.384: [amf] INFO: [imsi-999703121079835] Registration complete (../src/amf/gmm-sm.c:1050)
07/07 21:40:13.019: [amf] INFO: InitialUEMessage [suci-0-999-70-0000-0-0-4224734860] Registration request (../src/amf/ngap-handler.c:401)
07/07 21:40:13.070: [amf] INFO: [imsi-999704224734860] Registration complete (../src/amf/gmm-sm.c:1050)
07/07 21:40:28.802: [amf] INFO: InitialUEMessage [suci-0-999-70-0000-0-0-8767180885] Registration request (../src/amf/ngap-handler.c:401)
07/07 21:40:28.843: [amf] INFO: [imsi-999708767180885] Registration complete (../src/amf/gmm-sm.c:1050)
07/07 21:41:33.614: [amf] INFO: InitialUEMessage [suci-0-999-70-0000-0-0-6724801465] Registration request (../src/amf/ngap-handler.c:401)
07/07 21:41:33.656: [amf] INFO: [imsi-999706724801465] Registration complete (../src/amf/gmm-sm.c:1050)
07/07 21:44:27.354: [amf] INFO: InitialUEMessage [suci-0-999-70-0000-0-0-6088459892] Registration request (../src/amf/ngap-handler.c:401)
07/07 21:44:27.402: [amf] INFO: [imsi-999706088459892] Registration complete (../src/amf/gmm-sm.c:1050)
07/07 21:45:03.109: [amf] INFO: InitialUEMessage [suci-0-999-70-0000-0-0-6601993173] Registration request (../src/amf/ngap-handler.c:401)
07/07 21:45:03.160: [amf] INFO: [imsi-999706601993173] Registration complete (../src/amf/gmm-sm.c:1050)
07/07 21:45:24.932: [amf] INFO: InitialUEMessage [suci-0-999-70-0000-0-0-8675580456] Registration request (../src/amf/ngap-handler.c:401)
07/07 21:45:24.986: [amf] INFO: [imsi-999708675580456] Registration complete (../src/amf/gmm-sm.c:1050)
07/07 21:45:34.208: [amf] INFO: InitialUEMessage [suci-0-999-70-0000-0-0-4602676840] Registration request (../src/amf/ngap-handler.c:401)
07/07 21:45:34.252: [amf] INFO: [imsi-999704602676840] Registration complete (../src/amf/gmm-sm.c:1050)
07/07 21:47:22.006: [amf] INFO: InitialUEMessage [suci-0-999-70-0000-0-0-7733167949] Registration request (../src/amf/ngap-handler.c:401)
07/07 21:47:22.055: [amf] INFO: [imsi-999707733167949] Registration complete (../src/amf/gmm-sm.c:1050)
07/07 21:49:57.227: [amf] INFO: InitialUEMessage [suci-0-999-70-0000-0-0-7152970267] Registration request (../src/amf/ngap-handler.c:401)
07/07 21:49:57.264: [amf] INFO: [imsi-999707152970267] Registration complete (../src/amf/gmm-sm.c:1050)
07/07 21:56:16.904: [amf] INFO: InitialUEMessage [suci-0-999-70-0000-0-0-2354163229] Registration request (../src/amf/ngap-handler.c:401)
07/07 21:56:16.951: [amf] INFO: [imsi-999702354163229] Registration complete (../src/amf/gmm-sm.c:1050)
07/07 21:56:22.193: [amf] INFO: InitialUEMessage [suci-0-999-70-0000-0-0-7061988851] Registration request (../src/amf/ngap-handler.c:401)
07/07 21:56:22.240: [amf] INFO: [imsi-999707061988851] Registration complete (../src/amf/gmm-sm.c:1050)
07/07 21:57:06.560: [amf] INFO: InitialUEMessage [suci-0-999-70-0000-0-0-8231434281] Registration request (../src/amf/ngap-handler.c:401)
07/07 21:57:06.584: [amf] INFO: [imsi-999708231434281] Registration complete (../src/amf/gmm-sm.c:1050)
07/07 21:57:20.264: [amf] INFO: InitialUEMessage [suci-0-999-70-0000-0-0-8794502029] Registration request (../src/amf/ngap-handler.c:401)
07/07 21:57:20.306: [amf] INFO: [imsi-999708794502029] Registration complete (../src/amf/gmm-sm.c:1050)
07/07 21:58:43.334: [amf] INFO: InitialUEMessage [suci-0-999-70-0000-0-0-9469335279] Registration request (../src/amf/ngap-handler.c:401)
07/07 21:58:43.378: [amf] INFO: [imsi-999709469335279] Registration complete (../src/amf/gmm-sm.c:1050)
07/07 21:59:32.603: [amf] INFO: InitialUEMessage [suci-0-999-70-0000-0-0-2682190069] Registration request (../src/amf/ngap-handler.c:401)
07/07 21:59:32.640: [amf] INFO: [imsi-999702682190069] Registration complete (../src/amf/gmm-sm.c:1050)
07/07 21:59:47.599: [amf] INFO: InitialUEMessage [suci-0-999-70-0000-0-0-7315382861] Registration request (../src/amf/ngap-handler.c:401)
07/07 21:59:47.651: [amf] INFO: [imsi-999707315382861] Registration complete (../src/amf/gmm-sm.c:1050)
07/07 22:00:21.952: [amf] INFO: InitialUEMessage [suci-0-999-70-0000-0-0-5538989629] Registration request (../src/amf/ngap-handler.c:401)
07/07 22:00:21.985: [amf] INFO: [imsi-999705538989629] Registration complete (../src/amf/gmm-sm.c:1050)
07/07 22:02:56.797: [amf] INFO: InitialUEMessage [suci-0-999-70-0000-0-0-1821375981] Registration request (../src/amf/ngap-handler.c:401)
07/07 22:02:56.840: [amf] INFO: [imsi-999701821375981] Registration complete (../src/amf/gmm-sm.c:1050)
07/07 22:03:40.885: [amf] INFO: InitialUEMessage [suci-0-999-70-0000-0-0-4383620790] Registration request (../src/amf/ngap-handler.c:401)
07/07 22:03:40.942: [amf] INFO: [imsi-999704383620790] Registration complete (../src/amf/gmm-sm.c:1050)
07/07 22:04:03.363: [amf] INFO: InitialUEMessage [suci-0-999-70-0000-0-0-4920433191] Registration request (../src/amf/ngap-handler.c:401)
07/07 22:04:03.389: [amf] INFO: [imsi-999704920433191] Registration complete (../src/amf/gmm-sm.c:1050)
07/07 22:04:44.149: [amf] INFO: InitialUEMessage [suci-0-999-70-0000-0-0-0283445004] Registration request (../src/amf/ngap-handler.c:401)
07/07 22:04:44.186: [amf] INFO: [imsi-999700283445004] Registration complete (../src/amf/gmm-sm.c:1050)
07/07 22:05:34.015: [amf] INFO: InitialUEMessage [suci-0-999-70-0000-0-0-1274558658] Registration request (../src/amf/ngap-handler.c:401)
07/07 22:05:34.041: [amf] INFO: [imsi-999701274558658] Registration complete (../src/amf/gmm-sm.c:1050)
07/07 22:11:34.425: [amf] INFO: InitialUEMessage [suci-0-999-70-0000-0-0-5213769230] Registration request (../src/amf/ngap-handler.c:401)
07/07 22:11:34.461: [amf] INFO: [imsi-999705213769230] Registration complete (../src/amf/gmm-sm.c:1050)
07/07 22:11:46.110: [amf] INFO: InitialUEMessage [suci-0-999-70-0000-0-0-1105695670] Registration request (../src/amf/ngap-handler.c:401)
07/07 22:11:46.139: [amf] INFO: [imsi-999701105695670] Registration complete (../src/amf/gmm-sm.c:1050)
07/07 22:12:33.256: [amf] INFO: InitialUEMessage [suci-0-999-70-0000-0-0-1915811807] Registration request (../src/amf/ngap-handler.c:401)
07/07 22:12:33.314: [amf] INFO: [imsi-999701915811807] Registration complete (../src/amf/gmm-sm.c:1050)
07/07 22:14:36.964: [amf] INFO: InitialUEMessage [suci-0-999-70-0000-0-0-0653653213] Registration request (../src/amf/ngap-handler.c:401)
07/07 22:14:37.003: [amf] INFO: [imsi-999700653653213] Registration complete (../src/amf/gmm-sm.c:1050)
07/07 22:14:43.452: [amf] INFO: InitialUEMessage [suci-0-999-70-0000-0-0-6765329327] Registration request (../src/amf/ngap-handler.c:401)
07/07 22:14:43.492: [amf] INFO: [imsi-999706765329327] Registration complete (../src/amf/gmm-sm.c:1050)
07/07 22:14:45.895: [amf] INFO: InitialUEMessage [suci-0-999-70-0000-0-0-1391637928] Registration request (../src/amf/ngap-handler.c:401)
07/07 22:14:45.924: [amf] INFO: [imsi-999701391637928] Registration complete (../src/amf/gmm-sm.c:1050)
07/07 22:15:04.853: [amf] INFO: InitialUEMessage [suci-0-999-70-0000-0-0-1655301406] Registration request (../src/amf/ngap-handler.c:401)
07/07 22:15:04.886: [amf] INFO: [imsi-999701655301406] Registration complete (../src/amf/gmm-sm.c:1050)
07/07 22:15:10.944: [amf] INFO: InitialUEMessage [suci-0-999-70-0000-0-0-2800984648] Registration request (../src/amf/ngap-handler.c:401)
07/07 22:15:10.984: [amf] INFO: [imsi-999702800984648] Registration complete (../src/amf/gmm-sm.c:1050)
07/07 22:15:26.052: [amf] INFO: InitialUEMessage [suci-0-999-70-0000-0-0-1852649468] Registration request (../src/amf/ngap-handler.c:401)
07/07 22:15:26.093: [amf] INFO: [imsi-999701852649468] Registration complete (../src/amf/gmm-sm.c:1050)
07/07 22:18:43.930: [amf] INFO: InitialUEMessage [suci-0-999-70-0000-0-0-4292570473] Registration request (../src/amf/ngap-handler.c:401)
07/07 22:18:43.959: [amf] INFO: [imsi-999704292570473] Registration complete (../src/amf/gmm-sm.c:1050)
07/07 22:22:45.905: [amf] INFO: InitialUEMessage [suci-0-999-70-0000-0-0-2818107081] Registration request (../src/amf/ngap-handler.c:401)
07/07 22:22:45.953: [amf] INFO: [imsi-999702818107081] Registration complete (../src/amf/gmm-sm.c:1050)
07/07 22:24:54.082: [amf] INFO: InitialUEMessage [suci-0-999-70-0000-0-0-9869981117] Registration request (../src/amf/ngap-handler.c:401)
07/07 22:24:54.122: [amf] INFO: [imsi-999709869981117] Registration complete (../src/amf/gmm-sm.c:1050)
07/07 22:25:45.112: [amf] INFO: InitialUEMessage [suci-0-999-70-0000-0-0-2148453866] Registration request (../src/amf/ngap-handler.c:401)
07/07 22:25:45.137: [amf] INFO: [imsi-999702148453866] Registration complete (../src/amf/gmm-sm.c:1050)
07/07 22:26:46.540: [amf] INFO: InitialUEMessage [suci-0-999-70-0000-0-0-2686244550] Registration request (../src/amf/ngap-handler.c:401)
07/07 22:26:46.585: [amf] INFO: [imsi-999702686244550] Registration complete (../src/amf/gmm-sm.c:1050)
07/07 22:27:10.776: [amf] INFO: InitialUEMessage [suci-0-999-70-0000-0-0-2098387716] Registration request (../src/amf/ngap-handler.c:401)
07/07 22:27:10.811: [amf] INFO: [imsi-999702098387716] Registration complete (../src/amf/gmm-sm.c:1050)
07/07 22:29:43.759: [amf] INFO: InitialUEMessage [suci-0-999-70-0000-0-0-2604306304] Registration request (../src/amf/ngap-handler.c:401)
07/07 22:29:43.800: [amf] INFO: [imsi-999702604306304] Registration complete (../src/amf/gmm-sm.c:1050)
07/07 22:29:55.006: [amf] INFO: InitialUEMessage [suci-0-999-70-0000-0-0-4134371766] Registration request (../src/amf/ngap-handler.c:401)
07/07 22:29:55.050: [amf] INFO: [imsi-999704134371766] Registration complete (../src/amf/gmm-sm.c:1050)
07/07 22:34:37.166: [amf] INFO: InitialUEMessage [suci-0-999-70-0000-0-0-9195902152] Registration request (../src/amf/ngap-handler.c:401)
07/07 22:34:37.197: [amf] INFO: [imsi-999709195902152] Registration complete (../src/amf/gmm-sm.c:1050)
07/07 22:35:28.374: [amf] INFO: InitialUEMessage [suci-0-999-70-0000-0-0-9631682369] Registration request (../src/amf/ngap-handler.c:401)
07/07 22:35:28.431: [amf] INFO: [imsi-999709631682369] Registration complete (../src/amf/gmm-sm.c:1050)
07/07 22:37:47.465: [amf] INFO: InitialUEMessage [suci-0-999-70-0000-0-0-9414123154] Registration request (../src/amf/ngap-handler.c:401)
07/07 22:37:47.503: [amf] INFO: [imsi-999709414123154] Registration complete (../src/amf/gmm-sm.c:1050)
07/07 22:37:55.633: [amf] INFO: InitialUEMessage [suci-0-999-70-0000-0-0-7212508364] Registration request (../src/amf/ngap-handler.c:401)
07/07 22:37:55.690: [amf] INFO: [imsi-999707212508364] Registration complete (../src/amf/gmm-sm.c:1050)
07/07 22:39:23.354: [amf] INFO: InitialUEMessage [suci-0-999-70-0000-0-0-1844972988] Registration request (../src/amf/ngap-handler.c:401)
07/07 22:39:23.423: [amf] INFO: [imsi-999701844972988] Registration complete (../src/amf/gmm-sm.c:1050)
07/07 22:39:37.780: [amf] INFO: InitialUEMessage [suci-0-999-70-0000-0-0-8713046226] Registration request (../src/amf/ngap-handler.c:401)
07/07 22:39:37.836: [amf] INFO: [imsi-999708713046226] Registration complete (../src/amf/gmm-sm.c:1050)
07/07 22:40:24.676: [amf] INFO: InitialUEMessage [suci-0-999-70-0000-0-0-3907520929] Registration request (../src/amf/ngap-handler.c:401)
07/07 22:40:24.728: [amf] INFO: [imsi-999703907520929] Registration complete (../src/amf/gmm-sm.c:1050)
07/07 22:43:03.235: [amf] INFO: InitialUEMessage [suci-0-999-70-0000-0-0-1079276057] Registration request (../src/amf/ngap-handler.c:401)
07/07 22:43:03.288: [amf] INFO: [imsi-999701079276057] Registration complete (../src/amf/gmm-sm.c:1050)
07/07 22:44:04.217: [amf] INFO: InitialUEMessage [suci-0-999-70-0000-0-0-9667003841] Registration request (../src/amf/ngap-handler.c:401)
07/07 22:44:04.265: [amf] INFO: [imsi-999709667003841] Registration complete (../src/amf/gmm-sm.c:1050)
07/07 22:44:14.918: [amf] INFO: InitialUEMessage [suci-0-999-70-0000-0-0-6760159404] Registration request (../src/amf/ngap-handler.c:401)
07/07 22:44:14.947: [amf] INFO: [imsi-999706760159404] Registration complete (../src/amf/gmm-sm.c:1050)
07/07 22:44:51.894: [amf] INFO: InitialUEMessage [suci-0-999-70-0000-0-0-4106322581] Registration request (../src/amf/ngap-handler.c:401)
07/07 22:44:51.945: [amf] INFO: [imsi-999704106322581] Registration complete (../src/amf/gmm-sm.c:1050)
07/07 22:48:31.376: [amf] INFO: InitialUEMessage [suci-0-999-70-0000-0-0-7501663079] Registration request (../src/amf/ngap-handler.c:401)
07/07 22:48:31.414: [amf] INFO: [imsi-999707501663079] Registration complete (../src/amf/gmm-sm.c:1050)
07/07 22:51:07.869: [amf] INFO: InitialUEMessage [suci-0-999-70-0000-0-0-8606935826] Registration request (../src/amf/ngap-handler.c:401)
07/07 22:51:07.898: [amf] INFO: [imsi-999708606935826] Registration complete (../src/amf/gmm-sm.c:1050)
07/07 22:54:28.021: [amf] INFO: InitialUEMessage [suci-0-999-70-0000-0-0-5117070052] Registration request (../src/amf/ngap-handler.c:401)
07/07 22:54:28.072: [amf] INFO: [imsi-999705117070052] Registration complete (../src/amf/gmm-sm.c:1050)
07/07 22:55:26.575: [amf] INFO: InitialUEMessage [suci-0-999-70-0000-0-0-4918644610] Registration request (../src/amf/ngap-handler.c:401)
07/07 22:55:26.622: [amf] INFO: [imsi-999704918644610] Registration complete (../src/amf/gmm-sm.c:1050)
07/07 22:57:06.016: [amf] INFO: InitialUEMessage [suci-0-999-70-0000-0-0-0713002661] Registration request (../src/amf/ngap-handler.c:401)
07/07 22:57:06.070: [amf] INFO: [imsi-999700713002661] Registration complete (../src/amf/gmm-sm.c:1050)
07/07 22:57:58.222: [amf] INFO: InitialUEMessage [suci-0-999-70-0000-0-0-9468351871] Registration request (../src/amf/ngap-handler.c:401)
07/07 22:57:58.269: [amf] INFO: [imsi-999709468351871] Registration complete (../src/amf/gmm-sm.c:1050)
07/07 22:58:05.674: [amf] INFO: InitialUEMessage [suci-0-999-70-0000-0-0-8343633774] Registration request (../src/amf/ngap-handler.c:401)
07/07 22:58:05.729: [amf] INFO: [imsi-999708343633774] Registration complete (../src/amf/gmm-sm.c:1050)
07/07 22:58:28.038: [amf] INFO: InitialUEMessage [suci-0-999-70-0000-0-0-2058133875] Registration request (../src/amf/ngap-handler.c:401)
07/07 22:58:28.090: [amf] INFO: [imsi-999702058133875] Registration complete (../src/amf/gmm-sm.c:1050)
07/07 23:00:16.324: [amf] INFO: InitialUEMessage [suci-0-999-70-0000-0-0-5484966199] Registration request (../src/amf/ngap-handler.c:401)
07/07 23:00:16.356: [amf] INFO: [imsi-999705484966199] Registration complete (../src/amf/gmm-sm.c:1050)
07/07 23:01:29.924: [amf] INFO: InitialUEMessage [suci-0-999-70-0000-0-0-8839438240] Registration request (../src/amf/ngap-handler.c:401)
07/07 23:01:29.960: [amf] INFO: [imsi-999708839438240] Registration complete (../src/amf/gmm-sm.c:1050)
07/07 23:03:14.329: [amf] INFO: InitialUEMessage [suci-0-999-70-0000-0-0-2355368406] Registration request (../src/amf/ngap-handler.c:401)
07/07 23:03:14.397: [amf] INFO: [imsi-999702355368406] Registration complete (../src/amf/gmm-sm.c:1050)
07/07 23:04:55.331: [amf] INFO: InitialUEMessage [suci-0-999-70-0000-0-0-4086515033] Registration request (../src/amf/ngap-handler.c:401)
07/07 23:04:55.377: [amf] INFO: [imsi-999704086515033] Registration complete (../src/amf/gmm-sm.c:1050)
07/07 23:05:44.206: [amf] INFO: InitialUEMessage [suci-0-999-70-0000-0-0-5636517478] Registration request (../src/amf/ngap-handler.c:401)
07/07 23:05:44.247: [amf] INFO: [imsi-999705636517478] Registration complete (../src/amf/gmm-sm.c:1050)
07/07 23:07:02.734: [amf] INFO: InitialUEMessage [suci-0-999-70-0000-0-0-6593450246] Registration request (../src/amf/ngap-handler.c:401)
07/07 23:07:02.774: [amf] INFO: [imsi-999706593450246] Registration complete (../src/amf/gmm-sm.c:1050)
07/07 23:07:54.496: [amf] INFO: InitialUEMessage [suci-0-999-70-0000-0-0-9865399058] Registration request (../src/amf/ngap-handler.c:401)
07/07 23:07:54.539: [amf] INFO: [imsi-999709865399058] Registration complete (../src/amf/gmm-sm.c:1050)
07/07 23:10:54.087: [amf] INFO: InitialUEMessage [suci-0-999-70-0000-0-0-7113824356] Registration request (../src/amf/ngap-handler.c:401)
07/07 23:10:54.136: [amf] INFO: [imsi-999707113824356] Registration complete (../src/amf/gmm-sm.c:1050)
07/07 23:13:09.216: [amf] INFO: InitialUEMessage [suci-0-999-70-0000-0-0-9003931607] Registration request (../src/amf/ngap-handler.c:401)
07/07 23:13:09.263: [amf] INFO: [imsi-999709003931607] Registration complete (../src/amf/gmm-sm.c:1050)
07/07 23:14:42.767: [amf] INFO: InitialUEMessage [suci-0-999-70-0000-0-0-4353731055] Registration request (../src/amf/ngap-handler.c:401)
07/07 23:14:42.809: [amf] INFO: [imsi-999704353731055] Registration complete (../src/amf/gmm-sm.c:1050)
07/07 23:17:19.269: [amf] INFO: InitialUEMessage [suci-0-999-70-0000-0-0-6668850550] Registration request (../src/amf/ngap-handler.c:401)
07/07 23:17:19.323: [amf] INFO: [imsi-999706668850550] Registration complete (../src/amf/gmm-sm.c:1050)
07/07 23:18:06.791: [amf] INFO: InitialUEMessage [suci-0-999-70-0000-0-0-5730499242] Registration request (../src/amf/ngap-handler.c:401)
07/07 23:18:06.825: [amf] INFO: [imsi-999705730499242] Registration complete (../src/amf/gmm-sm.c:1050)
07/07 23:22:24.341: [amf] INFO: InitialUEMessage [suci-0-999-70-0000-0-0-2230366590] Registration request (../src/amf/ngap-handler.c:401)
07/07 23:22:24.377: [amf] INFO: [imsi-999702230366590] Registration complete (../src/amf/gmm-sm.c:1050)
07/07 23:25:11.036: [amf] INFO: InitialUEMessage [suci-0-999-70-0000-0-0-5544926797] Registration request (../src/amf/ngap-handler.c:401)
07/07 23:25:11.077: [amf] INFO: [imsi-999705544926797] Registration complete (../src/amf/gmm-sm.c:1050)
07/07 23:25:38.307: [amf] INFO: InitialUEMessage [suci-0-999-70-0000-0-0-2796793667] Registration request (../src/amf/ngap-handler.c:401)
07/07 23:25:38.368: [amf] INFO: [imsi-999702796793667] Registration complete (../src/amf/gmm-sm.c:1050)
07/07 23:26:41.512: [amf] INFO: InitialUEMessage [suci-0-999-70-0000-0-0-2115099286] Registration request (../src/amf/ngap-handler.c:401)
07/07 23:26:41.550: [amf] INFO: [imsi-999702115099286] Registration complete (../src/amf/gmm-sm.c:1050)
07/07 23:27:40.593: [amf] INFO: InitialUEMessage [suci-0-999-70-0000-0-0-9960848526] Registration request (../src/amf/ngap-handler.c:401)
07/07 23:27:40.647: [amf] INFO: [imsi-999709960848526] Registration complete (../src/amf/gmm-sm.c:1050)
07/07 23:28:15.952: [amf] INFO: InitialUEMessage [suci-0-999-70-0000-0-0-1049192199] Registration request (../src/amf/ngap-handler.c:401)
07/07 23:28:15.981: [amf] INFO: [imsi-999701049192199] Registration complete (../src/amf/gmm-sm.c:1050)
07/07 23:29:47.648: [amf] INFO: InitialUEMessage [suci-0-999-70-0000-0-0-9384741371] Registration request (../src/amf/ngap-handler.c:401)
07/07 23:29:47.671: [amf] INFO: [imsi-999709384741371] Registration complete (../src/amf/gmm-sm.c:1050)
07/07 23:33:20.952: [amf] INFO: InitialUEMessage [suci-0-999-70-0000-0-0-0838127473] Registration request (../src/amf/ngap-handler.c:401)
07/07 23:33:20.988: [amf] INFO: [imsi-999700838127473] Registration complete (../src/amf/gmm-sm.c:1050)
07/07 23:35:04.313: [amf] INFO: InitialUEMessage [suci-0-999-70-0000-0-0-1327617877] Registration request (../src/amf/ngap-handler.c:401)
07/07 23:35:04.346: [amf] INFO: [imsi-999701327617877] Registration complete (../src/amf/gmm-sm.c:1050)
07/07 23:39:15.346: [amf] INFO: InitialUEMessage [suci-0-999-70-0000-0-0-5842345408] Registration request (../src/amf/ngap-handler.c:401)
07/07 23:39:15.394: [amf] INFO: [imsi-999705842345408] Registration complete (../src/amf/gmm-sm.c:1050)
07/07 23:39:23.037: [amf] INFO: InitialUEMessage [suci-0-999-70-0000-0-0-9223628842] Registration request (../src/amf/ngap-handler.c:401)
07/07 23:39:23.081: [amf] INFO: [imsi-999709223628842] Registration complete (../src/amf/gmm-sm.c:1050)
07/07 23:41:05.987: [amf] INFO: InitialUEMessage [suci-0-999-70-0000-0-0-5466169450] Registration request (../src/amf/ngap-handler.c:401)
07/07 23:41:06.023: [amf] INFO: [imsi-999705466169450] Registration complete (../src/amf/gmm-sm.c:1050)
07/07 23:43:50.101: [amf] INFO: InitialUEMessage [suci-0-999-70-0000-0-0-5201929634] Registration request (../src/amf/ngap-handler.c:401)
07/07 23:43:50.143: [amf] INFO: [imsi-999705201929634] Registration complete (../src/amf/gmm-sm.c:1050)
07/07 23:48:40.613: [amf] INFO: InitialUEMessage [suci-0-999-70-0000-0-0-9587820321] Registration request (../src/amf/ngap-handler.c:401)
07/07 23:48:40.665: [amf] INFO: [imsi-999709587820321] Registration complete (../src/amf/gmm-sm.c:1050)
07/07 23:50:07.811: [amf] INFO: InitialUEMessage [suci-0-999-70-0000-0-0-9836527054] Registration request (../src/amf/ngap-handler.c:401)
07/07 23:50:07.860: [amf] INFO: [imsi-999709836527054] Registration complete (../src/amf/gmm-sm.c:1050)
07/07 23:51:27.996: [amf] INFO: InitialUEMessage [suci-0-999-70-0000-0-0-5381245007] Registration request (../src/amf/ngap-handler.c:401)
07/07 23:51:28.024: [amf] INFO: [imsi-999705381245007] Registration complete (../src/amf/gmm-sm.c:1050)
07/07 23:52:22.606: [amf] INFO: InitialUEMessage [suci-0-999-70-0000-0-0-8319133881] Registration request (../src/amf/ngap-handler.c:401)
07/07 23:52:22.666: [amf] INFO: [imsi-999708319133881] Registration complete (../src/amf/gmm-sm.c:1050)
07/07 23:54:15.817: [amf] INFO: InitialUEMessage [suci-0-999-70-0000-0-0-4653521629] Registration request (../src/amf/ngap-handler.c:401)
07/07 23:54:15.856: [amf] INFO: [imsi-999704653521629] Registration complete (../src/amf/gmm-sm.c:1050)
07/07 23:56:50.739: [amf] INFO: InitialUEMessage [suci-0-999-70-0000-0-0-3661261708] Registration request (../src/amf/ngap-handler.c:401)
07/07 23:56:50.794: [amf] INFO: [imsi-999703661261708] Registration complete (../src/amf/gmm-sm.c:1050)
07/08 00:01:22.371: [amf] INFO: InitialUEMessage [suci-0-999-70-0000-0-0-5750469778] Registration request (../src/amf/ngap-handler.c:401)
07/08 00:01:22.417: [amf] INFO: [imsi-999705750469778] Registration complete (../src/amf/gmm-sm.c:1050)
07/08 00:05:13.882: [amf] INFO: InitialUEMessage [suci-0-999-70-0000-0-0-9780171310] Registration request (../src/amf/ngap-handler.c:401)
07/08 00:05:13.939: [amf] INFO: [imsi-999709780171310] Registration complete (../src/amf/gmm-sm.c:1050)
07/08 00:05:36.663: [amf] INFO: InitialUEMessage [suci-0-999-70-0000-0-0-3269495806] Registration request (../src/amf/ngap-handler.c:401)
07/08 00:05:36.695: [amf] INFO: [imsi-999703269495806] Registration complete (../src/amf/gmm-sm.c:1050)
07/08 00:08:30.892: [amf] INFO: InitialUEMessage [suci-0-999-70-0000-0-0-6445120978] Registration request (../src/amf/ngap-handler.c:401)
07/08 00:08:30.948: [amf] INFO: [imsi-999706445120978] Registration complete (../src/amf/gmm-sm.c:1050)
07/08 00:09:24.769: [amf] INFO: InitialUEMessage [suci-0-999-70-0000-0-0-9346231935] Registration request (../src/amf/ngap-handler.c:401)
07/08 00:09:24.819: [amf] INFO: [imsi-999709346231935] Registration complete (../src/amf/gmm-sm.c:1050)
07/08 00:13:31.467: [amf] INFO: InitialUEMessage [suci-0-999-70-0000-0-0-4241059525] Registration request (../src/amf/ngap-handler.c:401)
07/08 00:13:31.512: [amf] INFO: [imsi-999704241059525] Registration complete (../src/amf/gmm-sm.c:1050)
07/08 00:14:57.651: [amf] INFO: InitialUEMessage [suci-0-999-70-0000-0-0-7521057568] Registration request (../src/amf/ngap-handler.c:401)
07/08 00:14:57.707: [amf] INFO: [imsi-999707521057568] Registration complete (../src/amf/gmm-sm.c:1050)
07/08 00:23:26.090: [amf] INFO: InitialUEMessage [suci-0-999-70-0000-0-0-5169759326] Registration request (../src/amf/ngap-handler.c:401)
07/08 00:23:26.139: [amf] INFO: [imsi-999705169759326] Registration complete (../src/amf/gmm-sm.c:1050)
07/08 00:23:35.142: [amf] INFO: InitialUEMessage [suci-0-999-70-0000-0-0-0999389195] Registration request (../src/amf/ngap-handler.c:401)
07/08 00:23:35.202: [amf] INFO: [imsi-999700999389195] Registration complete (../src/amf/gmm-sm.c:1050)
07/08 00:24:19.879: [amf] INFO: InitialUEMessage [suci-0-999-70-0000-0-0-0698155121] Registration request (../src/amf/ngap-handler.c:401)
07/08 00:24:19.928: [amf] INFO: [imsi-999700698155121] Registration complete (../src/amf/gmm-sm.c:1050)
07/08 00:26:15.945: [amf] INFO: InitialUEMessage [suci-0-999-70-0000-0-0-5838342163] Registration request (../src/amf/ngap-handler.c:401)
07/08 00:26:15.989: [amf] INFO: [imsi-999705838342163] Registration complete (../src/amf/gmm-sm.c:1050)
07/08 00:27:42.951: [amf] INFO: InitialUEMessage [suci-0-999-70-0000-0-0-7559580629] Registration request (../src/amf/ngap-handler.c:401)
07/08 00:27:43.001: [amf] INFO: [imsi-999707559580629] Registration complete (../src/amf/gmm-sm.c:1050)
07/08 00:29:49.300: [amf] INFO: InitialUEMessage [suci-0-999-70-0000-0-0-8109561414] Registration request (../src/amf/ngap-handler.c:401)
07/08 00:29:49.336: [amf] INFO: [imsi-999708109561414] Registration complete (../src/amf/gmm-sm.c:1050)
07/08 00:30:35.390: [amf] INFO: InitialUEMessage [suci-0-999-70-0000-0-0-3643301258] Registration request (../src/amf/ngap-handler.c:401)
07/08 00:30:35.437: [amf] INFO: [imsi-999703643301258] Registration complete (../src/amf/gmm-sm.c:1050)
07/08 00:31:12.586: [amf] INFO: InitialUEMessage [suci-0-999-70-0000-0-0-5063349338] Registration request (../src/amf/ngap-handler.c:401)
07/08 00:31:12.625: [amf] INFO: [imsi-999705063349338] Registration complete (../src/amf/gmm-sm.c:1050)
07/08 00:35:50.315: [amf] INFO: InitialUEMessage [suci-0-999-70-0000-0-0-8104719561] Registration request (../src/amf/ngap-handler.c:401)
07/08 00:35:50.375: [amf] INFO: [imsi-999708104719561] Registration complete (../src/amf/gmm-sm.c:1050)
07/08 00:35:53.485: [amf] INFO: InitialUEMessage [suci-0-999-70-0000-0-0-2440688859] Registration request (../src/amf/ngap-handler.c:401)
07/08 00:35:53.535: [amf] INFO: [imsi-999702440688859] Registration complete (../src/amf/gmm-sm.c:1050)
07/08 00:40:43.431: [amf] INFO: InitialUEMessage [suci-0-999-70-0000-0-0-3672782939] Registration request (../src/amf/ngap-handler.c:401)
07/08 00:40:43.494: [amf] INFO: [imsi-999703672782939] Registration complete (../src/amf/gmm-sm.c:1050)
07/08 00:41:54.337: [amf] INFO: InitialUEMessage [suci-0-999-70-0000-0-0-6366568280] Registration request (../src/amf/ngap-handler.c:401)
07/08 00:41:54.378: [amf] INFO: [imsi-999706366568280] Registration complete (../src/amf/gmm-sm.c:1050)
07/08 00:45:21.487: [amf] INFO: InitialUEMessage [suci-0-999-70-0000-0-0-7454753210] Registration request (../src/amf/ngap-handler.c:401)
07/08 00:45:21.534: [amf] INFO: [imsi-999707454753210] Registration complete (../src/amf/gmm-sm.c:1050)
07/08 00:48:27.384: [amf] INFO: InitialUEMessage [suci-0-999-70-0000-0-0-9129415819] Registration request (../src/amf/ngap-handler.c:401)
07/08 00:48:27.449: [amf] INFO: [imsi-999709129415819] Registration complete (../src/amf/gmm-sm.c:1050)
07/08 00:49:07.957: [amf] INFO: InitialUEMessage [suci-0-999-70-0000-0-0-2235940634] Registration request (../src/amf/ngap-handler.c:401)
07/08 00:49:08.019: [amf] INFO: [imsi-999702235940634] Registration complete (../src/amf/gmm-sm.c:1050)
07/08 00:51:10.773: [amf] INFO: InitialUEMessage [suci-0-999-70-0000-0-0-9720183171] Registration request (../src/amf/ngap-handler.c:401)
07/08 00:51:10.814: [amf] INFO: [imsi-999709720183171] Registration complete (../src/amf/gmm-sm.c:1050)
07/08 00:51:47.831: [amf] INFO: InitialUEMessage [suci-0-999-70-0000-0-0-8023480278] Registration request (../src/amf/ngap-handler.c:401)
07/08 00:51:47.849: [amf] INFO: [imsi-999708023480278] Registration complete (../src/amf/gmm-sm.c:1050)
07/08 00:56:30.090: [amf] INFO: InitialUEMessage [suci-0-999-70-0000-0-0-4415216799] Registration request (../src/amf/ngap-handler.c:401)
07/08 00:56:30.127: [amf] INFO: [imsi-999704415216799] Registration complete (../src/amf/gmm-sm.c:1050)
07/08 01:03:17.415: [amf] INFO: InitialUEMessage [suci-0-999-70-0000-0-0-2386868119] Registration request (../src/amf/ngap-handler.c:401)
07/08 01:03:17.465: [amf] INFO: [imsi-999702386868119] Registration complete (../src/amf/gmm-sm.c:1050)
07/08 01:03:20.656: [amf] INFO: InitialUEMessage [suci-0-999-70-0000-0-0-0727267382] Registration request (../src/amf/ngap-handler.c:401)
07/08 01:03:20.682: [amf] INFO: [imsi-999700727267382] Registration complete (../src/amf/gmm-sm.c:1050)
07/08 01:08:38.825: [amf] INFO: InitialUEMessage [suci-0-999-70-0000-0-0-2287634269] Registration request (../src/amf/ngap-handler.c:401)
07/08 01:08:38.873: [amf] INFO: [imsi-999702287634269] Registration complete (../src/amf/gmm-sm.c:1050)
07/08 01:10:25.037: [amf] INFO: InitialUEMessage [suci-0-999-70-0000-0-0-1772086637] Registration request (../src/amf/ngap-handler.c:401)
07/08 01:10:25.077: [amf] INFO: [imsi-999701772086637] Registration complete (../src/amf/gmm-sm.c:1050)
07/08 01:10:31.928: [amf] INFO: InitialUEMessage [suci-0-999-70-0000-0-0-7451636200] Registration request (../src/amf/ngap-handler.c:401)
07/08 01:10:31.982: [amf] INFO: [imsi-999707451636200] Registration complete (../src/amf/gmm-sm.c:1050)
07/08 01:14:43.832: [amf] INFO: InitialUEMessage [suci-0-999-70-0000-0-0-0923330854] Registration request (../src/amf/ngap-handler.c:401)
07/08 01:14:43.871: [amf] INFO: [imsi-999700923330854] Registration complete (../src/amf/gmm-sm.c:1050)
07/08 01:18:32.301: [amf] INFO: InitialUEMessage [suci-0-999-70-0000-0-0-5709345881] Registration request (../src/amf/ngap-handler.c:401)
07/08 01:18:32.339: [amf] INFO: [imsi-999705709345881] Registration complete (../src/amf/gmm-sm.c:1050)
07/08 01:19:36.932: [amf] INFO: InitialUEMessage [suci-0-999-70-0000-0-0-7160655372] Registration request (../src/amf/ngap-handler.c:401)
07/08 01:19:36.965: [amf] INFO: [imsi-999707160655372] Registration complete (../src/amf/gmm-sm.c:1050)
07/08 01:22:45.762: [amf] INFO: InitialUEMessage [suci-0-999-70-0000-0-0-3723132267] Registration request (../src/amf/ngap-handler.c:401)
07/08 01:22:45.815: [amf] INFO: [imsi-999703723132267] Registration complete (../src/amf/gmm-sm.c:1050)
07/08 01:28:47.710: [amf] INFO: InitialUEMessage [suci-0-999-70-0000-0-0-0949686894] Registration request (../src/amf/ngap-handler.c:401)
07/08 01:28:47.758: [amf] INFO: [imsi-999700949686894] Registration complete (../src/amf/gmm-sm.c:1050)
07/08 01:29:05.938: [amf] INFO: InitialUEMessage [suci-0-999-70-0000-0-0-1092979429] Registration request (../src/amf/ngap-handler.c:401)
07/08 01:29:05.963: [amf] INFO: [imsi-999701092979429] Registration complete (../src/amf/gmm-sm.c:1050)
07/08 01:31:26.328: [amf] INFO: InitialUEMessage [suci-0-999-70-0000-0-0-5829645645] Registration request (../src/amf/ngap-handler.c:401)
07/08 01:31:26.368: [amf] INFO: [imsi-999705829645645] Registration complete (../src/amf/gmm-sm.c:1050)
07/08 01:32:58.844: [amf] INFO: InitialUEMessage [suci-0-999-70-0000-0-0-9701766538] Registration request (../src/amf/ngap-handler.c:401)
07/08 01:32:58.884: [amf] INFO: [imsi-999709701766538] Registration complete (../src/amf/gmm-sm.c:1050)
07/08 01:38:57.953: [amf] INFO: InitialUEMessage [suci-0-999-70-0000-0-0-6674524307] Registration request (../src/amf/ngap-handler.c:401)
07/08 01:38:57.987: [amf] WARNING: [imsi-999706674524307] Registration reject (../src/amf/gmm-handler.c:230)
07/08 01:39:04.047: [amf] INFO: InitialUEMessage [suci-0-999-70-0000-0-0-1017572794] Registration request (../src/amf/ngap-handler.c:401)
07/08 01:39:04.092: [amf] INFO: [imsi-999701017572794] Registration complete (../src/amf/gmm-sm.c:1050)
07/08 01:44:36.270: [amf] INFO: InitialUEMessage [suci-0-999-70-0000-0-0-3161726909] Registration request (../src/amf/ngap-handler.c:401)
07/08 01:44:36.326: [amf] INFO: [imsi-999703161726909] Registration complete (../src/amf/gmm-sm.c:1050)
07/08 01:45:22.194: [amf] INFO: InitialUEMessage [suci-0-999-70-0000-0-0-9844479450] Registration request (../src/amf/ngap-handler.c:401)
07/08 01:45:22.231: [amf] INFO: [imsi-999709844479450] Registration complete (../src/amf/gmm-sm.c:1050)
07/08 01:48:49.157: [amf] INFO: InitialUEMessage [suci-0-999-70-0000-0-0-0533263242] Registration request (../src/amf/ngap-handler.c:401)
07/08 01:48:49.204: [amf] INFO: [imsi-999700533263242] Registration complete (../src/amf/gmm-sm.c:1050)
07/08 01:51:31.514: [amf] INFO: InitialUEMessage [suci-0-999-70-0000-0-0-5608956697] Registration request (../src/amf/ngap-handler.c:401)
07/08 01:51:31.584: [amf] INFO: [imsi-999705608956697] Registration complete (../src/amf/gmm-sm.c:1050)
07/08 01:57:48.185: [amf] INFO: InitialUEMessage [suci-0-999-70-0000-0-0-5009258192] Registration request (../src/amf/ngap-handler.c:401)
07/08 01:57:48.240: [amf] INFO: [imsi-999705009258192] Registration complete (../src/amf/gmm-sm.c:1050)
07/08 02:01:37.835: [amf] INFO: InitialUEMessage [suci-0-999-70-0000-0-0-1087282889] Registration request (../src/amf/ngap-handler.c:401)
07/08 02:01:37.864: [amf] INFO: [imsi-999701087282889] Registration complete (../src/amf/gmm-sm.c:1050)
07/08 02:02:56.681: [amf] INFO: InitialUEMessage [suci-0-999-70-0000-0-0-2654860615] Registration request (../src/amf/ngap-handler.c:401)
07/08 02:02:56.715: [amf] INFO: [imsi-999702654860615] Registration complete (../src/amf/gmm-sm.c:1050)
07/08 02:03:58.189: [amf] INFO: InitialUEMessage [suci-0-999-70-0000-0-0-7843623562] Registration request (../src/amf/ngap-handler.c:401)
07/08 02:03:58.236: [amf] INFO: [imsi-999707843623562] Registration complete (../src/amf/gmm-sm.c:1050)
07/08 02:11:05.815: [amf] INFO: InitialUEMessage [suci-0-999-70-0000-0-0-8687578479] Registration request (../src/amf/ngap-handler.c:401)
07/08 02:11:05.836: [amf] INFO: [imsi-999708687578479] Registration complete (../src/amf/gmm-sm.c:1050)
07/08 02:11:09.869: [amf] INFO: InitialUEMessage [suci-0-999-70-0000-0-0-3033821994] Registration request (../src/amf/ngap-handler.c:401)
07/08 02:11:09.928: [amf] INFO: [imsi-999703033821994] Registration complete (../src/amf/gmm-sm.c:1050)
07/08 02:17:15.192: [amf] INFO: InitialUEMessage [suci-0-999-70-0000-0-0-8608765885] Registration request (../src/amf/ngap-handler.c:401)
07/08 02:17:15.225: [amf] INFO: [imsi-999708608765885] Registration complete (../src/amf/gmm-sm.c:1050)
07/08 02:24:01.486: [amf] INFO: InitialUEMessage [suci-0-999-70-0000-0-0-4562459487] Registration request (../src/amf/ngap-handler.c:401)
07/08 02:24:01.528: [amf] INFO: [imsi-999704562459487] Registration complete (../src/amf/gmm-sm.c:1050)
07/08 02:29:12.995: [amf] INFO: InitialUEMessage [suci-0-999-70-0000-0-0-3758540838] Registration request (../src/amf/ngap-handler.c:401)
07/08 02:29:13.027: [amf] INFO: [imsi-999703758540838] Registration complete (../src/amf/gmm-sm.c:1050)
07/08 02:33:11.714: [amf] INFO: InitialUEMessage [suci-0-999-70-0000-0-0-2989760010] Registration request (../src/amf/ngap-handler.c:401)
07/08 02:33:11.752: [amf] INFO: [imsi-999702989760010] Registration complete (../src/amf/gmm-sm.c:1050)
07/08 02:38:19.775: [amf] INFO: InitialUEMessage [suci-0-999-70-0000-0-0-1018304761] Registration request (../src/amf/ngap-handler.c:401)
07/08 02:38:19.811: [amf] INFO: [imsi-999701018304761] Registration complete (../src/amf/gmm-sm.c:1050)
07/08 02:39:25.531: [amf] INFO: InitialUEMessage [suci-0-999-70-0000-0-0-9819075612] Registration request (../src/amf/ngap-handler.c:401)
07/08 02:39:25.581: [amf] INFO: [imsi-999709819075612] Registration complete (../src/amf/gmm-sm.c:1050)
07/08 02:40:55.429: [amf] INFO: InitialUEMessage [suci-0-999-70-0000-0-0-5738202831] Registration request (../src/amf/ngap-handler.c:401)
07/08 02:40:55.453: [amf] INFO: [imsi-999705738202831] Registration complete (../src/amf/gmm-sm.c:1050)
07/08 02:46:24.677: [amf] INFO: InitialUEMessage [suci-0-999-70-0000-0-0-9000785933] Registration request (../src/amf/ngap-handler.c:401)
07/08 02:46:24.710: [amf] INFO: [imsi-999709000785933] Registration complete (../src/amf/gmm-sm.c:1050)
07/08 02:56:43.547: [amf] INFO: InitialUEMessage [suci-0-999-70-0000-0-0-5432499936] Registration request (../src/amf/ngap-handler.c:401)
07/08 02:56:43.598: [amf] INFO: [imsi-999705432499936] Registration complete (../src/amf/gmm-sm.c:1050)
07/08 02:57:10.985: [amf] INFO: InitialUEMessage [suci-0-999-70-0000-0-0-7059915009] Registration request (../src/amf/ngap-handler.c:401)
07/08 02:57:11.038: [amf] INFO: [imsi-999707059915009] Registration complete (../src/amf/gmm-sm.c:1050)
07/08 02:58:45.305: [amf] INFO: InitialUEMessage [suci-0-999-70-0000-0-0-2684543543] Registration request (../src/amf/ngap-handler.c:401)
07/08 02:58:45.331: [amf] INFO: [imsi-999702684543543] Registration complete (../src/amf/gmm-sm.c:1050)
07/08 03:01:09.397: [amf] INFO: InitialUEMessage [suci-0-999-70-0000-0-0-9698790950] Registration request (../src/amf/ngap-handler.c:401)
07/08 03:01:09.433: [amf] INFO: [imsi-999709698790950] Registration complete (../src/amf/gmm-sm.c:1050)
07/08 03:07:55.229: [amf] INFO: InitialUEMessage [suci-0-999-70-0000-0-0-0002605977] Registration request (../src/amf/ngap-handler.c:401)
07/08 03:07:55.279: [amf] INFO: [imsi-999700002605977] Registration complete (../src/amf/gmm-sm.c:1050)
07/08 03:08:22.907: [amf] INFO: InitialUEMessage [suci-0-999-70-0000-0-0-0433068728] Registration request (../src/amf/ngap-handler.c:401)
07/08 03:08:22.968: [amf] INFO: [imsi-999700433068728] Registration complete (../src/amf/gmm-sm.c:1050)
07/08 03:10:12.998: [amf] INFO: InitialUEMessage [suci-0-999-70-0000-0-0-2190034293] Registration request (../src/amf/ngap-handler.c:401)
07/08 03:10:13.035: [amf] INFO: [imsi-999702190034293] Registration complete (../src/amf/gmm-sm.c:1050)
07/08 03:15:37.622: [amf] INFO: InitialUEMessage [suci-0-999-70-0000-0-0-4748151317] Registration request (../src/amf/ngap-handler.c:401)
07/08 03:15:37.665: [amf] INFO: [imsi-999704748151317] Registration complete (../src/amf/gmm-sm.c:1050)
07/08 03:20:53.819: [amf] INFO: InitialUEMessage [suci-0-999-70-0000-0-0-2555475195] Registration request (../src/amf/ngap-handler.c:401)
07/08 03:20:53.861: [amf] INFO: [imsi-999702555475195] Registration complete (../src/amf/gmm-sm.c:1050)
07/08 03:21:13.573: [amf] INFO: InitialUEMessage [suci-0-999-70-0000-0-0-6908498749] Registration request (../src/amf/ngap-handler.c:401)
07/08 03:21:13.618: [amf] INFO: [imsi-999706908498749] Registration complete (../src/amf/gmm-sm.c:1050)
07/08 03:27:14.573: [amf] INFO: InitialUEMessage [suci-0-999-70-0000-0-0-5929323618] Registration request (../src/amf/ngap-handler.c:401)
07/08 03:27:14.620: [amf] INFO: [imsi-999705929323618] Registration complete (../src/amf/gmm-sm.c:1050)
07/08 03:27:41.380: [amf] INFO: InitialUEMessage [suci-0-999-70-0000-0-0-3630638345] Registration request (../src/amf/ngap-handler.c:401)
07/08 03:27:41.420: [amf] INFO: [imsi-999703630638345] Registration complete (../src/amf/gmm-sm.c:1050)
07/08 03:32:44.404: [amf] INFO: InitialUEMessage [suci-0-999-70-0000-0-0-2009682275] Registration request (../src/amf/ngap-handler.c:401)
07/08 03:32:44.455: [amf] INFO: [imsi-999702009682275] Registration complete (../src/amf/gmm-sm.c:1050)
07/08 03:39:48.368: [amf] INFO: InitialUEMessage [suci-0-999-70-0000-0-0-0906763918] Registration request (../src/amf/ngap-handler.c:401)
07/08 03:39:48.435: [amf] INFO: [imsi-999700906763918] Registration complete (../src/amf/gmm-sm.c:1050)
07/08 03:40:07.184: [amf] INFO: InitialUEMessage [suci-0-999-70-0000-0-0-4941786696] Registration request (../src/amf/ngap-handler.c:401)
07/08 03:40:07.224: [amf] INFO: [imsi-999704941786696] Registration complete (../src/amf/gmm-sm.c:1050)
07/08 03:44:25.090: [amf] INFO: InitialUEMessage [suci-0-999-70-0000-0-0-8872754787] Registration request (../src/amf/ngap-handler.c:401)
07/08 03:44:25.132: [amf] INFO: [imsi-999708872754787] Registration complete (../src/amf/gmm-sm.c:1050)
07/08 03:49:19.702: [amf] INFO: InitialUEMessage [suci-0-999-70-0000-0-0-5317400531] Registration request (../src/amf/ngap-handler.c:401)
07/08 03:49:19.734: [amf] INFO: [imsi-999705317400531] Registration complete (../src/amf/gmm-sm.c:1050)
07/08 03:49:33.893: [amf] INFO: InitialUEMessage [suci-0-999-70-0000-0-0-2140890601] Registration request (../src/amf/ngap-handler.c:401)
07/08 03:49:33.953: [amf] INFO: [imsi-999702140890601] Registration complete (../src/amf/gmm-sm.c:1050)
07/08 03:57:48.862: [amf] INFO: InitialUEMessage [suci-0-999-70-0000-0-0-4916640767] Registration request (../src/amf/ngap-handler.c:401)
07/08 03:57:48.896: [amf] INFO: [imsi-999704916640767] Registration complete (../src/amf/gmm-sm.c:1050)
07/08 03:58:04.742: [amf] INFO: InitialUEMessage [suci-0-999-70-0000-0-0-9655737810] Registration request (../src/amf/ngap-handler.c:401)
07/08 03:58:04.805: [amf] INFO: [imsi-999709655737810] Registration complete (../src/amf/gmm-sm.c:1050)
07/08 04:00:05.921: [amf] INFO: InitialUEMessage [suci-0-999-70-0000-0-0-5308111029] Registration request (../src/amf/ngap-handler.c:401)
07/08 04:00:05.971: [amf] INFO: [imsi-999705308111029] Registration complete (../src/amf/gmm-sm.c:1050)
07/08 04:06:39.872: [amf] INFO: InitialUEMessage [suci-0-999-70-0000-0-0-5218515784] Registration request (../src/amf/ngap-handler.c:401)
07/08 04:06:39.927: [amf] INFO: [imsi-999705218515784] Registration complete (../src/amf/gmm-sm.c:1050)
07/08 04:07:17.646: [amf] INFO: InitialUEMessage [suci-0-999-70-0000-0-0-6782573300] Registration request (../src/amf/ngap-handler.c:401)
07/08 04:07:17.690: [amf] INFO: [imsi-999706782573300] Registration complete (../src/amf/gmm-sm.c:1050)
07/08 04:07:42.932: [amf] INFO: InitialUEMessage [suci-0-999-70-0000-0-0-6722926640] Registration request (../src/amf/ngap-handler.c:401)
07/08 04:07:42.955: [amf] INFO: [imsi-999706722926640] Registration complete (../src/amf/gmm-sm.c:1050)
07/08 04:18:50.594: [amf] INFO: InitialUEMessage [suci-0-999-70-0000-0-0-1208356948] Registration request (../src/amf/ngap-handler.c:401)
07/08 04:18:50.638: [amf] INFO: [imsi-999701208356948] Registration complete (../src/amf/gmm-sm.c:1050)
07/08 04:18:59.319: [amf] INFO: InitialUEMessage [suci-0-999-70-0000-0-0-1196147562] Registration request (../src/amf/ngap-handler.c:401)
07/08 04:18:59.384: [amf] INFO: [imsi-999701196147562] Registration complete (../src/amf/gmm-sm.c:1050)
07/08 04:19:43.783: [amf] INFO: InitialUEMessage [suci-0-999-70-0000-0-0-4498543577] Registration request (../src/amf/ngap-handler.c:401)
07/08 04:19:43.812: [amf] INFO: [imsi-999704498543577] Registration complete (../src/amf/gmm-sm.c:1050)
07/08 04:20:33.044: [amf] INFO: InitialUEMessage [suci-0-999-70-0000-0-0-7039231501] Registration request (../src/amf/ngap-handler.c:401)
07/08 04:20:33.093: [amf] INFO: [imsi-999707039231501] Registration complete (../src/amf/gmm-sm.c:1050)
07/08 04:24:32.931: [amf] INFO: InitialUEMessage [suci-0-999-70-0000-0-0-5860805008] Registration request (../src/amf/ngap-handler.c:401)
07/08 04:24:32.970: [amf] INFO: [imsi-999705860805008] Registration complete (../src/amf/gmm-sm.c:1050)
07/08 04:34:49.598: [amf] INFO: InitialUEMessage [suci-0-999-70-0000-0-0-6658554689] Registration request (../src/amf/ngap-handler.c:401)
07/08 04:34:49.646: [amf] INFO: [imsi-999706658554689] Registration complete (../src/amf/gmm-sm.c:1050)
07/08 04:38:30.764: [amf] INFO: InitialUEMessage [suci-0-999-70-0000-0-0-7173944952] Registration request (../src/amf/ngap-handler.c:401)
07/08 04:38:30.807: [amf] INFO: [imsi-999707173944952] Registration complete (../src/amf/gmm-sm.c:1050)
07/08 04:40:02.811: [amf] INFO: InitialUEMessage [suci-0-999-70-0000-0-0-2531779792] Registration request (../src/amf/ngap-handler.c:401)
07/08 04:40:02.864: [amf] INFO: [imsi-999702531779792] Registration complete (../src/amf/gmm-sm.c:1050)
07/08 04:44:36.078: [amf] INFO: InitialUEMessage [suci-0-999-70-0000-0-0-2289332544] Registration request (../src/amf/ngap-handler.c:401)
07/08 04:44:36.110: [amf] INFO: [imsi-999702289332544] Registration complete (../src/amf/gmm-sm.c:1050)
07/08 04:45:23.773: [amf] INFO: InitialUEMessage [suci-0-999-70-0000-0-0-5740666919] Registration request (../src/amf/ngap-handler.c:401)
07/08 04:45:23.798: [amf] INFO: [imsi-999705740666919] Registration complete (../src/amf/gmm-sm.c:1050)
07/08 04:46:44.197: [amf] INFO: InitialUEMessage [suci-0-999-70-0000-0-0-6280438405] Registration request (../src/amf/ngap-handler.c:401)
07/08 04:46:44.248: [amf] INFO: [imsi-999706280438405] Registration complete (../src/amf/gmm-sm.c:1050)
07/08 04:51:13.167: [amf] INFO: InitialUEMessage [suci-0-999-70-0000-0-0-7876702047] Registration request (../src/amf/ngap-handler.c:401)
07/08 04:51:13.230: [amf] INFO: [imsi-999707876702047] Registration complete (../src/amf/gmm-sm.c:1050)
07/08 04:56:40.011: [amf] INFO: InitialUEMessage [suci-0-999-70-0000-0-0-0369975291] Registration request (../src/amf/ngap-handler.c:401)
07/08 04:56:40.064: [amf] INFO: [imsi-999700369975291] Registration complete (../src/amf/gmm-sm.c:1050)
07/08 05:04:15.699: [amf] INFO: InitialUEMessage [suci-0-999-70-0000-0-0-8444775135] Registration request (../src/amf/ngap-handler.c:401)
07/08 05:04:15.725: [amf] INFO: [imsi-999708444775135] Registration complete (../src/amf/gmm-sm.c:1050)
07/08 05:04:47.891: [amf] INFO: InitialUEMessage [suci-0-999-70-0000-0-0-2960503609] Registration request (../src/amf/ngap-handler.c:401)
07/08 05:04:47.946: [amf] INFO: [imsi-999702960503609] Registration complete (../src/amf/gmm-sm.c:1050)
07/08 05:12:44.060: [amf] INFO: InitialUEMessage [suci-0-999-70-0000-0-0-8333149269] Registration request (../src/amf/ngap-handler.c:401)
07/08 05:12:44.090: [amf] INFO: [imsi-999708333149269] Registration complete (../src/amf/gmm-sm.c:1050)
07/08 05:13:32.071: [amf] INFO: InitialUEMessage [suci-0-999-70-0000-0-0-7865462242] Registration request (../src/amf/ngap-handler.c:401)
07/08 05:13:32.101: [amf] INFO: [imsi-999707865462242] Registration complete (../src/amf/gmm-sm.c:1050)
07/08 05:17:12.205: [amf] INFO: InitialUEMessage [suci-0-999-70-0000-0-0-4868420498] Registration request (../src/amf/ngap-handler.c:401)
07/08 05:17:12.245: [amf] INFO: [imsi-999704868420498] Registration complete (../src/amf/gmm-sm.c:1050)
07/08 05:20:39.087: [amf] INFO: InitialUEMessage [suci-0-999-70-0000-0-0-6668567526] Registration request (../src/amf/ngap-handler.c:401)
07/08 05:20:39.140: [amf] INFO: [imsi-999706668567526] Registration complete (../src/amf/gmm-sm.c:1050)
07/08 05:22:21.148: [amf] INFO: InitialUEMessage [suci-0-999-70-0000-0-0-3999737305] Registration request (../src/amf/ngap-handler.c:401)
07/08 05:22:21.182: [amf] INFO: [imsi-999703999737305] Registration complete (../src/amf/gmm-sm.c:1050)
07/08 05:25:12.626: [amf] INFO: InitialUEMessage [suci-0-999-70-0000-0-0-0956280262] Registration request (../src/amf/ngap-handler.c:401)
07/08 05:25:12.673: [amf] INFO: [imsi-999700956280262] Registration complete (../src/amf/gmm-sm.c:1050)
07/08 05:32:39.572: [amf] INFO: InitialUEMessage [suci-0-999-70-0000-0-0-8731209504] Registration request (../src/amf/ngap-handler.c:401)
07/08 05:32:39.623: [amf] INFO: [imsi-999708731209504] Registration complete (../src/amf/gmm-sm.c:1050)
07/08 05:33:44.626: [amf] INFO: InitialUEMessage [suci-0-999-70-0000-0-0-9768429598] Registration request (../src/amf/ngap-handler.c:401)
07/08 05:33:44.681: [amf] INFO: [imsi-999709768429598] Registration complete (../src/amf/gmm-sm.c:1050)
07/08 05:39:54.287: [amf] INFO: InitialUEMessage [suci-0-999-70-0000-0-0-7455229221] Registration request (../src/amf/ngap-handler.c:401)
07/08 05:39:54.324: [amf] INFO: [imsi-999707455229221] Registration complete (../src/amf/gmm-sm.c:1050)
07/08 05:43:32.420: [amf] INFO: InitialUEMessage [suci-0-999-70-0000-0-0-4167751094] Registration request (../src/amf/ngap-handler.c:401)
07/08 05:43:32.467: [amf] INFO: [imsi-999704167751094] Registration complete (../src/amf/gmm-sm.c:1050)
07/08 05:44:03.325: [amf] INFO: InitialUEMessage [suci-0-999-70-0000-0-0-9621560965] Registration request (../src/amf/ngap-handler.c:401)
07/08 05:44:03.359: [amf] INFO: [imsi-999709621560965] Registration complete (../src/amf/gmm-sm.c:1050)
07/08 05:50:21.489: [amf] INFO: InitialUEMessage [suci-0-999-70-0000-0-0-9507268299] Registration request (../src/amf/ngap-handler.c:401)
07/08 05:50:21.512: [amf] INFO: [imsi-999709507268299] Registration complete (../src/amf/gmm-sm.c:1050)
07/08 05:53:45.265: [amf] INFO: InitialUEMessage [suci-0-999-70-0000-0-0-3911535273] Registration request (../src/amf/ngap-handler.c:401)
07/08 05:53:45.293: [amf] INFO: [imsi-999703911535273] Registration complete (../src/amf/gmm-sm.c:1050)
07/08 05:58:45.193: [amf] INFO: InitialUEMessage [suci-0-999-70-0000-0-0-3722678699] Registration request (../src/amf/ngap-handler.c:401)
07/08 05:58:45.243: [amf] INFO: [imsi-999703722678699] Registration complete (../src/amf/gmm-sm.c:1050)
07/08 05:59:49.709: [amf] INFO: InitialUEMessage [suci-0-999-70-0000-0-0-6452391178] Registration request (../src/amf/ngap-handler.c:401)
07/08 05:59:49.755: [amf] INFO: [imsi-999706452391178] Registration complete (../src/amf/gmm-sm.c:1050)
07/08 06:06:15.747: [amf] INFO: InitialUEMessage [suci-0-999-70-0000-0-0-7878594319] Registration request (../src/amf/ngap-handler.c:401)
07/08 06:06:15.801: [amf] INFO: [imsi-999707878594319] Registration complete (../src/amf/gmm-sm.c:1050)
07/08 06:07:00.956: [amf] INFO: InitialUEMessage [suci-0-999-70-0000-0-0-6444034762] Registration request (../src/amf/ngap-handler.c:401)
07/08 06:07:01.009: [amf] INFO: [imsi-999706444034762] Registration complete (../src/amf/gmm-sm.c:1050)
07/08 06:08:34.652: [amf] INFO: InitialUEMessage [suci-0-999-70-0000-0-0-8558013564] Registration request (../src/amf/ngap-handler.c:401)
07/08 06:08:34.691: [amf] INFO: [imsi-999708558013564] Registration complete (../src/amf/gmm-sm.c:1050)
07/08 06:10:06.808: [amf] INFO: InitialUEMessage [suci-0-999-70-0000-0-0-4894089029] Registration request (../src/amf/ngap-handler.c:401)
07/08 06:10:06.851: [amf] INFO: [imsi-999704894089029] Registration complete (../src/amf/gmm-sm.c:1050)
07/08 06:15:06.023: [amf] INFO: InitialUEMessage [suci-0-999-70-0000-0-0-9871980706] Registration request (../src/amf/ngap-handler.c:401)
07/08 06:15:06.088: [amf] INFO: [imsi-999709871980706] Registration complete (../src/amf/gmm-sm.c:1050)
07/08 06:21:26.376: [amf] INFO: InitialUEMessage [suci-0-999-70-0000-0-0-5506296586] Registration request (../src/amf/ngap-handler.c:401)
07/08 06:21:26.412: [amf] INFO: [imsi-999705506296586] Registration complete (../src/amf/gmm-sm.c:1050)
07/08 06:22:27.163: [amf] INFO: InitialUEMessage [suci-0-999-70-0000-0-0-9936021613] Registration request (../src/amf/ngap-handler.c:401)
07/08 06:22:27.195: [amf] INFO: [imsi-999709936021613] Registration complete (../src/amf/gmm-sm.c:1050)
07/08 06:26:21.811: [amf] INFO: InitialUEMessage [suci-0-999-70-0000-0-0-5423469052] Registration request (../src/amf/ngap-handler.c:401)
07/08 06:26:21.836: [amf] INFO: [imsi-999705423469052] Registration complete (../src/amf/gmm-sm.c:1050)
07/08 06:29:44.682: [amf] INFO: InitialUEMessage [suci-0-999-70-0000-0-0-7514336500] Registration request (../src/amf/ngap-handler.c:401)
07/08 06:29:44.731: [amf] INFO: [imsi-999707514336500] Registration complete (../src/amf/gmm-sm.c:1050)
07/08 06:33:22.588: [amf] INFO: InitialUEMessage [suci-0-999-70-0000-0-0-3557827976] Registration request (../src/amf/ngap-handler.c:401)
07/08 06:33:22.630: [amf] INFO: [imsi-999703557827976] Registration complete (../src/amf/gmm-sm.c:1050)
07/08 06:35:34.483: [amf] INFO: InitialUEMessage [suci-0-999-70-0000-0-0-2474305932] Registration request (../src/amf/ngap-handler.c:401)
07/08 06:35:34.548: [amf] INFO: [imsi-999702474305932] Registration complete (../src/amf/gmm-sm.c:1050)
07/08 06:36:23.585: [amf] INFO: InitialUEMessage [suci-0-999-70-0000-0-0-2821988246] Registration request (../src/amf/ngap-handler.c:401)
07/08 06:36:23.626: [amf] INFO: [imsi-999702821988246] Registration complete (../src/amf/gmm-sm.c:1050)
07/08 06:43:46.519: [amf] INFO: InitialUEMessage [suci-0-999-70-0000-0-0-6161621343] Registration request (../src/amf/ngap-handler.c:401)
07/08 06:43:46.583: [amf] INFO: [imsi-999706161621343] Registration complete (../src/amf/gmm-sm.c:1050)
07/08 06:44:16.478: [amf] INFO: InitialUEMessage [suci-0-999-70-0000-0-0-9623786532] Registration request (../src/amf/ngap-handler.c:401)
07/08 06:44:16.535: [amf] INFO: [imsi-999709623786532] Registration complete (../src/amf/gmm-sm.c:1050)
07/08 06:50:02.341: [amf] INFO: InitialUEMessage [suci-0-999-70-0000-0-0-5280621456] Registration request (../src/amf/ngap-handler.c:401)
07/08 06:50:02.405: [amf] INFO: [imsi-999705280621456] Registration complete (../src/amf/gmm-sm.c:1050)
07/08 06:50:40.279: [amf] INFO: InitialUEMessage [suci-0-999-70-0000-0-0-2680972052] Registration request (../src/amf/ngap-handler.c:401)
07/08 06:50:40.329: [amf] INFO: [imsi-999702680972052] Registration complete (../src/amf/gmm-sm.c:1050)
07/08 06:52:18.610: [amf] INFO: InitialUEMessage [suci-0-999-70-0000-0-0-2281626806] Registration request (../src/amf/ngap-handler.c:401)
07/08 06:52:18.664: [amf] INFO: [imsi-999702281626806] Registration complete (../src/amf/gmm-sm.c:1050)
07/08 06:54:18.822: [amf] INFO: InitialUEMessage [suci-0-999-70-0000-0-0-9537513661] Registration request (../src/amf/ngap-handler.c:401)
07/08 06:54:18.877: [amf] INFO: [imsi-999709537513661] Registration complete (../src/amf/gmm-sm.c:1050)
07/08 06:56:06.755: [amf] INFO: InitialUEMessage [suci-0-999-70-0000-0-0-1008690245] Registration request (../src/amf/ngap-handler.c:401)
07/08 06:56:06.818: [amf] INFO: [imsi-999701008690245] Registration complete (../src/amf/gmm-sm.c:1050)
07/08 06:56:57.476: [amf] INFO: InitialUEMessage [suci-0-999-70-0000-0-0-2934700456] Registration request (../src/amf/ngap-handler.c:401)
07/08 06:56:57.501: [amf] INFO: [imsi-999702934700456] Registration complete (../src/amf/gmm-sm.c:1050)
07/08 07:02:08.113: [amf] INFO: InitialUEMessage [suci-0-999-70-0000-0-0-6880216659] Registration request (../src/amf/ngap-handler.c:401)
07/08 07:02:08.183: [amf] INFO: [imsi-999706880216659] Registration complete (../src/amf/gmm-sm.c:1050)
07/08 07:03:53.726: [amf] INFO: InitialUEMessage [suci-0-999-70-0000-0-0-0917373797] Registration request (../src/amf/ngap-handler.c:401)
07/08 07:03:53.762: [amf] INFO: [imsi-999700917373797] Registration complete (../src/amf/gmm-sm.c:1050)
07/08 07:03:53.967: [amf] WARNING: [imsi-999700917373797] PDU Session Establishment reject [PSI:1 Cause: Network failure] (../src/amf/nsmf-handler.c:520)
07/08 07:05:38.295: [amf] INFO: InitialUEMessage [suci-0-999-70-0000-0-0-5283833185] Registration request (../src/amf/ngap-handler.c:401)
07/08 07:05:38.324: [amf] INFO: [imsi-999705283833185] Registration complete (../src/amf/gmm-sm.c:1050)
07/08 07:10:22.483: [amf] INFO: InitialUEMessage [suci-0-999-70-0000-0-0-9664075410] Registration request (../src/amf/ngap-handler.c:401)
07/08 07:10:22.549: [amf] INFO: [imsi-999709664075410] Registration complete (../src/amf/gmm-sm.c:1050)
07/08 07:11:10.126: [amf] INFO: InitialUEMessage [suci-0-999-70-0000-0-0-5829029142] Registration request (../src/amf/ngap-handler.c:401)
07/08 07:11:10.168: [amf] INFO: [imsi-999705829029142] Registration complete (../src/amf/gmm-sm.c:1050)
07/08 07:12:59.349: [amf] INFO: InitialUEMessage [suci-0-999-70-0000-0-0-0663489728] Registration request (../src/amf/ngap-handler.c:401)
07/08 07:12:59.371: [amf] INFO: [imsi-999700663489728] Registration complete (../src/amf/gmm-sm.c:1050)
07/08 07:12:59.537: [amf] WARNING: [imsi-999700663489728] PDU Session Establishment reject [PSI:1 Cause: Network failure] (../src/amf/nsmf-handler.c:520)
07/08 07:15:03.163: [amf] INFO: InitialUEMessage [suci-0-999-70-0000-0-0-1484564852] Registration request (../src/amf/ngap-handler.c:401)
07/08 07:15:03.199: [amf] INFO: [imsi-999701484564852] Registration complete (../src/amf/gmm-sm.c:1050)
07/08 07:16:31.553: [amf] INFO: InitialUEMessage [suci-0-999-70-0000-0-0-5967131808] Registration request (../src/amf/ngap-handler.c:401)
07/08 07:16:31.607: [amf] INFO: [imsi-999705967131808] Registration complete (../src/amf/gmm-sm.c:1050)
07/08 07:27:15.650: [amf] INFO: InitialUEMessage [suci-0-999-70-0000-0-0-4608145971] Registration request (../src/amf/ngap-handler.c:401)
07/08 07:27:15.688: [amf] INFO: [imsi-999704608145971] Registration complete (../src/amf/gmm-sm.c:1050)
07/08 07:27:15.773: [amf] INFO: InitialUEMessage [suci-0-999-70-0000-0-0-7472695452] Registration request (../src/amf/ngap-handler.c:401)
07/08 07:27:15.810: [amf] INFO: [imsi-999707472695452] Registration complete (../src/amf/gmm-sm.c:1050)
07/08 07:28:36.894: [amf] INFO: InitialUEMessage [suci-0-999-70-0000-0-0-4554897133] Registration request (../src/amf/ngap-handler.c:401)
07/08 07:28:36.960: [amf] INFO: [imsi-999704554897133] Registration complete (../src/amf/gmm-sm.c:1050)
07/08 07:29:24.446: [amf] INFO: InitialUEMessage [suci-0-999-70-0000-0-0-4813952533] Registration request (../src/amf/ngap-handler.c:401)
07/08 07:29:24.476: [amf] INFO: [imsi-999704813952533] Registration complete (../src/amf/gmm-sm.c:1050)
07/08 07:30:51.385: [amf] INFO: InitialUEMessage [suci-0-999-70-0000-0-0-1711014819] Registration request (../src/amf/ngap-handler.c:401)
07/08 07:30:51.438: [amf] INFO: [imsi-999701711014819] Registration complete (../src/amf/gmm-sm.c:1050)
07/08 07:31:03.605: [amf] INFO: InitialUEMessage [suci-0-999-70-0000-0-0-5617554131] Registration request (../src/amf/ngap-handler.c:401)
07/08 07:31:03.629: [amf] INFO: [imsi-999705617554131] Registration complete (../src/amf/gmm-sm.c:1050)
07/08 07:32:18.362: [amf] INFO: InitialUEMessage [suci-0-999-70-0000-0-0-5788566948] Registration request (../src/amf/ngap-handler.c:401)
07/08 07:32:18.425: [amf] INFO: [imsi-999705788566948] Registration complete (../src/amf/gmm-sm.c:1050)
07/08 07:35:37.893: [amf] INFO: InitialUEMessage [suci-0-999-70-0000-0-0-5494005511] Registration request (../src/amf/ngap-handler.c:401)
07/08 07:35:37.937: [amf] INFO: [imsi-999705494005511] Registration complete (../src/amf/gmm-sm.c:1050)
07/08 07:36:02.850: [amf] INFO: InitialUEMessage [suci-0-999-70-0000-0-0-7522616535] Registration request (../src/amf/ngap-handler.c:401)
07/08 07:36:02.892: [amf] INFO: [imsi-999707522616535] Registration complete (../src/amf/gmm-sm.c:1050)
07/08 07:42:56.209: [amf] INFO: InitialUEMessage [suci-0-999-70-0000-0-0-4940271214] Registration request (../src/amf/ngap-handler.c:401)
07/08 07:42:56.256: [amf] INFO: [imsi-999704940271214] Registration complete (../src/amf/gmm-sm.c:1050)
07/08 07:45:35.004: [amf] INFO: InitialUEMessage [suci-0-999-70-0000-0-0-4390614032] Registration request (../src/amf/ngap-handler.c:401)
07/08 07:45:35.055: [amf] INFO: [imsi-999704390614032] Registration complete (../src/amf/gmm-sm.c:1050)
07/08 07:46:09.784: [amf] INFO: InitialUEMessage [suci-0-999-70-0000-0-0-8798804107] Registration request (../src/amf/ngap-handler.c:401)
07/08 07:46:09.821: [amf] INFO: [imsi-999708798804107] Registration complete (../src/amf/gmm-sm.c:1050)
07/08 07:47:18.429: [amf] INFO: InitialUEMessage [suci-0-999-70-0000-0-0-7883367200] Registration request (../src/amf/ngap-handler.c:401)
07/08 07:47:18.487: [amf] INFO: [imsi-999707883367200] Registration complete (../src/amf/gmm-sm.c:1050)
07/08 07:48:27.647: [amf] INFO: InitialUEMessage [suci-0-999-70-0000-0-0-2187217407] Registration request (../src/amf/ngap-handler.c:401)
07/08 07:48:27.693: [amf] INFO: [imsi-999702187217407] Registration complete (../src/amf/gmm-sm.c:1050)
07/08 07:50:23.573: [amf] INFO: InitialUEMessage [suci-0-999-70-0000-0-0-7966463255] Registration request (../src/amf/ngap-handler.c:401)
07/08 07:50:23.599: [amf] INFO: [imsi-999707966463255] Registration complete (../src/amf/gmm-sm.c:1050)
07/08 07:56:12.827: [amf] INFO: InitialUEMessage [suci-0-999-70-0000-0-0-4668814879] Registration request (../src/amf/ngap-handler.c:401)
07/08 07:56:12.864: [amf] INFO: [imsi-999704668814879] Registration complete (../src/amf/gmm-sm.c:1050)
07/08 07:57:45.381: [amf] INFO: InitialUEMessage [suci-0-999-70-0000-0-0-4209298878] Registration request (../src/amf/ngap-handler.c:401)
07/08 07:57:45.431: [amf] INFO: [imsi-999704209298878] Registration complete (../src/amf/gmm-sm.c:1050)
07/08 08:00:14.304: [amf] INFO: InitialUEMessage [suci-0-999-70-0000-0-0-0152518921] Registration request (../src/amf/ngap-handler.c:401)
07/08 08:00:14.349: [amf] INFO: [imsi-999700152518921] Registration complete (../src/amf/gmm-sm.c:1050)
07/08 08:00:58.899: [amf] INFO: InitialUEMessage [suci-0-999-70-0000-0-0-4517624529] Registration request (../src/amf/ngap-handler.c:401)
07/08 08:00:58.949: [amf] INFO: [imsi-999704517624529] Registration complete (../src/amf/gmm-sm.c:1050)
07/08 08:01:30.667: [amf] INFO: InitialUEMessage [suci-0-999-70-0000-0-0-5048504690] Registration request (../src/amf/ngap-handler.c:401)
07/08 08:01:30.733: [amf] INFO: [imsi-999705048504690] Registration complete (../src/amf/gmm-sm.c:1050)
07/08 08:02:28.567: [amf] INFO: InitialUEMessage [suci-0-999-70-0000-0-0-9348911657] Registration request (../src/amf/ngap-handler.c:401)
07/08 08:02:28.610: [amf] INFO: [imsi-999709348911657] Registration complete (../src/amf/gmm-sm.c:1050)
07/08 08:05:53.719: [amf] INFO: InitialUEMessage [suci-0-999-70-0000-0-0-8242883538] Registration request (../src/amf/ngap-handler.c:401)
07/08 08:05:53.755: [amf] INFO: [imsi-999708242883538] Registration complete (../src/amf/gmm-sm.c:1050)
07/08 08:08:27.852: [amf] INFO: InitialUEMessage [suci-0-999-70-0000-0-0-1527211101] Registration request (../src/amf/ngap-handler.c:401)
07/08 08:08:27.883: [amf] INFO: [imsi-999701527211101] Registration complete (../src/amf/gmm-sm.c:1050)
07/08 08:09:27.416: [amf] INFO: InitialUEMessage [suci-0-999-70-0000-0-0-3579416692] Registration request (../src/amf/ngap-handler.c:401)
07/08 08:09:27.443: [amf] INFO: [imsi-999703579416692] Registration complete (../src/amf/gmm-sm.c:1050)
07/08 08:16:04.615: [amf] INFO: InitialUEMessage [suci-0-999-70-0000-0-0-6691973920] Registration request (../src/amf/ngap-handler.c:401)
07/08 08:16:04.653: [amf] INFO: [imsi-999706691973920] Registration complete (../src/amf/gmm-sm.c:1050)
07/08 08:17:06.333: [amf] INFO: InitialUEMessage [suci-0-999-70-0000-0-0-3453759637] Registration request (../src/amf/ngap-handler.c:401)
07/08 08:17:06.372: [amf] INFO: [imsi-999703453759637] Registration complete (../src/amf/gmm-sm.c:1050)
07/08 08:18:01.286: [amf] INFO: InitialUEMessage [suci-0-999-70-0000-0-0-8109776173] Registration request (../src/amf/ngap-handler.c:401)
07/08 08:18:01.320: [amf] INFO: [imsi-999708109776173] Registration complete (../src/amf/gmm-sm.c:1050)
07/08 08:18:03.104: [amf] INFO: InitialUEMessage [suci-0-999-70-0000-0-0-4734048292] Registration request (../src/amf/ngap-handler.c:401)
07/08 08:18:03.169: [amf] INFO: [imsi-999704734048292] Registration complete (../src/amf/gmm-sm.c:1050)
07/08 08:18:08.798: [amf] INFO: InitialUEMessage [suci-0-999-70-0000-0-0-7239994014] Registration request (../src/amf/ngap-handler.c:401)
07/08 08:18:08.848: [amf] INFO: [imsi-999707239994014] Registration complete (../src/amf/gmm-sm.c:1050)
07/08 08:20:07.226: [amf] INFO: InitialUEMessage [suci-0-999-70-0000-0-0-1698208902] Registration request (../src/amf/ngap-handler.c:401)
07/08 08:20:07.255: [amf] INFO: [imsi-999701698208902] Registration complete (../src/amf/gmm-sm.c:1050)
07/08 08:21:50.176: [amf] INFO: InitialUEMessage [suci-0-999-70-0000-0-0-0452034722] Registration request (../src/amf/ngap-handler.c:401)
07/08 08:21:50.216: [amf] INFO: [imsi-999700452034722] Registration complete (../src/amf/gmm-sm.c:1050)
07/08 08:27:32.973: [amf] INFO: InitialUEMessage [suci-0-999-70-0000-0-0-2330607252] Registration request (../src/amf/ngap-handler.c:401)
07/08 08:27:33.006: [amf] INFO: [imsi-999702330607252] Registration complete (../src/amf/gmm-sm.c:1050)
07/08 08:35:12.529: [amf] INFO: InitialUEMessage [suci-0-999-70-0000-0-0-9599014306] Registration request (../src/amf/ngap-handler.c:401)
07/08 08:35:12.578: [amf] INFO: [imsi-999709599014306] Registration complete (../src/amf/gmm-sm.c:1050)
07/08 08:37:26.524: [amf] INFO: InitialUEMessage [suci-0-999-70-0000-0-0-7546374644] Registration request (../src/amf/ngap-handler.c:401)
07/08 08:37:26.568: [amf] INFO: [imsi-999707546374644] Registration complete (../src/amf/gmm-sm.c:1050)
07/08 08:37:46.773: [amf] INFO: InitialUEMessage [suci-0-999-70-0000-0-0-5931532967] Registration request (../src/amf/ngap-handler.c:401)
07/08 08:37:46.818: [amf] INFO: [imsi-999705931532967] Registration complete (../src/amf/gmm-sm.c:1050)
07/08 08:42:03.197: [amf] INFO: InitialUEMessage [suci-0-999-70-0000-0-0-5252784622] Registration request (../src/amf/ngap-handler.c:401)
07/08 08:42:03.222: [amf] INFO: [imsi-999705252784622] Registration complete (../src/amf/gmm-sm.c:1050)
07/08 08:44:31.525: [amf] INFO: InitialUEMessage [suci-0-999-70-0000-0-0-3067732595] Registration request (../src/amf/ngap-handler.c:401)
07/08 08:44:31.549: [amf] INFO: [imsi-999703067732595] Registration complete (../src/amf/gmm-sm.c:1050)
07/08 08:44:44.786: [amf] INFO: InitialUEMessage [suci-0-999-70-0000-0-0-3952093475] Registration request (../src/amf/ngap-handler.c:401)
07/08 08:44:44.826: [amf] INFO: [imsi-999703952093475] Registration complete (../src/amf/gmm-sm.c:1050)
07/08 08:47:23.876: [amf] INFO: InitialUEMessage [suci-0-999-70-0000-0-0-7976091566] Registration request (../src/amf/ngap-handler.c:401)
07/08 08:47:23.919: [amf] INFO: [imsi-999707976091566] Registration complete (../src/amf/gmm-sm.c:1050)
07/08 08:48:50.219: [amf] INFO: InitialUEMessage [suci-0-999-70-0000-0-0-0105607146] Registration request (../src/amf/ngap-handler.c:401)
07/08 08:48:50.283: [amf] INFO: [imsi-999700105607146] Registration complete (../src/amf/gmm-sm.c:1050)
07/08 08:49:40.633: [amf] INFO: InitialUEMessage [suci-0-999-70-0000-0-0-8418819636] Registration request (../src/amf/ngap-handler.c:401)
07/08 08:49:40.688: [amf] INFO: [imsi-999708418819636] Registration complete (../src/amf/gmm-sm.c:1050)
07/08 08:50:29.533: [amf] INFO: InitialUEMessage [suci-0-999-70-0000-0-0-3304493002] Registration request (../src/amf/ngap-handler.c:401)
07/08 08:50:29.577: [amf] INFO: [imsi-999703304493002] Registration complete (../src/amf/gmm-sm.c:1050)
07/08 08:52:31.119: [amf] INFO: InitialUEMessage [suci-0-999-70-0000-0-0-9514862950] Registration request (../src/amf/ngap-handler.c:401)
07/08 08:52:31.166: [amf] INFO: [imsi-999709514862950] Registration complete (../src/amf/gmm-sm.c:1050)
07/08 08:54:39.839: [amf] INFO: InitialUEMessage [suci-0-999-70-0000-0-0-4577558955] Registration request (../src/amf/ngap-handler.c:401)
07/08 08:54:39.894: [amf] INFO: [imsi-999704577558955] Registration complete (../src/amf/gmm-sm.c:1050)
07/08 08:55:27.465: [amf] INFO: InitialUEMessage [suci-0-999-70-0000-0-0-3859859556] Registration request (../src/amf/ngap-handler.c:401)
07/08 08:55:27.508: [amf] INFO: [imsi-999703859859556] Registration complete (../src/amf/gmm-sm.c:1050)
07/08 08:58:36.688: [amf] INFO: InitialUEMessage [suci-0-999-70-0000-0-0-5670533510] Registration request (../src/amf/ngap-handler.c:401)
07/08 08:58:36.734: [amf] INFO: [imsi-999705670533510] Registration complete (../src/amf/gmm-sm.c:1050)
07/08 08:58:57.177: [amf] INFO: InitialUEMessage [suci-0-999-70-0000-0-0-7155671648] Registration request (../src/amf/ngap-handler.c:401)
07/08 08:58:57.215: [amf] INFO: [imsi-999707155671648] Registration complete (../src/amf/gmm-sm.c:1050)
07/08 09:04:34.227: [amf] INFO: InitialUEMessage [suci-0-999-70-0000-0-0-7716661494] Registration request (../src/amf/ngap-handler.c:401)
07/08 09:04:34.271: [amf] INFO: [imsi-999707716661494] Registration complete (../src/amf/gmm-sm.c:1050)
07/08 09:05:00.181: [amf] INFO: InitialUEMessage [suci-0-999-70-0000-0-0-9323805243] Registration request (../src/amf/ngap-handler.c:401)
07/08 09:05:00.242: [amf] INFO: [imsi-999709323805243] Registration complete (../src/amf/gmm-sm.c:1050)
07/08 09:05:53.696: [amf] INFO: InitialUEMessage [suci-0-999-70-0000-0-0-4278956498] Registration request (../src/amf/ngap-handler.c:401)
07/08 09:05:53.727: [amf] INFO: [imsi-999704278956498] Registration complete (../src/amf/gmm-sm.c:1050)
07/08 09:06:04.462: [amf] INFO: InitialUEMessage [suci-0-999-70-0000-0-0-0737019526] Registration request (../src/amf/ngap-handler.c:401)
07/08 09:06:04.527: [amf] INFO: [imsi-999700737019526] Registration complete (../src/amf/gmm-sm.c:1050)
07/08 09:08:10.999: [amf] INFO: InitialUEMessage [suci-0-999-70-0000-0-0-9204406236] Registration request (../src/amf/ngap-handler.c:401)
07/08 09:08:11.018: [amf] INFO: [imsi-999709204406236] Registration complete (../src/amf/gmm-sm.c:1050)
07/08 09:09:34.340: [amf] INFO: InitialUEMessage [suci-0-999-70-0000-0-0-2126663535] Registration request (../src/amf/ngap-handler.c:401)
07/08 09:09:34.387: [amf] INFO: [imsi-999702126663535] Registration complete (../src/amf/gmm-sm.c:1050)
07/08 09:10:45.066: [amf] INFO: InitialUEMessage [suci-0-999-70-0000-0-0-3908148887] Registration request (../src/amf/ngap-handler.c:401)
07/08 09:10:45.112: [amf] INFO: [imsi-999703908148887] Registration complete (../src/amf/gmm-sm.c:1050)
07/08 09:10:52.816: [amf] INFO: InitialUEMessage [suci-0-999-70-0000-0-0-3383041149] Registration request (../src/amf/ngap-handler.c:401)
07/08 09:10:52.841: [amf] INFO: [imsi-999703383041149] Registration complete (../src/amf/gmm-sm.c:1050)
07/08 09:11:30.654: [amf] INFO: InitialUEMessage [suci-0-999-70-0000-0-0-7416779779] Registration request (../src/amf/ngap-handler.c:401)
07/08 09:11:30.694: [amf] INFO: [imsi-999707416779779] Registration complete (../src/amf/gmm-sm.c:1050)
07/08 09:13:11.549: [amf] INFO: InitialUEMessage [suci-0-999-70-0000-0-0-4217777721] Registration request (../src/amf/ngap-handler.c:401)
07/08 09:13:11.591: [amf] INFO: [imsi-999704217777721] Registration complete (../src/amf/gmm-sm.c:1050)
07/08 09:14:05.703: [amf] INFO: InitialUEMessage [suci-0-999-70-0000-0-0-8875218382] Registration request (../src/amf/ngap-handler.c:401)
07/08 09:14:05.758: [amf] INFO: [imsi-999708875218382] Registration complete (../src/amf/gmm-sm.c:1050)
07/08 09:16:17.350: [amf] INFO: InitialUEMessage [suci-0-999-70-0000-0-0-9194035847] Registration request (../src/amf/ngap-handler.c:401)
07/08 09:16:17.405: [amf] INFO: [imsi-999709194035847] Registration complete (../src/amf/gmm-sm.c:1050)
07/08 09:16:42.584: [amf] INFO: InitialUEMessage [suci-0-999-70-0000-0-0-1303719908] Registration request (../src/amf/ngap-handler.c:401)
07/08 09:16:42.612: [amf] INFO: [imsi-999701303719908] Registration complete (../src/amf/gmm-sm.c:1050)
07/08 09:16:45.939: [amf] INFO: InitialUEMessage [suci-0-999-70-0000-0-0-2196493806] Registration request (../src/amf/ngap-handler.c:401)
07/08 09:16:45.960: [amf] INFO: [imsi-999702196493806] Registration complete (../src/amf/gmm-sm.c:1050)
07/08 09:17:22.532: [amf] INFO: InitialUEMessage [suci-0-999-70-0000-0-0-6443346130] Registration request (../src/amf/ngap-handler.c:401)
07/08 09:17:22.591: [amf] INFO: [imsi-999706443346130] Registration complete (../src/amf/gmm-sm.c:1050)
07/08 09:20:33.680: [amf] INFO: InitialUEMessage [suci-0-999-70-0000-0-0-1185672800] Registration request (../src/amf/ngap-handler.c:401)
07/08 09:20:33.733: [amf] INFO: [imsi-999701185672800] Registration complete (../src/amf/gmm-sm.c:1050)
07/08 09:21:39.939: [amf] INFO: InitialUEMessage [suci-0-999-70-0000-0-0-6897359107] Registration request (../src/amf/ngap-handler.c:401)
07/08 09:21:39.973: [amf] INFO: [imsi-999706897359107] Registration complete (../src/amf/gmm-sm.c:1050)
07/08 09:22:08.111: [amf] INFO: InitialUEMessage [suci-0-999-70-0000-0-0-7643913110] Registration request (../src/amf/ngap-handler.c:401)
07/08 09:22:08.154: [amf] INFO: [imsi-999707643913110] Registration complete (../src/amf/gmm-sm.c:1050)
07/08 09:26:33.733: [amf] INFO: InitialUEMessage [suci-0-999-70-0000-0-0-1096053004] Registration request (../src/amf/ngap-handler.c:401)
07/08 09:26:33.760: [amf] INFO: [imsi-999701096053004] Registration complete (../src/amf/gmm-sm.c:1050)
07/08 09:27:20.784: [amf] INFO: InitialUEMessage [suci-0-999-70-0000-0-0-4176328889] Registration request (../src/amf/ngap-handler.c:401)
07/08 09:27:20.843: [amf] INFO: [imsi-999704176328889] Registration complete (../src/amf/gmm-sm.c:1050)
07/08 09:27:45.370: [amf] INFO: InitialUEMessage [suci-0-999-70-0000-0-0-9636644744] Registration request (../src/amf/ngap-handler.c:401)
07/08 09:27:45.402: [amf] INFO: [imsi-999709636644744] Registration complete (../src/amf/gmm-sm.c:1050)
07/08 09:31:16.483: [amf] INFO: InitialUEMessage [suci-0-999-70-0000-0-0-3405709429] Registration request (../src/amf/ngap-handler.c:401)
07/08 09:31:16.529: [amf] INFO: [imsi-999703405709429] Registration complete (../src/amf/gmm-sm.c:1050)
07/08 09:31:53.527: [amf] INFO: InitialUEMessage [suci-0-999-70-0000-0-0-5298942126] Registration request (../src/amf/ngap-handler.c:401)
07/08 09:31:53.563: [amf] INFO: [imsi-999705298942126] Registration complete (../src/amf/gmm-sm.c:1050)
07/08 09:33:59.669: [amf] INFO: InitialUEMessage [suci-0-999-70-0000-0-0-4955728403] Registration request (../src/amf/ngap-handler.c:401)
07/08 09:33:59.710: [amf] INFO: [imsi-999704955728403] Registration complete (../src/amf/gmm-sm.c:1050)
07/08 09:34:00.712: [amf] INFO: InitialUEMessage [suci-0-999-70-0000-0-0-1554796438] Registration request (../src/amf/ngap-handler.c:401)
07/08 09:34:00.775: [amf] INFO: [imsi-999701554796438] Registration complete (../src/amf/gmm-sm.c:1050)
07/08 09:34:04.126: [amf] INFO: InitialUEMessage [suci-0-999-70-0000-0-0-2643177716] Registration request (../src/amf/ngap-handler.c:401)
07/08 09:34:04.183: [amf] INFO: [imsi-999702643177716] Registration complete (../src/amf/gmm-sm.c:1050)
07/08 09:35:08.527: [amf] INFO: InitialUEMessage [suci-0-999-70-0000-0-0-3539265529] Registration request (../src/amf/ngap-handler.c:401)
07/08 09:35:08.563: [amf] INFO: [imsi-999703539265529] Registration complete (../src/amf/gmm-sm.c:1050)
07/08 09:35:38.862: [amf] INFO: InitialUEMessage [suci-0-999-70-0000-0-0-2309483218] Registration request (../src/amf/ngap-handler.c:401)
07/08 09:35:38.891: [amf] INFO: [imsi-999702309483218] Registration complete (../src/amf/gmm-sm.c:1050)
07/08 09:37:40.061: [amf] INFO: InitialUEMessage [suci-0-999-70-0000-0-0-0135009620] Registration request (../src/amf/ngap-handler.c:401)
07/08 09:37:40.093: [amf] INFO: [imsi-999700135009620] Registration complete (../src/amf/gmm-sm.c:1050)
07/08 09:40:18.122: [amf] INFO: InitialUEMessage [suci-0-999-70-0000-0-0-1407803987] Registration request (../src/amf/ngap-handler.c:401)
07/08 09:40:18.173: [amf] INFO: [imsi-999701407803987] Registration complete (../src/amf/gmm-sm.c:1050)
07/08 09:43:25.855: [amf] INFO: InitialUEMessage [suci-0-999-70-0000-0-0-8707961030] Registration request (../src/amf/ngap-handler.c:401)
07/08 09:43:25.894: [amf] INFO: [imsi-999708707961030] Registration complete (../src/amf/gmm-sm.c:1050)
07/08 09:43:57.856: [amf] INFO: InitialUEMessage [suci-0-999-70-0000-0-0-3270449236] Registration request (../src/amf/ngap-handler.c:401)
07/08 09:43:57.897: [amf] INFO: [imsi-999703270449236] Registration complete (../src/amf/gmm-sm.c:1050)
07/08 09:46:13.739: [amf] INFO: InitialUEMessage [suci-0-999-70-0000-0-0-9481903754] Registration request (../src/amf/ngap-handler.c:401)
07/08 09:46:13.779: [amf] INFO: [imsi-999709481903754] Registration complete (../src/amf/gmm-sm.c:1050)
07/08 09:48:18.170: [amf] INFO: InitialUEMessage [suci-0-999-70-0000-0-0-1369641294] Registration request (../src/amf/ngap-handler.c:401)
07/08 09:48:18.201: [amf] INFO: [imsi-999701369641294] Registration complete (../src/amf/gmm-sm.c:1050)
07/08 09:48:51.431: [amf] INFO: InitialUEMessage [suci-0-999-70-0000-0-0-2901667674] Registration request (../src/amf/ngap-handler.c:401)
07/08 09:48:51.478: [amf] INFO: [imsi-999702901667674] Registration complete (../src/amf/gmm-sm.c:1050)
07/08 09:49:21.800: [amf] INFO: InitialUEMessage [suci-0-999-70-0000-0-0-4620045290] Registration request (../src/amf/ngap-handler.c:401)
07/08 09:49:21.837: [amf] INFO: [imsi-999704620045290] Registration complete (../src/amf/gmm-sm.c:1050)
07/08 09:49:27.147: [amf] INFO: InitialUEMessage [suci-0-999-70-0000-0-0-0549243268] Registration request (../src/amf/ngap-handler.c:401)
07/08 09:49:27.180: [amf] INFO: [imsi-999700549243268] Registration complete (../src/amf/gmm-sm.c:1050)
07/08 09:50:07.199: [amf] INFO: InitialUEMessage [suci-0-999-70-0000-0-0-0694702369] Registration request (../src/amf/ngap-handler.c:401)
07/08 09:50:07.240: [amf] INFO: [imsi-999700694702369] Registration complete (../src/amf/gmm-sm.c:1050)
07/08 09:52:42.206: [amf] INFO: InitialUEMessage [suci-0-999-70-0000-0-0-3002224023] Registration request (../src/amf/ngap-handler.c:401)
07/08 09:52:42.248: [amf] INFO: [imsi-999703002224023] Registration complete (../src/amf/gmm-sm.c:1050)
07/08 09:53:24.785: [amf] INFO: InitialUEMessage [suci-0-999-70-0000-0-0-7081970844] Registration request (../src/amf/ngap-handler.c:401)
07/08 09:53:24.835: [amf] INFO: [imsi-999707081970844] Registration complete (../src/amf/gmm-sm.c:1050)
07/08 09:56:12.453: [amf] INFO: InitialUEMessage [suci-0-999-70-0000-0-0-1995363999] Registration request (../src/amf/ngap-handler.c:401)
07/08 09:56:12.505: [amf] INFO: [imsi-999701995363999] Registration complete (../src/amf/gmm-sm.c:1050)
07/08 09:57:00.258: [amf] INFO: InitialUEMessage [suci-0-999-70-0000-0-0-2277159815] Registration request (../src/amf/ngap-handler.c:401)
07/08 09:57:00.304: [amf] INFO: [imsi-999702277159815] Registration complete (../src/amf/gmm-sm.c:1050)
07/08 09:57:35.197: [amf] INFO: InitialUEMessage [suci-0-999-70-0000-0-0-9828748903] Registration request (../src/amf/ngap-handler.c:401)
07/08 09:57:35.236: [amf] INFO: [imsi-999709828748903] Registration complete (../src/amf/gmm-sm.c:1050)
07/08 10:03:08.598: [amf] INFO: InitialUEMessage [suci-0-999-70-0000-0-0-9789614848] Registration request (../src/amf/ngap-handler.c:401)
07/08 10:03:08.657: [amf] INFO: [imsi-999709789614848] Registration complete (../src/amf/gmm-sm.c:1050)
07/08 10:03:49.844: [amf] INFO: InitialUEMessage [suci-0-999-70-0000-0-0-6981623471] Registration request (../src/amf/ngap-handler.c:401)
07/08 10:03:49.895: [amf] INFO: [imsi-999706981623471] Registration complete (../src/amf/gmm-sm.c:1050)
07/08 10:04:25.579: [amf] INFO: InitialUEMessage [suci-0-999-70-0000-0-0-4728183314] Registration request (../src/amf/ngap-handler.c:401)
07/08 10:04:25.628: [amf] INFO: [imsi-999704728183314] Registration complete (../src/amf/gmm-sm.c:1050)
07/08 10:04:48.894: [amf] INFO: InitialUEMessage [suci-0-999-70-0000-0-0-5446255185] Registration request (../src/amf/ngap-handler.c:401)
07/08 10:04:48.941: [amf] INFO: [imsi-999705446255185] Registration complete (../src/amf/gmm-sm.c:1050)
07/08 10:05:17.197: [amf] INFO: InitialUEMessage [suci-0-999-70-0000-0-0-5296395238] Registration request (../src/amf/ngap-handler.c:401)
07/08 10:05:17.258: [amf] INFO: [imsi-999705296395238] Registration complete (../src/amf/gmm-sm.c:1050)
07/08 10:05:32.463: [amf] INFO: InitialUEMessage [suci-0-999-70-0000-0-0-5586158733] Registration request (../src/amf/ngap-handler.c:401)
07/08 10:05:32.498: [amf] INFO: [imsi-999705586158733] Registration complete (../src/amf/gmm-sm.c:1050)
07/08 10:08:29.123: [amf] INFO: InitialUEMessage [suci-0-999-70-0000-0-0-4692871592] Registration request (../src/amf/ngap-handler.c:401)
07/08 10:08:29.176: [amf] INFO: [imsi-999704692871592] Registration complete (../src/amf/gmm-sm.c:1050)
07/08 10:08:39.325: [amf] INFO: InitialUEMessage [suci-0-999-70-0000-0-0-3986635059] Registration request (../src/amf/ngap-handler.c:401)
07/08 10:08:39.347: [amf] INFO: [imsi-999703986635059] Registration complete (../src/amf/gmm-sm.c:1050)
07/08 10:10:58.695: [amf] INFO: InitialUEMessage [suci-0-999-70-0000-0-0-7484494440] Registration request (../src/amf/ngap-handler.c:401)
07/08 10:10:58.726: [amf] INFO: [imsi-999707484494440] Registration complete (../src/amf/gmm-sm.c:1050)
07/08 10:13:18.307: [amf] INFO: InitialUEMessage [suci-0-999-70-0000-0-0-2640598738] Registration request (../src/amf/ngap-handler.c:401)
07/08 10:13:18.360: [amf] INFO: [imsi-999702640598738] Registration complete (../src/amf/gmm-sm.c:1050)
07/08 10:14:31.107: [amf] INFO: InitialUEMessage [suci-0-999-70-0000-0-0-3606981049] Registration request (../src/amf/ngap-handler.c:401)
07/08 10:14:31.162: [amf] INFO: [imsi-999703606981049] Registration complete (../src/amf/gmm-sm.c:1050)
07/08 10:15:38.711: [amf] INFO: InitialUEMessage [suci-0-999-70-0000-0-0-5935530355] Registration request (../src/amf/ngap-handler.c:401)
07/08 10:15:38.768: [amf] INFO: [imsi-999705935530355] Registration complete (../src/amf/gmm-sm.c:1050)
07/08 10:16:26.825: [amf] INFO: InitialUEMessage [suci-0-999-70-0000-0-0-6579918406] Registration request (../src/amf/ngap-handler.c:401)
07/08 10:16:26.868: [amf] INFO: [imsi-999706579918406] Registration complete (../src/amf/gmm-sm.c:1050)
07/08 10:16:31.313: [amf] INFO: InitialUEMessage [suci-0-999-70-0000-0-0-1340079514] Registration request (../src/amf/ngap-handler.c:401)
07/08 10:16:31.362: [amf] INFO: [imsi-999701340079514] Registration complete (../src/amf/gmm-sm.c:1050)
07/08 10:17:46.917: [amf] INFO: InitialUEMessage [suci-0-999-70-0000-0-0-6168112572] Registration request (../src/amf/ngap-handler.c:401)
07/08 10:17:46.972: [amf] INFO: [imsi-999706168112572] Registration complete (../src/amf/gmm-sm.c:1050)
07/08 10:21:10.128: [amf] INFO: InitialUEMessage [suci-0-999-70-0000-0-0-6368070415] Registration request (../src/amf/ngap-handler.c:401)
07/08 10:21:10.169: [amf] INFO: [imsi-999706368070415] Registration complete (../src/amf/gmm-sm.c:1050)
07/08 10:23:10.761: [amf] INFO: InitialUEMessage [suci-0-999-70-0000-0-0-8684369767] Registration request (../src/amf/ngap-handler.c:401)
07/08 10:23:10.804: [amf] INFO: [imsi-999708684369767] Registration complete (../src/amf/gmm-sm.c:1050)
07/08 10:24:40.901: [amf] INFO: InitialUEMessage [suci-0-999-70-0000-0-0-8236210627] Registration request (../src/amf/ngap-handler.c:401)
07/08 10:24:40.962: [amf] INFO: [imsi-999708236210627] Registration complete (../src/amf/gmm-sm.c:1050)
07/08 10:24:45.105: [amf] INFO: InitialUEMessage [suci-0-999-70-0000-0-0-9813277596] Registration request (../src/amf/ngap-handler.c:401)
07/08 10:24:45.147: [amf] INFO: [imsi-999709813277596] Registration complete (../src/amf/gmm-sm.c:1050)
07/08 10:26:20.536: [amf] INFO: InitialUEMessage [suci-0-999-70-0000-0-0-6409478730] Registration request (../src/amf/ngap-handler.c:401)
07/08 10:26:20.590: [amf] INFO: [imsi-999706409478730] Registration complete (../src/amf/gmm-sm.c:1050)
07/08 10:26:49.844: [amf] INFO: InitialUEMessage [suci-0-999-70-0000-0-0-8772484698] Registration request (../src/amf/ngap-handler.c:401)
07/08 10:26:49.878: [amf] INFO: [imsi-999708772484698] Registration complete (../src/amf/gmm-sm.c:1050)
07/08 10:29:00.260: [amf] INFO: InitialUEMessage [suci-0-999-70-0000-0-0-6819187353] Registration request (../src/amf/ngap-handler.c:401)
07/08 10:29:00.327: [amf] INFO: [imsi-999706819187353] Registration complete (../src/amf/gmm-sm.c:1050)
07/08 10:31:12.842: [amf] INFO: InitialUEMessage [suci-0-999-70-0000-0-0-6625847302] Registration request (../src/amf/ngap-handler.c:401)
07/08 10:31:12.878: [amf] INFO: [imsi-999706625847302] Registration complete (../src/amf/gmm-sm.c:1050)
07/08 10:34:04.627: [amf] INFO: InitialUEMessage [suci-0-999-70-0000-0-0-6597239146] Registration request (../src/amf/ngap-handler.c:401)
07/08 10:34:04.676: [amf] INFO: [imsi-999706597239146] Registration complete (../src/amf/gmm-sm.c:1050)
07/08 10:34:06.247: [amf] INFO: InitialUEMessage [suci-0-999-70-0000-0-0-6752727562] Registration request (../src/amf/ngap-handler.c:401)
07/08 10:34:06.312: [amf] INFO: [imsi-999706752727562] Registration complete (../src/amf/gmm-sm.c:1050)
07/08 10:34:42.984: [amf] INFO: InitialUEMessage [suci-0-999-70-0000-0-0-8073065766] Registration request (../src/amf/ngap-handler.c:401)
07/08 10:34:43.022: [amf] INFO: [imsi-999708073065766] Registration complete (../src/amf/gmm-sm.c:1050)
07/08 10:35:34.396: [amf] INFO: InitialUEMessage [suci-0-999-70-0000-0-0-9732873628] Registration request (../src/amf/ngap-handler.c:401)
07/08 10:35:34.437: [amf] INFO: [imsi-999709732873628] Registration complete (../src/amf/gmm-sm.c:1050)
07/08 10:35:34.560: [amf] INFO: InitialUEMessage [suci-0-999-70-0000-0-0-4190124739] Registration request (../src/amf/ngap-handler.c:401)
07/08 10:35:34.605: [amf] INFO: [imsi-999704190124739] Registration complete (../src/amf/gmm-sm.c:1050)
07/08 10:36:13.435: [amf] INFO: InitialUEMessage [suci-0-999-70-0000-0-0-2404450576] Registration request (../src/amf/ngap-handler.c:401)
07/08 10:36:13.497: [amf] INFO: [imsi-999702404450576] Registration complete (../src/amf/gmm-sm.c:1050)
07/08 10:36:42.558: [amf] INFO: InitialUEMessage [suci-0-999-70-0000-0-0-3319395949] Registration request (../src/amf/ngap-handler.c:401)
07/08 10:36:42.602: [amf] INFO: [imsi-999703319395949] Registration complete (../src/amf/gmm-sm.c:1050)
07/08 10:41:24.587: [amf] INFO: InitialUEMessage [suci-0-999-70-0000-0-0-2405540492] Registration request (../src/amf/ngap-handler.c:401)
07/08 10:41:24.621: [amf] INFO: [imsi-999702405540492] Registration complete (../src/amf/gmm-sm.c:1050)
07/08 10:42:41.792: [amf] INFO: InitialUEMessage [suci-0-999-70-0000-0-0-7559934838] Registration request (../src/amf/ngap-handler.c:401)
07/08 10:42:41.844: [amf] INFO: [imsi-999707559934838] Registration complete (../src/amf/gmm-sm.c:1050)
07/08 10:44:42.570: [amf] INFO: InitialUEMessage [suci-0-999-70-0000-0-0-8822509247] Registration request (../src/amf/ngap-handler.c:401)
07/08 10:44:42.624: [amf] INFO: [imsi-999708822509247] Registration complete (../src/amf/gmm-sm.c:1050)
07/08 10:44:55.071: [amf] INFO: InitialUEMessage [suci-0-999-70-0000-0-0-9615726549] Registration request (../src/amf/ngap-handler.c:401)
07/08 10:44:55.100: [amf] INFO: [imsi-999709615726549] Registration complete (../src/amf/gmm-sm.c:1050)
07/08 10:45:04.108: [amf] INFO: InitialUEMessage [suci-0-999-70-0000-0-0-7385371331] Registration request (../src/amf/ngap-handler.c:401)
07/08 10:45:04.132: [amf] INFO: [imsi-999707385371331] Registration complete (../src/amf/gmm-sm.c:1050)
07/08 10:46:42.501: [amf] INFO: InitialUEMessage [suci-0-999-70-0000-0-0-5835177666] Registration request (../src/amf/ngap-handler.c:401)
07/08 10:46:42.559: [amf] INFO: [imsi-999705835177666] Registration complete (../src/amf/gmm-sm.c:1050)
07/08 10:48:28.630: [amf] INFO: InitialUEMessage [suci-0-999-70-0000-0-0-8071476796] Registration request (../src/amf/ngap-handler.c:401)
07/08 10:48:28.670: [amf] INFO: [imsi-999708071476796] Registration complete (../src/amf/gmm-sm.c:1050)
07/08 10:49:50.887: [amf] INFO: InitialUEMessage [suci-0-999-70-0000-0-0-3934559473] Registration request (../src/amf/ngap-handler.c:401)
07/08 10:49:50.925: [amf] INFO: [imsi-999703934559473] Registration complete (../src/amf/gmm-sm.c:1050)
07/08 10:50:30.494: [amf] INFO: InitialUEMessage [suci-0-999-70-0000-0-0-3213482039] Registration request (../src/amf/ngap-handler.c:401)
07/08 10:50:30.528: [amf] INFO: [imsi-999703213482039] Registration complete (../src/amf/gmm-sm.c:1050)
07/08 10:53:37.221: [amf] INFO: InitialUEMessage [suci-0-999-70-0000-0-0-7497767737] Registration request (../src/amf/ngap-handler.c:401)
07/08 10:53:37.275: [amf] INFO: [imsi-999707497767737] Registration complete (../src/amf/gmm-sm.c:1050)
07/08 10:56:00.131: [amf] INFO: InitialUEMessage [suci-0-999-70-0000-0-0-7689622146] Registration request (../src/amf/ngap-handler.c:401)
07/08 10:56:00.183: [amf] INFO: [imsi-999707689622146] Registration complete (../src/amf/gmm-sm.c:1050)
07/08 10:56:00.611: [amf] INFO: InitialUEMessage [suci-0-999-70-0000-0-0-9669802075] Registration request (../src/amf/ngap-handler.c:401)
07/08 10:56:00.673: [amf] INFO: [imsi-999709669802075] Registration complete (../src/amf/gmm-sm.c:1050)
07/08 10:57:11.228: [amf] INFO: InitialUEMessage [suci-0-999-70-0000-0-0-1748510249] Registration request (../src/amf/ngap-handler.c:401)
07/08 10:57:11.282: [amf] INFO: [imsi-999701748510249] Registration complete (../src/amf/gmm-sm.c:1050)
07/08 10:58:28.282: [amf] INFO: InitialUEMessage [suci-0-999-70-0000-0-0-2816044450] Registration request (../src/amf/ngap-handler.c:401)
07/08 10:58:28.318: [amf] INFO: [imsi-999702816044450] Registration complete (../src/amf/gmm-sm.c:1050)
07/08 10:58:47.026: [amf] INFO: InitialUEMessage [suci-0-999-70-0000-0-0-7524656473] Registration request (../src/amf/ngap-handler.c:401)
07/08 10:58:47.081: [amf] INFO: [imsi-999707524656473] Registration complete (../src/amf/gmm-sm.c:1050)
07/08 10:59:06.992: [amf] INFO: InitialUEMessage [suci-0-999-70-0000-0-0-7378117087] Registration request (../src/amf/ngap-handler.c:401)
07/08 10:59:07.033: [amf] INFO: [imsi-999707378117087] Registration complete (../src/amf/gmm-sm.c:1050)
07/08 11:00:08.287: [amf] INFO: InitialUEMessage [suci-0-999-70-0000-0-0-4715799350] Registration request (../src/amf/ngap-handler.c:401)
07/08 11:00:08.311: [amf] INFO: [imsi-999704715799350] Registration complete (../src/amf/gmm-sm.c:1050)
07/08 11:00:08.908: [amf] INFO: InitialUEMessage [suci-0-999-70-0000-0-0-1780897096] Registration request (../src/amf/ngap-handler.c:401)
07/08 11:00:08.941: [amf] INFO: [imsi-999701780897096] Registration complete (../src/amf/gmm-sm.c:1050)
07/08 11:02:27.073: [amf] INFO: InitialUEMessage [suci-0-999-70-0000-0-0-6469219505] Registration request (../src/amf/ngap-handler.c:401)
07/08 11:02:27.108: [amf] INFO: [imsi-999706469219505] Registration complete (../src/amf/gmm-sm.c:1050)
07/08 11:02:45.387: [amf] INFO: InitialUEMessage [suci-0-999-70-0000-0-0-8338829830] Registration request (../src/amf/ngap-handler.c:401)
07/08 11:02:45.435: [amf] INFO: [imsi-999708338829830] Registration complete (../src/amf/gmm-sm.c:1050)
07/08 11:03:00.536: [amf] INFO: InitialUEMessage [suci-0-999-70-0000-0-0-2169508566] Registration request (../src/amf/ngap-handler.c:401)
07/08 11:03:00.596: [amf] INFO: [imsi-999702169508566] Registration complete (../src/amf/gmm-sm.c:1050)
07/08 11:03:01.202: [amf] INFO: InitialUEMessage [suci-0-999-70-0000-0-0-5681528297] Registration request (../src/amf/ngap-handler.c:401)
07/08 11:03:01.245: [amf] INFO: [imsi-999705681528297] Registration complete (../src/amf/gmm-sm.c:1050)
07/08 11:03:22.475: [amf] INFO: InitialUEMessage [suci-0-999-70-0000-0-0-4432948237] Registration request (../src/amf/ngap-handler.c:401)
07/08 11:03:22.513: [amf] INFO: [imsi-999704432948237] Registration complete (../src/amf/gmm-sm.c:1050)
07/08 11:07:14.549: [amf] INFO: InitialUEMessage [suci-0-999-70-0000-0-0-4185906180] Registration request (../src/amf/ngap-handler.c:401)
07/08 11:07:14.596: [amf] INFO: [imsi-999704185906180] Registration complete (../src/amf/gmm-sm.c:1050)
07/08 11:08:05.829: [amf] INFO: InitialUEMessage [suci-0-999-70-0000-0-0-3700257414] Registration request (../src/amf/ngap-handler.c:401)
07/08 11:08:05.867: [amf] INFO: [imsi-999703700257414] Registration complete (../src/amf/gmm-sm.c:1050)
07/08 11:09:26.483: [amf] INFO: InitialUEMessage [suci-0-999-70-0000-0-0-4493143755] Registration request (../src/amf/ngap-handler.c:401)
07/08 11:09:26.546: [amf] INFO: [imsi-999704493143755] Registration complete (../src/amf/gmm-sm.c:1050)
07/08 11:09:39.043: [amf] INFO: InitialUEMessage [suci-0-999-70-0000-0-0-7724028751] Registration request (../src/amf/ngap-handler.c:401)
07/08 11:09:39.080: [amf] INFO: [imsi-999707724028751] Registration complete (../src/amf/gmm-sm.c:1050)
07/08 11:09:59.256: [amf] INFO: InitialUEMessage [suci-0-999-70-0000-0-0-0508424316] Registration request (../src/amf/ngap-handler.c:401)
07/08 11:09:59.290: [amf] INFO: [imsi-999700508424316] Registration complete (../src/amf/gmm-sm.c:1050)
07/08 11:11:17.585: [amf] INFO: InitialUEMessage [suci-0-999-70-0000-0-0-7481919485] Registration request (../src/amf/ngap-handler.c:401)
07/08 11:11:17.627: [amf] INFO: [imsi-999707481919485] Registration complete (../src/amf/gmm-sm.c:1050)
07/08 11:14:37.439: [amf] INFO: InitialUEMessage [suci-0-999-70-0000-0-0-1906509839] Registration request (../src/amf/ngap-handler.c:401)
07/08 11:14:37.490: [amf] INFO: [imsi-999701906509839] Registration complete (../src/amf/gmm-sm.c:1050)
07/08 11:16:01.918: [amf] INFO: InitialUEMessage [suci-0-999-70-0000-0-0-6452038253] Registration request (../src/amf/ngap-handler.c:401)
07/08 11:16:01.981: [amf] INFO: [imsi-999706452038253] Registration complete (../src/amf/gmm-sm.c:1050)
07/08 11:17:07.417: [amf] INFO: InitialUEMessage [suci-0-999-70-0000-0-0-5929445000] Registration request (../src/amf/ngap-handler.c:401)
07/08 11:17:07.487: [amf] INFO: [imsi-999705929445000] Registration complete (../src/amf/gmm-sm.c:1050)
07/08 11:17:44.765: [amf] INFO: InitialUEMessage [suci-0-999-70-0000-0-0-0583875022] Registration request (../src/amf/ngap-handler.c:401)
07/08 11:17:44.807: [amf] INFO: [imsi-999700583875022] Registration complete (../src/amf/gmm-sm.c:1050)
07/08 11:18:04.461: [amf] INFO: InitialUEMessage [suci-0-999-70-0000-0-0-8630994076] Registration request (../src/amf/ngap-handler.c:401)
07/08 11:18:04.494: [amf] INFO: [imsi-999708630994076] Registration complete (../src/amf/gmm-sm.c:1050)
07/08 11:18:56.976: [amf] INFO: InitialUEMessage [suci-0-999-70-0000-0-0-4405262562] Registration request (../src/amf/ngap-handler.c:401)
07/08 11:18:57.025: [amf] INFO: [imsi-999704405262562] Registration complete (../src/amf/gmm-sm.c:1050)
07/08 11:20:23.907: [amf] INFO: InitialUEMessage [suci-0-999-70-0000-0-0-9697486829] Registration request (../src/amf/ngap-handler.c:401)
07/08 11:20:23.944: [amf] INFO: [imsi-999709697486829] Registration complete (../src/amf/gmm-sm.c:1050)
07/08 11:20:52.585: [amf] INFO: InitialUEMessage [suci-0-999-70-0000-0-0-2130341854] Registration request (../src/amf/ngap-handler.c:401)
07/08 11:20:52.639: [amf] INFO: [imsi-999702130341854] Registration complete (../src/amf/gmm-sm.c:1050)
07/08 11:22:02.309: [amf] INFO: InitialUEMessage [suci-0-999-70-0000-0-0-0122476636] Registration request (../src/amf/ngap-handler.c:401)
07/08 11:22:02.359: [amf] INFO: [imsi-999700122476636] Registration complete (../src/amf/gmm-sm.c:1050)
07/08 11:24:38.889: [amf] INFO: InitialUEMessage [suci-0-999-70-0000-0-0-8990422314] Registration request (../src/amf/ngap-handler.c:401)
07/08 11:24:38.935: [amf] INFO: [imsi-999708990422314] Registration complete (../src/amf/gmm-sm.c:1050)
07/08 11:24:41.201: [amf] INFO: InitialUEMessage [suci-0-999-70-0000-0-0-9416713496] Registration request (../src/amf/ngap-handler.c:401)
07/08 11:24:41.252: [amf] INFO: [imsi-999709416713496] Registration complete (../src/amf/gmm-sm.c:1050)
07/08 11:25:22.764: [amf] INFO: InitialUEMessage [suci-0-999-70-0000-0-0-4336892778] Registration request (../src/amf/ngap-handler.c:401)
07/08 11:25:22.805: [amf] INFO: [imsi-999704336892778] Registration complete (../src/amf/gmm-sm.c:1050)
07/08 11:25:35.621: [amf] INFO: InitialUEMessage [suci-0-999-70-0000-0-0-8168397859] Registration request (../src/amf/ngap-handler.c:401)
07/08 11:25:35.664: [amf] INFO: [imsi-999708168397859] Registration complete (../src/amf/gmm-sm.c:1050)
07/08 11:26:08.872: [amf] INFO: InitialUEMessage [suci-0-999-70-0000-0-0-5838791416] Registration request (../src/amf/ngap-handler.c:401)
07/08 11:26:08.885: [amf] WARNING: [suci-0-999-70-0000-0-0-5838791416] Registration reject [5GMM Cause: Illegal UE] (../src/amf/gmm-handler.c:230)
07/08 11:26:38.321: [amf] INFO: InitialUEMessage [suci-0-999-70-0000-0-0-6667388744] Registration request (../src/amf/ngap-handler.c:401)
07/08 11:26:38.358: [amf] INFO: [imsi-999706667388744] Registration complete (../src/amf/gmm-sm.c:1050)
07/08 11:29:22.370: [amf] INFO: InitialUEMessage [suci-0-999-70-0000-0-0-2892398311] Registration request (../src/amf/ngap-handler.c:401)
07/08 11:29:22.410: [amf] INFO: [imsi-999702892398311] Registration complete (../src/amf/gmm-sm.c:1050)
07/08 11:29:31.057: [amf] INFO: InitialUEMessage [suci-0-999-70-0000-0-0-8895425005] Registration request (../src/amf/ngap-handler.c:401)
07/08 11:29:31.108: [amf] INFO: [imsi-999708895425005] Registration complete (../src/amf/gmm-sm.c:1050)
07/08 11:30:03.551: [amf] INFO: InitialUEMessage [suci-0-999-70-0000-0-0-8811694748] Registration request (../src/amf/ngap-handler.c:401)
07/08 11:30:03.596: [amf] INFO: [imsi-999708811694748] Registration complete (../src/amf/gmm-sm.c:1050)
07/08 11:30:21.778: [amf] INFO: InitialUEMessage [suci-0-999-70-0000-0-0-9899246167] Registration request (../src/amf/ngap-handler.c:401)
07/08 11:30:21.809: [amf] INFO: [imsi-999709899246167] Registration complete (../src/amf/gmm-sm.c:1050)
07/08 11:32:03.670: [amf] INFO: InitialUEMessage [suci-0-999-70-0000-0-0-7664707511] Registration request (../src/amf/ngap-handler.c:401)
07/08 11:32:03.704: [amf] INFO: [imsi-999707664707511] Registration complete (../src/amf/gmm-sm.c:1050)
07/08 11:32:22.559: [amf] INFO: InitialUEMessage [suci-0-999-70-0000-0-0-6023122810] Registration request (../src/amf/ngap-handler.c:401)
07/08 11:32:22.601: [amf] INFO: [imsi-999706023122810] Registration complete (../src/amf/gmm-sm.c:1050)
07/08 11:33:13.572: [amf] INFO: InitialUEMessage [suci-0-999-70-0000-0-0-6735843553] Registration request (../src/amf/ngap-handler.c:401)
07/08 11:33:13.601: [amf] INFO: [imsi-999706735843553] Registration complete (../src/amf/gmm-sm.c:1050)
07/08 11:33:18.159: [amf] INFO: InitialUEMessage [suci-0-999-70-0000-0-0-1655487420] Registration request (../src/amf/ngap-handler.c:401)
07/08 11:33:18.220: [amf] INFO: [imsi-999701655487420] Registration complete (../src/amf/gmm-sm.c:1050)
07/08 11:35:04.832: [amf] INFO: InitialUEMessage [suci-0-999-70-0000-0-0-3884838866] Registration request (../src/amf/ngap-handler.c:401)
07/08 11:35:04.877: [amf] INFO: [imsi-999703884838866] Registration complete (../src/amf/gmm-sm.c:1050)
07/08 11:35:16.212: [amf] INFO: InitialUEMessage [suci-0-999-70-0000-0-0-5967006721] Registration request (../src/amf/ngap-handler.c:401)
07/08 11:35:16.235: [amf] INFO: [imsi-999705967006721] Registration complete (../src/amf/gmm-sm.c:1050)
07/08 11:36:04.385: [amf] INFO: InitialUEMessage [suci-0-999-70-0000-0-0-3319481967] Registration request (../src/amf/ngap-handler.c:401)
07/08 11:36:04.425: [amf] INFO: [imsi-999703319481967] Registration complete (../src/amf/gmm-sm.c:1050)
07/08 11:36:58.676: [amf] INFO: InitialUEMessage [suci-0-999-70-0000-0-0-1600332797] Registration request (../src/amf/ngap-handler.c:401)
07/08 11:36:58.731: [amf] INFO: [imsi-999701600332797] Registration complete (../src/amf/gmm-sm.c:1050)
07/08 11:37:50.675: [amf] INFO: InitialUEMessage [suci-0-999-70-0000-0-0-6884195958] Registration request (../src/amf/ngap-handler.c:401)
07/08 11:37:50.714: [amf] INFO: [imsi-999706884195958] Registration complete (../src/amf/gmm-sm.c:1050)
07/08 11:39:15.073: [amf] INFO: InitialUEMessage [suci-0-999-70-0000-0-0-4583088240] Registration request (../src/amf/ngap-handler.c:401)
07/08 11:39:15.132: [amf] INFO: [imsi-999704583088240] Registration complete (../src/amf/gmm-sm.c:1050)
07/08 11:39:32.075: [amf] INFO: InitialUEMessage [suci-0-999-70-0000-0-0-4192039703] Registration request (../src/amf/ngap-handler.c:401)
07/08 11:39:32.107: [amf] INFO: [imsi-999704192039703] Registration complete (../src/amf/gmm-sm.c:1050)
07/08 11:39:58.385: [amf] INFO: InitialUEMessage [suci-0-999-70-0000-0-0-2756462005] Registration request (../src/amf/ngap-handler.c:401)
07/08 11:39:58.420: [amf] INFO: [imsi-999702756462005] Registration complete (../src/amf/gmm-sm.c:1050)
07/08 11:40:03.219: [amf] INFO: InitialUEMessage [suci-0-999-70-0000-0-0-8496720054] Registration request (../src/amf/ngap-handler.c:401)
07/08 11:40:03.278: [amf] INFO: [imsi-999708496720054] Registration complete (../src/amf/gmm-sm.c:1050)
07/08 11:41:31.964: [amf] INFO: InitialUEMessage [suci-0-999-70-0000-0-0-1585049028] Registration request (../src/amf/ngap-handler.c:401)
07/08 11:41:31.993: [amf] INFO: [imsi-999701585049028] Registration complete (../src/amf/gmm-sm.c:1050)
07/08 11:42:23.304: [amf] INFO: InitialUEMessage [suci-0-999-70-0000-0-0-9086387294] Registration request (../src/amf/ngap-handler.c:401)
07/08 11:42:23.351: [amf] INFO: [imsi-999709086387294] Registration complete (../src/amf/gmm-sm.c:1050)
07/08 11:43:27.454: [amf] INFO: InitialUEMessage [suci-0-999-70-0000-0-0-1446939381] Registration request (../src/amf/ngap-handler.c:401)
07/08 11:43:27.484: [amf] WARNING: [suci-0-999-70-0000-0-0-1446939381] Registration reject [5GMM Cause: Illegal UE] (../src/amf/gmm-handler.c:230)
07/08 11:46:04.905: [amf] INFO: InitialUEMessage [suci-0-999-70-0000-0-0-6114785006] Registration request (../src/amf/ngap-handler.c:401)
07/08 11:46:04.935: [amf] INFO: [imsi-999706114785006] Registration complete (../src/amf/gmm-sm.c:1050)
07/08 11:48:43.718: [amf] INFO: InitialUEMessage [suci-0-999-70-0000-0-0-4720349153] Registration request (../src/amf/ngap-handler.c:401)
07/08 11:48:43.774: [amf] INFO: [imsi-999704720349153] Registration complete (../src/amf/gmm-sm.c:1050)
07/08 11:49:54.386: [amf] INFO: InitialUEMessage [suci-0-999-70-0000-0-0-9725780341] Registration request (../src/amf/ngap-handler.c:401)
07/08 11:49:54.425: [amf] INFO: [imsi-999709725780341] Registration complete (../src/amf/gmm-sm.c:1050)
07/08 11:50:05.561: [amf] INFO: InitialUEMessage [suci-0-999-70-0000-0-0-2924679639] Registration request (../src/amf/ngap-handler.c:401)
07/08 11:50:05.599: [amf] INFO: [imsi-999702924679639] Registration complete (../src/amf/gmm-sm.c:1050)
07/08 11:50:30.363: [amf] INFO: InitialUEMessage [suci-0-999-70-0000-0-0-4352855939] Registration request (../src/amf/ngap-handler.c:401)
07/08 11:50:30.388: [amf] INFO: [imsi-999704352855939] Registration complete (../src/amf/gmm-sm.c:1050)
07/08 11:50:45.261: [amf] INFO: InitialUEMessage [suci-0-999-70-0000-0-0-5491533316] Registration request (../src/amf/ngap-handler.c:401)
07/08 11:50:45.289: [amf] INFO: [imsi-999705491533316] Registration complete (../src/amf/gmm-sm.c:1050)
07/08 11:51:37.913: [amf] INFO: InitialUEMessage [suci-0-999-70-0000-0-0-2350482261] Registration request (../src/amf/ngap-handler.c:401)
07/08 11:51:37.967: [amf] INFO: [imsi-999702350482261] Registration complete (../src/amf/gmm-sm.c:1050)
07/08 11:51:48.435: [amf] INFO: InitialUEMessage [suci-0-999-70-0000-0-0-8933621645] Registration request (../src/amf/ngap-handler.c:401)
07/08 11:51:48.489: [amf] INFO: [imsi-999708933621645] Registration complete (../src/amf/gmm-sm.c:1050)
07/08 11:54:01.558: [amf] INFO: InitialUEMessage [suci-0-999-70-0000-0-0-1260508435] Registration request (../src/amf/ngap-handler.c:401)
07/08 11:54:01.585: [amf] INFO: [imsi-999701260508435] Registration complete (../src/amf/gmm-sm.c:1050)
07/08 11:54:51.012: [amf] INFO: InitialUEMessage [suci-0-999-70-0000-0-0-9309802818] Registration request (../src/amf/ngap-handler.c:401)
07/08 11:54:51.050: [amf] INFO: [imsi-999709309802818] Registration complete (../src/amf/gmm-sm.c:1050)
07/08 11:55:54.597: [amf] INFO: InitialUEMessage [suci-0-999-70-0000-0-0-2409473898] Registration request (../src/amf/ngap-handler.c:401)
07/08 11:55:54.639: [amf] INFO: [imsi-999702409473898] Registration complete (../src/amf/gmm-sm.c:1050)
07/08 11:56:18.502: [amf] INFO: InitialUEMessage [suci-0-999-70-0000-0-0-7153454157] Registration request (../src/amf/ngap-handler.c:401)
07/08 11:56:18.552: [amf] INFO: [imsi-999707153454157] Registration complete (../src/amf/gmm-sm.c:1050)
07/08 11:57:41.173: [amf] INFO: InitialUEMessage [suci-0-999-70-0000-0-0-9209614041] Registration request (../src/amf/ngap-handler.c:401)
07/08 11:57:41.216: [amf] INFO: [imsi-999709209614041] Registration complete (../src/amf/gmm-sm.c:1050)
07/08 11:58:22.055: [amf] INFO: InitialUEMessage [suci-0-999-70-0000-0-0-2767366603] Registration request (../src/amf/ngap-handler.c:401)
07/08 11:58:22.103: [amf] INFO: [imsi-999702767366603] Registration complete (../src/amf/gmm-sm.c:1050)
07/08 11:59:14.149: [amf] INFO: InitialUEMessage [suci-0-999-70-0000-0-0-5043461599] Registration request (../src/amf/ngap-handler.c:401)
07/08 11:59:14.208: [amf] INFO: [imsi-999705043461599] Registration complete (../src/amf/gmm-sm.c:1050)
07/08 11:59:55.141: [amf] INFO: InitialUEMessage [suci-0-999-70-0000-0-0-0736488309] Registration request (../src/amf/ngap-handler.c:401)
07/08 11:59:55.198: [amf] INFO: [imsi-999700736488309] Registration complete (../src/amf/gmm-sm.c:1050)
07/08 12:00:23.778: [amf] INFO: InitialUEMessage [suci-0-999-70-0000-0-0-7148291389] Registration request (../src/amf/ngap-handler.c:401)
07/08 12:00:23.842: [amf] INFO: [imsi-999707148291389] Registration complete (../src/amf/gmm-sm.c:1050)
07/08 12:02:32.129: [amf] INFO: InitialUEMessage [suci-0-999-70-0000-0-0-9808495384] Registration request (../src/amf/ngap-handler.c:401)
07/08 12:02:32.183: [amf] INFO: [imsi-999709808495384] Registration complete (../src/amf/gmm-sm.c:1050)
07/08 12:05:28.422: [amf] INFO: InitialUEMessage [suci-0-999-70-0000-0-0-0971612588] Registration request (../src/amf/ngap-handler.c:401)
07/08 12:05:28.472: [amf] INFO: [imsi-999700971612588] Registration complete (../src/amf/gmm-sm.c:1050)
07/08 12:05:29.687: [amf] INFO: InitialUEMessage [suci-0-999-70-0000-0-0-1359604353] Registration request (../src/amf/ngap-handler.c:401)
07/08 12:05:29.731: [amf] INFO: [imsi-999701359604353] Registration complete (../src/amf/gmm-sm.c:1050)
07/08 12:06:42.383: [amf] INFO: InitialUEMessage [suci-0-999-70-0000-0-0-0123342542] Registration request (../src/amf/ngap-handler.c:401)
07/08 12:06:42.432: [amf] INFO: [imsi-999700123342542] Registration complete (../src/amf/gmm-sm.c:1050)
07/08 12:06:52.069: [amf] INFO: InitialUEMessage [suci-0-999-70-0000-0-0-1185120220] Registration request (../src/amf/ngap-handler.c:401)
07/08 12:06:52.130: [amf] INFO: [imsi-999701185120220] Registration complete (../src/amf/gmm-sm.c:1050)
07/08 12:07:13.196: [amf] INFO: InitialUEMessage [suci-0-999-70-0000-0-0-0756483196] Registration request (../src/amf/ngap-handler.c:401)
07/08 12:07:13.241: [amf] INFO: [imsi-999700756483196] Registration complete (../src/amf/gmm-sm.c:1050)
07/08 12:07:21.812: [amf] INFO: InitialUEMessage [suci-0-999-70-0000-0-0-1462825729] Registration request (../src/amf/ngap-handler.c:401)
07/08 12:07:21.860: [amf] INFO: [imsi-999701462825729] Registration complete (../src/amf/gmm-sm.c:1050)
07/08 12:08:09.714: [amf] INFO: InitialUEMessage [suci-0-999-70-0000-0-0-8183670112] Registration request (../src/amf/ngap-handler.c:401)
07/08 12:08:09.767: [amf] INFO: [imsi-999708183670112] Registration complete (../src/amf/gmm-sm.c:1050)
07/08 12:08:14.010: [amf] INFO: InitialUEMessage [suci-0-999-70-0000-0-0-3249419151] Registration request (../src/amf/ngap-handler.c:401)
07/08 12:08:14.032: [amf] INFO: [imsi-999703249419151] Registration complete (../src/amf/gmm-sm.c:1050)
07/08 12:08:36.901: [amf] INFO: InitialUEMessage [suci-0-999-70-0000-0-0-2206176197] Registration request (../src/amf/ngap-handler.c:401)
07/08 12:08:36.942: [amf] INFO: [imsi-999702206176197] Registration complete (../src/amf/gmm-sm.c:1050)
07/08 12:10:35.138: [amf] INFO: InitialUEMessage [suci-0-999-70-0000-0-0-2778125918] Registration request (../src/amf/ngap-handler.c:401)
07/08 12:10:35.184: [amf] INFO: [imsi-999702778125918] Registration complete (../src/amf/gmm-sm.c:1050)
07/08 12:11:52.362: [amf] INFO: InitialUEMessage [suci-0-999-70-0000-0-0-8421757903] Registration request (../src/amf/ngap-handler.c:401)
07/08 12:11:52.408: [amf] INFO: [imsi-999708421757903] Registration complete (../src/amf/gmm-sm.c:1050)
07/08 12:11:56.444: [amf] INFO: InitialUEMessage [suci-0-999-70-0000-0-0-6898013106] Registration request (../src/amf/ngap-handler.c:401)
07/08 12:11:56.490: [amf] INFO: [imsi-999706898013106] Registration complete (../src/amf/gmm-sm.c:1050)
07/08 12:12:50.863: [amf] INFO: InitialUEMessage [suci-0-999-70-0000-0-0-7219515730] Registration request (../src/amf/ngap-handler.c:401)
07/08 12:12:50.906: [amf] INFO: [imsi-999707219515730] Registration complete (../src/amf/gmm-sm.c:1050)
07/08 12:13:16.288: [amf] INFO: InitialUEMessage [suci-0-999-70-0000-0-0-7277115236] Registration request (../src/amf/ngap-handler.c:401)
07/08 12:13:16.330: [amf] INFO: [imsi-999707277115236] Registration complete (../src/amf/gmm-sm.c:1050)
07/08 12:14:07.626: [amf] INFO: InitialUEMessage [suci-0-999-70-0000-0-0-3678484807] Registration request (../src/amf/ngap-handler.c:401)
07/08 12:14:07.672: [amf] INFO: [imsi-999703678484807] Registration complete (../src/amf/gmm-sm.c:1050)
07/08 12:14:53.707: [amf] INFO: InitialUEMessage [suci-0-999-70-0000-0-0-2151694786] Registration request (../src/amf/ngap-handler.c:401)
07/08 12:14:53.749: [amf] INFO: [imsi-999702151694786] Registration complete (../src/amf/gmm-sm.c:1050)
07/08 12:15:54.038: [amf] INFO: InitialUEMessage [suci-0-999-70-0000-0-0-5688194074] Registration request (../src/amf/ngap-handler.c:401)
07/08 12:15:54.075: [amf] INFO: [imsi-999705688194074] Registration complete (../src/amf/gmm-sm.c:1050)
07/08 12:17:08.912: [amf] INFO: InitialUEMessage [suci-0-999-70-0000-0-0-4703243064] Registration request (../src/amf/ngap-handler.c:401)
07/08 12:17:08.968: [amf] INFO: [imsi-999704703243064] Registration complete (../src/amf/gmm-sm.c:1050)
07/08 12:17:18.545: [amf] INFO: InitialUEMessage [suci-0-999-70-0000-0-0-7059879154] Registration request (../src/amf/ngap-handler.c:401)
07/08 12:17:18.586: [amf] INFO: [imsi-999707059879154] Registration complete (../src/amf/gmm-sm.c:1050)
07/08 12:17:45.428: [amf] INFO: InitialUEMessage [suci-0-999-70-0000-0-0-5617859018] Registration request (../src/amf/ngap-handler.c:401)
07/08 12:17:45.468: [amf] INFO: [imsi-999705617859018] Registration complete (../src/amf/gmm-sm.c:1050)
07/08 12:18:24.904: [amf] INFO: InitialUEMessage [suci-0-999-70-0000-0-0-3497235158] Registration request (../src/amf/ngap-handler.c:401)
07/08 12:18:24.957: [amf] INFO: [imsi-999703497235158] Registration complete (../src/amf/gmm-sm.c:1050)
07/08 12:18:29.552: [amf] INFO: InitialUEMessage [suci-0-999-70-0000-0-0-9347466894] Registration request (../src/amf/ngap-handler.c:401)
07/08 12:18:29.603: [amf] INFO: [imsi-999709347466894] Registration complete (../src/amf/gmm-sm.c:1050)
07/08 12:18:38.120: [amf] INFO: InitialUEMessage [suci-0-999-70-0000-0-0-3734481630] Registration request (../src/amf/ngap-handler.c:401)
07/08 12:18:38.171: [amf] INFO: [imsi-999703734481630] Registration complete (../src/amf/gmm-sm.c:1050)
07/08 12:18:52.849: [amf] INFO: InitialUEMessage [suci-0-999-70-0000-0-0-1438436101] Registration request (../src/amf/ngap-handler.c:401)
07/08 12:18:52.881: [amf] INFO: [imsi-999701438436101] Registration complete (../src/amf/gmm-sm.c:1050)
07/08 12:20:03.184: [amf] INFO: InitialUEMessage [suci-0-999-70-0000-0-0-8831174267] Registration request (../src/amf/ngap-handler.c:401)
07/08 12:20:03.235: [amf] INFO: [imsi-999708831174267] Registration complete (../src/amf/gmm-sm.c:1050)
07/08 12:21:12.083: [amf] INFO: InitialUEMessage [suci-0-999-70-0000-0-0-9482687399] Registration request (../src/amf/ngap-handler.c:401)
07/08 12:21:12.127: [amf] INFO: [imsi-999709482687399] Registration complete (../src/amf/gmm-sm.c:1050)
07/08 12:22:19.215: [amf] INFO: InitialUEMessage [suci-0-999-70-0000-0-0-9667819792] Registration request (../src/amf/ngap-handler.c:401)
07/08 12:22:19.279: [amf] INFO: [imsi-999709667819792] Registration complete (../src/amf/gmm-sm.c:1050)
07/08 12:24:06.882: [amf] INFO: InitialUEMessage [suci-0-999-70-0000-0-0-3135304254] Registration request (../src/amf/ngap-handler.c:401)
07/08 12:24:06.912: [amf] INFO: [imsi-999703135304254] Registration complete (../src/amf/gmm-sm.c:1050)
07/08 12:24:20.280: [amf] INFO: InitialUEMessage [suci-0-999-70-0000-0-0-7226451732] Registration request (../src/amf/ngap-handler.c:401)
07/08 12:24:20.319: [amf] INFO: [imsi-999707226451732] Registration complete (../src/amf/gmm-sm.c:1050)
07/08 12:24:36.244: [amf] INFO: InitialUEMessage [suci-0-999-70-0000-0-0-8184402342] Registration request (../src/amf/ngap-handler.c:401)
07/08 12:24:36.279: [amf] INFO: [imsi-999708184402342] Registration complete (../src/amf/gmm-sm.c:1050)
07/08 12:26:12.123: [amf] INFO: InitialUEMessage [suci-0-999-70-0000-0-0-1550211361] Registration request (../src/amf/ngap-handler.c:401)
07/08 12:26:12.157: [amf] INFO: [imsi-999701550211361] Registration complete (../src/amf/gmm-sm.c:1050)
07/08 12:26:16.352: [amf] INFO: InitialUEMessage [suci-0-999-70-0000-0-0-6472367219] Registration request (../src/amf/ngap-handler.c:401)
07/08 12:26:16.396: [amf] INFO: [imsi-999706472367219] Registration complete (../src/amf/gmm-sm.c:1050)
07/08 12:26:30.888: [amf] INFO: InitialUEMessage [suci-0-999-70-0000-0-0-1225679010] Registration request (../src/amf/ngap-handler.c:401)
07/08 12:26:30.937: [amf] INFO: [imsi-999701225679010] Registration complete (../src/amf/gmm-sm.c:1050)
07/08 12:26:48.478: [amf] INFO: InitialUEMessage [suci-0-999-70-0000-0-0-2120222856] Registration request (../src/amf/ngap-handler.c:401)
07/08 12:26:48.503: [amf] INFO: [imsi-999702120222856] Registration complete (../src/amf/gmm-sm.c:1050)
07/08 12:28:45.126: [amf] INFO: InitialUEMessage [suci-0-999-70-0000-0-0-6150532092] Registration request (../src/amf/ngap-handler.c:401)
07/08 12:28:45.173: [amf] INFO: [imsi-999706150532092] Registration complete (../src/amf/gmm-sm.c:1050)
07/08 12:29:33.822: [amf] INFO: InitialUEMessage [suci-0-999-70-0000-0-0-4300223967] Registration request (../src/amf/ngap-handler.c:401)
07/08 12:29:33.870: [amf] WARNING: [imsi-999704300223967] Registration reject (../src/amf/gmm-handler.c:230)
07/08 12:30:37.722: [amf] INFO: InitialUEMessage [suci-0-999-70-0000-0-0-7831065466] Registration request (../src/amf/ngap-handler.c:401)
07/08 12:30:37.761: [amf] INFO: [imsi-999707831065466] Registration complete (../src/amf/gmm-sm.c:1050)
07/08 12:31:29.064: [amf] INFO: InitialUEMessage [suci-0-999-70-0000-0-0-0399933078] Registration request (../src/amf/ngap-handler.c:401)
07/08 12:31:29.091: [amf] INFO: [imsi-999700399933078] Registration complete (../src/amf/gmm-sm.c:1050)
07/08 12:31:59.761: [amf] INFO: InitialUEMessage [suci-0-999-70-0000-0-0-9222376888] Registration request (../src/amf/ngap-handler.c:401)
07/08 12:31:59.807: [amf] INFO: [imsi-999709222376888] Registration complete (../src/amf/gmm-sm.c:1050)
07/08 12:32:47.131: [amf] INFO: InitialUEMessage [suci-0-999-70-0000-0-0-7407901614] Registration request (../src/amf/ngap-handler.c:401)
07/08 12:32:47.188: [amf] INFO: [imsi-999707407901614] Registration complete (../src/amf/gmm-sm.c:1050)
07/08 12:33:24.740: [amf] INFO: InitialUEMessage [suci-0-999-70-0000-0-0-6151523845] Registration request (../src/amf/ngap-handler.c:401)
07/08 12:33:24.775: [amf] INFO: [imsi-999706151523845] Registration complete (../src/amf/gmm-sm.c:1050)
07/08 12:34:04.248: [amf] INFO: InitialUEMessage [suci-0-999-70-0000-0-0-5554894626] Registration request (../src/amf/ngap-handler.c:401)
07/08 12:34:04.280: [amf] INFO: [imsi-999705554894626] Registration complete (../src/amf/gmm-sm.c:1050)
07/08 12:34:27.326: [amf] INFO: InitialUEMessage [suci-0-999-70-0000-0-0-0540526954] Registration request (../src/amf/ngap-handler.c:401)
07/08 12:34:27.379: [amf] INFO: [imsi-999700540526954] Registration complete (../src/amf/gmm-sm.c:1050)
07/08 12:35:53.050: [amf] INFO: InitialUEMessage [suci-0-999-70-0000-0-0-8543948121] Registration request (../src/amf/ngap-handler.c:401)
07/08 12:35:53.098: [amf] INFO: [imsi-999708543948121] Registration complete (../src/amf/gmm-sm.c:1050)
07/08 12:37:21.774: [amf] INFO: InitialUEMessage [suci-0-999-70-0000-0-0-2335848502] Registration request (../src/amf/ngap-handler.c:401)
07/08 12:37:21.811: [amf] INFO: [imsi-999702335848502] Registration complete (../src/amf/gmm-sm.c:1050)
07/08 12:37:33.846: [amf] INFO: InitialUEMessage [suci-0-999-70-0000-0-0-6816147023] Registration request (../src/amf/ngap-handler.c:401)
07/08 12:37:33.898: [amf] INFO: [imsi-999706816147023] Registration complete (../src/amf/gmm-sm.c:1050)
07/08 12:38:42.725: [amf] INFO: InitialUEMessage [suci-0-999-70-0000-0-0-8372357784] Registration request (../src/amf/ngap-handler.c:401)
07/08 12:38:42.760: [amf] INFO: [imsi-999708372357784] Registration complete (../src/amf/gmm-sm.c:1050)
07/08 12:38:59.849: [amf] INFO: InitialUEMessage [suci-0-999-70-0000-0-0-8919119302] Registration request (../src/amf/ngap-handler.c:401)
07/08 12:38:59.885: [amf] INFO: [imsi-999708919119302] Registration complete (../src/amf/gmm-sm.c:1050)
07/08 12:39:09.091: [amf] INFO: InitialUEMessage [suci-0-999-70-0000-0-0-8502444107] Registration request (../src/amf/ngap-handler.c:401)
07/08 12:39:09.147: [amf] INFO: [imsi-999708502444107] Registration complete (../src/amf/gmm-sm.c:1050)
07/08 12:41:30.902: [amf] INFO: InitialUEMessage [suci-0-999-70-0000-0-0-7127483275] Registration request (../src/amf/ngap-handler.c:401)
07/08 12:41:30.951: [amf] INFO: [imsi-999707127483275] Registration complete (../src/amf/gmm-sm.c:1050)
07/08 12:41:34.264: [amf] INFO: InitialUEMessage [suci-0-999-70-0000-0-0-7604251801] Registration request (../src/amf/ngap-handler.c:401)
07/08 12:41:34.300: [amf] INFO: [imsi-999707604251801] Registration complete (../src/amf/gmm-sm.c:1050)
07/08 12:42:20.095: [amf] INFO: InitialUEMessage [suci-0-999-70-0000-0-0-0610143852] Registration request (../src/amf/ngap-handler.c:401)
07/08 12:42:20.129: [amf] INFO: [imsi-999700610143852] Registration complete (../src/amf/gmm-sm.c:1050)
07/08 12:46:41.056: [amf] INFO: InitialUEMessage [suci-0-999-70-0000-0-0-7220261682] Registration request (../src/amf/ngap-handler.c:401)
07/08 12:46:41.103: [amf] INFO: [imsi-999707220261682] Registration complete (../src/amf/gmm-sm.c:1050)
07/08 12:46:53.125: [amf] INFO: InitialUEMessage [suci-0-999-70-0000-0-0-5017667595] Registration request (../src/amf/ngap-handler.c:401)
07/08 12:46:53.187: [amf] INFO: [imsi-999705017667595] Registration complete (../src/amf/gmm-sm.c:1050)
07/08 12:47:47.461: [amf] INFO: InitialUEMessage [suci-0-999-70-0000-0-0-6002936810] Registration request (../src/amf/ngap-handler.c:401)
07/08 12:47:47.499: [amf] INFO: [imsi-999706002936810] Registration complete (../src/amf/gmm-sm.c:1050)
07/08 12:49:43.958: [amf] INFO: InitialUEMessage [suci-0-999-70-0000-0-0-0681053953] Registration request (../src/amf/ngap-handler.c:401)
07/08 12:49:43.986: [amf] INFO: [imsi-999700681053953] Registration complete (../src/amf/gmm-sm.c:1050)
07/08 12:49:52.934: [amf] INFO: InitialUEMessage [suci-0-999-70-0000-0-0-5536881980] Registration request (../src/amf/ngap-handler.c:401)
07/08 12:49:52.960: [amf] INFO: [imsi-999705536881980] Registration complete (../src/amf/gmm-sm.c:1050)
07/08 12:51:41.796: [amf] INFO: InitialUEMessage [suci-0-999-70-0000-0-0-5999085208] Registration request (../src/amf/ngap-handler.c:401)
07/08 12:51:41.845: [amf] INFO: [imsi-999705999085208] Registration complete (../src/amf/gmm-sm.c:1050)
07/08 12:52:47.087: [amf] INFO: InitialUEMessage [suci-0-999-70-0000-0-0-4721881195] Registration request (../src/amf/ngap-handler.c:401)
07/08 12:52:47.151: [amf] INFO: [imsi-999704721881195] Registration complete (../src/amf/gmm-sm.c:1050)
07/08 12:53:54.711: [amf] INFO: InitialUEMessage [suci-0-999-70-0000-0-0-8992584370] Registration request (../src/amf/ngap-handler.c:401)
07/08 12:53:54.753: [amf] INFO: [imsi-999708992584370] Registration complete (../src/amf/gmm-sm.c:1050)
07/08 12:54:20.728: [amf] INFO: InitialUEMessage [suci-0-999-70-0000-0-0-1785386280] Registration request (../src/amf/ngap-handler.c:401)
07/08 12:54:20.782: [amf] INFO: [imsi-999701785386280] Registration complete (../src/amf/gmm-sm.c:1050)
07/08 12:55:08.944: [amf] INFO: InitialUEMessage [suci-0-999-70-0000-0-0-3480238682] Registration request (../src/amf/ngap-handler.c:401)
07/08 12:55:09.007: [amf] INFO: [imsi-999703480238682] Registration complete (../src/amf/gmm-sm.c:1050)
07/08 12:55:27.081: [amf] INFO: InitialUEMessage [suci-0-999-70-0000-0-0-7677620783] Registration request (../src/amf/ngap-handler.c:401)
07/08 12:55:27.126: [amf] INFO: [imsi-999707677620783] Registration complete (../src/amf/gmm-sm.c:1050)
07/08 12:56:12.144: [amf] INFO: InitialUEMessage [suci-0-999-70-0000-0-0-0440563700] Registration request (../src/amf/ngap-handler.c:401)
07/08 12:56:12.174: [amf] INFO: [imsi-999700440563700] Registration complete (../src/amf/gmm-sm.c:1050)
07/08 12:57:03.749: [amf] INFO: InitialUEMessage [suci-0-999-70-0000-0-0-5784869862] Registration request (../src/amf/ngap-handler.c:401)
07/08 12:57:03.798: [amf] INFO: [imsi-999705784869862] Registration complete (../src/amf/gmm-sm.c:1050)
07/08 12:57:18.264: [amf] INFO: InitialUEMessage [suci-0-999-70-0000-0-0-8567987975] Registration request (../src/amf/ngap-handler.c:401)
07/08 12:57:18.324: [amf] INFO: [imsi-999708567987975] Registration complete (../src/amf/gmm-sm.c:1050)
07/08 12:58:37.270: [amf] INFO: InitialUEMessage [suci-0-999-70-0000-0-0-3960339334] Registration request (../src/amf/ngap-handler.c:401)
07/08 12:58:37.304: [amf] INFO: [imsi-999703960339334] Registration complete (../src/amf/gmm-sm.c:1050)
07/08 12:58:52.756: [amf] INFO: InitialUEMessage [suci-0-999-70-0000-0-0-0271363643] Registration request (../src/amf/ngap-handler.c:401)
07/08 12:58:52.825: [amf] INFO: [imsi-999700271363643] Registration complete (../src/amf/gmm-sm.c:1050)
07/08 12:59:41.387: [amf] INFO: InitialUEMessage [suci-0-999-70-0000-0-0-7755708027] Registration request (../src/amf/ngap-handler.c:401)
07/08 12:59:41.426: [amf] INFO: [imsi-999707755708027] Registration complete (../src/amf/gmm-sm.c:1050)
07/08 13:00:12.808: [amf] INFO: InitialUEMessage [suci-0-999-70-0000-0-0-7443967428] Registration request (../src/amf/ngap-handler.c:401)
07/08 13:00:12.837: [amf] INFO: [imsi-999707443967428] Registration complete (../src/amf/gmm-sm.c:1050)
07/08 13:00:29.326: [amf] INFO: InitialUEMessage [suci-0-999-70-0000-0-0-2237090369] Registration request (../src/amf/ngap-handler.c:401)
07/08 13:00:29.364: [amf] INFO: [imsi-999702237090369] Registration complete (../src/amf/gmm-sm.c:1050)
07/08 13:00:53.536: [amf] INFO: InitialUEMessage [suci-0-999-70-0000-0-0-2991255086] Registration request (../src/amf/ngap-handler.c:401)
07/08 13:00:53.595: [amf] INFO: [imsi-999702991255086] Registration complete (../src/amf/gmm-sm.c:1050)
07/08 13:01:22.638: [amf] INFO: InitialUEMessage [suci-0-999-70-0000-0-0-9973119324] Registration request (../src/amf/ngap-handler.c:401)
07/08 13:01:22.690: [amf] INFO: [imsi-999709973119324] Registration complete (../src/amf/gmm-sm.c:1050)
07/08 13:03:36.888: [amf] INFO: InitialUEMessage [suci-0-999-70-0000-0-0-3288155472] Registration request (../src/amf/ngap-handler.c:401)
07/08 13:03:36.934: [amf] INFO: [imsi-999703288155472] Registration complete (../src/amf/gmm-sm.c:1050)
07/08 13:03:47.659: [amf] INFO: InitialUEMessage [suci-0-999-70-0000-0-0-2425723595] Registration request (../src/amf/ngap-handler.c:401)
07/08 13:03:47.702: [amf] INFO: [imsi-999702425723595] Registration complete (../src/amf/gmm-sm.c:1050)
07/08 13:04:14.863: [amf] INFO: InitialUEMessage [suci-0-999-70-0000-0-0-6485593895] Registration request (../src/amf/ngap-handler.c:401)
07/08 13:04:14.898: [amf] INFO: [imsi-999706485593895] Registration complete (../src/amf/gmm-sm.c:1050)
07/08 13:04:39.771: [amf] INFO: InitialUEMessage [suci-0-999-70-0000-0-0-3968554851] Registration request (../src/amf/ngap-handler.c:401)
07/08 13:04:39.813: [amf] INFO: [imsi-999703968554851] Registration complete (../src/amf/gmm-sm.c:1050)
07/08 13:05:03.003: [amf] INFO: InitialUEMessage [suci-0-999-70-0000-0-0-0285659295] Registration request (../src/amf/ngap-handler.c:401)
07/08 13:05:03.046: [amf] INFO: [imsi-999700285659295] Registration complete (../src/amf/gmm-sm.c:1050)
07/08 13:05:09.504: [amf] INFO: InitialUEMessage [suci-0-999-70-0000-0-0-1000667389] Registration request (../src/amf/ngap-handler.c:401)
07/08 13:05:09.544: [amf] INFO: [imsi-999701000667389] Registration complete (../src/amf/gmm-sm.c:1050)
07/08 13:07:21.949: [amf] INFO: InitialUEMessage [suci-0-999-70-0000-0-0-2213332726] Registration request (../src/amf/ngap-handler.c:401)
07/08 13:07:22.005: [amf] INFO: [imsi-999702213332726] Registration complete (../src/amf/gmm-sm.c:1050)
07/08 13:08:08.949: [amf] INFO: InitialUEMessage [suci-0-999-70-0000-0-0-5678774668] Registration request (../src/amf/ngap-handler.c:401)
07/08 13:08:09.005: [amf] INFO: [imsi-999705678774668] Registration complete (../src/amf/gmm-sm.c:1050)
07/08 13:08:55.668: [amf] INFO: InitialUEMessage [suci-0-999-70-0000-0-0-3802005902] Registration request (../src/amf/ngap-handler.c:401)
07/08 13:08:55.717: [amf] INFO: [imsi-999703802005902] Registration complete (../src/amf/gmm-sm.c:1050)
07/08 13:09:05.270: [amf] INFO: InitialUEMessage [suci-0-999-70-0000-0-0-8786594382] Registration request (../src/amf/ngap-handler.c:401)
07/08 13:09:05.307: [amf] INFO: [imsi-999708786594382] Registration complete (../src/amf/gmm-sm.c:1050)
07/08 13:09:16.649: [amf] INFO: InitialUEMessage [suci-0-999-70-0000-0-0-2238120582] Registration request (../src/amf/ngap-handler.c:401)
07/08 13:09:16.669: [amf] INFO: [imsi-999702238120582] Registration complete (../src/amf/gmm-sm.c:1050)
07/08 13:09:23.403: [amf] INFO: InitialUEMessage [suci-0-999-70-0000-0-0-7118063595] Registration request (../src/amf/ngap-handler.c:401)
07/08 13:09:23.455: [amf] INFO: [imsi-999707118063595] Registration complete (../src/amf/gmm-sm.c:1050)
07/08 13:10:36.539: [amf] INFO: InitialUEMessage [suci-0-999-70-0000-0-0-6776018569] Registration request (../src/amf/ngap-handler.c:401)
07/08 13:10:36.586: [amf] INFO: [imsi-999706776018569] Registration complete (../src/amf/gmm-sm.c:1050)
07/08 13:10:55.114: [amf] INFO: InitialUEMessage [suci-0-999-70-0000-0-0-8081242656] Registration request (../src/amf/ngap-handler.c:401)
07/08 13:10:55.150: [amf] INFO: [imsi-999708081242656] Registration complete (../src/amf/gmm-sm.c:1050)
07/08 13:11:19.242: [amf] INFO: InitialUEMessage [suci-0-999-70-0000-0-0-3344607529] Registration request (../src/amf/ngap-handler.c:401)
07/08 13:11:19.279: [amf] INFO: [imsi-999703344607529] Registration complete (../src/amf/gmm-sm.c:1050)
07/08 13:13:15.068: [amf] INFO: InitialUEMessage [suci-0-999-70-0000-0-0-1367189914] Registration request (../src/amf/ngap-handler.c:401)
07/08 13:13:15.123: [amf] INFO: [imsi-999701367189914] Registration complete (../src/amf/gmm-sm.c:1050)
07/08 13:13:56.527: [amf] INFO: InitialUEMessage [suci-0-999-70-0000-0-0-8824025933] Registration request (../src/amf/ngap-handler.c:401)
07/08 13:13:56.572: [amf] INFO: [imsi-999708824025933] Registration complete (../src/amf/gmm-sm.c:1050)
07/08 13:14:14.924: [amf] INFO: InitialUEMessage [suci-0-999-70-0000-0-0-8740723619] Registration request (../src/amf/ngap-handler.c:401)
07/08 13:14:14.970: [amf] INFO: [imsi-999708740723619] Registration complete (../src/amf/gmm-sm.c:1050)
07/08 13:14:37.424: [amf] INFO: InitialUEMessage [suci-0-999-70-0000-0-0-6460087197] Registration request (../src/amf/ngap-handler.c:401)
07/08 13:14:37.478: [amf] INFO: [imsi-999706460087197] Registration complete (../src/amf/gmm-sm.c:1050)
07/08 13:15:35.604: [amf] INFO: InitialUEMessage [suci-0-999-70-0000-0-0-3215731314] Registration request (../src/amf/ngap-handler.c:401)
07/08 13:15:35.660: [amf] INFO: [imsi-999703215731314] Registration complete (../src/amf/gmm-sm.c:1050)
07/08 13:15:42.928: [amf] INFO: InitialUEMessage [suci-0-999-70-0000-0-0-0411362367] Registration request (../src/amf/ngap-handler.c:401)
07/08 13:15:42.965: [amf] INFO: [imsi-999700411362367] Registration complete (../src/amf/gmm-sm.c:1050)
07/08 13:16:07.780: [amf] INFO: InitialUEMessage [suci-0-999-70-0000-0-0-2568740685] Registration request (../src/amf/ngap-handler.c:401)
07/08 13:16:07.840: [amf] INFO: [imsi-999702568740685] Registration complete (../src/amf/gmm-sm.c:1050)
07/08 13:17:13.970: [amf] INFO: InitialUEMessage [suci-0-999-70-0000-0-0-5320535319] Registration request (../src/amf/ngap-handler.c:401)
07/08 13:17:14.024: [amf] INFO: [imsi-999705320535319] Registration complete (../src/amf/gmm-sm.c:1050)
07/08 13:17:26.001: [amf] INFO: InitialUEMessage [suci-0-999-70-0000-0-0-1544824692] Registration request (../src/amf/ngap-handler.c:401)
07/08 13:17:26.048: [amf] INFO: [imsi-999701544824692] Registration complete (../src/amf/gmm-sm.c:1050)
07/08 13:19:09.730: [amf] INFO: InitialUEMessage [suci-0-999-70-0000-0-0-7075838274] Registration request (../src/amf/ngap-handler.c:401)
07/08 13:19:09.779: [amf] INFO: [imsi-999707075838274] Registration complete (../src/amf/gmm-sm.c:1050)
07/08 13:20:02.110: [amf] INFO: InitialUEMessage [suci-0-999-70-0000-0-0-1360340689] Registration request (../src/amf/ngap-handler.c:401)
07/08 13:20:02.149: [amf] INFO: [imsi-999701360340689] Registration complete (../src/amf/gmm-sm.c:1050)
07/08 13:20:51.757: [amf] INFO: InitialUEMessage [suci-0-999-70-0000-0-0-1544077568] Registration request (../src/amf/ngap-handler.c:401)
07/08 13:20:51.803: [amf] INFO: [imsi-999701544077568] Registration complete (../src/amf/gmm-sm.c:1050)
07/08 13:21:45.591: [amf] INFO: InitialUEMessage [suci-0-999-70-0000-0-0-7051468606] Registration request (../src/amf/ngap-handler.c:401)
07/08 13:21:45.649: [amf] INFO: [imsi-999707051468606] Registration complete (../src/amf/gmm-sm.c:1050)
07/08 13:22:07.690: [amf] INFO: InitialUEMessage [suci-0-999-70-0000-0-0-4489486703] Registration request (../src/amf/ngap-handler.c:401)
07/08 13:22:07.735: [amf] INFO: [imsi-999704489486703] Registration complete (../src/amf/gmm-sm.c:1050)
07/08 13:22:53.402: [amf] INFO: InitialUEMessage [suci-0-999-70-0000-0-0-0180316279] Registration request (../src/amf/ngap-handler.c:401)
07/08 13:22:53.449: [amf] INFO: [imsi-999700180316279] Registration complete (../src/amf/gmm-sm.c:1050)
07/08 13:25:27.094: [amf] INFO: InitialUEMessage [suci-0-999-70-0000-0-0-2111050981] Registration request (../src/amf/ngap-handler.c:401)
07/08 13:25:27.144: [amf] INFO: [imsi-999702111050981] Registration complete (../src/amf/gmm-sm.c:1050)
07/08 13:26:58.446: [amf] INFO: InitialUEMessage [suci-0-999-70-0000-0-0-6520233267] Registration request (../src/amf/ngap-handler.c:401)
07/08 13:26:58.484: [amf] INFO: [imsi-999706520233267] Registration complete (../src/amf/gmm-sm.c:1050)
07/08 13:27:19.740: [amf] INFO: InitialUEMessage [suci-0-999-70-0000-0-0-6447805481] Registration request (../src/amf/ngap-handler.c:401)
07/08 13:27:19.795: [amf] INFO: [imsi-999706447805481] Registration complete (../src/amf/gmm-sm.c:1050)
07/08 13:27:20.697: [amf] INFO: InitialUEMessage [suci-0-999-70-0000-0-0-1899011928] Registration request (../src/amf/ngap-handler.c:401)
07/08 13:27:20.735: [amf] INFO: [imsi-999701899011928] Registration complete (../src/amf/gmm-sm.c:1050)
07/08 13:27:42.249: [amf] INFO: InitialUEMessage [suci-0-999-70-0000-0-0-7909068188] Registration request (../src/amf/ngap-handler.c:401)
07/08 13:27:42.300: [amf] INFO: [imsi-999707909068188] Registration complete (../src/amf/gmm-sm.c:1050)
07/08 13:27:47.935: [amf] INFO: InitialUEMessage [suci-0-999-70-0000-0-0-3255723144] Registration request (../src/amf/ngap-handler.c:401)
07/08 13:27:47.994: [amf] INFO: [imsi-999703255723144] Registration complete (../src/amf/gmm-sm.c:1050)
07/08 13:28:56.417: [amf] INFO: InitialUEMessage [suci-0-999-70-0000-0-0-3153453641] Registration request (../src/amf/ngap-handler.c:401)
07/08 13:28:56.463: [amf] INFO: [imsi-999703153453641] Registration complete (../src/amf/gmm-sm.c:1050)
07/08 13:29:02.620: [amf] INFO: InitialUEMessage [suci-0-999-70-0000-0-0-4672236625] Registration request (../src/amf/ngap-handler.c:401)
07/08 13:29:02.679: [amf] INFO: [imsi-999704672236625] Registration complete (../src/amf/gmm-sm.c:1050)
07/08 13:29:15.800: [amf] INFO: InitialUEMessage [suci-0-999-70-0000-0-0-0573833576] Registration request (../src/amf/ngap-handler.c:401)
07/08 13:29:15.835: [amf] INFO: [imsi-999700573833576] Registration complete (../src/amf/gmm-sm.c:1050)
07/08 13:29:45.923: [amf] INFO: InitialUEMessage [suci-0-999-70-0000-0-0-6982355216] Registration request (../src/amf/ngap-handler.c:401)
07/08 13:29:45.986: [amf] INFO: [imsi-999706982355216] Registration complete (../src/amf/gmm-sm.c:1050)
07/08 13:30:08.492: [amf] INFO: InitialUEMessage [suci-0-999-70-0000-0-0-7016290207] Registration request (../src/amf/ngap-handler.c:401)
07/08 13:30:08.555: [amf] INFO: [imsi-999707016290207] Registration complete (../src/amf/gmm-sm.c:1050)
07/08 13:31:14.607: [amf] INFO: InitialUEMessage [suci-0-999-70-0000-0-0-9035889873] Registration request (../src/amf/ngap-handler.c:401)
07/08 13:31:14.656: [amf] INFO: [imsi-999709035889873] Registration complete (../src/amf/gmm-sm.c:1050)
07/08 13:32:13.851: [amf] INFO: InitialUEMessage [suci-0-999-70-0000-0-0-3067262291] Registration request (../src/amf/ngap-handler.c:401)
07/08 13:32:13.886: [amf] INFO: [imsi-999703067262291] Registration complete (../src/amf/gmm-sm.c:1050)
07/08 13:32:22.866: [amf] INFO: InitialUEMessage [suci-0-999-70-0000-0-0-4137566294] Registration request (../src/amf/ngap-handler.c:401)
07/08 13:32:22.913: [amf] INFO: [imsi-999704137566294] Registration complete (../src/amf/gmm-sm.c:1050)
07/08 13:34:00.346: [amf] INFO: InitialUEMessage [suci-0-999-70-0000-0-0-2655526752] Registration request (../src/amf/ngap-handler.c:401)
07/08 13:34:00.397: [amf] INFO: [imsi-999702655526752] Registration complete (../src/amf/gmm-sm.c:1050)
07/08 13:34:12.714: [amf] INFO: InitialUEMessage [suci-0-999-70-0000-0-0-6199624746] Registration request (../src/amf/ngap-handler.c:401)
07/08 13:34:12.761: [amf] INFO: [imsi-999706199624746] Registration complete (../src/amf/gmm-sm.c:1050)
07/08 13:34:15.675: [amf] INFO: InitialUEMessage [suci-0-999-70-0000-0-0-6814583699] Registration request (../src/amf/ngap-handler.c:401)
07/08 13:34:15.724: [amf] INFO: [imsi-999706814583699] Registration complete (../src/amf/gmm-sm.c:1050)
07/08 13:35:17.425: [amf] INFO: InitialUEMessage [suci-0-999-70-0000-0-0-9082224966] Registration request (../src/amf/ngap-handler.c:401)
07/08 13:35:17.461: [amf] INFO: [imsi-999709082224966] Registration complete (../src/amf/gmm-sm.c:1050)
07/08 13:35:51.242: [amf] INFO: InitialUEMessage [suci-0-999-70-0000-0-0-3634071529] Registration request (../src/amf/ngap-handler.c:401)
07/08 13:35:51.282: [amf] INFO: [imsi-999703634071529] Registration complete (../src/amf/gmm-sm.c:1050)
07/08 13:36:06.770: [amf] INFO: InitialUEMessage [suci-0-999-70-0000-0-0-8883654543] Registration request (../src/amf/ngap-handler.c:401)
07/08 13:36:06.816: [amf] INFO: [imsi-999708883654543] Registration complete (../src/amf/gmm-sm.c:1050)
07/08 13:36:59.229: [amf] INFO: InitialUEMessage [suci-0-999-70-0000-0-0-7504367690] Registration request (../src/amf/ngap-handler.c:401)
07/08 13:36:59.282: [amf] INFO: [imsi-999707504367690] Registration complete (../src/amf/gmm-sm.c:1050)
07/08 13:37:14.034: [amf] INFO: InitialUEMessage [suci-0-999-70-0000-0-0-9526271226] Registration request (../src/amf/ngap-handler.c:401)
07/08 13:37:14.058: [amf] INFO: [imsi-999709526271226] Registration complete (../src/amf/gmm-sm.c:1050)
07/08 13:39:28.621: [amf] INFO: InitialUEMessage [suci-0-999-70-0000-0-0-7987242401] Registration request (../src/amf/ngap-handler.c:401)
07/08 13:39:28.668: [amf] INFO: [imsi-999707987242401] Registration complete (../src/amf/gmm-sm.c:1050)
07/08 13:39:31.647: [amf] INFO: InitialUEMessage [suci-0-999-70-0000-0-0-0491438618] Registration request (../src/amf/ngap-handler.c:401)
07/08 13:39:31.698: [amf] INFO: [imsi-999700491438618] Registration complete (../src/amf/gmm-sm.c:1050)
07/08 13:40:02.216: [amf] INFO: InitialUEMessage [suci-0-999-70-0000-0-0-5819858995] Registration request (../src/amf/ngap-handler.c:401)
07/08 13:40:02.265: [amf] INFO: [imsi-999705819858995] Registration complete (../src/amf/gmm-sm.c:1050)
07/08 13:41:09.932: [amf] INFO: InitialUEMessage [suci-0-999-70-0000-0-0-1273474997] Registration request (../src/amf/ngap-handler.c:401)
07/08 13:41:09.972: [amf] INFO: [imsi-999701273474997] Registration complete (../src/amf/gmm-sm.c:1050)
07/08 13:41:21.778: [amf] INFO: InitialUEMessage [suci-0-999-70-0000-0-0-3140061469] Registration request (../src/amf/ngap-handler.c:401)
07/08 13:41:21.818: [amf] INFO: [imsi-999703140061469] Registration complete (../src/amf/gmm-sm.c:1050)
07/08 13:41:46.185: [amf] INFO: InitialUEMessage [suci-0-999-70-0000-0-0-0724576549] Registration request (../src/amf/ngap-handler.c:401)
07/08 13:41:46.233: [amf] INFO: [imsi-999700724576549] Registration complete (../src/amf/gmm-sm.c:1050)
07/08 13:42:20.196: [amf] INFO: InitialUEMessage [suci-0-999-70-0000-0-0-8524129714] Registration request (../src/amf/ngap-handler.c:401)
07/08 13:42:20.244: [amf] INFO: [imsi-999708524129714] Registration complete (../src/amf/gmm-sm.c:1050)
07/08 13:42:38.650: [amf] INFO: InitialUEMessage [suci-0-999-70-0000-0-0-8414996349] Registration request (../src/amf/ngap-handler.c:401)
07/08 13:42:38.700: [amf] INFO: [imsi-999708414996349] Registration complete (../src/amf/gmm-sm.c:1050)
07/08 13:43:25.739: [amf] INFO: InitialUEMessage [suci-0-999-70-0000-0-0-5872469297] Registration request (../src/amf/ngap-handler.c:401)
07/08 13:43:25.794: [amf] INFO: [imsi-999705872469297] Registration complete (../src/amf/gmm-sm.c:1050)
07/08 13:43:38.152: [amf] INFO: InitialUEMessage [suci-0-999-70-0000-0-0-5594822889] Registration request (../src/amf/ngap-handler.c:401)
07/08 13:43:38.175: [amf] INFO: [imsi-999705594822889] Registration complete (../src/amf/gmm-sm.c:1050)
07/08 13:46:17.204: [amf] INFO: InitialUEMessage [suci-0-999-70-0000-0-0-1630613724] Registration request (../src/amf/ngap-handler.c:401)
07/08 13:46:17.250: [amf] INFO: [imsi-999701630613724] Registration complete (../src/amf/gmm-sm.c:1050)
07/08 13:46:25.872: [amf] INFO: InitialUEMessage [suci-0-999-70-0000-0-0-2270486315] Registration request (../src/amf/ngap-handler.c:401)
07/08 13:46:25.930: [amf] INFO: [imsi-999702270486315] Registration complete (../src/amf/gmm-sm.c:1050)
07/08 13:46:52.126: [amf] INFO: InitialUEMessage [suci-0-999-70-0000-0-0-9678474330] Registration request (../src/amf/ngap-handler.c:401)
07/08 13:46:52.178: [amf] INFO: [imsi-999709678474330] Registration complete (../src/amf/gmm-sm.c:1050)
07/08 13:47:26.197: [amf] INFO: InitialUEMessage [suci-0-999-70-0000-0-0-2575656916] Registration request (../src/amf/ngap-handler.c:401)
07/08 13:47:26.238: [amf] INFO: [imsi-999702575656916] Registration complete (../src/amf/gmm-sm.c:1050)
07/08 13:47:46.610: [amf] INFO: InitialUEMessage [suci-0-999-70-0000-0-0-1828861594] Registration request (../src/amf/ngap-handler.c:401)
07/08 13:47:46.666: [amf] INFO: [imsi-999701828861594] Registration complete (../src/amf/gmm-sm.c:1050)
07/08 13:47:53.944: [amf] INFO: InitialUEMessage [suci-0-999-70-0000-0-0-1253204991] Registration request (../src/amf/ngap-handler.c:401)
07/08 13:47:54.011: [amf] INFO: [imsi-999701253204991] Registration complete (../src/amf/gmm-sm.c:1050)
07/08 13:48:05.529: [amf] INFO: InitialUEMessage [suci-0-999-70-0000-0-0-2347986246] Registration request (../src/amf/ngap-handler.c:401)
07/08 13:48:05.566: [amf] INFO: [imsi-999702347986246] Registration complete (../src/amf/gmm-sm.c:1050)
07/08 13:49:19.808: [amf] INFO: InitialUEMessage [suci-0-999-70-0000-0-0-2404088789] Registration request (../src/amf/ngap-handler.c:401)
07/08 13:49:19.841: [amf] INFO: [imsi-999702404088789] Registration complete (../src/amf/gmm-sm.c:1050)
07/08 13:50:02.056: [amf] INFO: InitialUEMessage [suci-0-999-70-0000-0-0-9103453041] Registration request (../src/amf/ngap-handler.c:401)
07/08 13:50:02.085: [amf] INFO: [imsi-999709103453041] Registration complete (../src/amf/gmm-sm.c:1050)
07/08 13:50:43.171: [amf] INFO: InitialUEMessage [suci-0-999-70-0000-0-0-4528309304] Registration request (../src/amf/ngap-handler.c:401)
07/08 13:50:43.214: [amf] INFO: [imsi-999704528309304] Registration complete (../src/amf/gmm-sm.c:1050)
07/08 13:51:01.456: [amf] INFO: InitialUEMessage [suci-0-999-70-0000-0-0-0977286774] Registration request (../src/amf/ngap-handler.c:401)
07/08 13:51:01.493: [amf] INFO: [imsi-999700977286774] Registration complete (../src/amf/gmm-sm.c:1050)
07/08 13:51:36.541: [amf] INFO: InitialUEMessage [suci-0-999-70-0000-0-0-0584965879] Registration request (../src/amf/ngap-handler.c:401)
07/08 13:51:36.592: [amf] INFO: [imsi-999700584965879] Registration complete (../src/amf/gmm-sm.c:1050)
07/08 13:52:03.296: [amf] INFO: InitialUEMessage [suci-0-999-70-0000-0-0-3065325301] Registration request (../src/amf/ngap-handler.c:401)
07/08 13:52:03.347: [amf] INFO: [imsi-999703065325301] Registration complete (../src/amf/gmm-sm.c:1050)
07/08 13:54:03.605: [amf] INFO: InitialUEMessage [suci-0-999-70-0000-0-0-9965686190] Registration request (../src/amf/ngap-handler.c:401)
07/08 13:54:03.659: [amf] INFO: [imsi-999709965686190] Registration complete (../src/amf/gmm-sm.c:1050)
07/08 13:54:11.151: [amf] INFO: InitialUEMessage [suci-0-999-70-0000-0-0-0912377699] Registration request (../src/amf/ngap-handler.c:401)
07/08 13:54:11.215: [amf] INFO: [imsi-999700912377699] Registration complete (../src/amf/gmm-sm.c:1050)
07/08 13:54:21.240: [amf] INFO: InitialUEMessage [suci-0-999-70-0000-0-0-6917155102] Registration request (../src/amf/ngap-handler.c:401)
07/08 13:54:21.295: [amf] INFO: [imsi-999706917155102] Registration complete (../src/amf/gmm-sm.c:1050)
07/08 13:55:09.630: [amf] INFO: InitialUEMessage [suci-0-999-70-0000-0-0-3251570691] Registration request (../src/amf/ngap-handler.c:401)
07/08 13:55:09.675: [amf] INFO: [imsi-999703251570691] Registration complete (../src/amf/gmm-sm.c:1050)
07/08 13:56:35.329: [amf] INFO: InitialUEMessage [suci-0-999-70-0000-0-0-3342647383] Registration request (../src/amf/ngap-handler.c:401)
07/08 13:56:35.388: [amf] INFO: [imsi-999703342647383] Registration complete (../src/amf/gmm-sm.c:1050)
07/08 13:58:03.469: [amf] INFO: InitialUEMessage [suci-0-999-70-0000-0-0-4426842579] Registration request (../src/amf/ngap-handler.c:401)
07/08 13:58:03.514: [amf] INFO: [imsi-999704426842579] Registration complete (../src/amf/gmm-sm.c:1050)
07/08 13:58:07.569: [amf] INFO: InitialUEMessage [suci-0-999-70-0000-0-0-8332996224] Registration request (../src/amf/ngap-handler.c:401)
07/08 13:58:07.611: [amf] INFO: [imsi-999708332996224] Registration complete (../src/amf/gmm-sm.c:1050)
07/08 13:58:20.623: [amf] INFO: InitialUEMessage [suci-0-999-70-0000-0-0-4090980311] Registration request (../src/amf/ngap-handler.c:401)
07/08 13:58:20.675: [amf] INFO: [imsi-999704090980311] Registration complete (../src/amf/gmm-sm.c:1050)
07/08 13:58:24.369: [amf] INFO: InitialUEMessage [suci-0-999-70-0000-0-0-4561364130] Registration request (../src/amf/ngap-handler.c:401)
07/08 13:58:24.424: [amf] INFO: [imsi-999704561364130] Registration complete (../src/amf/gmm-sm.c:1050)
07/08 13:58:31.518: [amf] INFO: InitialUEMessage [suci-0-999-70-0000-0-0-0840533972] Registration request (../src/amf/ngap-handler.c:401)
07/08 13:58:31.567: [amf] INFO: [imsi-999700840533972] Registration complete (../src/amf/gmm-sm.c:1050)
07/08 13:58:45.225: [amf] INFO: InitialUEMessage [suci-0-999-70-0000-0-0-1229579573] Registration request (../src/amf/ngap-handler.c:401)
07/08 13:58:45.292: [amf] INFO: [imsi-999701229579573] Registration complete (../src/amf/gmm-sm.c:1050)
07/08 13:59:05.998: [amf] INFO: InitialUEMessage [suci-0-999-70-0000-0-0-5116205807] Registration request (../src/amf/ngap-handler.c:401)
07/08 13:59:06.052: [amf] INFO: [imsi-999705116205807] Registration complete (../src/amf/gmm-sm.c:1050)
07/08 13:59:48.239: [amf] INFO: InitialUEMessage [suci-0-999-70-0000-0-0-5506920560] Registration request (../src/amf/ngap-handler.c:401)
07/08 13:59:48.301: [amf] INFO: [imsi-999705506920560] Registration complete (../src/amf/gmm-sm.c:1050)
07/08 14:00:01.522: [amf] INFO: InitialUEMessage [suci-0-999-70-0000-0-0-7501437858] Registration request (../src/amf/ngap-handler.c:401)
07/08 14:00:01.553: [amf] INFO: [imsi-999707501437858] Registration complete (../src/amf/gmm-sm.c:1050)
07/08 14:00:06.393: [amf] INFO: InitialUEMessage [suci-0-999-70-0000-0-0-3942662458] Registration request (../src/amf/ngap-handler.c:401)
07/08 14:00:06.429: [amf] INFO: [imsi-999703942662458] Registration complete (../src/amf/gmm-sm.c:1050)
07/08 14:00:19.824: [amf] INFO: InitialUEMessage [suci-0-999-70-0000-0-0-8150697158] Registration request (../src/amf/ngap-handler.c:401)
07/08 14:00:19.843: [amf] INFO: [imsi-999708150697158] Registration complete (../src/amf/gmm-sm.c:1050)
07/08 14:00:41.095: [amf] INFO: InitialUEMessage [suci-0-999-70-0000-0-0-5785519089] Registration request (../src/amf/ngap-handler.c:401)
07/08 14:00:41.139: [amf] INFO: [imsi-999705785519089] Registration complete (../src/amf/gmm-sm.c:1050)
07/08 14:03:18.311: [amf] INFO: InitialUEMessage [suci-0-999-70-0000-0-0-0329942079] Registration request (../src/amf/ngap-handler.c:401)
07/08 14:03:18.357: [amf] INFO: [imsi-999700329942079] Registration complete (../src/amf/gmm-sm.c:1050)
07/08 14:03:22.432: [amf] INFO: InitialUEMessage [suci-0-999-70-0000-0-0-9485882903] Registration request (../src/amf/ngap-handler.c:401)
07/08 14:03:22.480: [amf] INFO: [imsi-999709485882903] Registration complete (../src/amf/gmm-sm.c:1050)
07/08 14:04:39.293: [amf] INFO: InitialUEMessage [suci-0-999-70-0000-0-0-2261550202] Registration request (../src/amf/ngap-handler.c:401)
07/08 14:04:39.344: [amf] INFO: [imsi-999702261550202] Registration complete (../src/amf/gmm-sm.c:1050)
07/08 14:05:55.688: [amf] INFO: InitialUEMessage [suci-0-999-70-0000-0-0-6677691209] Registration request (../src/amf/ngap-handler.c:401)
07/08 14:05:55.742: [amf] INFO: [imsi-999706677691209] Registration complete (../src/amf/gmm-sm.c:1050)
07/08 14:06:41.935: [amf] INFO: InitialUEMessage [suci-0-999-70-0000-0-0-9329729855] Registration request (../src/amf/ngap-handler.c:401)
07/08 14:06:41.969: [amf] INFO: [imsi-999709329729855] Registration complete (../src/amf/gmm-sm.c:1050)
07/08 14:07:35.923: [amf] INFO: InitialUEMessage [suci-0-999-70-0000-0-0-4171135767] Registration request (../src/amf/ngap-handler.c:401)
07/08 14:07:35.982: [amf] INFO: [imsi-999704171135767] Registration complete (../src/amf/gmm-sm.c:1050)
07/08 14:07:36.067: [amf] INFO: InitialUEMessage [suci-0-999-70-0000-0-0-0967369269] Registration request (../src/amf/ngap-handler.c:401)
07/08 14:07:36.133: [amf] INFO: [imsi-999700967369269] Registration complete (../src/amf/gmm-sm.c:1050)
07/08 14:07:40.002: [amf] INFO: InitialUEMessage [suci-0-999-70-0000-0-0-9462797063] Registration request (../src/amf/ngap-handler.c:401)
07/08 14:07:40.067: [amf] INFO: [imsi-999709462797063] Registration complete (../src/amf/gmm-sm.c:1050)
07/08 14:07:43.238: [amf] INFO: InitialUEMessage [suci-0-999-70-0000-0-0-9335464521] Registration request (../src/amf/ngap-handler.c:401)
07/08 14:07:43.268: [amf] INFO: [imsi-999709335464521] Registration complete (../src/amf/gmm-sm.c:1050)
07/08 14:08:42.215: [amf] INFO: InitialUEMessage [suci-0-999-70-0000-0-0-9435529809] Registration request (../src/amf/ngap-handler.c:401)
07/08 14:08:42.279: [amf] INFO: [imsi-999709435529809] Registration complete (../src/amf/gmm-sm.c:1050)
07/08 14:09:36.534: [amf] INFO: InitialUEMessage [suci-0-999-70-0000-0-0-5550124738] Registration request (../src/amf/ngap-handler.c:401)
07/08 14:09:36.604: [amf] INFO: [imsi-999705550124738] Registration complete (../src/amf/gmm-sm.c:1050)
07/08 14:09:46.348: [amf] INFO: InitialUEMessage [suci-0-999-70-0000-0-0-0809211020] Registration request (../src/amf/ngap-handler.c:401)
07/08 14:09:46.394: [amf] INFO: [imsi-999700809211020] Registration complete (../src/amf/gmm-sm.c:1050)
07/08 14:09:51.439: [amf] INFO: InitialUEMessage [suci-0-999-70-0000-0-0-8019980207] Registration request (../src/amf/ngap-handler.c:401)
07/08 14:09:51.495: [amf] INFO: [imsi-999708019980207] Registration complete (../src/amf/gmm-sm.c:1050)
07/08 14:09:53.521: [amf] INFO: InitialUEMessage [suci-0-999-70-0000-0-0-7143266632] Registration request (../src/amf/ngap-handler.c:401)
07/08 14:09:53.584: [amf] WARNING: [imsi-999707143266632] Registration reject (../src/amf/gmm-handler.c:230)
07/08 14:10:17.288: [amf] INFO: InitialUEMessage [suci-0-999-70-0000-0-0-6942134478] Registration request (../src/amf/ngap-handler.c:401)
07/08 14:10:17.322: [amf] INFO: [imsi-999706942134478] Registration complete (../src/amf/gmm-sm.c:1050)
07/08 14:11:02.807: [amf] INFO: InitialUEMessage [suci-0-999-70-0000-0-0-0004293244] Registration request (../src/amf/ngap-handler.c:401)
07/08 14:11:02.862: [amf] INFO: [imsi-999700004293244] Registration complete (../src/amf/gmm-sm.c:1050)
07/08 14:11:51.577: [amf] INFO: InitialUEMessage [suci-0-999-70-0000-0-0-5300039999] Registration request (../src/amf/ngap-handler.c:401)
07/08 14:11:51.630: [amf] INFO: [imsi-999705300039999] Registration complete (../src/amf/gmm-sm.c:1050)
07/08 14:12:44.812: [amf] INFO: InitialUEMessage [suci-0-999-70-0000-0-0-3430458550] Registration request (../src/amf/ngap-handler.c:401)
07/08 14:12:44.864: [amf] INFO: [imsi-999703430458550] Registration complete (../src/amf/gmm-sm.c:1050)
07/08 14:13:37.151: [amf] INFO: InitialUEMessage [suci-0-999-70-0000-0-0-0910846013] Registration request (../src/amf/ngap-handler.c:401)
07/08 14:13:37.204: [amf] INFO: [imsi-999700910846013] Registration complete (../src/amf/gmm-sm.c:1050)
07/08 14:14:54.201: [amf] INFO: InitialUEMessage [suci-0-999-70-0000-0-0-1123081326] Registration request (../src/amf/ngap-handler.c:401)
07/08 14:14:54.238: [amf] INFO: [imsi-999701123081326] Registration complete (../src/amf/gmm-sm.c:1050)
07/08 14:15:35.826: [amf] INFO: InitialUEMessage [suci-0-999-70-0000-0-0-7084655591] Registration request (../src/amf/ngap-handler.c:401)
07/08 14:15:35.870: [amf] INFO: [imsi-999707084655591] Registration complete (../src/amf/gmm-sm.c:1050)
07/08 14:15:38.238: [amf] INFO: InitialUEMessage [suci-0-999-70-0000-0-0-8484028506] Registration request (../src/amf/ngap-handler.c:401)
07/08 14:15:38.288: [amf] INFO: [imsi-999708484028506] Registration complete (../src/amf/gmm-sm.c:1050)
07/08 14:15:45.409: [amf] INFO: InitialUEMessage [suci-0-999-70-0000-0-0-5677937878] Registration request (../src/amf/ngap-handler.c:401)
07/08 14:15:45.448: [amf] INFO: [imsi-999705677937878] Registration complete (../src/amf/gmm-sm.c:1050)
07/08 14:17:52.901: [amf] INFO: InitialUEMessage [suci-0-999-70-0000-0-0-4295186155] Registration request (../src/amf/ngap-handler.c:401)
07/08 14:17:52.939: [amf] INFO: [imsi-999704295186155] Registration complete (../src/amf/gmm-sm.c:1050)
07/08 14:18:45.911: [amf] INFO: InitialUEMessage [suci-0-999-70-0000-0-0-0684324157] Registration request (../src/amf/ngap-handler.c:401)
07/08 14:18:45.955: [amf] INFO: [imsi-999700684324157] Registration complete (../src/amf/gmm-sm.c:1050)
07/08 14:18:53.957: [amf] INFO: InitialUEMessage [suci-0-999-70-0000-0-0-1680366793] Registration request (../src/amf/ngap-handler.c:401)
07/08 14:18:54.002: [amf] INFO: [imsi-999701680366793] Registration complete (../src/amf/gmm-sm.c:1050)
07/08 14:19:17.214: [amf] INFO: InitialUEMessage [suci-0-999-70-0000-0-0-8369470247] Registration request (../src/amf/ngap-handler.c:401)
07/08 14:19:17.273: [amf] INFO: [imsi-999708369470247] Registration complete (../src/amf/gmm-sm.c:1050)
07/08 14:19:27.071: [amf] INFO: InitialUEMessage [suci-0-999-70-0000-0-0-0144056195] Registration request (../src/amf/ngap-handler.c:401)
07/08 14:19:27.090: [amf] WARNING: [suci-0-999-70-0000-0-0-0144056195] Registration reject [5GMM Cause: Illegal UE] (../src/amf/gmm-handler.c:230)
07/08 14:21:07.009: [amf] INFO: InitialUEMessage [suci-0-999-70-0000-0-0-1618764993] Registration request (../src/amf/ngap-handler.c:401)
07/08 14:21:07.077: [amf] INFO: [imsi-999701618764993] Registration complete (../src/amf/gmm-sm.c:1050)
07/08 14:21:52.525: [amf] INFO: InitialUEMessage [suci-0-999-70-0000-0-0-6544545974] Registration request (../src/amf/ngap-handler.c:401)
07/08 14:21:52.563: [amf] INFO: [imsi-999706544545974] Registration complete (../src/amf/gmm-sm.c:1050)
07/08 14:21:55.225: [amf] INFO: InitialUEMessage [suci-0-999-70-0000-0-0-8504225175] Registration request (../src/amf/ngap-handler.c:401)
07/08 14:21:55.260: [amf] INFO: [imsi-999708504225175] Registration complete (../src/amf/gmm-sm.c:1050)
07/08 14:21:58.154: [amf] INFO: InitialUEMessage [suci-0-999-70-0000-0-0-4775348117] Registration request (../src/amf/ngap-handler.c:401)
07/08 14:21:58.186: [amf] INFO: [imsi-999704775348117] Registration complete (../src/amf/gmm-sm.c:1050)
07/08 14:22:01.024: [amf] INFO: InitialUEMessage [suci-0-999-70-0000-0-0-5335947616] Registration request (../src/amf/ngap-handler.c:401)
07/08 14:22:01.071: [amf] INFO: [imsi-999705335947616] Registration complete (../src/amf/gmm-sm.c:1050)
07/08 14:24:17.234: [amf] INFO: InitialUEMessage [suci-0-999-70-0000-0-0-2528431313] Registration request (../src/amf/ngap-handler.c:401)
07/08 14:24:17.277: [amf] INFO: [imsi-999702528431313] Registration complete (../src/amf/gmm-sm.c:1050)
07/08 14:24:17.883: [amf] INFO: InitialUEMessage [suci-0-999-70-0000-0-0-5771677697] Registration request (../src/amf/ngap-handler.c:401)
07/08 14:24:17.907: [amf] INFO: [imsi-999705771677697] Registration complete (../src/amf/gmm-sm.c:1050)
07/08 14:24:49.707: [amf] INFO: InitialUEMessage [suci-0-999-70-0000-0-0-3933451669] Registration request (../src/amf/ngap-handler.c:401)
07/08 14:24:49.768: [amf] INFO: [imsi-999703933451669] Registration complete (../src/amf/gmm-sm.c:1050)
07/08 14:25:16.460: [amf] INFO: InitialUEMessage [suci-0-999-70-0000-0-0-5975132160] Registration request (../src/amf/ngap-handler.c:401)
07/08 14:25:16.481: [amf] INFO: [imsi-999705975132160] Registration complete (../src/amf/gmm-sm.c:1050)
07/08 14:25:19.889: [amf] INFO: InitialUEMessage [suci-0-999-70-0000-0-0-1551586826] Registration request (../src/amf/ngap-handler.c:401)
07/08 14:25:19.919: [amf] INFO: [imsi-999701551586826] Registration complete (../src/amf/gmm-sm.c:1050)
07/08 14:25:31.536: [amf] INFO: InitialUEMessage [suci-0-999-70-0000-0-0-7893813397] Registration request (../src/amf/ngap-handler.c:401)
07/08 14:25:31.577: [amf] INFO: [imsi-999707893813397] Registration complete (../src/amf/gmm-sm.c:1050)
07/08 14:26:55.208: [amf] INFO: InitialUEMessage [suci-0-999-70-0000-0-0-5728680147] Registration request (../src/amf/ngap-handler.c:401)
07/08 14:26:55.231: [amf] INFO: [imsi-999705728680147] Registration complete (../src/amf/gmm-sm.c:1050)
07/08 14:28:35.399: [amf] INFO: InitialUEMessage [suci-0-999-70-0000-0-0-7069295909] Registration request (../src/amf/ngap-handler.c:401)
07/08 14:28:35.420: [amf] INFO: [imsi-999707069295909] Registration complete (../src/amf/gmm-sm.c:1050)
07/08 14:28:47.907: [amf] INFO: InitialUEMessage [suci-0-999-70-0000-0-0-3330291524] Registration request (../src/amf/ngap-handler.c:401)
07/08 14:28:47.959: [amf] INFO: [imsi-999703330291524] Registration complete (../src/amf/gmm-sm.c:1050)
07/08 14:30:40.348: [amf] INFO: InitialUEMessage [suci-0-999-70-0000-0-0-9180845143] Registration request (../src/amf/ngap-handler.c:401)
07/08 14:30:40.393: [amf] INFO: [imsi-999709180845143] Registration complete (../src/amf/gmm-sm.c:1050)
07/08 14:31:37.415: [amf] INFO: InitialUEMessage [suci-0-999-70-0000-0-0-5261526157] Registration request (../src/amf/ngap-handler.c:401)
07/08 14:31:37.475: [amf] INFO: [imsi-999705261526157] Registration complete (../src/amf/gmm-sm.c:1050)
07/08 14:31:46.791: [amf] INFO: InitialUEMessage [suci-0-999-70-0000-0-0-8549081329] Registration request (../src/amf/ngap-handler.c:401)
07/08 14:31:46.850: [amf] INFO: [imsi-999708549081329] Registration complete (../src/amf/gmm-sm.c:1050)
07/08 14:31:55.005: [amf] INFO: InitialUEMessage [suci-0-999-70-0000-0-0-6607387501] Registration request (../src/amf/ngap-handler.c:401)
07/08 14:31:55.068: [amf] INFO: [imsi-999706607387501] Registration complete (../src/amf/gmm-sm.c:1050)
07/08 14:32:17.861: [amf] INFO: InitialUEMessage [suci-0-999-70-0000-0-0-9581153892] Registration request (../src/amf/ngap-handler.c:401)
07/08 14:32:17.889: [amf] INFO: [imsi-999709581153892] Registration complete (../src/amf/gmm-sm.c:1050)
07/08 14:32:25.209: [amf] INFO: InitialUEMessage [suci-0-999-70-0000-0-0-8970271753] Registration request (../src/amf/ngap-handler.c:401)
07/08 14:32:25.265: [amf] INFO: [imsi-999708970271753] Registration complete (../src/amf/gmm-sm.c:1050)
07/08 14:33:04.716: [amf] INFO: InitialUEMessage [suci-0-999-70-0000-0-0-4877970207] Registration request (../src/amf/ngap-handler.c:401)
07/08 14:33:04.768: [amf] INFO: [imsi-999704877970207] Registration complete (../src/amf/gmm-sm.c:1050)
07/08 14:33:10.912: [amf] INFO: InitialUEMessage [suci-0-999-70-0000-0-0-4551284233] Registration request (../src/amf/ngap-handler.c:401)
07/08 14:33:10.955: [amf] INFO: [imsi-999704551284233] Registration complete (../src/amf/gmm-sm.c:1050)
07/08 14:33:25.639: [amf] INFO: InitialUEMessage [suci-0-999-70-0000-0-0-2937883380] Registration request (../src/amf/ngap-handler.c:401)
07/08 14:33:25.677: [amf] INFO: [imsi-999702937883380] Registration complete (../src/amf/gmm-sm.c:1050)
07/08 14:33:27.773: [amf] INFO: InitialUEMessage [suci-0-999-70-0000-0-0-5133910951] Registration request (../src/amf/ngap-handler.c:401)
07/08 14:33:27.813: [amf] INFO: [imsi-999705133910951] Registration complete (../src/amf/gmm-sm.c:1050)
07/08 14:34:31.579: [amf] INFO: InitialUEMessage [suci-0-999-70-0000-0-0-5162232390] Registration request (../src/amf/ngap-handler.c:401)
07/08 14:34:31.631: [amf] INFO: [imsi-999705162232390] Registration complete (../src/amf/gmm-sm.c:1050)
07/08 14:37:01.944: [amf] INFO: InitialUEMessage [suci-0-999-70-0000-0-0-4748568183] Registration request (../src/amf/ngap-handler.c:401)
07/08 14:37:01.973: [amf] INFO: [imsi-999704748568183] Registration complete (../src/amf/gmm-sm.c:1050)
07/08 14:37:10.163: [amf] INFO: InitialUEMessage [suci-0-999-70-0000-0-0-2945981256] Registration request (../src/amf/ngap-handler.c:401)
07/08 14:37:10.218: [amf] INFO: [imsi-999702945981256] Registration complete (../src/amf/gmm-sm.c:1050)
07/08 14:38:23.677: [amf] INFO: InitialUEMessage [suci-0-999-70-0000-0-0-7337807582] Registration request (../src/amf/ngap-handler.c:401)
07/08 14:38:23.721: [amf] INFO: [imsi-999707337807582] Registration complete (../src/amf/gmm-sm.c:1050)
07/08 14:38:56.891: [amf] INFO: InitialUEMessage [suci-0-999-70-0000-0-0-9162813275] Registration request (../src/amf/ngap-handler.c:401)
07/08 14:38:56.939: [amf] INFO: [imsi-999709162813275] Registration complete (../src/amf/gmm-sm.c:1050)
07/08 14:39:02.830: [amf] INFO: InitialUEMessage [suci-0-999-70-0000-0-0-2860180059] Registration request (../src/amf/ngap-handler.c:401)
07/08 14:39:02.886: [amf] INFO: [imsi-999702860180059] Registration complete (../src/amf/gmm-sm.c:1050)
07/08 14:40:09.038: [amf] INFO: InitialUEMessage [suci-0-999-70-0000-0-0-7036510491] Registration request (../src/amf/ngap-handler.c:401)
07/08 14:40:09.098: [amf] INFO: [imsi-999707036510491] Registration complete (../src/amf/gmm-sm.c:1050)
07/08 14:41:41.432: [amf] INFO: InitialUEMessage [suci-0-999-70-0000-0-0-6188610939] Registration request (../src/amf/ngap-handler.c:401)
07/08 14:41:41.479: [amf] INFO: [imsi-999706188610939] Registration complete (../src/amf/gmm-sm.c:1050)
07/08 14:42:05.545: [amf] INFO: InitialUEMessage [suci-0-999-70-0000-0-0-5585039627] Registration request (../src/amf/ngap-handler.c:401)
07/08 14:42:05.579: [amf] INFO: [imsi-999705585039627] Registration complete (../src/amf/gmm-sm.c:1050)
07/08 14:43:40.494: [amf] INFO: InitialUEMessage [suci-0-999-70-0000-0-0-1670404295] Registration request (../src/amf/ngap-handler.c:401)
07/08 14:43:40.549: [amf] INFO: [imsi-999701670404295] Registration complete (../src/amf/gmm-sm.c:1050)
07/08 14:44:37.688: [amf] INFO: InitialUEMessage [suci-0-999-70-0000-0-0-1875103763] Registration request (../src/amf/ngap-handler.c:401)
07/08 14:44:37.725: [amf] INFO: [imsi-999701875103763] Registration complete (../src/amf/gmm-sm.c:1050)
07/08 14:44:44.121: [amf] INFO: InitialUEMessage [suci-0-999-70-0000-0-0-1367808001] Registration request (../src/amf/ngap-handler.c:401)
07/08 14:44:44.160: [amf] INFO: [imsi-999701367808001] Registration complete (../src/amf/gmm-sm.c:1050)
07/08 14:45:52.760: [amf] INFO: InitialUEMessage [suci-0-999-70-0000-0-0-9986610300] Registration request (../src/amf/ngap-handler.c:401)
07/08 14:45:52.806: [amf] INFO: [imsi-999709986610300] Registration complete (../src/amf/gmm-sm.c:1050)
07/08 14:45:59.357: [amf] INFO: InitialUEMessage [suci-0-999-70-0000-0-0-2030651881] Registration request (../src/amf/ngap-handler.c:401)
07/08 14:45:59.386: [amf] INFO: [imsi-999702030651881] Registration complete (../src/amf/gmm-sm.c:1050)
07/08 14:46:07.649: [amf] INFO: InitialUEMessage [suci-0-999-70-0000-0-0-6527292989] Registration request (../src/amf/ngap-handler.c:401)
07/08 14:46:07.712: [amf] INFO: [imsi-999706527292989] Registration complete (../src/amf/gmm-sm.c:1050)
07/08 14:46:13.443: [amf] INFO: InitialUEMessage [suci-0-999-70-0000-0-0-1546633235] Registration request (../src/amf/ngap-handler.c:401)
07/08 14:46:13.489: [amf] INFO: [imsi-999701546633235] Registration complete (../src/amf/gmm-sm.c:1050)
07/08 14:46:13.755: [amf] INFO: InitialUEMessage [suci-0-999-70-0000-0-0-4616861147] Registration request (../src/amf/ngap-handler.c:401)
07/08 14:46:13.790: [amf] INFO: [imsi-999704616861147] Registration complete (../src/amf/gmm-sm.c:1050)
07/08 14:46:49.712: [amf] INFO: InitialUEMessage [suci-0-999-70-0000-0-0-4498864108] Registration request (../src/amf/ngap-handler.c:401)
07/08 14:46:49.754: [amf] INFO: [imsi-999704498864108] Registration complete (../src/amf/gmm-sm.c:1050)
07/08 14:47:19.505: [amf] INFO: InitialUEMessage [suci-0-999-70-0000-0-0-0976647045] Registration request (../src/amf/ngap-handler.c:401)
07/08 14:47:19.540: [amf] INFO: [imsi-999700976647045] Registration complete (../src/amf/gmm-sm.c:1050)
07/08 14:48:44.880: [amf] INFO: InitialUEMessage [suci-0-999-70-0000-0-0-2769117947] Registration request (../src/amf/ngap-handler.c:401)
07/08 14:48:44.947: [amf] INFO: [imsi-999702769117947] Registration complete (../src/amf/gmm-sm.c:1050)
07/08 14:49:03.254: [amf] INFO: InitialUEMessage [suci-0-999-70-0000-0-0-0144388995] Registration request (../src/amf/ngap-handler.c:401)
07/08 14:49:03.278: [amf] INFO: [imsi-999700144388995] Registration complete (../src/amf/gmm-sm.c:1050)
07/08 14:49:12.211: [amf] INFO: InitialUEMessage [suci-0-999-70-0000-0-0-0185391195] Registration request (../src/amf/ngap-handler.c:401)
07/08 14:49:12.256: [amf] INFO: [imsi-999700185391195] Registration complete (../src/amf/gmm-sm.c:1050)
07/08 14:49:15.941: [amf] INFO: InitialUEMessage [suci-0-999-70-0000-0-0-0381293186] Registration request (../src/amf/ngap-handler.c:401)
07/08 14:49:15.983: [amf] INFO: [imsi-999700381293186] Registration complete (../src/amf/gmm-sm.c:1050)
07/08 14:49:19.111: [amf] INFO: InitialUEMessage [suci-0-999-70-0000-0-0-9574442585] Registration request (../src/amf/ngap-handler.c:401)
07/08 14:49:19.134: [amf] INFO: [imsi-999709574442585] Registration complete (../src/amf/gmm-sm.c:1050)
07/08 14:50:02.498: [amf] INFO: InitialUEMessage [suci-0-999-70-0000-0-0-4960019473] Registration request (../src/amf/ngap-handler.c:401)
07/08 14:50:02.563: [amf] INFO: [imsi-999704960019473] Registration complete (../src/amf/gmm-sm.c:1050)
07/08 14:50:20.877: [amf] INFO: InitialUEMessage [suci-0-999-70-0000-0-0-3559552302] Registration request (../src/amf/ngap-handler.c:401)
07/08 14:50:20.920: [amf] INFO: [imsi-999703559552302] Registration complete (../src/amf/gmm-sm.c:1050)
07/08 14:50:53.516: [amf] INFO: InitialUEMessage [suci-0-999-70-0000-0-0-2890524122] Registration request (../src/amf/ngap-handler.c:401)
07/08 14:50:53.568: [amf] INFO: [imsi-999702890524122] Registration complete (../src/amf/gmm-sm.c:1050)
07/08 14:51:26.059: [amf] INFO: InitialUEMessage [suci-0-999-70-0000-0-0-8761129355] Registration request (../src/amf/ngap-handler.c:401)
07/08 14:51:26.083: [amf] INFO: [imsi-999708761129355] Registration complete (../src/amf/gmm-sm.c:1050)
07/08 14:51:27.462: [amf] INFO: InitialUEMessage [suci-0-999-70-0000-0-0-1745939961] Registration request (../src/amf/ngap-handler.c:401)
07/08 14:51:27.502: [amf] INFO: [imsi-999701745939961] Registration complete (../src/amf/gmm-sm.c:1050)
07/08 14:51:28.183: [amf] INFO: InitialUEMessage [suci-0-999-70-0000-0-0-4231710967] Registration request (../src/amf/ngap-handler.c:401)
07/08 14:51:28.211: [amf] INFO: [imsi-999704231710967] Registration complete (../src/amf/gmm-sm.c:1050)
07/08 14:52:38.731: [amf] INFO: InitialUEMessage [suci-0-999-70-0000-0-0-8870785631] Registration request (../src/amf/ngap-handler.c:401)
07/08 14:52:38.761: [amf] INFO: [imsi-999708870785631] Registration complete (../src/amf/gmm-sm.c:1050)
07/08 14:54:34.299: [amf] INFO: InitialUEMessage [suci-0-999-70-0000-0-0-0103175872] Registration request (../src/amf/ngap-handler.c:401)
07/08 14:54:34.338: [amf] INFO: [imsi-999700103175872] Registration complete (../src/amf/gmm-sm.c:1050)
07/08 14:56:16.673: [amf] INFO: InitialUEMessage [suci-0-999-70-0000-0-0-9803793647] Registration request (../src/amf/ngap-handler.c:401)
07/08 14:56:16.722: [amf] INFO: [imsi-999709803793647] Registration complete (../src/amf/gmm-sm.c:1050)
07/08 14:56:49.713: [amf] INFO: InitialUEMessage [suci-0-999-70-0000-0-0-8444991366] Registration request (../src/amf/ngap-handler.c:401)
07/08 14:56:49.757: [amf] INFO: [imsi-999708444991366] Registration complete (../src/amf/gmm-sm.c:1050)
07/08 14:57:06.129: [amf] INFO: InitialUEMessage [suci-0-999-70-0000-0-0-5102285313] Registration request (../src/amf/ngap-handler.c:401)
07/08 14:57:06.195: [amf] INFO: [imsi-999705102285313] Registration complete (../src/amf/gmm-sm.c:1050)
07/08 14:58:04.730: [amf] INFO: InitialUEMessage [suci-0-999-70-0000-0-0-3244725360] Registration request (../src/amf/ngap-handler.c:401)
07/08 14:58:04.756: [amf] INFO: [imsi-999703244725360] Registration complete (../src/amf/gmm-sm.c:1050)
07/08 14:59:13.145: [amf] INFO: InitialUEMessage [suci-0-999-70-0000-0-0-9587299899] Registration request (../src/amf/ngap-handler.c:401)
07/08 14:59:13.184: [amf] INFO: [imsi-999709587299899] Registration complete (../src/amf/gmm-sm.c:1050)
07/08 15:00:53.765: [amf] INFO: InitialUEMessage [suci-0-999-70-0000-0-0-8207157766] Registration request (../src/amf/ngap-handler.c:401)
07/08 15:00:53.803: [amf] INFO: [imsi-999708207157766] Registration complete (../src/amf/gmm-sm.c:1050)
07/08 15:00:55.270: [amf] INFO: InitialUEMessage [suci-0-999-70-0000-0-0-5586265643] Registration request (../src/amf/ngap-handler.c:401)
07/08 15:00:55.309: [amf] INFO: [imsi-999705586265643] Registration complete (../src/amf/gmm-sm.c:1050)
07/08 15:01:03.931: [amf] INFO: InitialUEMessage [suci-0-999-70-0000-0-0-3190794626] Registration request (../src/amf/ngap-handler.c:401)
07/08 15:01:03.995: [amf] INFO: [imsi-999703190794626] Registration complete (../src/amf/gmm-sm.c:1050)
07/08 15:01:21.944: [amf] INFO: InitialUEMessage [suci-0-999-70-0000-0-0-1637749591] Registration request (../src/amf/ngap-handler.c:401)
07/08 15:01:21.984: [amf] INFO: [imsi-999701637749591] Registration complete (../src/amf/gmm-sm.c:1050)
07/08 15:03:42.748: [amf] INFO: InitialUEMessage [suci-0-999-70-0000-0-0-2846035843] Registration request (../src/amf/ngap-handler.c:401)
07/08 15:03:42.800: [amf] INFO: [imsi-999702846035843] Registration complete (../src/amf/gmm-sm.c:1050)
07/08 15:03:50.932: [amf] INFO: InitialUEMessage [suci-0-999-70-0000-0-0-0209149172] Registration request (../src/amf/ngap-handler.c:401)
07/08 15:03:50.965: [amf] INFO: [imsi-999700209149172] Registration complete (../src/amf/gmm-sm.c:1050)
07/08 15:03:58.020: [amf] INFO: InitialUEMessage [suci-0-999-70-0000-0-0-5093338563] Registration request (../src/amf/ngap-handler.c:401)
07/08 15:03:58.058: [amf] INFO: [imsi-999705093338563] Registration complete (../src/amf/gmm-sm.c:1050)
07/08 15:04:26.907: [amf] INFO: InitialUEMessage [suci-0-999-70-0000-0-0-0786257138] Registration request (../src/amf/ngap-handler.c:401)
07/08 15:04:26.964: [amf] INFO: [imsi-999700786257138] Registration complete (../src/amf/gmm-sm.c:1050)
07/08 15:04:35.544: [amf] INFO: InitialUEMessage [suci-0-999-70-0000-0-0-1808422866] Registration request (../src/amf/ngap-handler.c:401)
07/08 15:04:35.581: [amf] INFO: [imsi-999701808422866] Registration complete (../src/amf/gmm-sm.c:1050)
07/08 15:05:10.473: [amf] INFO: InitialUEMessage [suci-0-999-70-0000-0-0-4145996196] Registration request (../src/amf/ngap-handler.c:401)
07/08 15:05:10.529: [amf] INFO: [imsi-999704145996196] Registration complete (../src/amf/gmm-sm.c:1050)
07/08 15:07:05.422: [amf] INFO: InitialUEMessage [suci-0-999-70-0000-0-0-9372898676] Registration request (../src/amf/ngap-handler.c:401)
07/08 15:07:05.486: [amf] INFO: [imsi-999709372898676] Registration complete (../src/amf/gmm-sm.c:1050)
07/08 15:07:27.252: [amf] INFO: InitialUEMessage [suci-0-999-70-0000-0-0-4672150790] Registration request (../src/amf/ngap-handler.c:401)
07/08 15:07:27.311: [amf] INFO: [imsi-999704672150790] Registration complete (../src/amf/gmm-sm.c:1050)
07/08 15:07:49.676: [amf] INFO: InitialUEMessage [suci-0-999-70-0000-0-0-6530618590] Registration request (../src/amf/ngap-handler.c:401)
07/08 15:07:49.727: [amf] INFO: [imsi-999706530618590] Registration complete (../src/amf/gmm-sm.c:1050)
07/08 15:08:29.662: [amf] INFO: InitialUEMessage [suci-0-999-70-0000-0-0-7615523632] Registration request (../src/amf/ngap-handler.c:401)
07/08 15:08:29.713: [amf] INFO: [imsi-999707615523632] Registration complete (../src/amf/gmm-sm.c:1050)
07/08 15:08:43.815: [amf] INFO: InitialUEMessage [suci-0-999-70-0000-0-0-9991719850] Registration request (../src/amf/ngap-handler.c:401)
07/08 15:08:43.874: [amf] INFO: [imsi-999709991719850] Registration complete (../src/amf/gmm-sm.c:1050)
07/08 15:10:02.691: [amf] INFO: InitialUEMessage [suci-0-999-70-0000-0-0-9932503254] Registration request (../src/amf/ngap-handler.c:401)
07/08 15:10:02.715: [amf] INFO: [imsi-999709932503254] Registration complete (../src/amf/gmm-sm.c:1050)
07/08 15:10:03.802: [amf] INFO: InitialUEMessage [suci-0-999-70-0000-0-0-2937726206] Registration request (../src/amf/ngap-handler.c:401)
07/08 15:10:03.845: [amf] INFO: [imsi-999702937726206] Registration complete (../src/amf/gmm-sm.c:1050)
07/08 15:10:08.844: [amf] INFO: InitialUEMessage [suci-0-999-70-0000-0-0-6888246497] Registration request (../src/amf/ngap-handler.c:401)
07/08 15:10:08.895: [amf] INFO: [imsi-999706888246497] Registration complete (../src/amf/gmm-sm.c:1050)
07/08 15:11:03.826: [amf] INFO: InitialUEMessage [suci-0-999-70-0000-0-0-7136593472] Registration request (../src/amf/ngap-handler.c:401)
07/08 15:11:03.884: [amf] INFO: [imsi-999707136593472] Registration complete (../src/amf/gmm-sm.c:1050)
07/08 15:12:15.001: [amf] INFO: InitialUEMessage [suci-0-999-70-0000-0-0-1272877944] Registration request (../src/amf/ngap-handler.c:401)
07/08 15:12:15.040: [amf] INFO: [imsi-999701272877944] Registration complete (../src/amf/gmm-sm.c:1050)
07/08 15:12:30.262: [amf] INFO: InitialUEMessage [suci-0-999-70-0000-0-0-6753712805] Registration request (../src/amf/ngap-handler.c:401)
07/08 15:12:30.301: [amf] INFO: [imsi-999706753712805] Registration complete (../src/amf/gmm-sm.c:1050)
07/08 15:12:58.884: [amf] INFO: InitialUEMessage [suci-0-999-70-0000-0-0-6766407571] Registration request (../src/amf/ngap-handler.c:401)
07/08 15:12:58.920: [amf] INFO: [imsi-999706766407571] Registration complete (../src/amf/gmm-sm.c:1050)
07/08 15:13:11.619: [amf] INFO: InitialUEMessage [suci-0-999-70-0000-0-0-2596365157] Registration request (../src/amf/ngap-handler.c:401)
07/08 15:13:11.677: [amf] INFO: [imsi-999702596365157] Registration complete (../src/amf/gmm-sm.c:1050)
07/08 15:13:26.033: [amf] INFO: InitialUEMessage [suci-0-999-70-0000-0-0-7759088871] Registration request (../src/amf/ngap-handler.c:401)
07/08 15:13:26.085: [amf] INFO: [imsi-999707759088871] Registration complete (../src/amf/gmm-sm.c:1050)
07/08 15:14:59.810: [amf] INFO: InitialUEMessage [suci-0-999-70-0000-0-0-0039409304] Registration request (../src/amf/ngap-handler.c:401)
07/08 15:14:59.838: [amf] INFO: [imsi-999700039409304] Registration complete (../src/amf/gmm-sm.c:1050)
07/08 15:15:13.291: [amf] INFO: InitialUEMessage [suci-0-999-70-0000-0-0-7594877766] Registration request (../src/amf/ngap-handler.c:401)
07/08 15:15:13.338: [amf] INFO: [imsi-999707594877766] Registration complete (../src/amf/gmm-sm.c:1050)
07/08 15:15:14.211: [amf] INFO: InitialUEMessage [suci-0-999-70-0000-0-0-7135596441] Registration request (../src/amf/ngap-handler.c:401)
07/08 15:15:14.266: [amf] INFO: [imsi-999707135596441] Registration complete (../src/amf/gmm-sm.c:1050)
07/08 15:15:19.339: [amf] INFO: InitialUEMessage [suci-0-999-70-0000-0-0-5279925431] Registration request (../src/amf/ngap-handler.c:401)
07/08 15:15:19.386: [amf] INFO: [imsi-999705279925431] Registration complete (../src/amf/gmm-sm.c:1050)
07/08 15:15:33.020: [amf] INFO: InitialUEMessage [suci-0-999-70-0000-0-0-9243682834] Registration request (../src/amf/ngap-handler.c:401)
07/08 15:15:33.077: [amf] INFO: [imsi-999709243682834] Registration complete (../src/amf/gmm-sm.c:1050)
07/08 15:15:48.763: [amf] INFO: InitialUEMessage [suci-0-999-70-0000-0-0-6359985216] Registration request (../src/amf/ngap-handler.c:401)
07/08 15:15:48.785: [amf] INFO: [imsi-999706359985216] Registration complete (../src/amf/gmm-sm.c:1050)
07/08 15:15:53.568: [amf] INFO: InitialUEMessage [suci-0-999-70-0000-0-0-7142831527] Registration request (../src/amf/ngap-handler.c:401)
07/08 15:15:53.611: [amf] INFO: [imsi-999707142831527] Registration complete (../src/amf/gmm-sm.c:1050)
07/08 15:16:12.944: [amf] INFO: InitialUEMessage [suci-0-999-70-0000-0-0-5389062556] Registration request (../src/amf/ngap-handler.c:401)
07/08 15:16:12.989: [amf] INFO: [imsi-999705389062556] Registration complete (../src/amf/gmm-sm.c:1050)
07/08 15:17:14.790: [amf] INFO: InitialUEMessage [suci-0-999-70-0000-0-0-4472134639] Registration request (../src/amf/ngap-handler.c:401)
07/08 15:17:14.839: [amf] INFO: [imsi-999704472134639] Registration complete (../src/amf/gmm-sm.c:1050)
07/08 15:17:33.879: [amf] INFO: InitialUEMessage [suci-0-999-70-0000-0-0-5134989995] Registration request (../src/amf/ngap-handler.c:401)
07/08 15:17:33.909: [amf] INFO: [imsi-999705134989995] Registration complete (../src/amf/gmm-sm.c:1050)
07/08 15:18:26.733: [amf] INFO: InitialUEMessage [suci-0-999-70-0000-0-0-3722827561] Registration request (../src/amf/ngap-handler.c:401)
07/08 15:18:26.787: [amf] INFO: [imsi-999703722827561] Registration complete (../src/amf/gmm-sm.c:1050)
07/08 15:19:17.390: [amf] INFO: InitialUEMessage [suci-0-999-70-0000-0-0-4580828607] Registration request (../src/amf/ngap-handler.c:401)
07/08 15:19:17.444: [amf] INFO: [imsi-999704580828607] Registration complete (../src/amf/gmm-sm.c:1050)
07/08 15:19:37.592: [amf] INFO: InitialUEMessage [suci-0-999-70-0000-0-0-8857073100] Registration request (../src/amf/ngap-handler.c:401)
07/08 15:19:37.651: [amf] INFO: [imsi-999708857073100] Registration complete (../src/amf/gmm-sm.c:1050)
07/08 15:21:27.390: [amf] INFO: InitialUEMessage [suci-0-999-70-0000-0-0-9392673523] Registration request (../src/amf/ngap-handler.c:401)
07/08 15:21:27.428: [amf] INFO: [imsi-999709392673523] Registration complete (../src/amf/gmm-sm.c:1050)
07/08 15:21:34.869: [amf] INFO: InitialUEMessage [suci-0-999-70-0000-0-0-6395315832] Registration request (../src/amf/ngap-handler.c:401)
07/08 15:21:34.915: [amf] INFO: [imsi-999706395315832] Registration complete (../src/amf/gmm-sm.c:1050)
07/08 15:21:53.713: [amf] INFO: InitialUEMessage [suci-0-999-70-0000-0-0-5859120521] Registration request (../src/amf/ngap-handler.c:401)
07/08 15:21:53.770: [amf] INFO: [imsi-999705859120521] Registration complete (../src/amf/gmm-sm.c:1050)
07/08 15:23:31.880: [amf] INFO: InitialUEMessage [suci-0-999-70-0000-0-0-5579161655] Registration request (../src/amf/ngap-handler.c:401)
07/08 15:23:31.912: [amf] INFO: [imsi-999705579161655] Registration complete (../src/amf/gmm-sm.c:1050)
07/08 15:24:20.774: [amf] INFO: InitialUEMessage [suci-0-999-70-0000-0-0-3584306200] Registration request (../src/amf/ngap-handler.c:401)
07/08 15:24:20.798: [amf] INFO: [imsi-999703584306200] Registration complete (../src/amf/gmm-sm.c:1050)
07/08 15:25:15.776: [amf] INFO: InitialUEMessage [suci-0-999-70-0000-0-0-5141965193] Registration request (../src/amf/ngap-handler.c:401)
07/08 15:25:15.824: [amf] INFO: [imsi-999705141965193] Registration complete (../src/amf/gmm-sm.c:1050)
07/08 15:28:03.025: [amf] INFO: InitialUEMessage [suci-0-999-70-0000-0-0-8077474343] Registration request (../src/amf/ngap-handler.c:401)
07/08 15:28:03.079: [amf] INFO: [imsi-999708077474343] Registration complete (../src/amf/gmm-sm.c:1050)
07/08 15:28:06.237: [amf] INFO: InitialUEMessage [suci-0-999-70-0000-0-0-1878989133] Registration request (../src/amf/ngap-handler.c:401)
07/08 15:28:06.269: [amf] INFO: [imsi-999701878989133] Registration complete (../src/amf/gmm-sm.c:1050)
07/08 15:28:14.009: [amf] INFO: InitialUEMessage [suci-0-999-70-0000-0-0-4267333997] Registration request (../src/amf/ngap-handler.c:401)
07/08 15:28:14.062: [amf] INFO: [imsi-999704267333997] Registration complete (../src/amf/gmm-sm.c:1050)
07/08 15:28:54.319: [amf] INFO: InitialUEMessage [suci-0-999-70-0000-0-0-6872296155] Registration request (../src/amf/ngap-handler.c:401)
07/08 15:28:54.360: [amf] INFO: [imsi-999706872296155] Registration complete (../src/amf/gmm-sm.c:1050)
07/08 15:29:18.785: [amf] INFO: InitialUEMessage [suci-0-999-70-0000-0-0-9735674533] Registration request (../src/amf/ngap-handler.c:401)
07/08 15:29:18.832: [amf] INFO: [imsi-999709735674533] Registration complete (../src/amf/gmm-sm.c:1050)
07/08 15:30:19.665: [amf] INFO: InitialUEMessage [suci-0-999-70-0000-0-0-2838667828] Registration request (../src/amf/ngap-handler.c:401)
07/08 15:30:19.719: [amf] INFO: InitialUEMessage [suci-0-999-70-0000-0-0-5859031198] Registration request (../src/amf/ngap-handler.c:401)
07/08 15:30:19.734: [amf] INFO: [imsi-999702838667828] Registration complete (../src/amf/gmm-sm.c:1050)
07/08 15:30:19.774: [amf] INFO: [imsi-999705859031198] Registration complete (../src/amf/gmm-sm.c:1050)
07/08 15:30:34.606: [amf] INFO: InitialUEMessage [suci-0-999-70-0000-0-0-8082728821] Registration request (../src/amf/ngap-handler.c:401)
07/08 15:30:34.634: [amf] INFO: [imsi-999708082728821] Registration complete (../src/amf/gmm-sm.c:1050)
07/08 15:31:19.300: [amf] INFO: InitialUEMessage [suci-0-999-70-0000-0-0-8837777605] Registration request (../src/amf/ngap-handler.c:401)
07/08 15:31:19.338: [amf] INFO: [imsi-999708837777605] Registration complete (../src/amf/gmm-sm.c:1050)
07/08 15:31:34.526: [amf] INFO: InitialUEMessage [suci-0-999-70-0000-0-0-9380291690] Registration request (../src/amf/ngap-handler.c:401)
07/08 15:31:34.585: [amf] INFO: [imsi-999709380291690] Registration complete (../src/amf/gmm-sm.c:1050)
07/08 15:31:46.397: [amf] INFO: InitialUEMessage [suci-0-999-70-0000-0-0-5282060470] Registration request (../src/amf/ngap-handler.c:401)
07/08 15:31:46.441: [amf] INFO: [imsi-999705282060470] Registration complete (../src/amf/gmm-sm.c:1050)
07/08 15:32:00.901: [amf] INFO: InitialUEMessage [suci-0-999-70-0000-0-0-0265781787] Registration request (../src/amf/ngap-handler.c:401)
07/08 15:32:00.946: [amf] INFO: [imsi-999700265781787] Registration complete (../src/amf/gmm-sm.c:1050)
07/08 15:32:12.419: [amf] INFO: InitialUEMessage [suci-0-999-70-0000-0-0-7433251410] Registration request (../src/amf/ngap-handler.c:401)
07/08 15:32:12.460: [amf] INFO: [imsi-999707433251410] Registration complete (../src/amf/gmm-sm.c:1050)
07/08 15:32:23.721: [amf] INFO: InitialUEMessage [suci-0-999-70-0000-0-0-0541975433] Registration request (../src/amf/ngap-handler.c:401)
07/08 15:32:23.759: [amf] INFO: [imsi-999700541975433] Registration complete (../src/amf/gmm-sm.c:1050)
07/08 15:33:14.665: [amf] INFO: InitialUEMessage [suci-0-999-70-0000-0-0-4380328931] Registration request (../src/amf/ngap-handler.c:401)
07/08 15:33:14.718: [amf] INFO: [imsi-999704380328931] Registration complete (../src/amf/gmm-sm.c:1050)
07/08 15:33:28.826: [amf] INFO: InitialUEMessage [suci-0-999-70-0000-0-0-8129930848] Registration request (../src/amf/ngap-handler.c:401)
07/08 15:33:28.878: [amf] INFO: [imsi-999708129930848] Registration complete (../src/amf/gmm-sm.c:1050)
07/08 15:34:39.263: [amf] INFO: InitialUEMessage [suci-0-999-70-0000-0-0-3702160146] Registration request (../src/amf/ngap-handler.c:401)
07/08 15:34:39.308: [amf] INFO: [imsi-999703702160146] Registration complete (../src/amf/gmm-sm.c:1050)
07/08 15:35:53.886: [amf] INFO: InitialUEMessage [suci-0-999-70-0000-0-0-7626144041] Registration request (../src/amf/ngap-handler.c:401)
07/08 15:35:53.942: [amf] INFO: [imsi-999707626144041] Registration complete (../src/amf/gmm-sm.c:1050)
07/08 15:35:57.193: [amf] INFO: InitialUEMessage [suci-0-999-70-0000-0-0-4802988138] Registration request (../src/amf/ngap-handler.c:401)
07/08 15:35:57.224: [amf] INFO: [imsi-999704802988138] Registration complete (../src/amf/gmm-sm.c:1050)
07/08 15:38:26.219: [amf] INFO: InitialUEMessage [suci-0-999-70-0000-0-0-6423836598] Registration request (../src/amf/ngap-handler.c:401)
07/08 15:38:26.249: [amf] INFO: [imsi-999706423836598] Registration complete (../src/amf/gmm-sm.c:1050)
07/08 15:38:28.942: [amf] INFO: InitialUEMessage [suci-0-999-70-0000-0-0-6899300981] Registration request (../src/amf/ngap-handler.c:401)
07/08 15:38:29.002: [amf] INFO: [imsi-999706899300981] Registration complete (../src/amf/gmm-sm.c:1050)
07/08 15:39:20.428: [amf] INFO: InitialUEMessage [suci-0-999-70-0000-0-0-9929132288] Registration request (../src/amf/ngap-handler.c:401)
07/08 15:39:20.474: [amf] INFO: [imsi-999709929132288] Registration complete (../src/amf/gmm-sm.c:1050)
07/08 15:39:35.967: [amf] INFO: InitialUEMessage [suci-0-999-70-0000-0-0-3485350770] Registration request (../src/amf/ngap-handler.c:401)
07/08 15:39:36.005: [amf] INFO: [imsi-999703485350770] Registration complete (../src/amf/gmm-sm.c:1050)
07/08 15:39:36.779: [amf] INFO: InitialUEMessage [suci-0-999-70-0000-0-0-8274991287] Registration request (../src/amf/ngap-handler.c:401)
07/08 15:39:36.823: [amf] INFO: [imsi-999708274991287] Registration complete (../src/amf/gmm-sm.c:1050)
07/08 15:39:53.059: [amf] INFO: InitialUEMessage [suci-0-999-70-0000-0-0-9529034412] Registration request (../src/amf/ngap-handler.c:401)
07/08 15:39:53.102: [amf] INFO: [imsi-999709529034412] Registration complete (../src/amf/gmm-sm.c:1050)
07/08 15:40:00.822: [amf] INFO: InitialUEMessage [suci-0-999-70-0000-0-0-6262921125] Registration request (../src/amf/ngap-handler.c:401)
07/08 15:40:00.864: [amf] INFO: [imsi-999706262921125] Registration complete (../src/amf/gmm-sm.c:1050)
07/08 15:40:13.382: [amf] INFO: InitialUEMessage [suci-0-999-70-0000-0-0-3882120610] Registration request (../src/amf/ngap-handler.c:401)
07/08 15:40:13.442: [amf] INFO: [imsi-999703882120610] Registration complete (../src/amf/gmm-sm.c:1050)
07/08 15:41:29.692: [amf] INFO: InitialUEMessage [suci-0-999-70-0000-0-0-2243747004] Registration request (../src/amf/ngap-handler.c:401)
07/08 15:41:29.734: [amf] INFO: [imsi-999702243747004] Registration complete (../src/amf/gmm-sm.c:1050)
07/08 15:42:14.317: [amf] INFO: InitialUEMessage [suci-0-999-70-0000-0-0-3488914493] Registration request (../src/amf/ngap-handler.c:401)
07/08 15:42:14.349: [amf] INFO: [imsi-999703488914493] Registration complete (../src/amf/gmm-sm.c:1050)
07/08 15:42:29.344: [amf] INFO: InitialUEMessage [suci-0-999-70-0000-0-0-0139093114] Registration request (../src/amf/ngap-handler.c:401)
07/08 15:42:29.384: [amf] INFO: [imsi-999700139093114] Registration complete (../src/amf/gmm-sm.c:1050)
07/08 15:43:14.883: [amf] INFO: InitialUEMessage [suci-0-999-70-0000-0-0-4730912122] Registration request (../src/amf/ngap-handler.c:401)
07/08 15:43:14.941: [amf] INFO: [imsi-999704730912122] Registration complete (../src/amf/gmm-sm.c:1050)
07/08 15:43:32.831: [amf] INFO: InitialUEMessage [suci-0-999-70-0000-0-0-9927948863] Registration request (../src/amf/ngap-handler.c:401)
07/08 15:43:32.878: [amf] INFO: [imsi-999709927948863] Registration complete (../src/amf/gmm-sm.c:1050)
07/08 15:44:21.817: [amf] INFO: InitialUEMessage [suci-0-999-70-0000-0-0-9637044382] Registration request (../src/amf/ngap-handler.c:401)
07/08 15:44:21.873: [amf] INFO: [imsi-999709637044382] Registration complete (../src/amf/gmm-sm.c:1050)
07/08 15:47:03.831: [amf] INFO: InitialUEMessage [suci-0-999-70-0000-0-0-5076445199] Registration request (../src/amf/ngap-handler.c:401)
07/08 15:47:03.875: [amf] INFO: [imsi-999705076445199] Registration complete (../src/amf/gmm-sm.c:1050)
07/08 15:47:08.429: [amf] INFO: InitialUEMessage [suci-0-999-70-0000-0-0-1483244784] Registration request (../src/amf/ngap-handler.c:401)
07/08 15:47:08.473: [amf] INFO: [imsi-999701483244784] Registration complete (../src/amf/gmm-sm.c:1050)
07/08 15:47:17.538: [amf] INFO: InitialUEMessage [suci-0-999-70-0000-0-0-9029850739] Registration request (../src/amf/ngap-handler.c:401)
07/08 15:47:17.579: [amf] INFO: [imsi-999709029850739] Registration complete (../src/amf/gmm-sm.c:1050)
07/08 15:47:34.443: [amf] INFO: InitialUEMessage [suci-0-999-70-0000-0-0-2195163884] Registration request (../src/amf/ngap-handler.c:401)
07/08 15:47:34.501: [amf] INFO: [imsi-999702195163884] Registration complete (../src/amf/gmm-sm.c:1050)
07/08 15:48:03.484: [amf] INFO: InitialUEMessage [suci-0-999-70-0000-0-0-6450964968] Registration request (../src/amf/ngap-handler.c:401)
07/08 15:48:03.538: [amf] INFO: [imsi-999706450964968] Registration complete (../src/amf/gmm-sm.c:1050)
07/08 15:48:30.360: [amf] INFO: InitialUEMessage [suci-0-999-70-0000-0-0-3269763097] Registration request (../src/amf/ngap-handler.c:401)
07/08 15:48:30.378: [amf] INFO: [imsi-999703269763097] Registration complete (../src/amf/gmm-sm.c:1050)
07/08 15:49:17.591: [amf] INFO: InitialUEMessage [suci-0-999-70-0000-0-0-2243329846] Registration request (../src/amf/ngap-handler.c:401)
07/08 15:49:17.618: [amf] INFO: [imsi-999702243329846] Registration complete (../src/amf/gmm-sm.c:1050)
07/08 15:49:57.891: [amf] INFO: InitialUEMessage [suci-0-999-70-0000-0-0-2415654265] Registration request (../src/amf/ngap-handler.c:401)
07/08 15:49:57.925: [amf] INFO: [imsi-999702415654265] Registration complete (../src/amf/gmm-sm.c:1050)
07/08 15:50:08.936: [amf] INFO: InitialUEMessage [suci-0-999-70-0000-0-0-6188153989] Registration request (../src/amf/ngap-handler.c:401)
07/08 15:50:08.980: [amf] INFO: [imsi-999706188153989] Registration complete (../src/amf/gmm-sm.c:1050)
07/08 15:52:49.136: [amf] INFO: InitialUEMessage [suci-0-999-70-0000-0-0-2406100480] Registration request (../src/amf/ngap-handler.c:401)
07/08 15:52:49.183: [amf] INFO: [imsi-999702406100480] Registration complete (../src/amf/gmm-sm.c:1050)
07/08 15:53:18.980: [amf] INFO: InitialUEMessage [suci-0-999-70-0000-0-0-9265912104] Registration request (../src/amf/ngap-handler.c:401)
07/08 15:53:19.010: [amf] INFO: [imsi-999709265912104] Registration complete (../src/amf/gmm-sm.c:1050)
07/08 15:55:14.962: [amf] INFO: InitialUEMessage [suci-0-999-70-0000-0-0-0866077007] Registration request (../src/amf/ngap-handler.c:401)
07/08 15:55:15.009: [amf] INFO: [imsi-999700866077007] Registration complete (../src/amf/gmm-sm.c:1050)
07/08 15:55:20.945: [amf] INFO: InitialUEMessage [suci-0-999-70-0000-0-0-4625776590] Registration request (../src/amf/ngap-handler.c:401)
07/08 15:55:20.966: [amf] INFO: [imsi-999704625776590] Registration complete (../src/amf/gmm-sm.c:1050)
07/08 15:56:25.578: [amf] INFO: InitialUEMessage [suci-0-999-70-0000-0-0-4465670070] Registration request (../src/amf/ngap-handler.c:401)
07/08 15:56:25.620: [amf] INFO: [imsi-999704465670070] Registration complete (../src/amf/gmm-sm.c:1050)
07/08 15:57:56.775: [amf] INFO: InitialUEMessage [suci-0-999-70-0000-0-0-8308276790] Registration request (../src/amf/ngap-handler.c:401)
07/08 15:57:56.811: [amf] INFO: [imsi-999708308276790] Registration complete (../src/amf/gmm-sm.c:1050)
07/08 15:58:08.943: [amf] INFO: InitialUEMessage [suci-0-999-70-0000-0-0-7381322534] Registration request (../src/amf/ngap-handler.c:401)
07/08 15:58:08.995: [amf] INFO: [imsi-999707381322534] Registration complete (../src/amf/gmm-sm.c:1050)
07/08 15:58:26.359: [amf] INFO: InitialUEMessage [suci-0-999-70-0000-0-0-3181771489] Registration request (../src/amf/ngap-handler.c:401)
07/08 15:58:26.419: [amf] INFO: [imsi-999703181771489] Registration complete (../src/amf/gmm-sm.c:1050)
07/08 15:58:32.260: [amf] INFO: InitialUEMessage [suci-0-999-70-0000-0-0-8036574318] Registration request (../src/amf/ngap-handler.c:401)
07/08 15:58:32.307: [amf] INFO: [imsi-999708036574318] Registration complete (../src/amf/gmm-sm.c:1050)
07/08 15:58:44.142: [amf] INFO: InitialUEMessage [suci-0-999-70-0000-0-0-0389137873] Registration request (../src/amf/ngap-handler.c:401)
07/08 15:58:44.192: [amf] INFO: [imsi-999700389137873] Registration complete (../src/amf/gmm-sm.c:1050)
07/08 15:59:10.905: [amf] INFO: InitialUEMessage [suci-0-999-70-0000-0-0-3502523142] Registration request (../src/amf/ngap-handler.c:401)
07/08 15:59:10.954: [amf] INFO: [imsi-999703502523142] Registration complete (../src/amf/gmm-sm.c:1050)
07/08 15:59:31.339: [amf] INFO: InitialUEMessage [suci-0-999-70-0000-0-0-2467414068] Registration request (../src/amf/ngap-handler.c:401)
07/08 15:59:31.378: [amf] INFO: [imsi-999702467414068] Registration complete (../src/amf/gmm-sm.c:1050)
07/08 16:00:56.229: [amf] INFO: InitialUEMessage [suci-0-999-70-0000-0-0-5990222653] Registration request (../src/amf/ngap-handler.c:401)
07/08 16:00:56.279: [amf] INFO: [imsi-999705990222653] Registration complete (../src/amf/gmm-sm.c:1050)
07/08 16:01:39.659: [amf] INFO: InitialUEMessage [suci-0-999-70-0000-0-0-0268228804] Registration request (../src/amf/ngap-handler.c:401)
07/08 16:01:39.706: [amf] INFO: [imsi-999700268228804] Registration complete (../src/amf/gmm-sm.c:1050)
07/08 16:01:46.189: [amf] INFO: InitialUEMessage [suci-0-999-70-0000-0-0-3038324012] Registration request (../src/amf/ngap-handler.c:401)
07/08 16:01:46.227: [amf] INFO: [imsi-999703038324012] Registration complete (../src/amf/gmm-sm.c:1050)
07/08 16:02:16.128: [amf] INFO: InitialUEMessage [suci-0-999-70-0000-0-0-3951872018] Registration request (../src/amf/ngap-handler.c:401)
07/08 16:02:16.173: [amf] INFO: [imsi-999703951872018] Registration complete (../src/amf/gmm-sm.c:1050)
07/08 16:03:48.455: [amf] INFO: InitialUEMessage [suci-0-999-70-0000-0-0-1821106358] Registration request (../src/amf/ngap-handler.c:401)
07/08 16:03:48.510: [amf] INFO: [imsi-999701821106358] Registration complete (../src/amf/gmm-sm.c:1050)
07/08 16:04:22.288: [amf] INFO: InitialUEMessage [suci-0-999-70-0000-0-0-1121149154] Registration request (../src/amf/ngap-handler.c:401)
07/08 16:04:22.315: [amf] INFO: [imsi-999701121149154] Registration complete (../src/amf/gmm-sm.c:1050)
07/08 16:05:03.500: [amf] INFO: InitialUEMessage [suci-0-999-70-0000-0-0-6202939299] Registration request (../src/amf/ngap-handler.c:401)
07/08 16:05:03.545: [amf] INFO: [imsi-999706202939299] Registration complete (../src/amf/gmm-sm.c:1050)
07/08 16:05:13.870: [amf] INFO: InitialUEMessage [suci-0-999-70-0000-0-0-4610035846] Registration request (../src/amf/ngap-handler.c:401)
07/08 16:05:13.912: [amf] INFO: [imsi-999704610035846] Registration complete (../src/amf/gmm-sm.c:1050)
07/08 16:05:15.036: [amf] INFO: InitialUEMessage [suci-0-999-70-0000-0-0-2136150101] Registration request (../src/amf/ngap-handler.c:401)
07/08 16:05:15.073: [amf] INFO: [imsi-999702136150101] Registration complete (../src/amf/gmm-sm.c:1050)
07/08 16:06:54.500: [amf] INFO: InitialUEMessage [suci-0-999-70-0000-0-0-4597217158] Registration request (../src/amf/ngap-handler.c:401)
07/08 16:06:54.533: [amf] INFO: [imsi-999704597217158] Registration complete (../src/amf/gmm-sm.c:1050)
07/08 16:07:31.891: [amf] INFO: InitialUEMessage [suci-0-999-70-0000-0-0-1031250239] Registration request (../src/amf/ngap-handler.c:401)
07/08 16:07:31.937: [amf] INFO: [imsi-999701031250239] Registration complete (../src/amf/gmm-sm.c:1050)
07/08 16:07:37.674: [amf] INFO: InitialUEMessage [suci-0-999-70-0000-0-0-2787596159] Registration request (../src/amf/ngap-handler.c:401)
07/08 16:07:37.722: [amf] INFO: [imsi-999702787596159] Registration complete (../src/amf/gmm-sm.c:1050)
07/08 16:07:37.858: [amf] INFO: InitialUEMessage [suci-0-999-70-0000-0-0-8808444026] Registration request (../src/amf/ngap-handler.c:401)
07/08 16:07:37.899: [amf] INFO: [imsi-999708808444026] Registration complete (../src/amf/gmm-sm.c:1050)
07/08 16:07:40.200: [amf] INFO: InitialUEMessage [suci-0-999-70-0000-0-0-7905598446] Registration request (../src/amf/ngap-handler.c:401)
07/08 16:07:40.229: [amf] INFO: [imsi-999707905598446] Registration complete (../src/amf/gmm-sm.c:1050)
07/08 16:08:20.037: [amf] INFO: InitialUEMessage [suci-0-999-70-0000-0-0-9315998814] Registration request (../src/amf/ngap-handler.c:401)
07/08 16:08:20.066: [amf] INFO: [imsi-999709315998814] Registration complete (../src/amf/gmm-sm.c:1050)
07/08 16:08:47.475: [amf] INFO: InitialUEMessage [suci-0-999-70-0000-0-0-2831937228] Registration request (../src/amf/ngap-handler.c:401)
07/08 16:08:47.519: [amf] INFO: [imsi-999702831937228] Registration complete (../src/amf/gmm-sm.c:1050)
07/08 16:09:24.264: [amf] INFO: InitialUEMessage [suci-0-999-70-0000-0-0-2758096938] Registration request (../src/amf/ngap-handler.c:401)
07/08 16:09:24.300: [amf] INFO: [imsi-999702758096938] Registration complete (../src/amf/gmm-sm.c:1050)
07/08 16:09:51.392: [amf] INFO: InitialUEMessage [suci-0-999-70-0000-0-0-9148368157] Registration request (../src/amf/ngap-handler.c:401)
07/08 16:09:51.455: [amf] INFO: [imsi-999709148368157] Registration complete (../src/amf/gmm-sm.c:1050)
07/08 16:10:14.789: [amf] INFO: InitialUEMessage [suci-0-999-70-0000-0-0-0042968205] Registration request (../src/amf/ngap-handler.c:401)
07/08 16:10:14.838: [amf] INFO: [imsi-999700042968205] Registration complete (../src/amf/gmm-sm.c:1050)
07/08 16:10:48.755: [amf] INFO: InitialUEMessage [suci-0-999-70-0000-0-0-7250641549] Registration request (../src/amf/ngap-handler.c:401)
07/08 16:10:48.810: [amf] INFO: [imsi-999707250641549] Registration complete (../src/amf/gmm-sm.c:1050)
07/08 16:11:55.521: [amf] INFO: InitialUEMessage [suci-0-999-70-0000-0-0-7183998237] Registration request (../src/amf/ngap-handler.c:401)
07/08 16:11:55.569: [amf] INFO: [imsi-999707183998237] Registration complete (../src/amf/gmm-sm.c:1050)
07/08 16:12:12.837: [amf] INFO: InitialUEMessage [suci-0-999-70-0000-0-0-3001379431] Registration request (../src/amf/ngap-handler.c:401)
07/08 16:12:12.889: [amf] INFO: [imsi-999703001379431] Registration complete (../src/amf/gmm-sm.c:1050)
07/08 16:12:25.966: [amf] INFO: InitialUEMessage [suci-0-999-70-0000-0-0-1806375403] Registration request (../src/amf/ngap-handler.c:401)
07/08 16:12:26.000: [amf] INFO: [imsi-999701806375403] Registration complete (../src/amf/gmm-sm.c:1050)
07/08 16:13:14.011: [amf] INFO: InitialUEMessage [suci-0-999-70-0000-0-0-7312088142] Registration request (../src/amf/ngap-handler.c:401)
07/08 16:13:14.061: [amf] INFO: [imsi-999707312088142] Registration complete (../src/amf/gmm-sm.c:1050)
07/08 16:13:57.432: [amf] INFO: InitialUEMessage [suci-0-999-70-0000-0-0-1848309486] Registration request (../src/amf/ngap-handler.c:401)
07/08 16:13:57.474: [amf] INFO: [imsi-999701848309486] Registration complete (../src/amf/gmm-sm.c:1050)
07/08 16:15:03.484: [amf] INFO: InitialUEMessage [suci-0-999-70-0000-0-0-5211530840] Registration request (../src/amf/ngap-handler.c:401)
07/08 16:15:03.524: [amf] INFO: [imsi-999705211530840] Registration complete (../src/amf/gmm-sm.c:1050)
07/08 16:15:45.996: [amf] INFO: InitialUEMessage [suci-0-999-70-0000-0-0-4461128092] Registration request (../src/amf/ngap-handler.c:401)
07/08 16:15:46.036: [amf] INFO: [imsi-999704461128092] Registration complete (../src/amf/gmm-sm.c:1050)
07/08 16:16:28.322: [amf] INFO: InitialUEMessage [suci-0-999-70-0000-0-0-9458754463] Registration request (../src/amf/ngap-handler.c:401)
07/08 16:16:28.368: [amf] INFO: [imsi-999709458754463] Registration complete (../src/amf/gmm-sm.c:1050)
07/08 16:16:36.225: [amf] INFO: InitialUEMessage [suci-0-999-70-0000-0-0-4529774833] Registration request (../src/amf/ngap-handler.c:401)
07/08 16:16:36.277: [amf] INFO: [imsi-999704529774833] Registration complete (../src/amf/gmm-sm.c:1050)
07/08 16:16:45.803: [amf] INFO: InitialUEMessage [suci-0-999-70-0000-0-0-0890689849] Registration request (../src/amf/ngap-handler.c:401)
07/08 16:16:45.848: [amf] INFO: [imsi-999700890689849] Registration complete (../src/amf/gmm-sm.c:1050)
07/08 16:17:56.811: [amf] INFO: InitialUEMessage [suci-0-999-70-0000-0-0-2135062613] Registration request (../src/amf/ngap-handler.c:401)
07/08 16:17:56.859: [amf] INFO: [imsi-999702135062613] Registration complete (../src/amf/gmm-sm.c:1050)
07/08 16:17:59.694: [amf] INFO: InitialUEMessage [suci-0-999-70-0000-0-0-8543500655] Registration request (../src/amf/ngap-handler.c:401)
07/08 16:17:59.743: [amf] INFO: [imsi-999708543500655] Registration complete (../src/amf/gmm-sm.c:1050)
07/08 16:18:09.266: [amf] INFO: InitialUEMessage [suci-0-999-70-0000-0-0-4751408229] Registration request (../src/amf/ngap-handler.c:401)
07/08 16:18:09.302: [amf] INFO: [imsi-999704751408229] Registration complete (../src/amf/gmm-sm.c:1050)
07/08 16:18:34.415: [amf] INFO: InitialUEMessage [suci-0-999-70-0000-0-0-9498128653] Registration request (../src/amf/ngap-handler.c:401)
07/08 16:18:34.454: [amf] INFO: [imsi-999709498128653] Registration complete (../src/amf/gmm-sm.c:1050)
07/08 16:18:42.352: [amf] INFO: InitialUEMessage [suci-0-999-70-0000-0-0-9101887129] Registration request (../src/amf/ngap-handler.c:401)
07/08 16:18:42.400: [amf] INFO: [imsi-999709101887129] Registration complete (../src/amf/gmm-sm.c:1050)
07/08 16:18:53.714: [amf] INFO: InitialUEMessage [suci-0-999-70-0000-0-0-8385238547] Registration request (../src/amf/ngap-handler.c:401)
07/08 16:18:53.751: [amf] INFO: [imsi-999708385238547] Registration complete (../src/amf/gmm-sm.c:1050)
07/08 16:21:53.984: [amf] INFO: InitialUEMessage [suci-0-999-70-0000-0-0-1766664816] Registration request (../src/amf/ngap-handler.c:401)
07/08 16:21:54.021: [amf] INFO: [imsi-999701766664816] Registration complete (../src/amf/gmm-sm.c:1050)
07/08 16:22:05.178: [amf] INFO: InitialUEMessage [suci-0-999-70-0000-0-0-9744195286] Registration request (../src/amf/ngap-handler.c:401)
07/08 16:22:05.236: [amf] INFO: [imsi-999709744195286] Registration complete (../src/amf/gmm-sm.c:1050)
07/08 16:22:11.655: [amf] INFO: InitialUEMessage [suci-0-999-70-0000-0-0-9586986596] Registration request (../src/amf/ngap-handler.c:401)
07/08 16:22:11.689: [amf] INFO: [imsi-999709586986596] Registration complete (../src/amf/gmm-sm.c:1050)
07/08 16:22:19.743: [amf] INFO: InitialUEMessage [suci-0-999-70-0000-0-0-9299717466] Registration request (../src/amf/ngap-handler.c:401)
07/08 16:22:19.795: [amf] INFO: [imsi-999709299717466] Registration complete (../src/amf/gmm-sm.c:1050)
07/08 16:22:46.350: [amf] INFO: InitialUEMessage [suci-0-999-70-0000-0-0-3286948160] Registration request (../src/amf/ngap-handler.c:401)
07/08 16:22:46.393: [amf] INFO: [imsi-999703286948160] Registration complete (../src/amf/gmm-sm.c:1050)
07/08 16:23:54.725: [amf] INFO: InitialUEMessage [suci-0-999-70-0000-0-0-0186161213] Registration request (../src/amf/ngap-handler.c:401)
07/08 16:23:54.757: [amf] INFO: [imsi-999700186161213] Registration complete (../src/amf/gmm-sm.c:1050)
07/08 16:24:50.491: [amf] INFO: InitialUEMessage [suci-0-999-70-0000-0-0-5139236230] Registration request (../src/amf/ngap-handler.c:401)
07/08 16:24:50.518: [amf] INFO: [imsi-999705139236230] Registration complete (../src/amf/gmm-sm.c:1050)
07/08 16:25:21.358: [amf] INFO: InitialUEMessage [suci-0-999-70-0000-0-0-5664461907] Registration request (../src/amf/ngap-handler.c:401)
07/08 16:25:21.420: [amf] INFO: [imsi-999705664461907] Registration complete (../src/amf/gmm-sm.c:1050)
07/08 16:27:49.620: [amf] INFO: InitialUEMessage [suci-0-999-70-0000-0-0-6260983027] Registration request (../src/amf/ngap-handler.c:401)
07/08 16:27:49.658: [amf] INFO: [imsi-999706260983027] Registration complete (../src/amf/gmm-sm.c:1050)
07/08 16:28:22.015: [amf] INFO: InitialUEMessage [suci-0-999-70-0000-0-0-1035491608] Registration request (../src/amf/ngap-handler.c:401)
07/08 16:28:22.073: [amf] INFO: [imsi-999701035491608] Registration complete (../src/amf/gmm-sm.c:1050)
07/08 16:28:38.856: [amf] INFO: InitialUEMessage [suci-0-999-70-0000-0-0-8063792667] Registration request (../src/amf/ngap-handler.c:401)
07/08 16:28:38.916: [amf] INFO: [imsi-999708063792667] Registration complete (../src/amf/gmm-sm.c:1050)
07/08 16:30:40.905: [amf] INFO: InitialUEMessage [suci-0-999-70-0000-0-0-6397416337] Registration request (../src/amf/ngap-handler.c:401)
07/08 16:30:40.944: [amf] INFO: [imsi-999706397416337] Registration complete (../src/amf/gmm-sm.c:1050)
07/08 16:30:54.701: [amf] INFO: InitialUEMessage [suci-0-999-70-0000-0-0-2631615267] Registration request (../src/amf/ngap-handler.c:401)
07/08 16:30:54.747: [amf] INFO: [imsi-999702631615267] Registration complete (../src/amf/gmm-sm.c:1050)
07/08 16:31:14.421: [amf] INFO: InitialUEMessage [suci-0-999-70-0000-0-0-8829931666] Registration request (../src/amf/ngap-handler.c:401)
07/08 16:31:14.456: [amf] INFO: [imsi-999708829931666] Registration complete (../src/amf/gmm-sm.c:1050)
07/08 16:31:55.713: [amf] INFO: InitialUEMessage [suci-0-999-70-0000-0-0-4895692631] Registration request (../src/amf/ngap-handler.c:401)
07/08 16:31:55.738: [amf] INFO: [imsi-999704895692631] Registration complete (../src/amf/gmm-sm.c:1050)
07/08 16:32:31.130: [amf] INFO: InitialUEMessage [suci-0-999-70-0000-0-0-4906967631] Registration request (../src/amf/ngap-handler.c:401)
07/08 16:32:31.188: [amf] INFO: [imsi-999704906967631] Registration complete (../src/amf/gmm-sm.c:1050)
07/08 16:32:53.727: [amf] INFO: InitialUEMessage [suci-0-999-70-0000-0-0-0680100799] Registration request (../src/amf/ngap-handler.c:401)
07/08 16:32:53.770: [amf] INFO: [imsi-999700680100799] Registration complete (../src/amf/gmm-sm.c:1050)
07/08 16:33:06.934: [amf] INFO: InitialUEMessage [suci-0-999-70-0000-0-0-3348768105] Registration request (../src/amf/ngap-handler.c:401)
07/08 16:33:06.988: [amf] INFO: [imsi-999703348768105] Registration complete (../src/amf/gmm-sm.c:1050)
07/08 16:33:43.983: [amf] INFO: InitialUEMessage [suci-0-999-70-0000-0-0-8870445161] Registration request (../src/amf/ngap-handler.c:401)
07/08 16:33:44.024: [amf] INFO: [imsi-999708870445161] Registration complete (../src/amf/gmm-sm.c:1050)
07/08 16:34:15.003: [amf] INFO: InitialUEMessage [suci-0-999-70-0000-0-0-7443749356] Registration request (../src/amf/ngap-handler.c:401)
07/08 16:34:15.052: [amf] INFO: [imsi-999707443749356] Registration complete (../src/amf/gmm-sm.c:1050)
07/08 16:36:03.699: [amf] INFO: InitialUEMessage [suci-0-999-70-0000-0-0-8605367838] Registration request (../src/amf/ngap-handler.c:401)
07/08 16:36:03.735: [amf] INFO: [imsi-999708605367838] Registration complete (../src/amf/gmm-sm.c:1050)
07/08 16:36:56.706: [amf] INFO: InitialUEMessage [suci-0-999-70-0000-0-0-4666188749] Registration request (../src/amf/ngap-handler.c:401)
07/08 16:36:56.734: [amf] INFO: [imsi-999704666188749] Registration complete (../src/amf/gmm-sm.c:1050)
07/08 16:37:35.447: [amf] INFO: InitialUEMessage [suci-0-999-70-0000-0-0-5155216249] Registration request (../src/amf/ngap-handler.c:401)
07/08 16:37:35.489: [amf] WARNING: [imsi-999705155216249] Registration reject (../src/amf/gmm-handler.c:230)
07/08 16:37:59.851: [amf] INFO: InitialUEMessage [suci-0-999-70-0000-0-0-5723364552] Registration request (../src/amf/ngap-handler.c:401)
07/08 16:37:59.905: [amf] INFO: [imsi-999705723364552] Registration complete (../src/amf/gmm-sm.c:1050)
07/08 16:38:54.898: [amf] INFO: InitialUEMessage [suci-0-999-70-0000-0-0-2872093872] Registration request (../src/amf/ngap-handler.c:401)
07/08 16:38:54.926: [amf] INFO: [imsi-999702872093872] Registration complete (../src/amf/gmm-sm.c:1050)
07/08 16:38:55.628: [amf] INFO: InitialUEMessage [suci-0-999-70-0000-0-0-6549076457] Registration request (../src/amf/ngap-handler.c:401)
07/08 16:38:55.677: [amf] INFO: [imsi-999706549076457] Registration complete (../src/amf/gmm-sm.c:1050)
07/08 16:39:31.352: [amf] INFO: InitialUEMessage [suci-0-999-70-0000-0-0-0834669259] Registration request (../src/amf/ngap-handler.c:401)
07/08 16:39:31.393: [amf] INFO: [imsi-999700834669259] Registration complete (../src/amf/gmm-sm.c:1050)
07/08 16:40:01.775: [amf] INFO: InitialUEMessage [suci-0-999-70-0000-0-0-5155755239] Registration request (../src/amf/ngap-handler.c:401)
07/08 16:40:01.837: [amf] INFO: [imsi-999705155755239] Registration complete (../src/amf/gmm-sm.c:1050)
07/08 16:40:09.980: [amf] INFO: InitialUEMessage [suci-0-999-70-0000-0-0-1857289752] Registration request (../src/amf/ngap-handler.c:401)
07/08 16:40:10.030: [amf] INFO: [imsi-999701857289752] Registration complete (../src/amf/gmm-sm.c:1050)
07/08 16:40:45.183: [amf] INFO: InitialUEMessage [suci-0-999-70-0000-0-0-5642859711] Registration request (../src/amf/ngap-handler.c:401)
07/08 16:40:45.241: [amf] INFO: [imsi-999705642859711] Registration complete (../src/amf/gmm-sm.c:1050)
07/08 16:41:11.511: [amf] INFO: InitialUEMessage [suci-0-999-70-0000-0-0-9970050894] Registration request (../src/amf/ngap-handler.c:401)
07/08 16:41:11.565: [amf] INFO: [imsi-999709970050894] Registration complete (../src/amf/gmm-sm.c:1050)
07/08 16:41:18.396: [amf] INFO: InitialUEMessage [suci-0-999-70-0000-0-0-5480017177] Registration request (../src/amf/ngap-handler.c:401)
07/08 16:41:18.433: [amf] INFO: [imsi-999705480017177] Registration complete (../src/amf/gmm-sm.c:1050)
07/08 16:41:20.947: [amf] INFO: InitialUEMessage [suci-0-999-70-0000-0-0-2134400359] Registration request (../src/amf/ngap-handler.c:401)
07/08 16:41:21.011: [amf] INFO: [imsi-999702134400359] Registration complete (../src/amf/gmm-sm.c:1050)
07/08 16:41:27.213: [amf] INFO: InitialUEMessage [suci-0-999-70-0000-0-0-9274780662] Registration request (../src/amf/ngap-handler.c:401)
07/08 16:41:27.267: [amf] INFO: [imsi-999709274780662] Registration complete (../src/amf/gmm-sm.c:1050)
07/08 16:41:34.449: [amf] INFO: InitialUEMessage [suci-0-999-70-0000-0-0-6144080218] Registration request (../src/amf/ngap-handler.c:401)
07/08 16:41:34.510: [amf] INFO: [imsi-999706144080218] Registration complete (../src/amf/gmm-sm.c:1050)
07/08 16:42:03.901: [amf] INFO: InitialUEMessage [suci-0-999-70-0000-0-0-6691391484] Registration request (../src/amf/ngap-handler.c:401)
07/08 16:42:03.951: [amf] INFO: [imsi-999706691391484] Registration complete (../src/amf/gmm-sm.c:1050)
07/08 16:45:57.089: [amf] INFO: InitialUEMessage [suci-0-999-70-0000-0-0-5691118645] Registration request (../src/amf/ngap-handler.c:401)
07/08 16:45:57.146: [amf] INFO: [imsi-999705691118645] Registration complete (../src/amf/gmm-sm.c:1050)
07/08 16:46:01.143: [amf] INFO: InitialUEMessage [suci-0-999-70-0000-0-0-6554830974] Registration request (../src/amf/ngap-handler.c:401)
07/08 16:46:01.195: [amf] INFO: [imsi-999706554830974] Registration complete (../src/amf/gmm-sm.c:1050)
07/08 16:46:32.837: [amf] INFO: InitialUEMessage [suci-0-999-70-0000-0-0-0810076504] Registration request (../src/amf/ngap-handler.c:401)
07/08 16:46:32.861: [amf] INFO: [imsi-999700810076504] Registration complete (../src/amf/gmm-sm.c:1050)
07/08 16:47:58.733: [amf] INFO: InitialUEMessage [suci-0-999-70-0000-0-0-3286274654] Registration request (../src/amf/ngap-handler.c:401)
07/08 16:47:58.774: [amf] INFO: [imsi-999703286274654] Registration complete (../src/amf/gmm-sm.c:1050)
07/08 16:48:07.851: [amf] INFO: InitialUEMessage [suci-0-999-70-0000-0-0-2938365889] Registration request (../src/amf/ngap-handler.c:401)
07/08 16:48:07.897: [amf] INFO: [imsi-999702938365889] Registration complete (../src/amf/gmm-sm.c:1050)
07/08 16:49:03.759: [amf] INFO: InitialUEMessage [suci-0-999-70-0000-0-0-0944509508] Registration request (../src/amf/ngap-handler.c:401)
07/08 16:49:03.805: [amf] INFO: [imsi-999700944509508] Registration complete (../src/amf/gmm-sm.c:1050)
07/08 16:49:05.943: [amf] INFO: InitialUEMessage [suci-0-999-70-0000-0-0-8500013150] Registration request (../src/amf/ngap-handler.c:401)
07/08 16:49:06.004: [amf] INFO: [imsi-999708500013150] Registration complete (../src/amf/gmm-sm.c:1050)
07/08 16:50:36.944: [amf] INFO: InitialUEMessage [suci-0-999-70-0000-0-0-7414360400] Registration request (../src/amf/ngap-handler.c:401)
07/08 16:50:36.982: [amf] INFO: [imsi-999707414360400] Registration complete (../src/amf/gmm-sm.c:1050)
07/08 16:51:52.826: [amf] INFO: InitialUEMessage [suci-0-999-70-0000-0-0-3655313069] Registration request (../src/amf/ngap-handler.c:401)
07/08 16:51:52.867: [amf] INFO: [imsi-999703655313069] Registration complete (../src/amf/gmm-sm.c:1050)
07/08 16:52:06.246: [amf] INFO: InitialUEMessage [suci-0-999-70-0000-0-0-8762740394] Registration request (../src/amf/ngap-handler.c:401)
07/08 16:52:06.247: [amf] INFO: InitialUEMessage [suci-0-999-70-0000-0-0-3630189816] Registration request (../src/amf/ngap-handler.c:401)
07/08 16:52:06.294: [amf] INFO: [imsi-999708762740394] Registration complete (../src/amf/gmm-sm.c:1050)
07/08 16:52:06.315: [amf] INFO: [imsi-999703630189816] Registration complete (../src/amf/gmm-sm.c:1050)
07/08 16:52:08.316: [amf] INFO: InitialUEMessage [suci-0-999-70-0000-0-0-2140987349] Registration request (../src/amf/ngap-handler.c:401)
07/08 16:52:08.376: [amf] INFO: [imsi-999702140987349] Registration complete (../src/amf/gmm-sm.c:1050)
07/08 16:52:29.058: [amf] INFO: InitialUEMessage [suci-0-999-70-0000-0-0-4335228806] Registration request (../src/amf/ngap-handler.c:401)
07/08 16:52:29.126: [amf] INFO: [imsi-999704335228806] Registration complete (../src/amf/gmm-sm.c:1050)
07/08 16:53:08.350: [amf] INFO: InitialUEMessage [suci-0-999-70-0000-0-0-1112414907] Registration request (../src/amf/ngap-handler.c:401)
07/08 16:53:08.378: [amf] INFO: [imsi-999701112414907] Registration complete (../src/amf/gmm-sm.c:1050)
07/08 16:54:09.220: [amf] INFO: InitialUEMessage [suci-0-999-70-0000-0-0-3354872550] Registration request (../src/amf/ngap-handler.c:401)
07/08 16:54:09.279: [amf] INFO: [imsi-999703354872550] Registration complete (../src/amf/gmm-sm.c:1050)
07/08 16:54:18.726: [amf] INFO: InitialUEMessage [suci-0-999-70-0000-0-0-9766027394] Registration request (../src/amf/ngap-handler.c:401)
07/08 16:54:18.768: [amf] INFO: [imsi-999709766027394] Registration complete (../src/amf/gmm-sm.c:1050)
07/08 16:55:40.563: [amf] INFO: InitialUEMessage [suci-0-999-70-0000-0-0-0064593009] Registration request (../src/amf/ngap-handler.c:401)
07/08 16:55:40.630: [amf] INFO: [imsi-999700064593009] Registration complete (../src/amf/gmm-sm.c:1050)
07/08 16:55:53.006: [amf] INFO: InitialUEMessage [suci-0-999-70-0000-0-0-0956638038] Registration request (../src/amf/ngap-handler.c:401)
07/08 16:55:53.063: [amf] INFO: [imsi-999700956638038] Registration complete (../src/amf/gmm-sm.c:1050)
07/08 16:56:27.500: [amf] INFO: InitialUEMessage [suci-0-999-70-0000-0-0-9029228762] Registration request (../src/amf/ngap-handler.c:401)
07/08 16:56:27.566: [amf] INFO: [imsi-999709029228762] Registration complete (../src/amf/gmm-sm.c:1050)
07/08 16:56:58.367: [amf] INFO: InitialUEMessage [suci-0-999-70-0000-0-0-7445520325] Registration request (../src/amf/ngap-handler.c:401)
07/08 16:56:58.426: [amf] INFO: [imsi-999707445520325] Registration complete (../src/amf/gmm-sm.c:1050)
07/08 16:57:06.044: [amf] INFO: InitialUEMessage [suci-0-999-70-0000-0-0-8901401477] Registration request (../src/amf/ngap-handler.c:401)
07/08 16:57:06.072: [amf] INFO: [imsi-999708901401477] Registration complete (../src/amf/gmm-sm.c:1050)
07/08 16:58:57.479: [amf] INFO: InitialUEMessage [suci-0-999-70-0000-0-0-4879740141] Registration request (../src/amf/ngap-handler.c:401)
07/08 16:58:57.524: [amf] INFO: [imsi-999704879740141] Registration complete (../src/amf/gmm-sm.c:1050)
07/08 17:00:11.888: [amf] INFO: InitialUEMessage [suci-0-999-70-0000-0-0-7731640098] Registration request (../src/amf/ngap-handler.c:401)
07/08 17:00:11.955: [amf] INFO: [imsi-999707731640098] Registration complete (../src/amf/gmm-sm.c:1050)
07/08 17:00:12.295: [amf] INFO: InitialUEMessage [suci-0-999-70-0000-0-0-2942144947] Registration request (../src/amf/ngap-handler.c:401)
07/08 17:00:12.351: [amf] INFO: [imsi-999702942144947] Registration complete (../src/amf/gmm-sm.c:1050)
07/08 17:00:39.057: [amf] INFO: InitialUEMessage [suci-0-999-70-0000-0-0-0128684060] Registration request (../src/amf/ngap-handler.c:401)
07/08 17:00:39.101: [amf] INFO: [imsi-999700128684060] Registration complete (../src/amf/gmm-sm.c:1050)
07/08 17:01:02.705: [amf] INFO: InitialUEMessage [suci-0-999-70-0000-0-0-6849249117] Registration request (../src/amf/ngap-handler.c:401)
07/08 17:01:02.763: [amf] INFO: [imsi-999706849249117] Registration complete (../src/amf/gmm-sm.c:1050)
07/08 17:02:11.562: [amf] INFO: InitialUEMessage [suci-0-999-70-0000-0-0-4728580010] Registration request (../src/amf/ngap-handler.c:401)
07/08 17:02:11.612: [amf] INFO: [imsi-999704728580010] Registration complete (../src/amf/gmm-sm.c:1050)
07/08 17:02:59.044: [amf] INFO: InitialUEMessage [suci-0-999-70-0000-0-0-6282302563] Registration request (../src/amf/ngap-handler.c:401)
07/08 17:02:59.093: [amf] INFO: [imsi-999706282302563] Registration complete (../src/amf/gmm-sm.c:1050)
07/08 17:03:09.270: [amf] INFO: InitialUEMessage [suci-0-999-70-0000-0-0-1503936230] Registration request (../src/amf/ngap-handler.c:401)
07/08 17:03:09.321: [amf] INFO: [imsi-999701503936230] Registration complete (../src/amf/gmm-sm.c:1050)
07/08 17:03:51.538: [amf] INFO: InitialUEMessage [suci-0-999-70-0000-0-0-2195450790] Registration request (../src/amf/ngap-handler.c:401)
07/08 17:03:51.596: [amf] INFO: [imsi-999702195450790] Registration complete (../src/amf/gmm-sm.c:1050)
07/08 17:04:36.582: [amf] INFO: InitialUEMessage [suci-0-999-70-0000-0-0-0426849860] Registration request (../src/amf/ngap-handler.c:401)
07/08 17:04:36.637: [amf] INFO: [imsi-999700426849860] Registration complete (../src/amf/gmm-sm.c:1050)
07/08 17:06:45.419: [amf] INFO: InitialUEMessage [suci-0-999-70-0000-0-0-9823137025] Registration request (../src/amf/ngap-handler.c:401)
07/08 17:06:45.465: [amf] INFO: [imsi-999709823137025] Registration complete (../src/amf/gmm-sm.c:1050)
07/08 17:08:20.103: [amf] INFO: InitialUEMessage [suci-0-999-70-0000-0-0-7359597977] Registration request (../src/amf/ngap-handler.c:401)
07/08 17:08:20.153: [amf] INFO: [imsi-999707359597977] Registration complete (../src/amf/gmm-sm.c:1050)
07/08 17:08:26.828: [amf] INFO: InitialUEMessage [suci-0-999-70-0000-0-0-7141400450] Registration request (../src/amf/ngap-handler.c:401)
07/08 17:08:26.881: [amf] INFO: [imsi-999707141400450] Registration complete (../src/amf/gmm-sm.c:1050)
07/08 17:08:43.065: [amf] INFO: InitialUEMessage [suci-0-999-70-0000-0-0-0467678057] Registration request (../src/amf/ngap-handler.c:401)
07/08 17:08:43.100: [amf] INFO: [imsi-999700467678057] Registration complete (../src/amf/gmm-sm.c:1050)
07/08 17:08:48.734: [amf] INFO: InitialUEMessage [suci-0-999-70-0000-0-0-2627093712] Registration request (../src/amf/ngap-handler.c:401)
07/08 17:08:48.768: [amf] INFO: [imsi-999702627093712] Registration complete (../src/amf/gmm-sm.c:1050)
07/08 17:09:17.212: [amf] INFO: InitialUEMessage [suci-0-999-70-0000-0-0-0072761526] Registration request (../src/amf/ngap-handler.c:401)
07/08 17:09:17.252: [amf] INFO: [imsi-999700072761526] Registration complete (../src/amf/gmm-sm.c:1050)
07/08 17:10:02.830: [amf] INFO: InitialUEMessage [suci-0-999-70-0000-0-0-6563502511] Registration request (../src/amf/ngap-handler.c:401)
07/08 17:10:02.878: [amf] INFO: [imsi-999706563502511] Registration complete (../src/amf/gmm-sm.c:1050)
07/08 17:10:41.648: [amf] INFO: InitialUEMessage [suci-0-999-70-0000-0-0-0705774777] Registration request (../src/amf/ngap-handler.c:401)
07/08 17:10:41.700: [amf] INFO: [imsi-999700705774777] Registration complete (../src/amf/gmm-sm.c:1050)
07/08 17:11:21.024: [amf] INFO: InitialUEMessage [suci-0-999-70-0000-0-0-8450877165] Registration request (../src/amf/ngap-handler.c:401)
07/08 17:11:21.084: [amf] INFO: [imsi-999708450877165] Registration complete (../src/amf/gmm-sm.c:1050)
07/08 17:14:08.868: [amf] INFO: InitialUEMessage [suci-0-999-70-0000-0-0-6310003368] Registration request (../src/amf/ngap-handler.c:401)
07/08 17:14:08.909: [amf] INFO: [imsi-999706310003368] Registration complete (../src/amf/gmm-sm.c:1050)
07/08 17:14:17.004: [amf] INFO: InitialUEMessage [suci-0-999-70-0000-0-0-9626769346] Registration request (../src/amf/ngap-handler.c:401)
07/08 17:14:17.049: [amf] INFO: [imsi-999709626769346] Registration complete (../src/amf/gmm-sm.c:1050)
07/08 17:14:25.323: [amf] INFO: InitialUEMessage [suci-0-999-70-0000-0-0-0475414841] Registration request (../src/amf/ngap-handler.c:401)
07/08 17:14:25.358: [amf] INFO: [imsi-999700475414841] Registration complete (../src/amf/gmm-sm.c:1050)
07/08 17:14:31.057: [amf] INFO: InitialUEMessage [suci-0-999-70-0000-0-0-7639981227] Registration request (../src/amf/ngap-handler.c:401)
07/08 17:14:31.115: [amf] INFO: [imsi-999707639981227] Registration complete (../src/amf/gmm-sm.c:1050)
07/08 17:14:31.156: [amf] INFO: InitialUEMessage [suci-0-999-70-0000-0-0-2696443512] Registration request (../src/amf/ngap-handler.c:401)
07/08 17:14:31.196: [amf] INFO: [imsi-999702696443512] Registration complete (../src/amf/gmm-sm.c:1050)
07/08 17:14:39.319: [amf] INFO: InitialUEMessage [suci-0-999-70-0000-0-0-8903354990] Registration request (../src/amf/ngap-handler.c:401)
07/08 17:14:39.386: [amf] INFO: [imsi-999708903354990] Registration complete (../src/amf/gmm-sm.c:1050)
07/08 17:16:41.039: [amf] INFO: InitialUEMessage [suci-0-999-70-0000-0-0-4600017922] Registration request (../src/amf/ngap-handler.c:401)
07/08 17:16:41.083: [amf] INFO: [imsi-999704600017922] Registration complete (../src/amf/gmm-sm.c:1050)
07/08 17:16:50.894: [amf] INFO: InitialUEMessage [suci-0-999-70-0000-0-0-2965525482] Registration request (../src/amf/ngap-handler.c:401)
07/08 17:16:50.932: [amf] INFO: [imsi-999702965525482] Registration complete (../src/amf/gmm-sm.c:1050)
07/08 17:16:56.486: [amf] INFO: InitialUEMessage [suci-0-999-70-0000-0-0-4807193561] Registration request (../src/amf/ngap-handler.c:401)
07/08 17:16:56.545: [amf] INFO: [imsi-999704807193561] Registration complete (../src/amf/gmm-sm.c:1050)
07/08 17:17:38.513: [amf] INFO: InitialUEMessage [suci-0-999-70-0000-0-0-9000479596] Registration request (../src/amf/ngap-handler.c:401)
07/08 17:17:38.571: [amf] INFO: [imsi-999709000479596] Registration complete (../src/amf/gmm-sm.c:1050)
07/08 17:17:45.524: [amf] INFO: InitialUEMessage [suci-0-999-70-0000-0-0-1425652611] Registration request (../src/amf/ngap-handler.c:401)
07/08 17:17:45.572: [amf] INFO: [imsi-999701425652611] Registration complete (../src/amf/gmm-sm.c:1050)
07/08 17:17:48.117: [amf] INFO: InitialUEMessage [suci-0-999-70-0000-0-0-1588589354] Registration request (../src/amf/ngap-handler.c:401)
07/08 17:17:48.167: [amf] INFO: [imsi-999701588589354] Registration complete (../src/amf/gmm-sm.c:1050)
07/08 17:18:02.179: [amf] INFO: InitialUEMessage [suci-0-999-70-0000-0-0-6714967917] Registration request (../src/amf/ngap-handler.c:401)
07/08 17:18:02.212: [amf] INFO: [imsi-999706714967917] Registration complete (../src/amf/gmm-sm.c:1050)
07/08 17:19:18.323: [amf] INFO: InitialUEMessage [suci-0-999-70-0000-0-0-2255599561] Registration request (../src/amf/ngap-handler.c:401)
07/08 17:19:18.348: [amf] INFO: [imsi-999702255599561] Registration complete (../src/amf/gmm-sm.c:1050)
07/08 17:19:26.879: [amf] INFO: InitialUEMessage [suci-0-999-70-0000-0-0-2730348352] Registration request (../src/amf/ngap-handler.c:401)
07/08 17:19:26.902: [amf] INFO: [imsi-999702730348352] Registration complete (../src/amf/gmm-sm.c:1050)
07/08 17:20:20.755: [amf] INFO: InitialUEMessage [suci-0-999-70-0000-0-0-6812604424] Registration request (../src/amf/ngap-handler.c:401)
07/08 17:20:20.787: [amf] INFO: [imsi-999706812604424] Registration complete (../src/amf/gmm-sm.c:1050)
07/08 17:20:35.946: [amf] INFO: InitialUEMessage [suci-0-999-70-0000-0-0-2627436621] Registration request (../src/amf/ngap-handler.c:401)
07/08 17:20:35.981: [amf] INFO: [imsi-999702627436621] Registration complete (../src/amf/gmm-sm.c:1050)
07/08 17:20:49.222: [amf] INFO: InitialUEMessage [suci-0-999-70-0000-0-0-2298780385] Registration request (../src/amf/ngap-handler.c:401)
07/08 17:20:49.274: [amf] INFO: [imsi-999702298780385] Registration complete (../src/amf/gmm-sm.c:1050)
07/08 17:21:45.671: [amf] INFO: InitialUEMessage [suci-0-999-70-0000-0-0-9730046553] Registration request (../src/amf/ngap-handler.c:401)
07/08 17:21:45.725: [amf] INFO: [imsi-999709730046553] Registration complete (../src/amf/gmm-sm.c:1050)
07/08 17:23:10.434: [amf] INFO: InitialUEMessage [suci-0-999-70-0000-0-0-9032015950] Registration request (../src/amf/ngap-handler.c:401)
07/08 17:23:10.477: [amf] INFO: [imsi-999709032015950] Registration complete (../src/amf/gmm-sm.c:1050)
07/08 17:23:37.448: [amf] INFO: InitialUEMessage [suci-0-999-70-0000-0-0-2217761108] Registration request (../src/amf/ngap-handler.c:401)
07/08 17:23:37.476: [amf] INFO: [imsi-999702217761108] Registration complete (../src/amf/gmm-sm.c:1050)
07/08 17:23:38.001: [amf] INFO: InitialUEMessage [suci-0-999-70-0000-0-0-5123818134] Registration request (../src/amf/ngap-handler.c:401)
07/08 17:23:38.043: [amf] INFO: [imsi-999705123818134] Registration complete (../src/amf/gmm-sm.c:1050)
07/08 17:23:38.171: [amf] WARNING: [imsi-999705123818134] PDU Session Establishment reject [PSI:1 Cause: Network failure] (../src/amf/nsmf-handler.c:520)
07/08 17:24:00.286: [amf] INFO: InitialUEMessage [suci-0-999-70-0000-0-0-8206805226] Registration request (../src/amf/ngap-handler.c:401)
07/08 17:24:00.311: [amf] INFO: [imsi-999708206805226] Registration complete (../src/amf/gmm-sm.c:1050)
07/08 17:24:20.212: [amf] INFO: InitialUEMessage [suci-0-999-70-0000-0-0-6204136536] Registration request (../src/amf/ngap-handler.c:401)
07/08 17:24:20.267: [amf] INFO: [imsi-999706204136536] Registration complete (../src/amf/gmm-sm.c:1050)
07/08 17:24:56.670: [amf] INFO: InitialUEMessage [suci-0-999-70-0000-0-0-7608174207] Registration request (../src/amf/ngap-handler.c:401)
07/08 17:24:56.730: [amf] INFO: [imsi-999707608174207] Registration complete (../src/amf/gmm-sm.c:1050)
07/08 17:25:45.647: [amf] INFO: InitialUEMessage [suci-0-999-70-0000-0-0-9710008087] Registration request (../src/amf/ngap-handler.c:401)
07/08 17:25:45.693: [amf] INFO: [imsi-999709710008087] Registration complete (../src/amf/gmm-sm.c:1050)
07/08 17:26:54.564: [amf] INFO: InitialUEMessage [suci-0-999-70-0000-0-0-0458248061] Registration request (../src/amf/ngap-handler.c:401)
07/08 17:26:54.600: [amf] INFO: [imsi-999700458248061] Registration complete (../src/amf/gmm-sm.c:1050)
07/08 17:27:47.333: [amf] INFO: InitialUEMessage [suci-0-999-70-0000-0-0-8618839298] Registration request (../src/amf/ngap-handler.c:401)
07/08 17:27:47.383: [amf] INFO: [imsi-999708618839298] Registration complete (../src/amf/gmm-sm.c:1050)
07/08 17:27:59.184: [amf] INFO: InitialUEMessage [suci-0-999-70-0000-0-0-0172577202] Registration request (../src/amf/ngap-handler.c:401)
07/08 17:27:59.243: [amf] INFO: [imsi-999700172577202] Registration complete (../src/amf/gmm-sm.c:1050)
07/08 17:28:21.887: [amf] INFO: InitialUEMessage [suci-0-999-70-0000-0-0-5848135297] Registration request (../src/amf/ngap-handler.c:401)
07/08 17:28:21.925: [amf] WARNING: [imsi-999705848135297] Registration reject (../src/amf/gmm-handler.c:230)
07/08 17:28:33.218: [amf] INFO: InitialUEMessage [suci-0-999-70-0000-0-0-3220398068] Registration request (../src/amf/ngap-handler.c:401)
07/08 17:28:33.258: [amf] INFO: [imsi-999703220398068] Registration complete (../src/amf/gmm-sm.c:1050)
07/08 17:29:01.582: [amf] INFO: InitialUEMessage [suci-0-999-70-0000-0-0-3056518933] Registration request (../src/amf/ngap-handler.c:401)
07/08 17:29:01.609: [amf] INFO: [imsi-999703056518933] Registration complete (../src/amf/gmm-sm.c:1050)
07/08 17:29:02.266: [amf] INFO: InitialUEMessage [suci-0-999-70-0000-0-0-5855833687] Registration request (../src/amf/ngap-handler.c:401)
07/08 17:29:02.311: [amf] INFO: [imsi-999705855833687] Registration complete (../src/amf/gmm-sm.c:1050)
07/08 17:29:51.167: [amf] INFO: InitialUEMessage [suci-0-999-70-0000-0-0-9815691673] Registration request (../src/amf/ngap-handler.c:401)
07/08 17:29:51.219: [amf] INFO: [imsi-999709815691673] Registration complete (../src/amf/gmm-sm.c:1050)
07/08 17:30:22.857: [amf] INFO: InitialUEMessage [suci-0-999-70-0000-0-0-1175800787] Registration request (../src/amf/ngap-handler.c:401)
07/08 17:30:22.926: [amf] INFO: [imsi-999701175800787] Registration complete (../src/amf/gmm-sm.c:1050)
07/08 17:31:05.899: [amf] INFO: InitialUEMessage [suci-0-999-70-0000-0-0-6749333959] Registration request (../src/amf/ngap-handler.c:401)
07/08 17:31:05.933: [amf] INFO: [imsi-999706749333959] Registration complete (../src/amf/gmm-sm.c:1050)
07/08 17:31:18.522: [amf] INFO: InitialUEMessage [suci-0-999-70-0000-0-0-0777093568] Registration request (../src/amf/ngap-handler.c:401)
07/08 17:31:18.570: [amf] INFO: [imsi-999700777093568] Registration complete (../src/amf/gmm-sm.c:1050)
07/08 17:32:41.007: [amf] INFO: InitialUEMessage [suci-0-999-70-0000-0-0-5448074335] Registration request (../src/amf/ngap-handler.c:401)
07/08 17:32:41.056: [amf] INFO: [imsi-999705448074335] Registration complete (../src/amf/gmm-sm.c:1050)
07/08 17:32:51.177: [amf] INFO: InitialUEMessage [suci-0-999-70-0000-0-0-9327514501] Registration request (../src/amf/ngap-handler.c:401)
07/08 17:32:51.230: [amf] INFO: [imsi-999709327514501] Registration complete (../src/amf/gmm-sm.c:1050)
07/08 17:33:58.786: [amf] INFO: InitialUEMessage [suci-0-999-70-0000-0-0-2509500094] Registration request (../src/amf/ngap-handler.c:401)
07/08 17:33:58.825: [amf] INFO: [imsi-999702509500094] Registration complete (../src/amf/gmm-sm.c:1050)
07/08 17:34:25.022: [amf] INFO: InitialUEMessage [suci-0-999-70-0000-0-0-5333039819] Registration request (../src/amf/ngap-handler.c:401)
07/08 17:34:25.055: [amf] INFO: [imsi-999705333039819] Registration complete (../src/amf/gmm-sm.c:1050)
07/08 17:34:40.283: [amf] INFO: InitialUEMessage [suci-0-999-70-0000-0-0-8641688271] Registration request (../src/amf/ngap-handler.c:401)
07/08 17:34:40.318: [amf] INFO: [imsi-999708641688271] Registration complete (../src/amf/gmm-sm.c:1050)
07/08 17:36:03.334: [amf] INFO: InitialUEMessage [suci-0-999-70-0000-0-0-3776896028] Registration request (../src/amf/ngap-handler.c:401)
07/08 17:36:03.369: [amf] INFO: [imsi-999703776896028] Registration complete (../src/amf/gmm-sm.c:1050)
07/08 17:37:29.862: [amf] INFO: InitialUEMessage [suci-0-999-70-0000-0-0-1714812248] Registration request (../src/amf/ngap-handler.c:401)
07/08 17:37:29.926: [amf] INFO: [imsi-999701714812248] Registration complete (../src/amf/gmm-sm.c:1050)
07/08 17:38:53.389: [amf] INFO: InitialUEMessage [suci-0-999-70-0000-0-0-6258527919] Registration request (../src/amf/ngap-handler.c:401)
07/08 17:38:53.427: [amf] INFO: [imsi-999706258527919] Registration complete (../src/amf/gmm-sm.c:1050)
07/08 17:39:21.570: [amf] INFO: InitialUEMessage [suci-0-999-70-0000-0-0-4917999951] Registration request (../src/amf/ngap-handler.c:401)
07/08 17:39:21.620: [amf] INFO: [imsi-999704917999951] Registration complete (../src/amf/gmm-sm.c:1050)
07/08 17:39:43.790: [amf] INFO: InitialUEMessage [suci-0-999-70-0000-0-0-3309923338] Registration request (../src/amf/ngap-handler.c:401)
07/08 17:39:43.842: [amf] INFO: [imsi-999703309923338] Registration complete (../src/amf/gmm-sm.c:1050)
07/08 17:40:16.339: [amf] INFO: InitialUEMessage [suci-0-999-70-0000-0-0-6398752091] Registration request (../src/amf/ngap-handler.c:401)
07/08 17:40:16.377: [amf] INFO: [imsi-999706398752091] Registration complete (../src/amf/gmm-sm.c:1050)
07/08 17:40:21.040: [amf] INFO: InitialUEMessage [suci-0-999-70-0000-0-0-6577947953] Registration request (../src/amf/ngap-handler.c:401)
07/08 17:40:21.093: [amf] INFO: [imsi-999706577947953] Registration complete (../src/amf/gmm-sm.c:1050)
07/08 17:41:10.258: [amf] INFO: InitialUEMessage [suci-0-999-70-0000-0-0-7181546107] Registration request (../src/amf/ngap-handler.c:401)
07/08 17:41:10.307: [amf] INFO: [imsi-999707181546107] Registration complete (../src/amf/gmm-sm.c:1050)
07/08 17:41:52.280: [amf] INFO: InitialUEMessage [suci-0-999-70-0000-0-0-4407734750] Registration request (../src/amf/ngap-handler.c:401)
07/08 17:41:52.341: [amf] INFO: [imsi-999704407734750] Registration complete (../src/amf/gmm-sm.c:1050)
07/08 17:42:19.759: [amf] INFO: InitialUEMessage [suci-0-999-70-0000-0-0-1658476982] Registration request (../src/amf/ngap-handler.c:401)
07/08 17:42:19.808: [amf] INFO: [imsi-999701658476982] Registration complete (../src/amf/gmm-sm.c:1050)
07/08 17:42:19.959: [amf] INFO: InitialUEMessage [suci-0-999-70-0000-0-0-7868179368] Registration request (../src/amf/ngap-handler.c:401)
07/08 17:42:20.022: [amf] INFO: [imsi-999707868179368] Registration complete (../src/amf/gmm-sm.c:1050)
07/08 17:42:54.318: [amf] INFO: InitialUEMessage [suci-0-999-70-0000-0-0-8346388121] Registration request (../src/amf/ngap-handler.c:401)
07/08 17:42:54.365: [amf] INFO: [imsi-999708346388121] Registration complete (../src/amf/gmm-sm.c:1050)
07/08 17:44:07.428: [amf] INFO: InitialUEMessage [suci-0-999-70-0000-0-0-3334201715] Registration request (../src/amf/ngap-handler.c:401)
07/08 17:44:07.482: [amf] INFO: [imsi-999703334201715] Registration complete (../src/amf/gmm-sm.c:1050)
07/08 17:45:02.546: [amf] INFO: InitialUEMessage [suci-0-999-70-0000-0-0-3653465251] Registration request (../src/amf/ngap-handler.c:401)
07/08 17:45:02.576: [amf] INFO: [imsi-999703653465251] Registration complete (../src/amf/gmm-sm.c:1050)
07/08 17:45:06.708: [amf] INFO: InitialUEMessage [suci-0-999-70-0000-0-0-3727405540] Registration request (../src/amf/ngap-handler.c:401)
07/08 17:45:06.751: [amf] INFO: [imsi-999703727405540] Registration complete (../src/amf/gmm-sm.c:1050)
07/08 17:45:30.929: [amf] INFO: InitialUEMessage [suci-0-999-70-0000-0-0-3697641989] Registration request (../src/amf/ngap-handler.c:401)
07/08 17:45:30.959: [amf] INFO: [imsi-999703697641989] Registration complete (../src/amf/gmm-sm.c:1050)
07/08 17:48:15.371: [amf] INFO: InitialUEMessage [suci-0-999-70-0000-0-0-3254676992] Registration request (../src/amf/ngap-handler.c:401)
07/08 17:48:15.396: [amf] INFO: [imsi-999703254676992] Registration complete (../src/amf/gmm-sm.c:1050)
07/08 17:49:00.865: [amf] INFO: InitialUEMessage [suci-0-999-70-0000-0-0-8348760944] Registration request (../src/amf/ngap-handler.c:401)
07/08 17:49:00.915: [amf] INFO: [imsi-999708348760944] Registration complete (../src/amf/gmm-sm.c:1050)
07/08 17:49:17.862: [amf] INFO: InitialUEMessage [suci-0-999-70-0000-0-0-6555345973] Registration request (../src/amf/ngap-handler.c:401)
07/08 17:49:17.905: [amf] INFO: [imsi-999706555345973] Registration complete (../src/amf/gmm-sm.c:1050)
07/08 17:49:27.058: [amf] INFO: InitialUEMessage [suci-0-999-70-0000-0-0-8990872397] Registration request (../src/amf/ngap-handler.c:401)
07/08 17:49:27.099: [amf] INFO: [imsi-999708990872397] Registration complete (../src/amf/gmm-sm.c:1050)
07/08 17:49:38.456: [amf] INFO: InitialUEMessage [suci-0-999-70-0000-0-0-2694066892] Registration request (../src/amf/ngap-handler.c:401)
07/08 17:49:38.509: [amf] INFO: [imsi-999702694066892] Registration complete (../src/amf/gmm-sm.c:1050)
07/08 17:49:42.664: [amf] INFO: InitialUEMessage [suci-0-999-70-0000-0-0-4076806285] Registration request (../src/amf/ngap-handler.c:401)
07/08 17:49:42.702: [amf] INFO: [imsi-999704076806285] Registration complete (../src/amf/gmm-sm.c:1050)
07/08 17:49:44.080: [amf] INFO: InitialUEMessage [suci-0-999-70-0000-0-0-5803191253] Registration request (../src/amf/ngap-handler.c:401)
07/08 17:49:44.136: [amf] INFO: [imsi-999705803191253] Registration complete (../src/amf/gmm-sm.c:1050)
07/08 17:51:01.650: [amf] INFO: InitialUEMessage [suci-0-999-70-0000-0-0-7359449317] Registration request (../src/amf/ngap-handler.c:401)
07/08 17:51:01.691: [amf] INFO: [imsi-999707359449317] Registration complete (../src/amf/gmm-sm.c:1050)
07/08 17:51:46.392: [amf] INFO: InitialUEMessage [suci-0-999-70-0000-0-0-6288214237] Registration request (../src/amf/ngap-handler.c:401)
07/08 17:51:46.450: [amf] INFO: [imsi-999706288214237] Registration complete (../src/amf/gmm-sm.c:1050)
07/08 17:51:56.989: [amf] INFO: InitialUEMessage [suci-0-999-70-0000-0-0-8486353799] Registration request (../src/amf/ngap-handler.c:401)
07/08 17:51:57.015: [amf] INFO: [imsi-999708486353799] Registration complete (../src/amf/gmm-sm.c:1050)
07/08 17:52:18.318: [amf] INFO: InitialUEMessage [suci-0-999-70-0000-0-0-8350116435] Registration request (../src/amf/ngap-handler.c:401)
07/08 17:52:18.353: [amf] INFO: [imsi-999708350116435] Registration complete (../src/amf/gmm-sm.c:1050)
07/08 17:53:45.541: [amf] INFO: InitialUEMessage [suci-0-999-70-0000-0-0-3047766913] Registration request (../src/amf/ngap-handler.c:401)
07/08 17:53:45.586: [amf] INFO: [imsi-999703047766913] Registration complete (../src/amf/gmm-sm.c:1050)
07/08 17:54:02.854: [amf] INFO: InitialUEMessage [suci-0-999-70-0000-0-0-9912292523] Registration request (../src/amf/ngap-handler.c:401)
07/08 17:54:02.903: [amf] INFO: [imsi-999709912292523] Registration complete (../src/amf/gmm-sm.c:1050)
07/08 17:54:23.799: [amf] INFO: InitialUEMessage [suci-0-999-70-0000-0-0-2492536882] Registration request (../src/amf/ngap-handler.c:401)
07/08 17:54:23.844: [amf] INFO: [imsi-999702492536882] Registration complete (../src/amf/gmm-sm.c:1050)
07/08 17:55:57.548: [amf] INFO: InitialUEMessage [suci-0-999-70-0000-0-0-3672474305] Registration request (../src/amf/ngap-handler.c:401)
07/08 17:55:57.585: [amf] INFO: [imsi-999703672474305] Registration complete (../src/amf/gmm-sm.c:1050)
07/08 17:57:23.175: [amf] INFO: InitialUEMessage [suci-0-999-70-0000-0-0-3264329236] Registration request (../src/amf/ngap-handler.c:401)
07/08 17:57:23.229: [amf] INFO: [imsi-999703264329236] Registration complete (../src/amf/gmm-sm.c:1050)
07/08 17:57:55.366: [amf] INFO: InitialUEMessage [suci-0-999-70-0000-0-0-6809050517] Registration request (../src/amf/ngap-handler.c:401)
07/08 17:57:55.399: [amf] INFO: [imsi-999706809050517] Registration complete (../src/amf/gmm-sm.c:1050)
07/08 17:59:00.838: [amf] INFO: InitialUEMessage [suci-0-999-70-0000-0-0-2735152815] Registration request (../src/amf/ngap-handler.c:401)
07/08 17:59:00.887: [amf] INFO: [imsi-999702735152815] Registration complete (../src/amf/gmm-sm.c:1050)
07/08 17:59:03.036: [amf] INFO: InitialUEMessage [suci-0-999-70-0000-0-0-5524363980] Registration request (../src/amf/ngap-handler.c:401)
07/08 17:59:03.077: [amf] INFO: [imsi-999705524363980] Registration complete (../src/amf/gmm-sm.c:1050)
07/08 17:59:03.367: [amf] INFO: InitialUEMessage [suci-0-999-70-0000-0-0-2300821337] Registration request (../src/amf/ngap-handler.c:401)
07/08 17:59:03.419: [amf] INFO: [imsi-999702300821337] Registration complete (../src/amf/gmm-sm.c:1050)
07/08 17:59:21.517: [amf] INFO: InitialUEMessage [suci-0-999-70-0000-0-0-3630536342] Registration request (../src/amf/ngap-handler.c:401)
07/08 17:59:21.550: [amf] INFO: [imsi-999703630536342] Registration complete (../src/amf/gmm-sm.c:1050)
07/08 18:00:41.640: [amf] INFO: InitialUEMessage [suci-0-999-70-0000-0-0-7944135669] Registration request (../src/amf/ngap-handler.c:401)
07/08 18:00:41.674: [amf] INFO: [imsi-999707944135669] Registration complete (../src/amf/gmm-sm.c:1050)
07/08 18:00:45.778: [amf] INFO: InitialUEMessage [suci-0-999-70-0000-0-0-9337671541] Registration request (../src/amf/ngap-handler.c:401)
07/08 18:00:45.809: [amf] INFO: [imsi-999709337671541] Registration complete (../src/amf/gmm-sm.c:1050)
07/08 18:00:47.388: [amf] INFO: InitialUEMessage [suci-0-999-70-0000-0-0-9609300348] Registration request (../src/amf/ngap-handler.c:401)
07/08 18:00:47.437: [amf] INFO: [imsi-999709609300348] Registration complete (../src/amf/gmm-sm.c:1050)
07/08 18:00:57.624: [amf] INFO: InitialUEMessage [suci-0-999-70-0000-0-0-1031889803] Registration request (../src/amf/ngap-handler.c:401)
07/08 18:00:57.656: [amf] INFO: [imsi-999701031889803] Registration complete (../src/amf/gmm-sm.c:1050)
07/08 18:02:31.574: [amf] INFO: InitialUEMessage [suci-0-999-70-0000-0-0-3162221986] Registration request (../src/amf/ngap-handler.c:401)
07/08 18:02:31.628: [amf] INFO: [imsi-999703162221986] Registration complete (../src/amf/gmm-sm.c:1050)
07/08 18:04:12.691: [amf] INFO: InitialUEMessage [suci-0-999-70-0000-0-0-9043801178] Registration request (../src/amf/ngap-handler.c:401)
07/08 18:04:12.741: [amf] INFO: [imsi-999709043801178] Registration complete (../src/amf/gmm-sm.c:1050)
07/08 18:04:40.743: [amf] INFO: InitialUEMessage [suci-0-999-70-0000-0-0-3435388058] Registration request (../src/amf/ngap-handler.c:401)
07/08 18:04:40.789: [amf] INFO: [imsi-999703435388058] Registration complete (../src/amf/gmm-sm.c:1050)
07/08 18:05:53.117: [amf] INFO: InitialUEMessage [suci-0-999-70-0000-0-0-0450525057] Registration request (../src/amf/ngap-handler.c:401)
07/08 18:05:53.157: [amf] INFO: [imsi-999700450525057] Registration complete (../src/amf/gmm-sm.c:1050)
07/08 18:06:01.382: [amf] INFO: InitialUEMessage [suci-0-999-70-0000-0-0-9959946028] Registration request (../src/amf/ngap-handler.c:401)
07/08 18:06:01.427: [amf] INFO: [imsi-999709959946028] Registration complete (../src/amf/gmm-sm.c:1050)
07/08 18:06:14.291: [amf] INFO: InitialUEMessage [suci-0-999-70-0000-0-0-7980124221] Registration request (../src/amf/ngap-handler.c:401)
07/08 18:06:14.335: [amf] INFO: [imsi-999707980124221] Registration complete (../src/amf/gmm-sm.c:1050)
07/08 18:06:54.843: [amf] INFO: InitialUEMessage [suci-0-999-70-0000-0-0-1791422211] Registration request (../src/amf/ngap-handler.c:401)
07/08 18:06:54.887: [amf] INFO: [imsi-999701791422211] Registration complete (../src/amf/gmm-sm.c:1050)
07/08 18:06:59.911: [amf] INFO: InitialUEMessage [suci-0-999-70-0000-0-0-9274952365] Registration request (../src/amf/ngap-handler.c:401)
07/08 18:06:59.961: [amf] INFO: [imsi-999709274952365] Registration complete (../src/amf/gmm-sm.c:1050)
07/08 18:07:11.212: [amf] INFO: InitialUEMessage [suci-0-999-70-0000-0-0-7363789470] Registration request (../src/amf/ngap-handler.c:401)
07/08 18:07:11.257: [amf] INFO: [imsi-999707363789470] Registration complete (../src/amf/gmm-sm.c:1050)
07/08 18:07:56.709: [amf] INFO: InitialUEMessage [suci-0-999-70-0000-0-0-2589595467] Registration request (../src/amf/ngap-handler.c:401)
07/08 18:07:56.743: [amf] INFO: [imsi-999702589595467] Registration complete (../src/amf/gmm-sm.c:1050)
07/08 18:08:19.607: [amf] INFO: InitialUEMessage [suci-0-999-70-0000-0-0-6892862600] Registration request (../src/amf/ngap-handler.c:401)
07/08 18:08:19.643: [amf] INFO: [imsi-999706892862600] Registration complete (../src/amf/gmm-sm.c:1050)
07/08 18:08:24.747: [amf] INFO: InitialUEMessage [suci-0-999-70-0000-0-0-1237223712] Registration request (../src/amf/ngap-handler.c:401)
07/08 18:08:24.780: [amf] INFO: [imsi-999701237223712] Registration complete (../src/amf/gmm-sm.c:1050)
07/08 18:10:06.716: [amf] INFO: InitialUEMessage [suci-0-999-70-0000-0-0-5943356010] Registration request (../src/amf/ngap-handler.c:401)
07/08 18:10:06.764: [amf] INFO: [imsi-999705943356010] Registration complete (../src/amf/gmm-sm.c:1050)
07/08 18:10:30.495: [amf] INFO: InitialUEMessage [suci-0-999-70-0000-0-0-4115746165] Registration request (../src/amf/ngap-handler.c:401)
07/08 18:10:30.537: [amf] INFO: [imsi-999704115746165] Registration complete (../src/amf/gmm-sm.c:1050)
07/08 18:10:51.667: [amf] INFO: InitialUEMessage [suci-0-999-70-0000-0-0-3159068089] Registration request (../src/amf/ngap-handler.c:401)
07/08 18:10:51.726: [amf] INFO: [imsi-999703159068089] Registration complete (../src/amf/gmm-sm.c:1050)
07/08 18:13:08.662: [amf] INFO: InitialUEMessage [suci-0-999-70-0000-0-0-6388117676] Registration request (../src/amf/ngap-handler.c:401)
07/08 18:13:08.720: [amf] INFO: [imsi-999706388117676] Registration complete (../src/amf/gmm-sm.c:1050)
07/08 18:14:42.795: [amf] INFO: InitialUEMessage [suci-0-999-70-0000-0-0-9821730913] Registration request (../src/amf/ngap-handler.c:401)
07/08 18:14:42.832: [amf] INFO: [imsi-999709821730913] Registration complete (../src/amf/gmm-sm.c:1050)
07/08 18:15:03.920: [amf] INFO: InitialUEMessage [suci-0-999-70-0000-0-0-6174145253] Registration request (../src/amf/ngap-handler.c:401)
07/08 18:15:03.961: [amf] INFO: [imsi-999706174145253] Registration complete (../src/amf/gmm-sm.c:1050)
07/08 18:15:34.243: [amf] INFO: InitialUEMessage [suci-0-999-70-0000-0-0-5456670468] Registration request (../src/amf/ngap-handler.c:401)
07/08 18:15:34.282: [amf] INFO: [imsi-999705456670468] Registration complete (../src/amf/gmm-sm.c:1050)
07/08 18:15:37.165: [amf] INFO: InitialUEMessage [suci-0-999-70-0000-0-0-4888899799] Registration request (../src/amf/ngap-handler.c:401)
07/08 18:15:37.227: [amf] INFO: [imsi-999704888899799] Registration complete (../src/amf/gmm-sm.c:1050)
07/08 18:16:17.290: [amf] INFO: InitialUEMessage [suci-0-999-70-0000-0-0-3457125223] Registration request (../src/amf/ngap-handler.c:401)
07/08 18:16:17.335: [amf] INFO: [imsi-999703457125223] Registration complete (../src/amf/gmm-sm.c:1050)
07/08 18:16:57.649: [amf] INFO: InitialUEMessage [suci-0-999-70-0000-0-0-9270764030] Registration request (../src/amf/ngap-handler.c:401)
07/08 18:16:57.696: [amf] INFO: [imsi-999709270764030] Registration complete (../src/amf/gmm-sm.c:1050)
07/08 18:17:54.995: [amf] INFO: InitialUEMessage [suci-0-999-70-0000-0-0-5089737510] Registration request (../src/amf/ngap-handler.c:401)
07/08 18:17:55.039: [amf] INFO: [imsi-999705089737510] Registration complete (../src/amf/gmm-sm.c:1050)
07/08 18:18:28.003: [amf] INFO: InitialUEMessage [suci-0-999-70-0000-0-0-5893589188] Registration request (../src/amf/ngap-handler.c:401)
07/08 18:18:28.059: [amf] INFO: [imsi-999705893589188] Registration complete (../src/amf/gmm-sm.c:1050)
07/08 18:18:34.185: [amf] INFO: InitialUEMessage [suci-0-999-70-0000-0-0-5788869609] Registration request (../src/amf/ngap-handler.c:401)
07/08 18:18:34.238: [amf] INFO: [imsi-999705788869609] Registration complete (../src/amf/gmm-sm.c:1050)
07/08 18:19:58.990: [amf] INFO: InitialUEMessage [suci-0-999-70-0000-0-0-8853316202] Registration request (../src/amf/ngap-handler.c:401)
07/08 18:19:59.042: [amf] INFO: [imsi-999708853316202] Registration complete (../src/amf/gmm-sm.c:1050)
07/08 18:20:12.554: [amf] INFO: InitialUEMessage [suci-0-999-70-0000-0-0-9148955376] Registration request (../src/amf/ngap-handler.c:401)
07/08 18:20:12.594: [amf] INFO: [imsi-999709148955376] Registration complete (../src/amf/gmm-sm.c:1050)
07/08 18:20:21.492: [amf] INFO: InitialUEMessage [suci-0-999-70-0000-0-0-5624114633] Registration request (../src/amf/ngap-handler.c:401)
07/08 18:20:21.528: [amf] INFO: [imsi-999705624114633] Registration complete (../src/amf/gmm-sm.c:1050)
07/08 18:22:42.360: [amf] INFO: InitialUEMessage [suci-0-999-70-0000-0-0-6919549520] Registration request (../src/amf/ngap-handler.c:401)
07/08 18:22:42.405: [amf] INFO: [imsi-999706919549520] Registration complete (../src/amf/gmm-sm.c:1050)
07/08 18:24:19.289: [amf] INFO: InitialUEMessage [suci-0-999-70-0000-0-0-9640105596] Registration request (../src/amf/ngap-handler.c:401)
07/08 18:24:19.334: [amf] INFO: [imsi-999709640105596] Registration complete (../src/amf/gmm-sm.c:1050)
07/08 18:24:35.904: [amf] INFO: InitialUEMessage [suci-0-999-70-0000-0-0-0834126578] Registration request (../src/amf/ngap-handler.c:401)
07/08 18:24:35.935: [amf] INFO: [imsi-999700834126578] Registration complete (../src/amf/gmm-sm.c:1050)
07/08 18:26:00.709: [amf] INFO: InitialUEMessage [suci-0-999-70-0000-0-0-9240896900] Registration request (../src/amf/ngap-handler.c:401)
07/08 18:26:00.754: [amf] INFO: [imsi-999709240896900] Registration complete (../src/amf/gmm-sm.c:1050)
07/08 18:26:12.418: [amf] INFO: InitialUEMessage [suci-0-999-70-0000-0-0-0407925125] Registration request (../src/amf/ngap-handler.c:401)
07/08 18:26:12.460: [amf] INFO: [imsi-999700407925125] Registration complete (../src/amf/gmm-sm.c:1050)
07/08 18:27:00.900: [amf] INFO: InitialUEMessage [suci-0-999-70-0000-0-0-7950067000] Registration request (../src/amf/ngap-handler.c:401)
07/08 18:27:00.949: [amf] INFO: [imsi-999707950067000] Registration complete (../src/amf/gmm-sm.c:1050)
07/08 18:27:11.196: [amf] INFO: InitialUEMessage [suci-0-999-70-0000-0-0-4742605623] Registration request (../src/amf/ngap-handler.c:401)
07/08 18:27:11.245: [amf] INFO: [imsi-999704742605623] Registration complete (../src/amf/gmm-sm.c:1050)
07/08 18:27:12.195: [amf] INFO: InitialUEMessage [suci-0-999-70-0000-0-0-3655780601] Registration request (../src/amf/ngap-handler.c:401)
07/08 18:27:12.243: [amf] INFO: [imsi-999703655780601] Registration complete (../src/amf/gmm-sm.c:1050)
07/08 18:29:23.698: [amf] INFO: InitialUEMessage [suci-0-999-70-0000-0-0-8487528185] Registration request (../src/amf/ngap-handler.c:401)
07/08 18:29:23.746: [amf] INFO: [imsi-999708487528185] Registration complete (../src/amf/gmm-sm.c:1050)
07/08 18:29:41.249: [amf] INFO: InitialUEMessage [suci-0-999-70-0000-0-0-1550933987] Registration request (../src/amf/ngap-handler.c:401)
07/08 18:29:41.290: [amf] INFO: [imsi-999701550933987] Registration complete (../src/amf/gmm-sm.c:1050)
07/08 18:30:48.132: [amf] INFO: InitialUEMessage [suci-0-999-70-0000-0-0-7537519219] Registration request (../src/amf/ngap-handler.c:401)
07/08 18:30:48.162: [amf] INFO: [imsi-999707537519219] Registration complete (../src/amf/gmm-sm.c:1050)
07/08 18:31:10.912: [amf] INFO: InitialUEMessage [suci-0-999-70-0000-0-0-6391559119] Registration request (../src/amf/ngap-handler.c:401)
07/08 18:31:10.957: [amf] INFO: [imsi-999706391559119] Registration complete (../src/amf/gmm-sm.c:1050)
07/08 18:31:18.483: [amf] INFO: InitialUEMessage [suci-0-999-70-0000-0-0-1449128453] Registration request (../src/amf/ngap-handler.c:401)
07/08 18:31:18.525: [amf] INFO: [imsi-999701449128453] Registration complete (../src/amf/gmm-sm.c:1050)
07/08 18:32:46.978: [amf] INFO: InitialUEMessage [suci-0-999-70-0000-0-0-3112084491] Registration request (../src/amf/ngap-handler.c:401)
07/08 18:32:47.016: [amf] INFO: [imsi-999703112084491] Registration complete (../src/amf/gmm-sm.c:1050)
07/08 18:33:37.816: [amf] INFO: InitialUEMessage [suci-0-999-70-0000-0-0-4739590744] Registration request (../src/amf/ngap-handler.c:401)
07/08 18:33:37.870: [amf] INFO: [imsi-999704739590744] Registration complete (../src/amf/gmm-sm.c:1050)
07/08 18:34:22.290: [amf] INFO: InitialUEMessage [suci-0-999-70-0000-0-0-1981787132] Registration request (../src/amf/ngap-handler.c:401)
07/08 18:34:22.343: [amf] INFO: [imsi-999701981787132] Registration complete (../src/amf/gmm-sm.c:1050)
07/08 18:35:28.604: [amf] INFO: InitialUEMessage [suci-0-999-70-0000-0-0-7013246407] Registration request (../src/amf/ngap-handler.c:401)
07/08 18:35:28.652: [amf] INFO: [imsi-999707013246407] Registration complete (../src/amf/gmm-sm.c:1050)
07/08 18:36:09.358: [amf] INFO: InitialUEMessage [suci-0-999-70-0000-0-0-5388815821] Registration request (../src/amf/ngap-handler.c:401)
07/08 18:36:09.392: [amf] INFO: [imsi-999705388815821] Registration complete (../src/amf/gmm-sm.c:1050)
07/08 18:36:24.937: [amf] INFO: InitialUEMessage [suci-0-999-70-0000-0-0-7677411758] Registration request (../src/amf/ngap-handler.c:401)
07/08 18:36:24.999: [amf] INFO: [imsi-999707677411758] Registration complete (../src/amf/gmm-sm.c:1050)
07/08 18:37:18.341: [amf] INFO: InitialUEMessage [suci-0-999-70-0000-0-0-9942559720] Registration request (../src/amf/ngap-handler.c:401)
07/08 18:37:18.377: [amf] INFO: [imsi-999709942559720] Registration complete (../src/amf/gmm-sm.c:1050)
07/08 18:37:31.224: [amf] INFO: InitialUEMessage [suci-0-999-70-0000-0-0-4852866434] Registration request (../src/amf/ngap-handler.c:401)
07/08 18:37:31.266: [amf] INFO: [imsi-999704852866434] Registration complete (../src/amf/gmm-sm.c:1050)
07/08 18:37:48.596: [amf] INFO: InitialUEMessage [suci-0-999-70-0000-0-0-2591674492] Registration request (../src/amf/ngap-handler.c:401)
07/08 18:37:48.635: [amf] INFO: [imsi-999702591674492] Registration complete (../src/amf/gmm-sm.c:1050)
07/08 18:38:11.459: [amf] INFO: InitialUEMessage [suci-0-999-70-0000-0-0-9144220713] Registration request (../src/amf/ngap-handler.c:401)
07/08 18:38:11.495: [amf] INFO: [imsi-999709144220713] Registration complete (../src/amf/gmm-sm.c:1050)
07/08 18:38:22.701: [amf] INFO: InitialUEMessage [suci-0-999-70-0000-0-0-6416006472] Registration request (../src/amf/ngap-handler.c:401)
07/08 18:38:22.765: [amf] INFO: [imsi-999706416006472] Registration complete (../src/amf/gmm-sm.c:1050)
07/08 18:39:54.589: [amf] INFO: InitialUEMessage [suci-0-999-70-0000-0-0-0198960833] Registration request (../src/amf/ngap-handler.c:401)
07/08 18:39:54.626: [amf] INFO: [imsi-999700198960833] Registration complete (../src/amf/gmm-sm.c:1050)
07/08 18:39:57.437: [amf] INFO: InitialUEMessage [suci-0-999-70-0000-0-0-0911105105] Registration request (../src/amf/ngap-handler.c:401)
07/08 18:39:57.490: [amf] INFO: [imsi-999700911105105] Registration complete (../src/amf/gmm-sm.c:1050)
07/08 18:41:00.396: [amf] INFO: InitialUEMessage [suci-0-999-70-0000-0-0-6019555204] Registration request (../src/amf/ngap-handler.c:401)
07/08 18:41:00.451: [amf] INFO: [imsi-999706019555204] Registration complete (../src/amf/gmm-sm.c:1050)
07/08 18:41:17.149: [amf] INFO: InitialUEMessage [suci-0-999-70-0000-0-0-3835828771] Registration request (../src/amf/ngap-handler.c:401)
07/08 18:41:17.203: [amf] INFO: [imsi-999703835828771] Registration complete (../src/amf/gmm-sm.c:1050)
07/08 18:41:19.890: [amf] INFO: InitialUEMessage [suci-0-999-70-0000-0-0-7643931992] Registration request (../src/amf/ngap-handler.c:401)
07/08 18:41:19.951: [amf] INFO: [imsi-999707643931992] Registration complete (../src/amf/gmm-sm.c:1050)
07/08 18:41:51.958: [amf] INFO: InitialUEMessage [suci-0-999-70-0000-0-0-3702743190] Registration request (../src/amf/ngap-handler.c:401)
07/08 18:41:51.977: [amf] INFO: [imsi-999703702743190] Registration complete (../src/amf/gmm-sm.c:1050)
07/08 18:43:23.218: [amf] INFO: InitialUEMessage [suci-0-999-70-0000-0-0-8584988711] Registration request (../src/amf/ngap-handler.c:401)
07/08 18:43:23.271: [amf] INFO: [imsi-999708584988711] Registration complete (../src/amf/gmm-sm.c:1050)
07/08 18:44:08.727: [amf] INFO: InitialUEMessage [suci-0-999-70-0000-0-0-1368705806] Registration request (../src/amf/ngap-handler.c:401)
07/08 18:44:08.772: [amf] INFO: [imsi-999701368705806] Registration complete (../src/amf/gmm-sm.c:1050)
07/08 18:45:52.509: [amf] INFO: InitialUEMessage [suci-0-999-70-0000-0-0-0773943341] Registration request (../src/amf/ngap-handler.c:401)
07/08 18:45:52.535: [amf] INFO: [imsi-999700773943341] Registration complete (../src/amf/gmm-sm.c:1050)
07/08 18:47:35.507: [amf] INFO: InitialUEMessage [suci-0-999-70-0000-0-0-7576684969] Registration request (../src/amf/ngap-handler.c:401)
07/08 18:47:35.547: [amf] INFO: [imsi-999707576684969] Registration complete (../src/amf/gmm-sm.c:1050)
07/08 18:47:38.395: [amf] INFO: InitialUEMessage [suci-0-999-70-0000-0-0-7772788495] Registration request (../src/amf/ngap-handler.c:401)
07/08 18:47:38.451: [amf] INFO: [imsi-999707772788495] Registration complete (../src/amf/gmm-sm.c:1050)
07/08 18:47:59.417: [amf] INFO: InitialUEMessage [suci-0-999-70-0000-0-0-2712517595] Registration request (../src/amf/ngap-handler.c:401)
07/08 18:47:59.435: [amf] INFO: [imsi-999702712517595] Registration complete (../src/amf/gmm-sm.c:1050)
07/08 18:48:08.610: [amf] INFO: InitialUEMessage [suci-0-999-70-0000-0-0-7070190915] Registration request (../src/amf/ngap-handler.c:401)
07/08 18:48:08.666: [amf] INFO: [imsi-999707070190915] Registration complete (../src/amf/gmm-sm.c:1050)
07/08 18:48:20.931: [amf] INFO: InitialUEMessage [suci-0-999-70-0000-0-0-5629476129] Registration request (../src/amf/ngap-handler.c:401)
07/08 18:48:20.975: [amf] INFO: [imsi-999705629476129] Registration complete (../src/amf/gmm-sm.c:1050)
07/08 18:48:44.640: [amf] INFO: InitialUEMessage [suci-0-999-70-0000-0-0-1404124379] Registration request (../src/amf/ngap-handler.c:401)
07/08 18:48:44.699: [amf] INFO: [imsi-999701404124379] Registration complete (../src/amf/gmm-sm.c:1050)
07/08 18:49:05.210: [amf] INFO: InitialUEMessage [suci-0-999-70-0000-0-0-6065861048] Registration request (../src/amf/ngap-handler.c:401)
07/08 18:49:05.237: [amf] INFO: [imsi-999706065861048] Registration complete (../src/amf/gmm-sm.c:1050)
07/08 18:49:15.953: [amf] INFO: InitialUEMessage [suci-0-999-70-0000-0-0-2089610215] Registration request (../src/amf/ngap-handler.c:401)
07/08 18:49:16.018: [amf] INFO: [imsi-999702089610215] Registration complete (../src/amf/gmm-sm.c:1050)
07/08 18:49:23.613: [amf] INFO: InitialUEMessage [suci-0-999-70-0000-0-0-1839419825] Registration request (../src/amf/ngap-handler.c:401)
07/08 18:49:23.646: [amf] INFO: [imsi-999701839419825] Registration complete (../src/amf/gmm-sm.c:1050)
07/08 18:49:29.698: [amf] INFO: InitialUEMessage [suci-0-999-70-0000-0-0-3104590902] Registration request (../src/amf/ngap-handler.c:401)
07/08 18:49:29.744: [amf] INFO: [imsi-999703104590902] Registration complete (../src/amf/gmm-sm.c:1050)
07/08 18:49:51.795: [amf] INFO: InitialUEMessage [suci-0-999-70-0000-0-0-3734968735] Registration request (../src/amf/ngap-handler.c:401)
07/08 18:49:51.856: [amf] INFO: [imsi-999703734968735] Registration complete (../src/amf/gmm-sm.c:1050)
07/08 18:50:00.836: [amf] INFO: InitialUEMessage [suci-0-999-70-0000-0-0-0485500190] Registration request (../src/amf/ngap-handler.c:401)
07/08 18:50:00.871: [amf] INFO: [imsi-999700485500190] Registration complete (../src/amf/gmm-sm.c:1050)
07/08 18:51:14.207: [amf] INFO: InitialUEMessage [suci-0-999-70-0000-0-0-2894455558] Registration request (../src/amf/ngap-handler.c:401)
07/08 18:51:14.253: [amf] INFO: [imsi-999702894455558] Registration complete (../src/amf/gmm-sm.c:1050)
07/08 18:51:32.458: [amf] INFO: InitialUEMessage [suci-0-999-70-0000-0-0-3333050739] Registration request (../src/amf/ngap-handler.c:401)
07/08 18:51:32.493: [amf] INFO: [imsi-999703333050739] Registration complete (../src/amf/gmm-sm.c:1050)
07/08 18:53:10.537: [amf] INFO: InitialUEMessage [suci-0-999-70-0000-0-0-8542954361] Registration request (../src/amf/ngap-handler.c:401)
07/08 18:53:10.564: [amf] INFO: [imsi-999708542954361] Registration complete (../src/amf/gmm-sm.c:1050)
07/08 18:57:03.948: [amf] INFO: InitialUEMessage [suci-0-999-70-0000-0-0-8329427100] Registration request (../src/amf/ngap-handler.c:401)
07/08 18:57:03.987: [amf] INFO: [imsi-999708329427100] Registration complete (../src/amf/gmm-sm.c:1050)
07/08 18:57:06.051: [amf] INFO: InitialUEMessage [suci-0-999-70-0000-0-0-0545016029] Registration request (../src/amf/ngap-handler.c:401)
07/08 18:57:06.096: [amf] INFO: [imsi-999700545016029] Registration complete (../src/amf/gmm-sm.c:1050)
07/08 18:57:10.847: [amf] INFO: InitialUEMessage [suci-0-999-70-0000-0-0-3681119781] Registration request (../src/amf/ngap-handler.c:401)
07/08 18:57:10.904: [amf] INFO: [imsi-999703681119781] Registration complete (../src/amf/gmm-sm.c:1050)
07/08 18:57:43.190: [amf] INFO: InitialUEMessage [suci-0-999-70-0000-0-0-2626513856] Registration request (../src/amf/ngap-handler.c:401)
07/08 18:57:43.230: [amf] INFO: [imsi-999702626513856] Registration complete (../src/amf/gmm-sm.c:1050)
07/08 18:58:29.932: [amf] INFO: InitialUEMessage [suci-0-999-70-0000-0-0-9304122857] Registration request (../src/amf/ngap-handler.c:401)
07/08 18:58:29.967: [amf] INFO: [imsi-999709304122857] Registration complete (../src/amf/gmm-sm.c:1050)
07/08 18:59:13.025: [amf] INFO: InitialUEMessage [suci-0-999-70-0000-0-0-9912087058] Registration request (../src/amf/ngap-handler.c:401)
07/08 18:59:13.069: [amf] INFO: [imsi-999709912087058] Registration complete (../src/amf/gmm-sm.c:1050)
07/08 18:59:25.077: [amf] INFO: InitialUEMessage [suci-0-999-70-0000-0-0-8300749984] Registration request (../src/amf/ngap-handler.c:401)
07/08 18:59:25.122: [amf] INFO: [imsi-999708300749984] Registration complete (../src/amf/gmm-sm.c:1050)
07/08 18:59:34.192: [amf] INFO: InitialUEMessage [suci-0-999-70-0000-0-0-5263919601] Registration request (../src/amf/ngap-handler.c:401)
07/08 18:59:34.233: [amf] INFO: [imsi-999705263919601] Registration complete (../src/amf/gmm-sm.c:1050)
07/08 19:00:53.395: [amf] INFO: InitialUEMessage [suci-0-999-70-0000-0-0-8748371554] Registration request (../src/amf/ngap-handler.c:401)
07/08 19:00:53.447: [amf] INFO: [imsi-999708748371554] Registration complete (../src/amf/gmm-sm.c:1050)
07/08 19:01:12.710: [amf] INFO: InitialUEMessage [suci-0-999-70-0000-0-0-9623194988] Registration request (../src/amf/ngap-handler.c:401)
07/08 19:01:12.757: [amf] INFO: [imsi-999709623194988] Registration complete (../src/amf/gmm-sm.c:1050)
07/08 19:01:32.046: [amf] INFO: InitialUEMessage [suci-0-999-70-0000-0-0-8762252182] Registration request (../src/amf/ngap-handler.c:401)
07/08 19:01:32.079: [amf] INFO: [imsi-999708762252182] Registration complete (../src/amf/gmm-sm.c:1050)
07/08 19:03:05.155: [amf] INFO: InitialUEMessage [suci-0-999-70-0000-0-0-5780159036] Registration request (../src/amf/ngap-handler.c:401)
07/08 19:03:05.193: [amf] INFO: [imsi-999705780159036] Registration complete (../src/amf/gmm-sm.c:1050)
07/08 19:03:17.420: [amf] INFO: InitialUEMessage [suci-0-999-70-0000-0-0-3909737746] Registration request (../src/amf/ngap-handler.c:401)
07/08 19:03:17.461: [amf] INFO: [imsi-999703909737746] Registration complete (../src/amf/gmm-sm.c:1050)
07/08 19:03:31.714: [amf] INFO: InitialUEMessage [suci-0-999-70-0000-0-0-9931501368] Registration request (../src/amf/ngap-handler.c:401)
07/08 19:03:31.768: [amf] INFO: [imsi-999709931501368] Registration complete (../src/amf/gmm-sm.c:1050)
07/08 19:04:39.204: [amf] INFO: InitialUEMessage [suci-0-999-70-0000-0-0-2515394442] Registration request (../src/amf/ngap-handler.c:401)
07/08 19:04:39.235: [amf] INFO: [imsi-999702515394442] Registration complete (../src/amf/gmm-sm.c:1050)
07/08 19:04:44.621: [amf] INFO: InitialUEMessage [suci-0-999-70-0000-0-0-7959004107] Registration request (../src/amf/ngap-handler.c:401)
07/08 19:04:44.657: [amf] INFO: [imsi-999707959004107] Registration complete (../src/amf/gmm-sm.c:1050)
07/08 19:06:16.921: [amf] INFO: InitialUEMessage [suci-0-999-70-0000-0-0-2636419367] Registration request (../src/amf/ngap-handler.c:401)
07/08 19:06:16.970: [amf] INFO: [imsi-999702636419367] Registration complete (../src/amf/gmm-sm.c:1050)
07/08 19:06:29.801: [amf] INFO: InitialUEMessage [suci-0-999-70-0000-0-0-8019945247] Registration request (../src/amf/ngap-handler.c:401)
07/08 19:06:29.843: [amf] WARNING: [imsi-999708019945247] Registration reject (../src/amf/gmm-handler.c:230)
07/08 19:06:38.881: [amf] INFO: InitialUEMessage [suci-0-999-70-0000-0-0-9397147207] Registration request (../src/amf/ngap-handler.c:401)
07/08 19:06:38.935: [amf] INFO: [imsi-999709397147207] Registration complete (../src/amf/gmm-sm.c:1050)
07/08 19:07:17.824: [amf] INFO: InitialUEMessage [suci-0-999-70-0000-0-0-8076733712] Registration request (../src/amf/ngap-handler.c:401)
07/08 19:07:17.870: [amf] INFO: [imsi-999708076733712] Registration complete (../src/amf/gmm-sm.c:1050)
07/08 19:07:44.938: [amf] INFO: InitialUEMessage [suci-0-999-70-0000-0-0-2773673171] Registration request (../src/amf/ngap-handler.c:401)
07/08 19:07:44.962: [amf] INFO: [imsi-999702773673171] Registration complete (../src/amf/gmm-sm.c:1050)
07/08 19:08:56.533: [amf] INFO: InitialUEMessage [suci-0-999-70-0000-0-0-9432204867] Registration request (../src/amf/ngap-handler.c:401)
07/08 19:08:56.585: [amf] INFO: [imsi-999709432204867] Registration complete (../src/amf/gmm-sm.c:1050)
07/08 19:10:04.996: [amf] INFO: InitialUEMessage [suci-0-999-70-0000-0-0-7164254670] Registration request (../src/amf/ngap-handler.c:401)
07/08 19:10:05.040: [amf] INFO: [imsi-999707164254670] Registration complete (../src/amf/gmm-sm.c:1050)
07/08 19:11:10.643: [amf] INFO: InitialUEMessage [suci-0-999-70-0000-0-0-6894882017] Registration request (../src/amf/ngap-handler.c:401)
07/08 19:11:10.686: [amf] INFO: [imsi-999706894882017] Registration complete (../src/amf/gmm-sm.c:1050)
07/08 19:12:27.116: [amf] INFO: InitialUEMessage [suci-0-999-70-0000-0-0-5010256131] Registration request (../src/amf/ngap-handler.c:401)
07/08 19:12:27.165: [amf] INFO: [imsi-999705010256131] Registration complete (../src/amf/gmm-sm.c:1050)
07/08 19:12:54.364: [amf] INFO: InitialUEMessage [suci-0-999-70-0000-0-0-1172269676] Registration request (../src/amf/ngap-handler.c:401)
07/08 19:12:54.426: [amf] INFO: [imsi-999701172269676] Registration complete (../src/amf/gmm-sm.c:1050)
07/08 19:14:43.429: [amf] INFO: InitialUEMessage [suci-0-999-70-0000-0-0-3259093401] Registration request (../src/amf/ngap-handler.c:401)
07/08 19:14:43.470: [amf] INFO: [imsi-999703259093401] Registration complete (../src/amf/gmm-sm.c:1050)
07/08 19:16:15.766: [amf] INFO: InitialUEMessage [suci-0-999-70-0000-0-0-2818354685] Registration request (../src/amf/ngap-handler.c:401)
07/08 19:16:15.820: [amf] INFO: [imsi-999702818354685] Registration complete (../src/amf/gmm-sm.c:1050)
07/08 19:16:36.127: [amf] INFO: InitialUEMessage [suci-0-999-70-0000-0-0-6892055731] Registration request (../src/amf/ngap-handler.c:401)
07/08 19:16:36.181: [amf] INFO: [imsi-999706892055731] Registration complete (../src/amf/gmm-sm.c:1050)
07/08 19:17:36.535: [amf] INFO: InitialUEMessage [suci-0-999-70-0000-0-0-1685834068] Registration request (../src/amf/ngap-handler.c:401)
07/08 19:17:36.587: [amf] INFO: [imsi-999701685834068] Registration complete (../src/amf/gmm-sm.c:1050)
07/08 19:17:54.751: [amf] INFO: InitialUEMessage [suci-0-999-70-0000-0-0-7630769787] Registration request (../src/amf/ngap-handler.c:401)
07/08 19:17:54.783: [amf] INFO: [imsi-999707630769787] Registration complete (../src/amf/gmm-sm.c:1050)
07/08 19:18:30.668: [amf] INFO: InitialUEMessage [suci-0-999-70-0000-0-0-1221980581] Registration request (../src/amf/ngap-handler.c:401)
07/08 19:18:30.693: [amf] INFO: [imsi-999701221980581] Registration complete (../src/amf/gmm-sm.c:1050)
07/08 19:18:33.216: [amf] INFO: InitialUEMessage [suci-0-999-70-0000-0-0-8136930496] Registration request (../src/amf/ngap-handler.c:401)
07/08 19:18:33.281: [amf] WARNING: [imsi-999708136930496] Registration reject (../src/amf/gmm-handler.c:230)
07/08 19:18:47.290: [amf] INFO: InitialUEMessage [suci-0-999-70-0000-0-0-1386823509] Registration request (../src/amf/ngap-handler.c:401)
07/08 19:18:47.349: [amf] INFO: [imsi-999701386823509] Registration complete (../src/amf/gmm-sm.c:1050)
07/08 19:18:49.578: [amf] INFO: InitialUEMessage [suci-0-999-70-0000-0-0-5344453647] Registration request (../src/amf/ngap-handler.c:401)
07/08 19:18:49.636: [amf] INFO: [imsi-999705344453647] Registration complete (../src/amf/gmm-sm.c:1050)
07/08 19:20:07.042: [amf] INFO: InitialUEMessage [suci-0-999-70-0000-0-0-9880075139] Registration request (../src/amf/ngap-handler.c:401)
07/08 19:20:07.074: [amf] INFO: [imsi-999709880075139] Registration complete (../src/amf/gmm-sm.c:1050)
07/08 19:20:15.414: [amf] INFO: InitialUEMessage [suci-0-999-70-0000-0-0-2458790498] Registration request (../src/amf/ngap-handler.c:401)
07/08 19:20:15.461: [amf] INFO: [imsi-999702458790498] Registration complete (../src/amf/gmm-sm.c:1050)
07/08 19:21:03.209: [amf] INFO: InitialUEMessage [suci-0-999-70-0000-0-0-2180686783] Registration request (../src/amf/ngap-handler.c:401)
07/08 19:21:03.266: [amf] INFO: [imsi-999702180686783] Registration complete (../src/amf/gmm-sm.c:1050)
07/08 19:21:15.950: [amf] INFO: InitialUEMessage [suci-0-999-70-0000-0-0-2143957133] Registration request (../src/amf/ngap-handler.c:401)
07/08 19:21:15.979: [amf] INFO: [imsi-999702143957133] Registration complete (../src/amf/gmm-sm.c:1050)
07/08 19:23:09.462: [amf] INFO: InitialUEMessage [suci-0-999-70-0000-0-0-1398365277] Registration request (../src/amf/ngap-handler.c:401)
07/08 19:23:09.521: [amf] INFO: [imsi-999701398365277] Registration complete (../src/amf/gmm-sm.c:1050)
07/08 19:24:33.998: [amf] INFO: InitialUEMessage [suci-0-999-70-0000-0-0-9941194228] Registration request (../src/amf/ngap-handler.c:401)
07/08 19:24:34.032: [amf] INFO: [imsi-999709941194228] Registration complete (../src/amf/gmm-sm.c:1050)
07/08 19:25:18.844: [amf] INFO: InitialUEMessage [suci-0-999-70-0000-0-0-7811312379] Registration request (../src/amf/ngap-handler.c:401)
07/08 19:25:18.873: [amf] INFO: [imsi-999707811312379] Registration complete (../src/amf/gmm-sm.c:1050)
07/08 19:26:07.069: [amf] INFO: InitialUEMessage [suci-0-999-70-0000-0-0-1835256975] Registration request (../src/amf/ngap-handler.c:401)
07/08 19:26:07.119: [amf] INFO: [imsi-999701835256975] Registration complete (../src/amf/gmm-sm.c:1050)
07/08 19:26:13.208: [amf] INFO: InitialUEMessage [suci-0-999-70-0000-0-0-8266758784] Registration request (../src/amf/ngap-handler.c:401)
07/08 19:26:13.245: [amf] INFO: [imsi-999708266758784] Registration complete (../src/amf/gmm-sm.c:1050)
07/08 19:28:43.746: [amf] INFO: InitialUEMessage [suci-0-999-70-0000-0-0-0944989645] Registration request (../src/amf/ngap-handler.c:401)
07/08 19:28:43.790: [amf] INFO: [imsi-999700944989645] Registration complete (../src/amf/gmm-sm.c:1050)
07/08 19:29:10.730: [amf] INFO: InitialUEMessage [suci-0-999-70-0000-0-0-3907258717] Registration request (../src/amf/ngap-handler.c:401)
07/08 19:29:10.787: [amf] INFO: [imsi-999703907258717] Registration complete (../src/amf/gmm-sm.c:1050)
07/08 19:31:24.074: [amf] INFO: InitialUEMessage [suci-0-999-70-0000-0-0-7119897396] Registration request (../src/amf/ngap-handler.c:401)
07/08 19:31:24.098: [amf] INFO: [imsi-999707119897396] Registration complete (../src/amf/gmm-sm.c:1050)
07/08 19:32:14.513: [amf] INFO: InitialUEMessage [suci-0-999-70-0000-0-0-3215254604] Registration request (../src/amf/ngap-handler.c:401)
07/08 19:32:14.550: [amf] INFO: [imsi-999703215254604] Registration complete (../src/amf/gmm-sm.c:1050)
07/08 19:32:29.506: [amf] INFO: InitialUEMessage [suci-0-999-70-0000-0-0-2731881383] Registration request (../src/amf/ngap-handler.c:401)
07/08 19:32:29.547: [amf] INFO: [imsi-999702731881383] Registration complete (../src/amf/gmm-sm.c:1050)
07/08 19:35:06.770: [amf] INFO: InitialUEMessage [suci-0-999-70-0000-0-0-5178760784] Registration request (../src/amf/ngap-handler.c:401)
07/08 19:35:06.823: [amf] INFO: [imsi-999705178760784] Registration complete (../src/amf/gmm-sm.c:1050)
07/08 19:36:02.967: [amf] INFO: InitialUEMessage [suci-0-999-70-0000-0-0-5300640166] Registration request (../src/amf/ngap-handler.c:401)
07/08 19:36:03.018: [amf] INFO: [imsi-999705300640166] Registration complete (../src/amf/gmm-sm.c:1050)
07/08 19:36:09.239: [amf] INFO: InitialUEMessage [suci-0-999-70-0000-0-0-2204949071] Registration request (../src/amf/ngap-handler.c:401)
07/08 19:36:09.279: [amf] INFO: [imsi-999702204949071] Registration complete (../src/amf/gmm-sm.c:1050)
07/08 19:36:23.341: [amf] INFO: InitialUEMessage [suci-0-999-70-0000-0-0-9492052322] Registration request (../src/amf/ngap-handler.c:401)
07/08 19:36:23.383: [amf] INFO: [imsi-999709492052322] Registration complete (../src/amf/gmm-sm.c:1050)
07/08 19:37:46.241: [amf] INFO: InitialUEMessage [suci-0-999-70-0000-0-0-2044852368] Registration request (../src/amf/ngap-handler.c:401)
07/08 19:37:46.285: [amf] INFO: [imsi-999702044852368] Registration complete (../src/amf/gmm-sm.c:1050)
07/08 19:39:20.082: [amf] INFO: InitialUEMessage [suci-0-999-70-0000-0-0-3918990251] Registration request (../src/amf/ngap-handler.c:401)
07/08 19:39:20.108: [amf] INFO: [imsi-999703918990251] Registration complete (../src/amf/gmm-sm.c:1050)
07/08 19:39:20.241: [amf] WARNING: [imsi-999703918990251] PDU Session Establishment reject [PSI:1 Cause: Network failure] (../src/amf/nsmf-handler.c:520)
07/08 19:39:53.004: [amf] INFO: InitialUEMessage [suci-0-999-70-0000-0-0-3147634477] Registration request (../src/amf/ngap-handler.c:401)
07/08 19:39:53.038: [amf] INFO: [imsi-999703147634477] Registration complete (../src/amf/gmm-sm.c:1050)
07/08 19:40:24.572: [amf] INFO: InitialUEMessage [suci-0-999-70-0000-0-0-5307890078] Registration request (../src/amf/ngap-handler.c:401)
07/08 19:40:24.601: [amf] INFO: [imsi-999705307890078] Registration complete (../src/amf/gmm-sm.c:1050)
07/08 19:40:42.542: [amf] INFO: InitialUEMessage [suci-0-999-70-0000-0-0-7522173314] Registration request (../src/amf/ngap-handler.c:401)
07/08 19:40:42.586: [amf] INFO: [imsi-999707522173314] Registration complete (../src/amf/gmm-sm.c:1050)
07/08 19:41:29.507: [amf] INFO: InitialUEMessage [suci-0-999-70-0000-0-0-0837963031] Registration request (../src/amf/ngap-handler.c:401)
07/08 19:41:29.549: [amf] INFO: [imsi-999700837963031] Registration complete (../src/amf/gmm-sm.c:1050)
07/08 19:42:07.692: [amf] INFO: InitialUEMessage [suci-0-999-70-0000-0-0-1425566048] Registration request (../src/amf/ngap-handler.c:401)
07/08 19:42:07.747: [amf] INFO: [imsi-999701425566048] Registration complete (../src/amf/gmm-sm.c:1050)
07/08 19:43:17.632: [amf] INFO: InitialUEMessage [suci-0-999-70-0000-0-0-3235340397] Registration request (../src/amf/ngap-handler.c:401)
07/08 19:43:17.654: [amf] INFO: [imsi-999703235340397] Registration complete (../src/amf/gmm-sm.c:1050)
07/08 19:43:30.781: [amf] INFO: InitialUEMessage [suci-0-999-70-0000-0-0-5681875704] Registration request (../src/amf/ngap-handler.c:401)
07/08 19:43:30.801: [amf] INFO: [imsi-999705681875704] Registration complete (../src/amf/gmm-sm.c:1050)
07/08 19:45:21.473: [amf] INFO: InitialUEMessage [suci-0-999-70-0000-0-0-5807469813] Registration request (../src/amf/ngap-handler.c:401)
07/08 19:45:21.525: [amf] INFO: [imsi-999705807469813] Registration complete (../src/amf/gmm-sm.c:1050)
07/08 19:45:30.552: [amf] INFO: InitialUEMessage [suci-0-999-70-0000-0-0-4831575704] Registration request (../src/amf/ngap-handler.c:401)
07/08 19:45:30.593: [amf] INFO: [imsi-999704831575704] Registration complete (../src/amf/gmm-sm.c:1050)
07/08 19:46:35.368: [amf] INFO: InitialUEMessage [suci-0-999-70-0000-0-0-2735046266] Registration request (../src/amf/ngap-handler.c:401)
07/08 19:46:35.413: [amf] INFO: [imsi-999702735046266] Registration complete (../src/amf/gmm-sm.c:1050)
07/08 19:47:32.384: [amf] INFO: InitialUEMessage [suci-0-999-70-0000-0-0-0939884342] Registration request (../src/amf/ngap-handler.c:401)
07/08 19:47:32.430: [amf] INFO: [imsi-999700939884342] Registration complete (../src/amf/gmm-sm.c:1050)
07/08 19:47:47.702: [amf] INFO: InitialUEMessage [suci-0-999-70-0000-0-0-1518434750] Registration request (../src/amf/ngap-handler.c:401)
07/08 19:47:47.753: [amf] INFO: [imsi-999701518434750] Registration complete (../src/amf/gmm-sm.c:1050)
07/08 19:47:57.709: [amf] INFO: InitialUEMessage [suci-0-999-70-0000-0-0-0032065580] Registration request (../src/amf/ngap-handler.c:401)
07/08 19:47:57.750: [amf] INFO: [imsi-999700032065580] Registration complete (../src/amf/gmm-sm.c:1050)
07/08 19:48:12.632: [amf] INFO: InitialUEMessage [suci-0-999-70-0000-0-0-3798478807] Registration request (../src/amf/ngap-handler.c:401)
07/08 19:48:12.661: [amf] INFO: [imsi-999703798478807] Registration complete (../src/amf/gmm-sm.c:1050)
07/08 19:52:21.214: [amf] INFO: InitialUEMessage [suci-0-999-70-0000-0-0-1566281175] Registration request (../src/amf/ngap-handler.c:401)
07/08 19:52:21.255: [amf] INFO: [imsi-999701566281175] Registration complete (../src/amf/gmm-sm.c:1050)
07/08 19:52:26.030: [amf] INFO: InitialUEMessage [suci-0-999-70-0000-0-0-2909771376] Registration request (../src/amf/ngap-handler.c:401)
07/08 19:52:26.051: [amf] INFO: [imsi-999702909771376] Registration complete (../src/amf/gmm-sm.c:1050)
07/08 19:53:08.927: [amf] INFO: InitialUEMessage [suci-0-999-70-0000-0-0-5980397799] Registration request (../src/amf/ngap-handler.c:401)
07/08 19:53:08.989: [amf] INFO: [imsi-999705980397799] Registration complete (../src/amf/gmm-sm.c:1050)
07/08 19:54:06.472: [amf] INFO: InitialUEMessage [suci-0-999-70-0000-0-0-1584137533] Registration request (../src/amf/ngap-handler.c:401)
07/08 19:54:06.513: [amf] INFO: [imsi-999701584137533] Registration complete (../src/amf/gmm-sm.c:1050)
07/08 19:54:08.222: [amf] INFO: InitialUEMessage [suci-0-999-70-0000-0-0-7057905155] Registration request (../src/amf/ngap-handler.c:401)
07/08 19:54:08.251: [amf] INFO: [imsi-999707057905155] Registration complete (../src/amf/gmm-sm.c:1050)
07/08 19:54:27.382: [amf] INFO: InitialUEMessage [suci-0-999-70-0000-0-0-9765483665] Registration request (../src/amf/ngap-handler.c:401)
07/08 19:54:27.413: [amf] INFO: [imsi-999709765483665] Registration complete (../src/amf/gmm-sm.c:1050)
07/08 19:55:02.414: [amf] INFO: InitialUEMessage [suci-0-999-70-0000-0-0-3679732145] Registration request (../src/amf/ngap-handler.c:401)
07/08 19:55:02.467: [amf] INFO: [imsi-999703679732145] Registration complete (../src/amf/gmm-sm.c:1050)
07/08 19:55:26.431: [amf] INFO: InitialUEMessage [suci-0-999-70-0000-0-0-3213614414] Registration request (../src/amf/ngap-handler.c:401)
07/08 19:55:26.457: [amf] INFO: [imsi-999703213614414] Registration complete (../src/amf/gmm-sm.c:1050)
07/08 19:56:24.721: [amf] INFO: InitialUEMessage [suci-0-999-70-0000-0-0-3651239462] Registration request (../src/amf/ngap-handler.c:401)
07/08 19:56:24.769: [amf] INFO: [imsi-999703651239462] Registration complete (../src/amf/gmm-sm.c:1050)
07/08 19:57:55.133: [amf] INFO: InitialUEMessage [suci-0-999-70-0000-0-0-3101861938] Registration request (../src/amf/ngap-handler.c:401)
07/08 19:57:55.172: [amf] INFO: [imsi-999703101861938] Registration complete (../src/amf/gmm-sm.c:1050)
07/08 19:59:58.440: [amf] INFO: InitialUEMessage [suci-0-999-70-0000-0-0-2717250659] Registration request (../src/amf/ngap-handler.c:401)
07/08 19:59:58.485: [amf] INFO: [imsi-999702717250659] Registration complete (../src/amf/gmm-sm.c:1050)
07/08 20:01:03.084: [amf] INFO: InitialUEMessage [suci-0-999-70-0000-0-0-9607208341] Registration request (../src/amf/ngap-handler.c:401)
07/08 20:01:03.129: [amf] INFO: [imsi-999709607208341] Registration complete (../src/amf/gmm-sm.c:1050)
07/08 20:02:49.239: [amf] INFO: InitialUEMessage [suci-0-999-70-0000-0-0-8754505606] Registration request (../src/amf/ngap-handler.c:401)
07/08 20:02:49.283: [amf] INFO: [imsi-999708754505606] Registration complete (../src/amf/gmm-sm.c:1050)
07/08 20:02:49.414: [amf] INFO: InitialUEMessage [suci-0-999-70-0000-0-0-0523728290] Registration request (../src/amf/ngap-handler.c:401)
07/08 20:02:49.472: [amf] INFO: [imsi-999700523728290] Registration complete (../src/amf/gmm-sm.c:1050)
07/08 20:03:40.679: [amf] INFO: InitialUEMessage [suci-0-999-70-0000-0-0-5104971508] Registration request (../src/amf/ngap-handler.c:401)
07/08 20:03:40.736: [amf] INFO: [imsi-999705104971508] Registration complete (../src/amf/gmm-sm.c:1050)
07/08 20:04:15.071: [amf] INFO: InitialUEMessage [suci-0-999-70-0000-0-0-4898145332] Registration request (../src/amf/ngap-handler.c:401)
07/08 20:04:15.104: [amf] INFO: [imsi-999704898145332] Registration complete (../src/amf/gmm-sm.c:1050)
07/08 20:04:28.281: [amf] INFO: InitialUEMessage [suci-0-999-70-0000-0-0-4433254767] Registration request (../src/amf/ngap-handler.c:401)
07/08 20:04:28.344: [amf] INFO: [imsi-999704433254767] Registration complete (../src/amf/gmm-sm.c:1050)
07/08 20:07:29.724: [amf] INFO: InitialUEMessage [suci-0-999-70-0000-0-0-6044734059] Registration request (../src/amf/ngap-handler.c:401)
07/08 20:07:29.758: [amf] INFO: [imsi-999706044734059] Registration complete (../src/amf/gmm-sm.c:1050)
07/08 20:11:21.031: [amf] INFO: InitialUEMessage [suci-0-999-70-0000-0-0-5386952761] Registration request (../src/amf/ngap-handler.c:401)
07/08 20:11:21.087: [amf] INFO: [imsi-999705386952761] Registration complete (../src/amf/gmm-sm.c:1050)
07/08 20:11:25.498: [amf] INFO: InitialUEMessage [suci-0-999-70-0000-0-0-4771335980] Registration request (../src/amf/ngap-handler.c:401)
07/08 20:11:25.543: [amf] INFO: [imsi-999704771335980] Registration complete (../src/amf/gmm-sm.c:1050)
07/08 20:12:15.910: [amf] INFO: InitialUEMessage [suci-0-999-70-0000-0-0-6836019838] Registration request (../src/amf/ngap-handler.c:401)
07/08 20:12:15.947: [amf] INFO: [imsi-999706836019838] Registration complete (../src/amf/gmm-sm.c:1050)
07/08 20:12:22.228: [amf] INFO: InitialUEMessage [suci-0-999-70-0000-0-0-8813617966] Registration request (../src/amf/ngap-handler.c:401)
07/08 20:12:22.279: [amf] INFO: [imsi-999708813617966] Registration complete (../src/amf/gmm-sm.c:1050)
07/08 20:12:57.125: [amf] INFO: InitialUEMessage [suci-0-999-70-0000-0-0-8943813299] Registration request (../src/amf/ngap-handler.c:401)
07/08 20:12:57.170: [amf] INFO: [imsi-999708943813299] Registration complete (../src/amf/gmm-sm.c:1050)
07/08 20:13:32.596: [amf] INFO: InitialUEMessage [suci-0-999-70-0000-0-0-8835597748] Registration request (../src/amf/ngap-handler.c:401)
07/08 20:13:32.617: [amf] INFO: [imsi-999708835597748] Registration complete (../src/amf/gmm-sm.c:1050)
07/08 20:13:37.820: [amf] INFO: InitialUEMessage [suci-0-999-70-0000-0-0-7507173921] Registration request (../src/amf/ngap-handler.c:401)
07/08 20:13:37.858: [amf] INFO: [imsi-999707507173921] Registration complete (../src/amf/gmm-sm.c:1050)
07/08 20:14:34.281: [amf] INFO: InitialUEMessage [suci-0-999-70-0000-0-0-6084655531] Registration request (../src/amf/ngap-handler.c:401)
07/08 20:14:34.332: [amf] INFO: [imsi-999706084655531] Registration complete (../src/amf/gmm-sm.c:1050)
07/08 20:16:08.991: [amf] INFO: InitialUEMessage [suci-0-999-70-0000-0-0-7256223731] Registration request (../src/amf/ngap-handler.c:401)
07/08 20:16:09.040: [amf] INFO: [imsi-999707256223731] Registration complete (../src/amf/gmm-sm.c:1050)
07/08 20:16:38.460: [amf] INFO: InitialUEMessage [suci-0-999-70-0000-0-0-6138366837] Registration request (../src/amf/ngap-handler.c:401)
07/08 20:16:38.508: [amf] INFO: [imsi-999706138366837] Registration complete (../src/amf/gmm-sm.c:1050)
07/08 20:17:06.469: [amf] INFO: InitialUEMessage [suci-0-999-70-0000-0-0-0501990310] Registration request (../src/amf/ngap-handler.c:401)
07/08 20:17:06.499: [amf] INFO: [imsi-999700501990310] Registration complete (../src/amf/gmm-sm.c:1050)
07/08 20:17:36.807: [amf] INFO: InitialUEMessage [suci-0-999-70-0000-0-0-8600421824] Registration request (../src/amf/ngap-handler.c:401)
07/08 20:17:36.862: [amf] INFO: [imsi-999708600421824] Registration complete (../src/amf/gmm-sm.c:1050)
07/08 20:19:07.190: [amf] INFO: InitialUEMessage [suci-0-999-70-0000-0-0-6355322109] Registration request (../src/amf/ngap-handler.c:401)
07/08 20:19:07.228: [amf] INFO: [imsi-999706355322109] Registration complete (../src/amf/gmm-sm.c:1050)
07/08 20:19:55.976: [amf] INFO: InitialUEMessage [suci-0-999-70-0000-0-0-9414800942] Registration request (../src/amf/ngap-handler.c:401)
07/08 20:19:56.001: [amf] INFO: [imsi-999709414800942] Registration complete (../src/amf/gmm-sm.c:1050)
07/08 20:20:03.045: [amf] INFO: InitialUEMessage [suci-0-999-70-0000-0-0-8371012734] Registration request (../src/amf/ngap-handler.c:401)
07/08 20:20:03.077: [amf] INFO: [imsi-999708371012734] Registration complete (../src/amf/gmm-sm.c:1050)
07/08 20:21:23.654: [amf] INFO: InitialUEMessage [suci-0-999-70-0000-0-0-6984379724] Registration request (../src/amf/ngap-handler.c:401)
07/08 20:21:23.704: [amf] INFO: [imsi-999706984379724] Registration complete (../src/amf/gmm-sm.c:1050)
07/08 20:22:15.854: [amf] INFO: InitialUEMessage [suci-0-999-70-0000-0-0-1434385072] Registration request (../src/amf/ngap-handler.c:401)
07/08 20:22:15.897: [amf] INFO: [imsi-999701434385072] Registration complete (../src/amf/gmm-sm.c:1050)
07/08 20:24:11.471: [amf] INFO: InitialUEMessage [suci-0-999-70-0000-0-0-6921092830] Registration request (../src/amf/ngap-handler.c:401)
07/08 20:24:11.506: [amf] INFO: [imsi-999706921092830] Registration complete (../src/amf/gmm-sm.c:1050)
07/08 20:24:58.962: [amf] INFO: InitialUEMessage [suci-0-999-70-0000-0-0-0579798944] Registration request (../src/amf/ngap-handler.c:401)
07/08 20:24:59.030: [amf] INFO: [imsi-999700579798944] Registration complete (../src/amf/gmm-sm.c:1050)
07/08 20:25:51.430: [amf] INFO: InitialUEMessage [suci-0-999-70-0000-0-0-4492763801] Registration request (../src/amf/ngap-handler.c:401)
07/08 20:25:51.476: [amf] INFO: [imsi-999704492763801] Registration complete (../src/amf/gmm-sm.c:1050)
07/08 20:26:55.937: [amf] INFO: InitialUEMessage [suci-0-999-70-0000-0-0-4362137258] Registration request (../src/amf/ngap-handler.c:401)
07/08 20:26:55.963: [amf] INFO: [imsi-999704362137258] Registration complete (../src/amf/gmm-sm.c:1050)
07/08 20:27:21.191: [amf] INFO: InitialUEMessage [suci-0-999-70-0000-0-0-5750930751] Registration request (../src/amf/ngap-handler.c:401)
07/08 20:27:21.230: [amf] INFO: [imsi-999705750930751] Registration complete (../src/amf/gmm-sm.c:1050)
07/08 20:27:41.353: [amf] INFO: InitialUEMessage [suci-0-999-70-0000-0-0-4378026183] Registration request (../src/amf/ngap-handler.c:401)
07/08 20:27:41.385: [amf] INFO: [imsi-999704378026183] Registration complete (../src/amf/gmm-sm.c:1050)
07/08 20:28:05.477: [amf] INFO: InitialUEMessage [suci-0-999-70-0000-0-0-5959985308] Registration request (../src/amf/ngap-handler.c:401)
07/08 20:28:05.507: [amf] INFO: [imsi-999705959985308] Registration complete (../src/amf/gmm-sm.c:1050)
07/08 20:29:43.520: [amf] INFO: InitialUEMessage [suci-0-999-70-0000-0-0-1833415014] Registration request (../src/amf/ngap-handler.c:401)
07/08 20:29:43.566: [amf] INFO: [imsi-999701833415014] Registration complete (../src/amf/gmm-sm.c:1050)
07/08 20:31:37.856: [amf] INFO: NG Setup update from gNB-002: served cell removed (../src/amf/ngap-handler.c:250)
07/08 20:33:25.183: [amf] INFO: InitialUEMessage [suci-0-999-70-0000-0-0-4295031152] Registration request (../src/amf/ngap-handler.c:401)
07/08 20:33:25.237: [amf] INFO: [imsi-999704295031152] Registration complete (../src/amf/gmm-sm.c:1050)
07/08 20:34:16.689: [amf] INFO: InitialUEMessage [suci-0-999-70-0000-0-0-6573763616] Registration request (../src/amf/ngap-handler.c:401)
07/08 20:34:16.753: [amf] INFO: [imsi-999706573763616] Registration complete (../src/amf/gmm-sm.c:1050)
07/08 20:34:39.136: [amf] INFO: InitialUEMessage [suci-0-999-70-0000-0-0-9430253251] Registration request (../src/amf/ngap-handler.c:401)
07/08 20:34:39.181: [amf] INFO: [imsi-999709430253251] Registration complete (../src/amf/gmm-sm.c:1050)
07/08 20:35:23.313: [amf] INFO: InitialUEMessage [suci-0-999-70-0000-0-0-7354207188] Registration request (../src/amf/ngap-handler.c:401)
07/08 20:35:23.354: [amf] INFO: [imsi-999707354207188] Registration complete (../src/amf/gmm-sm.c:1050)
07/08 20:37:29.511: [amf] INFO: InitialUEMessage [suci-0-999-70-0000-0-0-3404137038] Registration request (../src/amf/ngap-handler.c:401)
07/08 20:37:29.567: [amf] INFO: [imsi-999703404137038] Registration complete (../src/amf/gmm-sm.c:1050)
07/08 20:37:45.089: [amf] INFO: InitialUEMessage [suci-0-999-70-0000-0-0-9748981983] Registration request (../src/amf/ngap-handler.c:401)
07/08 20:37:45.136: [amf] INFO: [imsi-999709748981983] Registration complete (../src/amf/gmm-sm.c:1050)
07/08 20:38:23.759: [amf] INFO: InitialUEMessage [suci-0-999-70-0000-0-0-1149667313] Registration request (../src/amf/ngap-handler.c:401)
07/08 20:38:23.799: [amf] INFO: [imsi-999701149667313] Registration complete (../src/amf/gmm-sm.c:1050)
07/08 20:41:37.660: [amf] INFO: InitialUEMessage [suci-0-999-70-0000-0-0-0188439328] Registration request (../src/amf/ngap-handler.c:401)
07/08 20:41:37.706: [amf] INFO: [imsi-999700188439328] Registration complete (../src/amf/gmm-sm.c:1050)
07/08 20:41:38.448: [amf] INFO: InitialUEMessage [suci-0-999-70-0000-0-0-0858764330] Registration request (../src/amf/ngap-handler.c:401)
07/08 20:41:38.503: [amf] INFO: [imsi-999700858764330] Registration complete (../src/amf/gmm-sm.c:1050)
07/08 20:41:45.856: [amf] INFO: InitialUEMessage [suci-0-999-70-0000-0-0-0805275136] Registration request (../src/amf/ngap-handler.c:401)
07/08 20:41:45.887: [amf] INFO: [imsi-999700805275136] Registration complete (../src/amf/gmm-sm.c:1050)
07/08 20:45:53.516: [amf] INFO: InitialUEMessage [suci-0-999-70-0000-0-0-9677860198] Registration request (../src/amf/ngap-handler.c:401)
07/08 20:45:53.543: [amf] INFO: [imsi-999709677860198] Registration complete (../src/amf/gmm-sm.c:1050)
07/08 20:51:07.555: [amf] INFO: InitialUEMessage [suci-0-999-70-0000-0-0-1141976649] Registration request (../src/amf/ngap-handler.c:401)
07/08 20:51:07.612: [amf] INFO: [imsi-999701141976649] Registration complete (../src/amf/gmm-sm.c:1050)
07/08 20:51:41.293: [amf] INFO: InitialUEMessage [suci-0-999-70-0000-0-0-7264726027] Registration request (../src/amf/ngap-handler.c:401)
07/08 20:51:41.350: [amf] INFO: [imsi-999707264726027] Registration complete (../src/amf/gmm-sm.c:1050)
07/08 20:52:02.673: [amf] INFO: InitialUEMessage [suci-0-999-70-0000-0-0-7889929022] Registration request (../src/amf/ngap-handler.c:401)
07/08 20:52:02.713: [amf] INFO: [imsi-999707889929022] Registration complete (../src/amf/gmm-sm.c:1050)
07/08 20:52:21.247: [amf] INFO: InitialUEMessage [suci-0-999-70-0000-0-0-5142274277] Registration request (../src/amf/ngap-handler.c:401)
07/08 20:52:21.291: [amf] INFO: [imsi-999705142274277] Registration complete (../src/amf/gmm-sm.c:1050)
07/08 20:53:20.956: [amf] INFO: InitialUEMessage [suci-0-999-70-0000-0-0-4831166618] Registration request (../src/amf/ngap-handler.c:401)
07/08 20:53:21.007: [amf] INFO: [imsi-999704831166618] Registration complete (../src/amf/gmm-sm.c:1050)
07/08 20:53:30.102: [amf] INFO: InitialUEMessage [suci-0-999-70-0000-0-0-6830156876] Registration request (../src/amf/ngap-handler.c:401)
07/08 20:53:30.158: [amf] INFO: [imsi-999706830156876] Registration complete (../src/amf/gmm-sm.c:1050)
07/08 20:54:14.582: [amf] INFO: InitialUEMessage [suci-0-999-70-0000-0-0-0506741352] Registration request (../src/amf/ngap-handler.c:401)
07/08 20:54:14.635: [amf] INFO: [imsi-999700506741352] Registration complete (../src/amf/gmm-sm.c:1050)
07/08 20:57:04.019: [amf] INFO: InitialUEMessage [suci-0-999-70-0000-0-0-0409748671] Registration request (../src/amf/ngap-handler.c:401)
07/08 20:57:04.069: [amf] INFO: [imsi-999700409748671] Registration complete (../src/amf/gmm-sm.c:1050)
07/08 20:57:19.755: [amf] INFO: InitialUEMessage [suci-0-999-70-0000-0-0-1668797831] Registration request (../src/amf/ngap-handler.c:401)
07/08 20:57:19.812: [amf] INFO: [imsi-999701668797831] Registration complete (../src/amf/gmm-sm.c:1050)
07/08 20:58:16.198: [amf] INFO: InitialUEMessage [suci-0-999-70-0000-0-0-4720844172] Registration request (../src/amf/ngap-handler.c:401)
07/08 20:58:16.253: [amf] INFO: [imsi-999704720844172] Registration complete (../src/amf/gmm-sm.c:1050)
07/08 20:58:42.854: [amf] INFO: InitialUEMessage [suci-0-999-70-0000-0-0-9103790688] Registration request (../src/amf/ngap-handler.c:401)
07/08 20:58:42.890: [amf] INFO: [imsi-999709103790688] Registration complete (../src/amf/gmm-sm.c:1050)
07/08 21:00:56.224: [amf] INFO: InitialUEMessage [suci-0-999-70-0000-0-0-0271441918] Registration request (../src/amf/ngap-handler.c:401)
07/08 21:00:56.276: [amf] INFO: [imsi-999700271441918] Registration complete (../src/amf/gmm-sm.c:1050)
07/08 21:00:56.467: [amf] INFO: InitialUEMessage [suci-0-999-70-0000-0-0-6358081817] Registration request (../src/amf/ngap-handler.c:401)
07/08 21:00:56.509: [amf] INFO: [imsi-999706358081817] Registration complete (../src/amf/gmm-sm.c:1050)
07/08 21:02:23.039: [amf] INFO: InitialUEMessage [suci-0-999-70-0000-0-0-0395675941] Registration request (../src/amf/ngap-handler.c:401)
07/08 21:02:23.088: [amf] INFO: [imsi-999700395675941] Registration complete (../src/amf/gmm-sm.c:1050)
07/08 21:02:38.841: [amf] INFO: InitialUEMessage [suci-0-999-70-0000-0-0-7564730344] Registration request (../src/amf/ngap-handler.c:401)
07/08 21:02:38.896: [amf] INFO: [imsi-999707564730344] Registration complete (../src/amf/gmm-sm.c:1050)
07/08 21:02:40.826: [amf] INFO: InitialUEMessage [suci-0-999-70-0000-0-0-4983322159] Registration request (../src/amf/ngap-handler.c:401)
07/08 21:02:40.858: [amf] INFO: [imsi-999704983322159] Registration complete (../src/amf/gmm-sm.c:1050)
07/08 21:03:29.127: [amf] INFO: InitialUEMessage [suci-0-999-70-0000-0-0-2872568175] Registration request (../src/amf/ngap-handler.c:401)
07/08 21:03:29.191: [amf] INFO: [imsi-999702872568175] Registration complete (../src/amf/gmm-sm.c:1050)
07/08 21:06:21.625: [amf] INFO: InitialUEMessage [suci-0-999-70-0000-0-0-9786656950] Registration request (../src/amf/ngap-handler.c:401)
07/08 21:06:21.676: [amf] INFO: [imsi-999709786656950] Registration complete (../src/amf/gmm-sm.c:1050)
07/08 21:06:28.246: [amf] INFO: InitialUEMessage [suci-0-999-70-0000-0-0-0130256877] Registration request (../src/amf/ngap-handler.c:401)
07/08 21:06:28.296: [amf] WARNING: [imsi-999700130256877] Registration reject (../src/amf/gmm-handler.c:230)
07/08 21:11:01.617: [amf] INFO: InitialUEMessage [suci-0-999-70-0000-0-0-7993960190] Registration request (../src/amf/ngap-handler.c:401)
07/08 21:11:01.671: [amf] INFO: [imsi-999707993960190] Registration complete (../src/amf/gmm-sm.c:1050)
07/08 21:11:41.317: [amf] INFO: InitialUEMessage [suci-0-999-70-0000-0-0-2486832299] Registration request (../src/amf/ngap-handler.c:401)
07/08 21:11:41.359: [amf] INFO: [imsi-999702486832299] Registration complete (../src/amf/gmm-sm.c:1050)
07/08 21:12:00.569: [amf] INFO: InitialUEMessage [suci-0-999-70-0000-0-0-8709984088] Registration request (../src/amf/ngap-handler.c:401)
07/08 21:12:00.602: [amf] INFO: [imsi-999708709984088] Registration complete (../src/amf/gmm-sm.c:1050)
07/08 21:12:09.933: [amf] INFO: InitialUEMessage [suci-0-999-70-0000-0-0-5688197278] Registration request (../src/amf/ngap-handler.c:401)
07/08 21:12:09.975: [amf] INFO: [imsi-999705688197278] Registration complete (../src/amf/gmm-sm.c:1050)
07/08 21:13:17.965: [amf] INFO: InitialUEMessage [suci-0-999-70-0000-0-0-5744680326] Registration request (../src/amf/ngap-handler.c:401)
07/08 21:13:18.012: [amf] INFO: [imsi-999705744680326] Registration complete (../src/amf/gmm-sm.c:1050)
07/08 21:15:39.408: [amf] INFO: InitialUEMessage [suci-0-999-70-0000-0-0-5414413371] Registration request (../src/amf/ngap-handler.c:401)
07/08 21:15:39.445: [amf] INFO: [imsi-999705414413371] Registration complete (../src/amf/gmm-sm.c:1050)
07/08 21:16:29.296: [amf] WARNING: OVERLOAD-START: rejecting non-emergency registrations (../src/amf/ngap-handler.c:1490)
07/08 21:17:10.754: [amf] INFO: InitialUEMessage [suci-0-999-70-0000-0-0-4694191078] Registration request (../src/amf/ngap-handler.c:401)
07/08 21:17:10.796: [amf] INFO: [imsi-999704694191078] Registration complete (../src/amf/gmm-sm.c:1050)
07/08 21:18:06.425: [amf] INFO: InitialUEMessage [suci-0-999-70-0000-0-0-7203131233] Registration request (../src/amf/ngap-handler.c:401)
07/08 21:18:06.458: [amf] INFO: [imsi-999707203131233] Registration complete (../src/amf/gmm-sm.c:1050)
07/08 21:19:28.683: [amf] INFO: InitialUEMessage [suci-0-999-70-0000-0-0-7294754055] Registration request (../src/amf/ngap-handler.c:401)
07/08 21:19:28.725: [amf] INFO: [imsi-999707294754055] Registration complete (../src/amf/gmm-sm.c:1050)
07/08 21:20:32.401: [amf] INFO: InitialUEMessage [suci-0-999-70-0000-0-0-4479981692] Registration request (../src/amf/ngap-handler.c:401)
07/08 21:20:32.469: [amf] INFO: [imsi-999704479981692] Registration complete (../src/amf/gmm-sm.c:1050)
07/08 21:22:59.811: [amf] INFO: InitialUEMessage [suci-0-999-70-0000-0-0-2255927511] Registration request (../src/amf/ngap-handler.c:401)
07/08 21:22:59.864: [amf] INFO: [imsi-999702255927511] Registration complete (../src/amf/gmm-sm.c:1050)
07/08 21:24:02.402: [amf] INFO: InitialUEMessage [suci-0-999-70-0000-0-0-0622772747] Registration request (../src/amf/ngap-handler.c:401)
07/08 21:24:02.433: [amf] INFO: [imsi-999700622772747] Registration complete (../src/amf/gmm-sm.c:1050)
07/08 21:24:10.783: [amf] INFO: InitialUEMessage [suci-0-999-70-0000-0-0-1099336609] Registration request (../src/amf/ngap-handler.c:401)
07/08 21:24:10.836: [amf] INFO: [imsi-999701099336609] Registration complete (../src/amf/gmm-sm.c:1050)
07/08 21:26:21.364: [amf] INFO: InitialUEMessage [suci-0-999-70-0000-0-0-5934381610] Registration request (../src/amf/ngap-handler.c:401)
07/08 21:26:21.385: [amf] INFO: [imsi-999705934381610] Registration complete (../src/amf/gmm-sm.c:1050)
07/08 21:28:25.806: [amf] INFO: InitialUEMessage [suci-0-999-70-0000-0-0-1036823907] Registration request (../src/amf/ngap-handler.c:401)
07/08 21:28:25.858: [amf] INFO: [imsi-999701036823907] Registration complete (../src/amf/gmm-sm.c:1050)
07/08 21:28:57.330: [amf] INFO: InitialUEMessage [suci-0-999-70-0000-0-0-9056722018] Registration request (../src/amf/ngap-handler.c:401)
07/08 21:28:57.374: [amf] INFO: [imsi-999709056722018] Registration complete (../src/amf/gmm-sm.c:1050)
07/08 21:29:57.686: [amf] INFO: InitialUEMessage [suci-0-999-70-0000-0-0-0932631428] Registration request (../src/amf/ngap-handler.c:401)
07/08 21:29:57.718: [amf] INFO: [imsi-999700932631428] Registration complete (../src/amf/gmm-sm.c:1050)
07/08 21:30:39.639: [amf] INFO: InitialUEMessage [suci-0-999-70-0000-0-0-6069546653] Registration request (../src/amf/ngap-handler.c:401)
07/08 21:30:39.682: [amf] INFO: [imsi-999706069546653] Registration complete (../src/amf/gmm-sm.c:1050)
07/08 21:31:19.692: [amf] INFO: InitialUEMessage [suci-0-999-70-0000-0-0-8199904573] Registration request (../src/amf/ngap-handler.c:401)
07/08 21:31:19.754: [amf] INFO: [imsi-999708199904573] Registration complete (../src/amf/gmm-sm.c:1050)
07/08 21:32:02.035: [amf] INFO: InitialUEMessage [suci-0-999-70-0000-0-0-1492654582] Registration request (../src/amf/ngap-handler.c:401)
07/08 21:32:02.092: [amf] INFO: [imsi-999701492654582] Registration complete (../src/amf/gmm-sm.c:1050)
07/08 21:32:04.750: [amf] INFO: InitialUEMessage [suci-0-999-70-0000-0-0-5534427660] Registration request (../src/amf/ngap-handler.c:401)
07/08 21:32:04.778: [amf] INFO: [imsi-999705534427660] Registration complete (../src/amf/gmm-sm.c:1050)
07/08 21:32:06.839: [amf] INFO: InitialUEMessage [suci-0-999-70-0000-0-0-5834008862] Registration request (../src/amf/ngap-handler.c:401)
07/08 21:32:06.864: [amf] INFO: [imsi-999705834008862] Registration complete (../src/amf/gmm-sm.c:1050)
07/08 21:33:59.503: [amf] INFO: InitialUEMessage [suci-0-999-70-0000-0-0-7823373908] Registration request (../src/amf/ngap-handler.c:401)
07/08 21:33:59.561: [amf] INFO: [imsi-999707823373908] Registration complete (../src/amf/gmm-sm.c:1050)
07/08 21:34:20.558: [amf] INFO: InitialUEMessage [suci-0-999-70-0000-0-0-6554060657] Registration request (../src/amf/ngap-handler.c:401)
07/08 21:34:20.591: [amf] INFO: [imsi-999706554060657] Registration complete (../src/amf/gmm-sm.c:1050)
07/08 21:34:40.325: [amf] WARNING: OVERLOAD-START: rejecting non-emergency registrations (../src/amf/ngap-handler.c:1490)
07/08 21:35:52.717: [amf] INFO: InitialUEMessage [suci-0-999-70-0000-0-0-1150124394] Registration request (../src/amf/ngap-handler.c:401)
07/08 21:35:52.764: [amf] INFO: [imsi-999701150124394] Registration complete (../src/amf/gmm-sm.c:1050)
07/08 21:42:44.025: [amf] INFO: InitialUEMessage [suci-0-999-70-0000-0-0-0538739811] Registration request (../src/amf/ngap-handler.c:401)
07/08 21:42:44.059: [amf] INFO: [imsi-999700538739811] Registration complete (../src/amf/gmm-sm.c:1050)
07/08 21:43:01.422: [amf] INFO: InitialUEMessage [suci-0-999-70-0000-0-0-1244455447] Registration request (../src/amf/ngap-handler.c:401)
07/08 21:43:01.460: [amf] INFO: [imsi-999701244455447] Registration complete (../src/amf/gmm-sm.c:1050)
07/08 21:43:46.379: [amf] INFO: InitialUEMessage [suci-0-999-70-0000-0-0-1008341428] Registration request (../src/amf/ngap-handler.c:401)
07/08 21:43:46.436: [amf] INFO: [imsi-999701008341428] Registration complete (../src/amf/gmm-sm.c:1050)
07/08 21:46:32.809: [amf] INFO: InitialUEMessage [suci-0-999-70-0000-0-0-1746983004] Registration request (../src/amf/ngap-handler.c:401)
07/08 21:46:32.864: [amf] INFO: [imsi-999701746983004] Registration complete (../src/amf/gmm-sm.c:1050)
07/08 21:48:56.351: [amf] INFO: InitialUEMessage [suci-0-999-70-0000-0-0-5203391137] Registration request (../src/amf/ngap-handler.c:401)
07/08 21:48:56.407: [amf] WARNING: [imsi-999705203391137] Registration reject (../src/amf/gmm-handler.c:230)
07/08 21:49:41.116: [amf] INFO: InitialUEMessage [suci-0-999-70-0000-0-0-8825749366] Registration request (../src/amf/ngap-handler.c:401)
07/08 21:49:41.182: [amf] INFO: [imsi-999708825749366] Registration complete (../src/amf/gmm-sm.c:1050)
07/08 21:49:43.508: [amf] INFO: InitialUEMessage [suci-0-999-70-0000-0-0-3220056090] Registration request (../src/amf/ngap-handler.c:401)
07/08 21:49:43.552: [amf] INFO: [imsi-999703220056090] Registration complete (../src/amf/gmm-sm.c:1050)
07/08 21:50:26.711: [amf] WARNING: OVERLOAD-START: rejecting non-emergency registrations (../src/amf/ngap-handler.c:1490)
07/08 21:51:36.275: [amf] INFO: InitialUEMessage [suci-0-999-70-0000-0-0-5924351347] Registration request (../src/amf/ngap-handler.c:401)
07/08 21:51:36.297: [amf] INFO: [imsi-999705924351347] Registration complete (../src/amf/gmm-sm.c:1050)
07/08 21:51:41.900: [amf] INFO: InitialUEMessage [suci-0-999-70-0000-0-0-9917108298] Registration request (../src/amf/ngap-handler.c:401)
07/08 21:51:41.926: [amf] INFO: [imsi-999709917108298] Registration complete (../src/amf/gmm-sm.c:1050)
07/08 21:52:00.225: [amf] INFO: InitialUEMessage [suci-0-999-70-0000-0-0-4193612064] Registration request (../src/amf/ngap-handler.c:401)
07/08 21:52:00.284: [amf] INFO: [imsi-999704193612064] Registration complete (../src/amf/gmm-sm.c:1050)
07/08 21:54:54.543: [amf] INFO: InitialUEMessage [suci-0-999-70-0000-0-0-5450279750] Registration request (../src/amf/ngap-handler.c:401)
07/08 21:54:54.609: [amf] WARNING: [imsi-999705450279750] Registration reject (../src/amf/gmm-handler.c:230)
07/08 21:55:24.938: [amf] INFO: InitialUEMessage [suci-0-999-70-0000-0-0-7198376848] Registration request (../src/amf/ngap-handler.c:401)
07/08 21:55:24.983: [amf] INFO: [imsi-999707198376848] Registration complete (../src/amf/gmm-sm.c:1050)
07/08 21:56:29.362: [amf] INFO: InitialUEMessage [suci-0-999-70-0000-0-0-3141787456] Registration request (../src/amf/ngap-handler.c:401)
07/08 21:56:29.419: [amf] INFO: [imsi-999703141787456] Registration complete (../src/amf/gmm-sm.c:1050)
07/08 21:56:49.463: [amf] INFO: InitialUEMessage [suci-0-999-70-0000-0-0-2820192332] Registration request (../src/amf/ngap-handler.c:401)
07/08 21:56:49.524: [amf] INFO: [imsi-999702820192332] Registration complete (../src/amf/gmm-sm.c:1050)
07/08 21:57:17.270: [amf] INFO: InitialUEMessage [suci-0-999-70-0000-0-0-5841933286] Registration request (../src/amf/ngap-handler.c:401)
07/08 21:57:17.323: [amf] INFO: [imsi-999705841933286] Registration complete (../src/amf/gmm-sm.c:1050)
07/08 21:57:30.811: [amf] INFO: InitialUEMessage [suci-0-999-70-0000-0-0-7910344533] Registration request (../src/amf/ngap-handler.c:401)
07/08 21:57:30.841: [amf] INFO: [imsi-999707910344533] Registration complete (../src/amf/gmm-sm.c:1050)
07/08 22:00:40.275: [amf] INFO: InitialUEMessage [suci-0-999-70-0000-0-0-5146834637] Registration request (../src/amf/ngap-handler.c:401)
07/08 22:00:40.331: [amf] INFO: [imsi-999705146834637] Registration complete (../src/amf/gmm-sm.c:1050)
07/08 22:03:01.602: [amf] INFO: InitialUEMessage [suci-0-999-70-0000-0-0-7973277773] Registration request (../src/amf/ngap-handler.c:401)
07/08 22:03:01.640: [amf] INFO: [imsi-999707973277773] Registration complete (../src/amf/gmm-sm.c:1050)
07/08 22:03:02.320: [amf] INFO: InitialUEMessage [suci-0-999-70-0000-0-0-4030833776] Registration request (../src/amf/ngap-handler.c:401)
07/08 22:03:02.362: [amf] WARNING: [imsi-999704030833776] Registration reject (../src/amf/gmm-handler.c:230)
07/08 22:03:07.692: [amf] INFO: InitialUEMessage [suci-0-999-70-0000-0-0-7900993956] Registration request (../src/amf/ngap-handler.c:401)
07/08 22:03:07.752: [amf] INFO: [imsi-999707900993956] Registration complete (../src/amf/gmm-sm.c:1050)
07/08 22:05:35.704: [amf] WARNING: OVERLOAD-START: rejecting non-emergency registrations (../src/amf/ngap-handler.c:1490)
07/08 22:05:59.769: [amf] INFO: InitialUEMessage [suci-0-999-70-0000-0-0-9684032224] Registration request (../src/amf/ngap-handler.c:401)
07/08 22:05:59.802: [amf] INFO: [imsi-999709684032224] Registration complete (../src/amf/gmm-sm.c:1050)
07/08 22:06:51.661: [amf] INFO: InitialUEMessage [suci-0-999-70-0000-0-0-9970477004] Registration request (../src/amf/ngap-handler.c:401)
07/08 22:06:51.698: [amf] INFO: [imsi-999709970477004] Registration complete (../src/amf/gmm-sm.c:1050)
07/08 22:12:22.466: [amf] INFO: InitialUEMessage [suci-0-999-70-0000-0-0-7432191246] Registration request (../src/amf/ngap-handler.c:401)
07/08 22:12:22.509: [amf] INFO: [imsi-999707432191246] Registration complete (../src/amf/gmm-sm.c:1050)
07/08 22:12:30.351: [amf] INFO: InitialUEMessage [suci-0-999-70-0000-0-0-6199832020] Registration request (../src/amf/ngap-handler.c:401)
07/08 22:12:30.377: [amf] INFO: [imsi-999706199832020] Registration complete (../src/amf/gmm-sm.c:1050)
07/08 22:13:54.048: [amf] INFO: InitialUEMessage [suci-0-999-70-0000-0-0-6317878461] Registration request (../src/amf/ngap-handler.c:401)
07/08 22:13:54.081: [amf] INFO: [imsi-999706317878461] Registration complete (../src/amf/gmm-sm.c:1050)
07/08 22:13:59.632: [amf] INFO: InitialUEMessage [suci-0-999-70-0000-0-0-0552260757] Registration request (../src/amf/ngap-handler.c:401)
07/08 22:13:59.672: [amf] INFO: [imsi-999700552260757] Registration complete (../src/amf/gmm-sm.c:1050)
07/08 22:14:08.152: [amf] INFO: InitialUEMessage [suci-0-999-70-0000-0-0-7221084467] Registration request (../src/amf/ngap-handler.c:401)
07/08 22:14:08.188: [amf] WARNING: [imsi-999707221084467] Registration reject (../src/amf/gmm-handler.c:230)
07/08 22:14:20.125: [amf] INFO: InitialUEMessage [suci-0-999-70-0000-0-0-9334424254] Registration request (../src/amf/ngap-handler.c:401)
07/08 22:14:20.173: [amf] INFO: [imsi-999709334424254] Registration complete (../src/amf/gmm-sm.c:1050)
07/08 22:16:49.458: [amf] INFO: InitialUEMessage [suci-0-999-70-0000-0-0-9085337699] Registration request (../src/amf/ngap-handler.c:401)
07/08 22:16:49.510: [amf] INFO: [imsi-999709085337699] Registration complete (../src/amf/gmm-sm.c:1050)
07/08 22:17:48.423: [amf] INFO: InitialUEMessage [suci-0-999-70-0000-0-0-3259684978] Registration request (../src/amf/ngap-handler.c:401)
07/08 22:17:48.471: [amf] INFO: [imsi-999703259684978] Registration complete (../src/amf/gmm-sm.c:1050)
07/08 22:20:44.718: [amf] INFO: InitialUEMessage [suci-0-999-70-0000-0-0-4385512803] Registration request (../src/amf/ngap-handler.c:401)
07/08 22:20:44.761: [amf] INFO: [imsi-999704385512803] Registration complete (../src/amf/gmm-sm.c:1050)
07/08 22:21:33.338: [amf] INFO: InitialUEMessage [suci-0-999-70-0000-0-0-5961810500] Registration request (../src/amf/ngap-handler.c:401)
07/08 22:21:33.376: [amf] INFO: [imsi-999705961810500] Registration complete (../src/amf/gmm-sm.c:1050)
07/08 22:22:34.292: [amf] INFO: InitialUEMessage [suci-0-999-70-0000-0-0-9937648620] Registration request (../src/amf/ngap-handler.c:401)
07/08 22:22:34.327: [amf] INFO: [imsi-999709937648620] Registration complete (../src/amf/gmm-sm.c:1050)
07/08 22:23:11.580: [amf] INFO: InitialUEMessage [suci-0-999-70-0000-0-0-4918628086] Registration request (../src/amf/ngap-handler.c:401)
07/08 22:23:11.610: [amf] INFO: [imsi-999704918628086] Registration complete (../src/amf/gmm-sm.c:1050)
07/08 22:24:33.285: [amf] WARNING: OVERLOAD-START: rejecting non-emergency registrations (../src/amf/ngap-handler.c:1490)
07/08 22:24:41.599: [amf] INFO: InitialUEMessage [suci-0-999-70-0000-0-0-1847582667] Registration request (../src/amf/ngap-handler.c:401)
07/08 22:24:41.650: [amf] INFO: [imsi-999701847582667] Registration complete (../src/amf/gmm-sm.c:1050)
07/08 22:27:38.568: [amf] INFO: InitialUEMessage [suci-0-999-70-0000-0-0-0090650534] Registration request (../src/amf/ngap-handler.c:401)
07/08 22:27:38.607: [amf] INFO: [imsi-999700090650534] Registration complete (../src/amf/gmm-sm.c:1050)
07/08 22:28:53.302: [amf] INFO: InitialUEMessage [suci-0-999-70-0000-0-0-4192987265] Registration request (../src/amf/ngap-handler.c:401)
07/08 22:28:53.337: [amf] INFO: [imsi-999704192987265] Registration complete (../src/amf/gmm-sm.c:1050)
07/08 22:30:03.014: [amf] INFO: InitialUEMessage [suci-0-999-70-0000-0-0-9602351797] Registration request (../src/amf/ngap-handler.c:401)
07/08 22:30:03.044: [amf] INFO: [imsi-999709602351797] Registration complete (../src/amf/gmm-sm.c:1050)
07/08 22:30:47.482: [amf] INFO: InitialUEMessage [suci-0-999-70-0000-0-0-8813365268] Registration request (../src/amf/ngap-handler.c:401)
07/08 22:30:47.547: [amf] INFO: [imsi-999708813365268] Registration complete (../src/amf/gmm-sm.c:1050)
07/08 22:31:26.197: [amf] INFO: InitialUEMessage [suci-0-999-70-0000-0-0-9007000109] Registration request (../src/amf/ngap-handler.c:401)
07/08 22:31:26.260: [amf] INFO: [imsi-999709007000109] Registration complete (../src/amf/gmm-sm.c:1050)
07/08 22:31:54.302: [amf] INFO: InitialUEMessage [suci-0-999-70-0000-0-0-0982541484] Registration request (../src/amf/ngap-handler.c:401)
07/08 22:31:54.363: [amf] INFO: [imsi-999700982541484] Registration complete (../src/amf/gmm-sm.c:1050)
07/08 22:33:09.946: [amf] INFO: InitialUEMessage [suci-0-999-70-0000-0-0-3072569516] Registration request (../src/amf/ngap-handler.c:401)
07/08 22:33:09.997: [amf] INFO: [imsi-999703072569516] Registration complete (../src/amf/gmm-sm.c:1050)
07/08 22:33:41.706: [amf] INFO: InitialUEMessage [suci-0-999-70-0000-0-0-5621215334] Registration request (../src/amf/ngap-handler.c:401)
07/08 22:33:41.757: [amf] INFO: [imsi-999705621215334] Registration complete (../src/amf/gmm-sm.c:1050)
07/08 22:35:39.534: [amf] INFO: InitialUEMessage [suci-0-999-70-0000-0-0-1967676372] Registration request (../src/amf/ngap-handler.c:401)
07/08 22:35:39.588: [amf] INFO: [imsi-999701967676372] Registration complete (../src/amf/gmm-sm.c:1050)
07/08 22:37:30.437: [amf] INFO: InitialUEMessage [suci-0-999-70-0000-0-0-6805034607] Registration request (../src/amf/ngap-handler.c:401)
07/08 22:37:30.472: [amf] INFO: [imsi-999706805034607] Registration complete (../src/amf/gmm-sm.c:1050)
07/08 22:40:56.909: [amf] INFO: InitialUEMessage [suci-0-999-70-0000-0-0-8449027010] Registration request (../src/amf/ngap-handler.c:401)
07/08 22:40:56.940: [amf] INFO: [imsi-999708449027010] Registration complete (../src/amf/gmm-sm.c:1050)
07/08 22:41:54.845: [amf] INFO: InitialUEMessage [suci-0-999-70-0000-0-0-9751069269] Registration request (../src/amf/ngap-handler.c:401)
07/08 22:41:54.901: [amf] INFO: [imsi-999709751069269] Registration complete (../src/amf/gmm-sm.c:1050)
07/08 22:49:50.929: [amf] INFO: InitialUEMessage [suci-0-999-70-0000-0-0-4231480917] Registration request (../src/amf/ngap-handler.c:401)
07/08 22:49:50.996: [amf] INFO: [imsi-999704231480917] Registration complete (../src/amf/gmm-sm.c:1050)
07/08 22:49:53.355: [amf] INFO: InitialUEMessage [suci-0-999-70-0000-0-0-4448383622] Registration request (../src/amf/ngap-handler.c:401)
07/08 22:49:53.406: [amf] INFO: [imsi-999704448383622] Registration complete (../src/amf/gmm-sm.c:1050)
07/08 22:50:10.296: [amf] INFO: InitialUEMessage [suci-0-999-70-0000-0-0-6340497129] Registration request (../src/amf/ngap-handler.c:401)
07/08 22:50:10.344: [amf] INFO: [imsi-999706340497129] Registration complete (../src/amf/gmm-sm.c:1050)
07/08 22:50:48.853: [amf] INFO: InitialUEMessage [suci-0-999-70-0000-0-0-7845249536] Registration request (../src/amf/ngap-handler.c:401)
07/08 22:50:48.897: [amf] INFO: [imsi-999707845249536] Registration complete (../src/amf/gmm-sm.c:1050)
07/08 22:50:56.179: [amf] INFO: InitialUEMessage [suci-0-999-70-0000-0-0-8232728123] Registration request (../src/amf/ngap-handler.c:401)
07/08 22:50:56.216: [amf] INFO: [imsi-999708232728123] Registration complete (../src/amf/gmm-sm.c:1050)
07/08 22:52:20.059: [amf] INFO: InitialUEMessage [suci-0-999-70-0000-0-0-5488560882] Registration request (../src/amf/ngap-handler.c:401)
07/08 22:52:20.099: [amf] INFO: [imsi-999705488560882] Registration complete (../src/amf/gmm-sm.c:1050)
07/08 22:53:40.373: [amf] INFO: InitialUEMessage [suci-0-999-70-0000-0-0-1267778381] Registration request (../src/amf/ngap-handler.c:401)
07/08 22:53:40.434: [amf] INFO: [imsi-999701267778381] Registration complete (../src/amf/gmm-sm.c:1050)
07/08 22:54:25.937: [amf] INFO: InitialUEMessage [suci-0-999-70-0000-0-0-4763877752] Registration request (../src/amf/ngap-handler.c:401)
07/08 22:54:25.978: [amf] INFO: [imsi-999704763877752] Registration complete (../src/amf/gmm-sm.c:1050)
07/08 22:55:24.556: [amf] INFO: InitialUEMessage [suci-0-999-70-0000-0-0-6229012039] Registration request (../src/amf/ngap-handler.c:401)
07/08 22:55:24.575: [amf] INFO: [imsi-999706229012039] Registration complete (../src/amf/gmm-sm.c:1050)
07/08 22:56:53.636: [amf] INFO: InitialUEMessage [suci-0-999-70-0000-0-0-7802808250] Registration request (../src/amf/ngap-handler.c:401)
07/08 22:56:53.666: [amf] INFO: [imsi-999707802808250] Registration complete (../src/amf/gmm-sm.c:1050)
07/08 23:03:26.803: [amf] INFO: InitialUEMessage [suci-0-999-70-0000-0-0-3844632504] Registration request (../src/amf/ngap-handler.c:401)
07/08 23:03:26.855: [amf] INFO: [imsi-999703844632504] Registration complete (../src/amf/gmm-sm.c:1050)
07/08 23:04:19.917: [amf] INFO: InitialUEMessage [suci-0-999-70-0000-0-0-4416052409] Registration request (../src/amf/ngap-handler.c:401)
07/08 23:04:19.969: [amf] INFO: [imsi-999704416052409] Registration complete (../src/amf/gmm-sm.c:1050)
07/08 23:06:07.978: [amf] INFO: InitialUEMessage [suci-0-999-70-0000-0-0-8830195440] Registration request (../src/amf/ngap-handler.c:401)
07/08 23:06:08.020: [amf] INFO: [imsi-999708830195440] Registration complete (../src/amf/gmm-sm.c:1050)
07/08 23:07:41.210: [amf] INFO: InitialUEMessage [suci-0-999-70-0000-0-0-5022241529] Registration request (../src/amf/ngap-handler.c:401)
07/08 23:07:41.232: [amf] INFO: [imsi-999705022241529] Registration complete (../src/amf/gmm-sm.c:1050)
07/08 23:07:49.543: [amf] INFO: InitialUEMessage [suci-0-999-70-0000-0-0-6260024017] Registration request (../src/amf/ngap-handler.c:401)
07/08 23:07:49.594: [amf] INFO: [imsi-999706260024017] Registration complete (../src/amf/gmm-sm.c:1050)
07/08 23:08:31.106: [amf] INFO: InitialUEMessage [suci-0-999-70-0000-0-0-8598183930] Registration request (../src/amf/ngap-handler.c:401)
07/08 23:08:31.161: [amf] INFO: [imsi-999708598183930] Registration complete (../src/amf/gmm-sm.c:1050)
07/08 23:10:08.046: [amf] INFO: InitialUEMessage [suci-0-999-70-0000-0-0-1134768129] Registration request (../src/amf/ngap-handler.c:401)
07/08 23:10:08.104: [amf] INFO: [imsi-999701134768129] Registration complete (../src/amf/gmm-sm.c:1050)
07/08 23:12:21.667: [amf] INFO: InitialUEMessage [suci-0-999-70-0000-0-0-0831599709] Registration request (../src/amf/ngap-handler.c:401)
07/08 23:12:21.705: [amf] INFO: [imsi-999700831599709] Registration complete (../src/amf/gmm-sm.c:1050)
07/08 23:15:26.767: [amf] INFO: InitialUEMessage [suci-0-999-70-0000-0-0-2746810309] Registration request (../src/amf/ngap-handler.c:401)
07/08 23:15:26.808: [amf] INFO: [imsi-999702746810309] Registration complete (../src/amf/gmm-sm.c:1050)
07/08 23:15:29.456: [amf] INFO: InitialUEMessage [suci-0-999-70-0000-0-0-6889825027] Registration request (../src/amf/ngap-handler.c:401)
07/08 23:15:29.506: [amf] INFO: [imsi-999706889825027] Registration complete (../src/amf/gmm-sm.c:1050)
07/08 23:19:30.416: [amf] INFO: InitialUEMessage [suci-0-999-70-0000-0-0-6753318013] Registration request (../src/amf/ngap-handler.c:401)
07/08 23:19:30.467: [amf] INFO: [imsi-999706753318013] Registration complete (../src/amf/gmm-sm.c:1050)
07/08 23:20:23.914: [amf] INFO: InitialUEMessage [suci-0-999-70-0000-0-0-4731833603] Registration request (../src/amf/ngap-handler.c:401)
07/08 23:20:23.963: [amf] INFO: [imsi-999704731833603] Registration complete (../src/amf/gmm-sm.c:1050)
07/08 23:20:26.063: [amf] INFO: InitialUEMessage [suci-0-999-70-0000-0-0-1238637694] Registration request (../src/amf/ngap-handler.c:401)
07/08 23:20:26.093: [amf] INFO: [imsi-999701238637694] Registration complete (../src/amf/gmm-sm.c:1050)
07/08 23:23:27.309: [amf] INFO: InitialUEMessage [suci-0-999-70-0000-0-0-7217123735] Registration request (../src/amf/ngap-handler.c:401)
07/08 23:23:27.353: [amf] INFO: [imsi-999707217123735] Registration complete (../src/amf/gmm-sm.c:1050)
07/08 23:24:45.715: [amf] INFO: InitialUEMessage [suci-0-999-70-0000-0-0-4823513486] Registration request (../src/amf/ngap-handler.c:401)
07/08 23:24:45.755: [amf] INFO: [imsi-999704823513486] Registration complete (../src/amf/gmm-sm.c:1050)
07/08 23:26:24.680: [amf] INFO: InitialUEMessage [suci-0-999-70-0000-0-0-6485672173] Registration request (../src/amf/ngap-handler.c:401)
07/08 23:26:24.707: [amf] INFO: [imsi-999706485672173] Registration complete (../src/amf/gmm-sm.c:1050)
07/08 23:29:31.102: [amf] INFO: InitialUEMessage [suci-0-999-70-0000-0-0-0758531568] Registration request (../src/amf/ngap-handler.c:401)
07/08 23:29:31.157: [amf] INFO: [imsi-999700758531568] Registration complete (../src/amf/gmm-sm.c:1050)
07/08 23:34:24.124: [amf] INFO: InitialUEMessage [suci-0-999-70-0000-0-0-2481732588] Registration request (../src/amf/ngap-handler.c:401)
07/08 23:34:24.153: [amf] INFO: [imsi-999702481732588] Registration complete (../src/amf/gmm-sm.c:1050)
07/08 23:34:42.201: [amf] INFO: InitialUEMessage [suci-0-999-70-0000-0-0-5395280724] Registration request (../src/amf/ngap-handler.c:401)
07/08 23:34:42.247: [amf] INFO: [imsi-999705395280724] Registration complete (../src/amf/gmm-sm.c:1050)
07/08 23:37:15.986: [amf] INFO: InitialUEMessage [suci-0-999-70-0000-0-0-7309033015] Registration request (../src/amf/ngap-handler.c:401)
07/08 23:37:16.006: [amf] INFO: [imsi-999707309033015] Registration complete (../src/amf/gmm-sm.c:1050)
07/08 23:37:26.112: [amf] INFO: InitialUEMessage [suci-0-999-70-0000-0-0-3622264985] Registration request (../src/amf/ngap-handler.c:401)
07/08 23:37:26.149: [amf] INFO: [imsi-999703622264985] Registration complete (../src/amf/gmm-sm.c:1050)
07/08 23:38:57.670: [amf] INFO: InitialUEMessage [suci-0-999-70-0000-0-0-0076510700] Registration request (../src/amf/ngap-handler.c:401)
07/08 23:38:57.709: [amf] INFO: [imsi-999700076510700] Registration complete (../src/amf/gmm-sm.c:1050)
07/08 23:39:39.647: [amf] INFO: InitialUEMessage [suci-0-999-70-0000-0-0-9567736413] Registration request (../src/amf/ngap-handler.c:401)
07/08 23:39:39.698: [amf] INFO: [imsi-999709567736413] Registration complete (../src/amf/gmm-sm.c:1050)
07/08 23:41:25.141: [amf] INFO: InitialUEMessage [suci-0-999-70-0000-0-0-1115751505] Registration request (../src/amf/ngap-handler.c:401)
07/08 23:41:25.180: [amf] INFO: [imsi-999701115751505] Registration complete (../src/amf/gmm-sm.c:1050)
07/08 23:42:38.242: [amf] INFO: InitialUEMessage [suci-0-999-70-0000-0-0-2104234045] Registration request (../src/amf/ngap-handler.c:401)
07/08 23:42:38.287: [amf] INFO: [imsi-999702104234045] Registration complete (../src/amf/gmm-sm.c:1050)
07/08 23:46:39.545: [amf] INFO: InitialUEMessage [suci-0-999-70-0000-0-0-7782270164] Registration request (../src/amf/ngap-handler.c:401)
07/08 23:46:39.597: [amf] INFO: [imsi-999707782270164] Registration complete (../src/amf/gmm-sm.c:1050)
07/08 23:48:51.149: [amf] INFO: InitialUEMessage [suci-0-999-70-0000-0-0-5650019429] Registration request (../src/amf/ngap-handler.c:401)
07/08 23:48:51.192: [amf] INFO: [imsi-999705650019429] Registration complete (../src/amf/gmm-sm.c:1050)
07/08 23:51:35.167: [amf] INFO: InitialUEMessage [suci-0-999-70-0000-0-0-9356857169] Registration request (../src/amf/ngap-handler.c:401)
07/08 23:51:35.226: [amf] INFO: [imsi-999709356857169] Registration complete (../src/amf/gmm-sm.c:1050)
07/08 23:53:32.011: [amf] INFO: InitialUEMessage [suci-0-999-70-0000-0-0-7721084533] Registration request (../src/amf/ngap-handler.c:401)
07/08 23:53:32.048: [amf] INFO: [imsi-999707721084533] Registration complete (../src/amf/gmm-sm.c:1050)
07/08 23:53:59.778: [amf] INFO: InitialUEMessage [suci-0-999-70-0000-0-0-1842504939] Registration request (../src/amf/ngap-handler.c:401)
07/08 23:53:59.830: [amf] INFO: [imsi-999701842504939] Registration complete (../src/amf/gmm-sm.c:1050)
07/08 23:58:13.016: [amf] INFO: InitialUEMessage [suci-0-999-70-0000-0-0-3555165814] Registration request (../src/amf/ngap-handler.c:401)
07/08 23:58:13.062: [amf] INFO: [imsi-999703555165814] Registration complete (../src/amf/gmm-sm.c:1050)
07/08 23:58:15.610: [amf] INFO: InitialUEMessage [suci-0-999-70-0000-0-0-1611688727] Registration request (../src/amf/ngap-handler.c:401)
07/08 23:58:15.651: [amf] INFO: [imsi-999701611688727] Registration complete (../src/amf/gmm-sm.c:1050)
07/08 23:59:39.488: [amf] INFO: InitialUEMessage [suci-0-999-70-0000-0-0-6558768275] Registration request (../src/amf/ngap-handler.c:401)
07/08 23:59:39.523: [amf] INFO: [imsi-999706558768275] Registration complete (../src/amf/gmm-sm.c:1050)
